datetime,actual,lstm,lstm_margin,hybrid,prophet
2025-12-28 09:15:00,10.91,8.759248528778553,9.384694209247828,8.879179643157297,10.007103562526813
2025-12-28 09:30:00,10.99,8.93196835398674,9.557414034456015,9.050625047699858,10.166563340490775
2025-12-28 09:45:00,10.99,9.064837132394313,9.690282812863588,9.185140546391555,10.316565856097107
2025-12-28 10:00:00,11.09,9.19340037614107,9.818846056610345,9.3274564427348,10.588222215077678
2025-12-28 10:15:00,11.43,9.284748744666576,9.91019442513585,9.420135580231912,10.69341692171637
2025-12-28 10:30:00,11.67,9.429674859642983,10.055120540112258,9.558139299734348,10.76631714013924
2025-12-28 10:45:00,11.56,9.556674158871173,10.182119839340448,9.676564672517134,10.804106751545328
2025-12-28 11:00:00,11.91,9.65531232714653,10.280758007615805,9.786823854681733,11.023658835730398
2025-12-28 11:15:00,11.97,9.766818281412124,10.3922639618814,9.885103480614765,10.99754795492119
2025-12-28 11:30:00,12.13,9.791283170580865,10.41672885105014,9.902629849368669,10.94981917131979
2025-12-28 11:45:00,11.81,9.874016224741936,10.499461905211211,9.971759937754959,10.891016566416083
2025-12-28 12:00:00,12.06,9.924394270181656,10.54983995065093,10.021713809625279,10.936981185644441
2025-12-28 12:15:00,11.95,9.901693903803826,10.527139584273101,9.996812791518613,10.891383555686764
2025-12-28 12:30:00,11.76,10.024214682877064,10.649660363346339,10.105339908049446,10.868303567731624
2025-12-28 12:45:00,11.49,10.064833374917507,10.690279055386782,10.142692422149656,10.874938446606079
2025-12-28 13:00:00,11.79,10.044147988855839,10.669593669325113,10.13994997654523,11.040945135289121
2025-12-28 13:15:00,11.74,10.10905363202095,10.734499312490225,10.205551772277188,11.113094082156488
2025-12-28 13:30:00,11.74,10.141180823445321,10.766626503914596,10.244178262659823,11.212844950413317
2025-12-28 13:45:00,11.38,10.16555975049734,10.791005430966615,10.27767611680506,11.332104168827586
2025-12-28 14:00:00,11.66,10.177827924191952,10.803273604661227,10.279139424050697,11.231950248746369
2025-12-28 14:15:00,11.6,10.236950404047967,10.862396084517242,10.344764374252902,11.358729402980204
2025-12-28 14:30:00,11.82,10.25987505018711,10.885320730656385,10.376527095333412,11.473612139906358
2025-12-28 14:45:00,11.9,10.275469922423364,10.900915602892638,10.399757729464646,11.568655318501762
2025-12-28 15:00:00,12.1,10.3060370606184,10.931482741087676,10.422403055261766,11.516797862142166
2025-12-28 15:15:00,12.09,11.20431995511055,11.829765635579825,11.238714325009616,11.562185283332287
2025-12-28 15:30:00,12.04,11.304488107562065,11.92993378803134,11.331510104642675,11.585645630808962
2025-12-28 15:45:00,12.03,11.338732160329819,11.964177840799094,11.363254360718736,11.59387988702614
2025-12-28 16:00:00,12.02,11.400868266820908,12.026313947290182,11.406768104324932,11.462254688233145
2025-12-28 16:15:00,11.87,11.407568359375,12.033014039844275,11.413420728301968,11.46846088140899
2025-12-28 16:30:00,11.81,11.508915926218034,12.134361606687309,11.506947218574801,11.488431986288742
2025-12-28 16:45:00,11.95,11.544810593128204,12.170256273597479,11.543377559779502,11.529900218227004
2025-12-28 17:00:00,11.9,11.558668535351753,12.184114215821028,11.555615827575137,11.526905829023649
2025-12-28 17:15:00,11.84,11.636218392252923,12.261664072722198,11.634765425097152,11.62110061077819
2025-12-28 17:30:00,11.93,11.64444882273674,12.269894503206014,11.653477298525532,11.738387989553281
2025-12-28 17:45:00,12.13,11.667463322281838,12.292909002751113,11.687057897097459,11.871340264012
2025-12-28 18:00:00,12.42,11.636462482213974,12.261908162683248,11.648895921016724,11.765829488242236
2025-12-28 18:15:00,13.25,11.68824492931366,12.313690609782935,11.708319334405275,11.897114392195192
2025-12-28 18:30:00,13.61,11.60239884376526,12.227844524234534,11.641485126176336,12.009082417997217
2025-12-28 18:45:00,13.4,11.608944699764251,12.234390380233526,11.65523458983033,12.09058011714387
2025-12-28 19:00:00,13.48,11.525729125738144,12.151174806207418,11.576867267221228,12.05780945865888
2025-12-28 19:15:00,13.2,11.482750189900399,12.108195870369673,11.537858657731842,12.056140834537047
2025-12-28 19:30:00,12.97,11.36281782567501,11.988263506144285,11.424951599944468,12.009305131238314
2025-12-28 19:45:00,12.8,11.2437153673172,11.869161047786475,11.308731626760862,11.920194253071925
2025-12-28 20:00:00,12.55,11.103081344366073,11.728527024835348,11.167295323135258,11.77121268842315
2025-12-28 20:15:00,12.33,11.081454266309738,11.706899946779012,11.13309805141648,11.618795702192243
2025-12-28 20:30:00,12.28,10.91598532795906,11.541431008428335,10.967207586533513,11.448940879428651
2025-12-28 20:45:00,12.26,10.760725717544556,11.38617139801383,10.80980542574271,11.27138853634028
2025-12-28 21:00:00,11.98,10.64848254084587,11.273928221315145,10.677507008562447,10.950475300019386
2025-12-28 21:15:00,11.96,11.036935087442398,11.662380767911673,11.012288923087446,10.780497544839484
2025-12-28 21:30:00,11.74,11.0095255535841,11.634971234053374,10.972159338889062,10.620738879326478
2025-12-28 21:45:00,11.64,10.814806147813798,11.440251828283072,10.781827703891187,10.471673196309174
2025-12-28 22:00:00,11.4,10.651072016954423,11.276517697423698,10.609702675173343,10.220633747021001
2025-12-28 22:15:00,11.14,10.475716020166875,11.10116170063615,10.438159274903546,10.084946920164636
2025-12-28 22:30:00,11.01,10.267547965049744,10.892993645519018,10.236955057000467,9.949235953158219
2025-12-28 22:45:00,10.83,10.111891443133354,10.737337123602629,10.082767630255677,9.808865020927495
2025-12-28 23:00:00,10.56,9.943328576087952,10.568774256557226,9.918376677401314,9.683709939681654
2025-12-28 23:15:00,10.51,9.810394353270532,10.435840033739806,9.782973830711118,9.525090266161682
2025-12-28 23:30:00,10.27,9.54448876351118,10.169934443980456,9.526450724846837,9.356807214291477
2025-12-28 23:45:00,9.95,9.386780117154121,10.012225797623396,9.367038282157687,9.181370967882545
2025-12-29 00:00:00,9.64,9.206494564414024,9.831940244883299,9.193658173231729,9.072934933662943
2025-12-29 00:15:00,9.26,9.040338636636735,9.66578431710601,9.026585541526485,8.897240917151304
2025-12-29 00:30:00,9.31,8.826620541810989,9.452066222280264,8.817324578467883,8.729898229912818
2025-12-29 00:45:00,8.98,8.65430930197239,9.279754982441665,8.646794227143877,8.576116716150656
2025-12-29 01:00:00,8.85,8.485508005023004,9.110953685492278,8.483580495824565,8.465452725220706
2025-12-29 01:15:00,8.79,8.283815055191518,8.909260735660792,8.290047953403162,8.348666894920763
2025-12-29 01:30:00,8.51,8.101412641108036,8.72685832157731,8.11582956599608,8.251417353278917
2025-12-29 01:45:00,8.43,7.949132696986198,8.574578377455474,7.970529737626538,8.17176387162903
2025-12-29 02:00:00,8.39,7.853681848347187,8.479127528816463,7.837682420660195,7.687211566804939
2025-12-29 02:15:00,8.15,7.700357623696328,8.325803304165603,7.6937419421522755,7.63152301343538
2025-12-29 02:30:00,7.86,7.543870665282011,8.169316345751286,7.5474665801613945,7.581285313735938
2025-12-29 02:45:00,7.85,7.378656606376171,8.004102286845447,7.393474889458509,7.532837356147302
2025-12-29 03:00:00,7.77,7.297838420271874,7.923284100741149,7.3018716144732165,7.339802857209694
2025-12-29 03:15:00,7.63,7.06391975864768,7.689365439116955,7.085627342626947,7.289782063683031
2025-12-29 03:30:00,7.58,7.056545058041811,7.681990738511086,7.074177834418443,7.2400099484876055
2025-12-29 03:45:00,7.37,6.959662038087845,7.58510771855712,6.9821287713725155,7.193423113071441
2025-12-29 04:00:00,7.4,6.9025570148229605,7.528002695292235,6.947376875662628,7.368897123896339
2025-12-29 04:15:00,7.17,6.866141092032194,7.491586772501469,6.91180827397031,7.341297377819824
2025-12-29 04:30:00,7.17,6.834969565868378,7.460415246337654,6.882507142853508,7.329586872147682
2025-12-29 04:45:00,7.16,6.8537673228979115,7.479213003367187,6.900196928746881,7.3368564501332205
2025-12-29 05:00:00,7.22,6.844784812331199,7.470230492800475,6.8583308827518765,6.985728488619977
2025-12-29 05:15:00,7.27,6.955721577107907,7.581167257577182,6.963202395845431,7.0335577363609385
2025-12-29 05:30:00,7.26,6.927908587306738,7.5533542677760135,6.944377362911459,7.099262323528375
2025-12-29 05:45:00,7.55,6.996995774507523,7.622441454976798,7.014502591385992,7.179150086004343
2025-12-29 06:00:00,7.55,7.078370945602655,7.70381662607193,7.096948651619284,7.271667606677067
2025-12-29 06:15:00,7.45,7.160364477932453,7.785810158401729,7.18013829234985,7.366106365556606
2025-12-29 06:30:00,7.83,7.3126470752060415,7.938092755675317,7.32694932191978,7.4614585879489805
2025-12-29 06:45:00,7.97,7.427279326617718,8.052725007086993,7.439557945608229,7.555035468917865
2025-12-29 07:00:00,8.23,7.583212483823299,8.208658164292574,7.614672441542422,7.910545943573689
2025-12-29 07:15:00,8.46,7.737156484723092,8.362602165192367,7.762390395996308,7.999709395754995
2025-12-29 07:30:00,8.45,7.895422292947769,8.520867973417044,7.914103959754059,8.089800641583949
2025-12-29 07:45:00,8.73,8.085156603455543,8.710602283924818,8.094713433360374,8.184593170564868
2025-12-29 08:00:00,8.97,8.313590492904186,8.939036173373461,8.36587778400538,8.857627457287212
2025-12-29 08:15:00,9.82,8.47652337193489,9.101969052404165,8.524295965929516,8.97358597491501
2025-12-29 08:30:00,10.21,8.676919814944267,9.302365495413541,8.717965013671046,9.103985452645759
2025-12-29 08:45:00,10.64,8.792807360887528,9.418253041356802,8.83662863584381,9.248757418741377
2025-12-29 09:00:00,11.09,8.988677880764008,9.614123561233283,9.044882994069244,9.57347886359187
2025-12-29 09:15:00,11.43,9.737529254853726,10.362974935323,9.737437220693131,9.736571661061905
2025-12-29 09:30:00,12.0,9.9911758685112,10.616621548980476,9.982308144721223,9.898909288428666
2025-12-29 09:45:00,12.04,10.086593818068504,10.712039498537779,10.083251396460563,10.051816707474769
2025-12-29 10:00:00,11.95,10.270476337075234,10.895922017544509,10.293720116272102,10.51232239199095
2025-12-29 10:15:00,12.13,10.405750639736652,11.031196320205927,10.426387240352515,10.620469614802893
2025-12-29 10:30:00,12.51,10.600430071353912,11.225875751823187,10.60964823321901,10.6963428771746
2025-12-29 10:45:00,12.6,10.761004475355149,11.386450155824424,10.75870931355992,10.737123856766058
2025-12-29 11:00:00,12.64,10.87777782022953,11.503223500698805,10.882068388527333,10.922420174098983
2025-12-29 11:15:00,12.69,11.084984726905823,11.710430407375098,11.067141548862125,10.899330656606931
2025-12-29 11:30:00,12.75,11.114175763726234,11.739621444195508,11.089231338799577,10.854634890034466
2025-12-29 11:45:00,12.78,11.24415614426136,11.869601824730635,11.201360229509776,10.798874718142207
2025-12-29 12:00:00,12.72,11.315196228027343,11.940641908496618,11.26575700908569,10.80079278451311
2025-12-29 12:15:00,12.83,11.314604752063751,11.940050432533026,11.261133571009365,10.75824969120384
2025-12-29 12:30:00,12.63,11.445682476162911,12.071128156632186,11.377689055125673,10.738226924343898
2025-12-29 12:45:00,12.85,11.525136234760284,12.150581915229559,11.45043807605987,10.747919464709481
2025-12-29 13:00:00,12.73,11.537895418405533,12.163341098874808,11.505361298788499,11.19938555678217
2025-12-29 13:15:00,13.06,11.65827421963215,12.283719900101424,11.621398047844096,11.274586326549048
2025-12-29 13:30:00,13.29,11.651942030787469,12.277387711256743,11.625554189517487,11.377382749577848
2025-12-29 13:45:00,13.29,11.709789936542512,12.335235617011787,11.68959621674082,11.499679032168995
2025-12-29 14:00:00,13.34,11.729940447211266,12.355386127680541,11.70249888239175,11.444417420335832
2025-12-29 14:15:00,13.77,11.790465559959411,12.415911240428686,11.769681281445896,11.574210031106311
2025-12-29 14:30:00,13.78,11.807468371391296,12.432914051860571,11.796379486474146,11.692091132263643
2025-12-29 14:45:00,13.86,11.822645814418793,12.448091494888068,11.81951932328942,11.790115409661302
2025-12-29 15:00:00,13.75,11.863968476057053,12.489414156526328,11.847034140477612,11.687770697812004
2025-12-29 15:15:00,13.98,12.600200399160384,13.225646079629659,12.517151701546767,11.736098236012664
2025-12-29 15:30:00,13.97,12.713200608491896,13.33864628896117,12.62182654986851,11.762475022409866
2025-12-29 15:45:00,14.01,12.687024967074393,13.312470647543668,12.599235858496636,11.773599942930327
2025-12-29 16:00:00,13.95,12.743266124129294,13.368711804598568,12.629713136414267,11.561773997992042
2025-12-29 16:15:00,13.79,12.752700731754302,13.378146412223577,12.639109733154358,11.570813111300755
2025-12-29 16:30:00,13.8,12.866782011985778,13.492227692455053,12.744415305770769,11.593585218104755
2025-12-29 16:45:00,13.85,12.888736665844917,13.514182346314191,12.768511350470337,11.637820539939783
2025-12-29 17:00:00,13.74,12.890489868521689,13.515935548990964,12.75780942895866,11.509981105251134
2025-12-29 17:15:00,13.68,13.006973842978477,13.632419523447751,12.872410055849679,11.606869291305411
2025-12-29 17:30:00,13.63,12.983250421285629,13.608696101754903,12.862494201956594,11.726810364618773
2025-12-29 17:45:00,13.63,13.04496060848236,13.670406288951634,12.931302503078268,11.862374757517182
2025-12-29 18:00:00,13.72,13.015255921483039,13.640701601952314,12.890116918853327,11.713214035533525
2025-12-29 18:15:00,14.0,13.089952402114868,13.715398082584143,12.970494636486873,11.847022450772442
2025-12-29 18:30:00,14.28,13.013250138759611,13.638695819228886,12.912163460709285,11.96146703223702
2025-12-29 18:45:00,14.45,13.007715310454367,13.633160990923642,12.915226655907421,12.045392615973766
2025-12-29 19:00:00,14.45,12.96876492023468,13.594210600703954,12.882986075337774,12.076256216816125
2025-12-29 19:15:00,14.16,12.940700942277907,13.566146622747182,12.857682459234674,12.076913154627658
2025-12-29 19:30:00,14.03,12.82583149909973,13.451277179569004,12.74957008726023,12.032349447860353
2025-12-29 19:45:00,13.7,12.717773934602736,13.34321961507201,12.643546549936989,11.945455457642607
2025-12-29 20:00:00,13.31,12.609613074064253,13.235058754533528,12.538587357533862,11.870607200925003
2025-12-29 20:15:00,13.09,12.601360710859298,13.226806391328573,12.516681403950995,11.720292441568127
2025-12-29 20:30:00,12.86,12.41830739021301,13.043753070682286,12.335092918744415,11.552480389099173
2025-12-29 20:45:00,12.99,12.290184923410415,12.91563060387969,12.202410241746014,11.376910007906176
2025-12-29 21:00:00,12.71,12.181450274586677,12.806895955055952,12.09260321980714,11.257017569073476
2025-12-29 21:15:00,12.41,12.076534749269484,12.701980429738759,11.98161300295726,11.08889630730668
2025-12-29 21:30:00,12.35,12.03328979074955,12.658735471218824,11.927342156584642,10.930929579296096
2025-12-29 21:45:00,12.06,11.788380536437035,12.41382621690631,11.691810318437813,10.78359013434056
2025-12-29 22:00:00,11.97,11.609144216775894,12.234589897245169,11.505791256086136,10.533780972487046
2025-12-29 22:15:00,11.92,11.420893548727035,12.04633922919631,11.32274546002969,10.399685773178678
2025-12-29 22:30:00,11.54,11.212742120027542,11.838187800496817,11.121702629270544,10.265497633894963
2025-12-29 22:45:00,11.39,11.040418852567672,11.665864533036947,10.95258995261664,10.12657980854479
2025-12-29 23:00:00,11.2,10.830656430125236,11.456102110594511,10.750843703777923,10.00022378680678
2025-12-29 23:15:00,10.87,10.716985504031182,11.342431184500457,10.632978774745363,9.842915246691716
2025-12-29 23:30:00,10.58,10.42897350013256,11.054419180601835,10.356592977923658,9.675871192598942
2025-12-29 23:45:00,10.39,10.268146516084672,10.893592196553946,10.194473981269056,9.501601121297977
2025-12-30 00:00:00,10.07,10.059545820355416,10.68499150082469,9.965338483758721,9.07934064343229
2025-12-30 00:15:00,9.83,9.925892770290375,10.55133845075965,9.827742792197155,8.904665336022365
2025-12-30 00:30:00,9.5,9.697209130823612,10.322654811292887,9.60504536584452,8.738266835872857
2025-12-30 00:45:00,9.25,9.504368510246277,10.129814190715551,9.416042249342453,8.58535454250369
2025-12-30 01:00:00,8.9,9.366822402179242,9.992268082648517,9.251298705425615,8.16482551206468
2025-12-30 01:15:00,9.01,9.156080436110496,9.781526116579771,9.049655872112613,8.048757881933005
2025-12-30 01:30:00,8.68,9.000334414541722,9.625780095010997,8.899593664808469,7.952150610785653
2025-12-30 01:45:00,8.38,8.83140222877264,9.456847909241915,8.739296450631844,7.873063273234128
2025-12-30 02:00:00,8.39,8.767178622484208,9.392624302953482,8.653845591117147,7.587975090407258
2025-12-30 02:15:00,8.06,8.600118146836758,9.225563827306033,8.497528796458893,7.532700088219322
2025-12-30 02:30:00,8.16,8.452489354610444,9.077935035079719,8.359292653124806,7.48279959828645
2025-12-30 02:45:00,7.91,8.305510053932666,8.930955734401941,8.221808258588634,7.434612562527967
2025-12-30 03:00:00,7.89,8.226224682033061,8.851670362502336,8.122493039207555,7.146921339199045
2025-12-30 03:15:00,7.64,7.388766352683306,8.014212033152582,7.360725637009992,7.0970093021121885
2025-12-30 03:30:00,7.62,7.405292304307222,8.030737984776497,7.370882865786697,7.047270190623776
2025-12-30 03:45:00,7.59,7.30670419216156,7.932149872630836,7.27728850714629,7.000640909021049
2025-12-30 04:00:00,7.59,7.265264614969492,7.890710295438767,7.226236525088556,6.859186520325034
2025-12-30 04:15:00,7.54,7.267080608904362,7.892526289373636,7.225206906344047,6.831394583703645
2025-12-30 04:30:00,7.26,7.259176516085863,7.884622196555139,7.216911379876319,6.8194177158417455
2025-12-30 04:45:00,7.32,7.29732194006443,7.922767620533705,7.252056656097491,6.826347308128533
2025-12-30 05:00:00,7.56,7.326835423260928,7.952281103730202,7.317505435742463,7.229759097821658
2025-12-30 05:15:00,7.31,7.4888971841335294,8.114342864602804,7.468541684471835,7.2771029983720945
2025-12-30 05:30:00,7.54,7.5040217410027985,8.129467421472073,7.488473948714444,7.342250619545305
2025-12-30 05:45:00,7.48,7.6234186992049215,8.248864379674197,7.604013347915577,7.421510583754664
2025-12-30 06:00:00,7.43,7.738830800354481,8.364276480823756,7.6748674056156965,7.073306724188917
2025-12-30 06:15:00,7.65,7.91298580378294,8.538431484252214,7.841287191777821,7.166978611514156
2025-12-30 06:30:00,8.0,8.082998706698417,8.708444387167692,8.004044219080608,7.261495835477202
2025-12-30 06:45:00,7.87,8.250261883139611,8.875707563608886,8.164138717742452,7.354170605910315
2025-12-30 07:00:00,8.12,8.471353617310523,9.096799297779798,8.409011650489978,7.822700117226196
2025-12-30 07:15:00,8.42,8.677368728220463,9.302814408689738,8.603696882051645,7.910830498641708
2025-12-30 07:30:00,8.69,8.870612627863885,9.49605830833316,8.786921385066233,7.999824933222004
2025-12-30 07:45:00,8.84,9.12920365512371,9.754649335592985,9.029658347046325,8.093458140593551
2025-12-30 08:00:00,9.19,9.412471823692321,10.037917504161596,9.36567276991025,8.925538677618208
2025-12-30 08:15:00,9.81,9.602701389193536,10.22814706966281,9.548641095302797,9.040216747848227
2025-12-30 08:30:00,10.14,9.826647914648056,10.452093595117331,9.763468143984076,9.169277262649166
2025-12-30 08:45:00,10.36,9.959984709024429,10.585430389493704,9.897769796602319,9.31265318006886
2025-12-30 09:00:00,10.74,10.184540751874447,10.809986432343722,10.1374959305271,9.695050452095472
2025-12-30 09:15:00,11.13,10.158908122181893,10.784353802651168,10.129856949662617,9.856637505818018
2025-12-30 09:30:00,11.25,10.45221369445324,11.077659374922515,10.410425452904779,10.017416870977888
2025-12-30 09:45:00,11.31,10.505190413594246,11.13063609406352,10.472851835983235,10.168715120546251
2025-12-30 10:00:00,11.36,10.6943558883667,11.319801568835974,10.672374260175847,10.465642217773125
2025-12-30 10:15:00,11.68,10.84901553273201,11.474461213201284,10.822399642690286,10.572083457696237
2025-12-30 10:30:00,11.99,11.046046364307404,11.671492044776679,11.007617676921635,10.646204911627871
2025-12-30 10:45:00,12.19,11.210476682186126,11.8359223626554,11.159991480026472,10.685190029334938
2025-12-30 11:00:00,12.3,11.327107818126679,11.952553498595954,11.271968393383542,10.75339507410583
2025-12-30 11:15:00,12.4,11.557156592607498,12.182602273076773,11.477507550971657,10.728427050208394
2025-12-30 11:30:00,12.45,11.586953963041307,12.212399643510581,11.499961154684884,10.681814255386763
2025-12-30 11:45:00,12.56,11.739788239002229,12.365233919471503,11.632559693274338,10.62410044404442
2025-12-30 12:00:00,12.5,11.792247770428657,12.417693450897932,11.68776871836174,10.705167810250636
2025-12-30 12:15:00,11.98,11.811658228635789,12.437103909105064,11.701030593608873,10.660603709088445
2025-12-30 12:30:00,12.14,11.934147523641585,12.55959320411086,11.809625891681458,10.638529234285189
2025-12-30 12:45:00,12.16,12.035531173348426,12.6609768538177,11.90199718075222,10.646141391548703
2025-12-30 13:00:00,12.56,12.054791640043257,12.680237320512532,11.94054406143367,10.866072459036522
2025-12-30 13:15:00,12.77,12.200581974983214,12.826027655452489,12.079345182398741,10.939141666638639
2025-12-30 13:30:00,12.96,12.183168809413909,12.808614489883183,12.07327831532742,11.039784067954223
2025-12-30 13:45:00,13.05,12.252007838487623,12.877453518956898,12.147046132964384,11.159905982631011
2025-12-30 14:00:00,13.31,12.288302954435347,12.913748634904621,12.184959533176144,11.21303896567746
2025-12-30 14:15:00,13.55,12.357859395742416,12.98330507621169,12.260092988550142,11.34062292647147
2025-12-30 14:30:00,13.82,12.389852160811422,13.015297841280697,12.300126856222425,11.456281472621246
2025-12-30 14:45:00,13.9,12.402074346542356,13.027520027011631,12.320380728251939,11.552071464997585
2025-12-30 15:00:00,14.15,12.447472249269484,13.07291792973876,12.34958495789945,11.428978008564503
2025-12-30 15:15:00,14.17,12.590697163343428,13.216142843812703,12.483472942675268,11.475054369614726
2025-12-30 15:30:00,14.24,12.715671223402023,13.341116903871297,12.598753982452223,11.499174833729299
2025-12-30 15:45:00,14.14,12.678907737731933,13.304353418201208,12.566375905659877,11.508040495853619
2025-12-30 16:00:00,14.15,12.723599548339843,13.349045228809118,12.590881943830293,11.342704092543048
2025-12-30 16:15:00,14.09,12.742795631885528,13.368241312354803,12.608884779933087,11.349484717132707
2025-12-30 16:30:00,14.1,12.856915117502211,13.482360797971486,12.714008179537378,11.370002043937248
2025-12-30 16:45:00,14.0,12.88170687496662,13.507152555435894,12.740452517184087,11.411988509462514
2025-12-30 17:00:00,13.94,12.886583721637725,13.512029402107,12.725827414703067,11.213952162643807
2025-12-30 17:15:00,13.73,13.009473465681076,13.63491914615035,12.846003792690983,11.308609971144692
2025-12-30 17:30:00,13.85,12.99466180384159,13.620107484310864,12.843930035505007,11.426333210891253
2025-12-30 17:45:00,13.8,13.058903451561926,13.684349132031201,12.914814759711504,11.559694506801037
2025-12-30 18:00:00,13.86,13.028583940863609,13.654029621332883,12.862276062967988,11.298189591915348
2025-12-30 18:15:00,14.19,13.121208652257918,13.746654332727193,12.958650654108562,11.429830919986395
2025-12-30 18:30:00,14.55,13.05748065471649,13.682926335185766,12.911840553683035,11.542129662343699
2025-12-30 18:45:00,14.54,13.05777497768402,13.683220658153294,12.919968673373056,11.623932797466933
2025-12-30 19:00:00,14.59,13.046245441436767,13.671691121906042,12.909148972560367,11.619788931941933
2025-12-30 19:15:00,14.4,13.018213301301001,13.643658981770276,12.883675253431242,11.618376560563602
2025-12-30 19:30:00,14.29,12.930543969869612,13.555989650338887,12.799952770051409,11.571773254692685
2025-12-30 19:45:00,13.91,12.836836772561073,13.462282453030348,12.706707417212971,11.482871440455995
2025-12-30 20:00:00,13.58,12.748822885155677,13.374268565624952,12.61159715472918,11.32102143963824
2025-12-30 20:15:00,13.24,12.7404750084877,13.365920688956974,12.58941858983915,11.168768505408735
2025-12-30 20:30:00,13.01,12.593175560832023,13.218621241301298,12.439965037008063,10.999056100112472
2025-12-30 20:45:00,12.8,12.478367670774459,13.103813351243733,12.319138456269478,10.82162514929381
2025-12-30 21:00:00,12.41,12.372621532082556,12.998067212551831,12.20023093236119,10.578937893374396
2025-12-30 21:15:00,12.3,12.122854533791541,12.748300214260816,11.958140272442513,10.409041390144628
2025-12-30 21:30:00,12.02,12.085798847675322,12.711244528144597,11.909297601640214,10.249344901018839
2025-12-30 21:45:00,12.04,11.810475276708603,12.435920957177878,11.64611286131976,10.10032300751278
2025-12-30 22:00:00,11.7,11.612468085289002,12.237913765758277,11.448558072553393,9.907022959281527
2025-12-30 22:15:00,11.46,11.420118120908738,12.045563801378012,11.261654871600115,9.771345287118415
2025-12-30 22:30:00,11.13,11.202128098011016,11.827573778480291,11.051571995047967,9.635627261950566
2025-12-30 22:45:00,10.92,11.011578031778336,11.637023712247611,10.8658424723525,9.495233817287453
2025-12-30 23:00:00,10.92,10.789272922873497,11.414718603342772,10.647056449832187,9.309543974419908
2025-12-30 23:15:00,10.6,10.689285892248154,11.31473157271743,10.54142933738113,9.150873219112894
2025-12-30 23:30:00,10.37,10.37420678794384,10.999652468413116,10.240452607199186,8.98252600025431
2025-12-30 23:45:00,10.18,10.207328495383262,10.832774175852537,10.0727444652648,8.807013320164488
2025-12-31 00:00:00,9.91,9.980479068160058,10.605924748629333,9.846606600162474,8.587567529428483
2025-12-31 00:15:00,9.81,9.85673996180296,10.482185642272235,9.717864654198465,8.411775053778028
2025-12-31 00:30:00,9.24,9.612894798219203,10.238340478688478,9.481361730881906,8.244324173061326
2025-12-31 00:45:00,9.22,9.415386045575142,10.040831726044416,9.288044344347886,8.090425598858381
2025-12-31 01:00:00,8.93,9.281233495473861,9.906679175943136,9.135974169059784,7.7698443734461815
2025-12-31 01:15:00,8.92,9.071670236289501,9.697115916758776,8.93531503021769,7.6529263919093715
2025-12-31 01:30:00,8.7,8.911683063209058,9.537128743678332,8.781344261774622,7.555538493843626
2025-12-31 01:45:00,8.56,8.73281995356083,9.358265634030104,8.61200236410945,7.475741355207068
2025-12-31 02:00:00,8.56,8.678076235353947,9.303521915823222,8.538330688482397,7.2240566924614456
2025-12-31 02:15:00,8.32,8.505142035484313,9.130587715953588,8.3766503837222,7.168216623954891
2025-12-31 02:30:00,8.28,8.366115468740464,8.991561149209739,8.24614249172715,7.117824864126828
2025-12-31 02:45:00,7.97,8.205067034959793,8.830512715429068,8.0959011067727,7.069221231243902
2025-12-31 03:00:00,7.98,8.128231052756309,8.753676733225584,8.001845771774411,6.81322193371402
2025-12-31 03:15:00,7.93,7.268453172743321,7.893898853212596,7.219878491508879,6.763045040707659
2025-12-31 03:30:00,7.7,7.290743008106947,7.916188688576222,7.235227578637588,6.713118023357233
2025-12-31 03:45:00,7.74,7.2141389113664625,7.839584591835738,7.161493753331024,6.666378425713555
2025-12-31 04:00:00,7.68,7.177058462500573,7.802504142969848,7.115343997874351,6.534933975141021
2025-12-31 04:15:00,7.75,7.187112669497728,7.812558349967004,7.121765292005729,6.50718857833884
2025-12-31 04:30:00,7.76,7.196501642912627,7.821947323381902,7.129112877787416,6.495337393625221
2025-12-31 04:45:00,7.44,7.246932397633791,7.872378078103067,7.175382467653789,6.502472206861924
2025-12-31 05:00:00,7.38,7.289525211453438,7.914970891922714,7.210776397596563,6.470162327334147
2025-12-31 05:15:00,7.44,7.468898964375257,8.094344644844533,7.377495888281697,6.5178714583418325
2025-12-31 05:30:00,7.44,7.498935825973749,8.124381506443024,7.410950062715428,6.583464656137448
2025-12-31 05:45:00,7.5,7.641285730600357,8.266731411069632,7.547286965085175,6.663250686718261
2025-12-31 06:00:00,7.5,7.76652156829834,8.391967248767616,7.663127777081541,6.6907334919801835
2025-12-31 06:15:00,7.77,7.955012788772583,8.580458469241858,7.842571978078515,6.785092602921305
2025-12-31 06:30:00,7.72,8.139908811748027,8.765354492217302,8.018855501243543,6.880377591285315
2025-12-31 06:45:00,7.89,8.325934723615646,8.95138040408492,8.195990972237306,6.973900557156372
2025-12-31 07:00:00,8.01,8.562023840248585,9.18746952071786,8.436085703914811,7.251667156088318
2025-12-31 07:15:00,8.29,8.780627979338169,9.406073659807443,8.642246958834436,7.3408060123256496
2025-12-31 07:30:00,8.58,8.999096277058126,9.6245419575274,8.848376134127067,7.430888643717601
2025-12-31 07:45:00,8.84,9.261474236249924,9.886919916719199,9.094648280344083,7.525689407472701
2025-12-31 08:00:00,9.28,9.563731896281242,10.189177576750517,9.466575545898614,8.55284292461117
2025-12-31 08:15:00,9.96,9.767062371373177,10.392508051842452,9.661512994428133,8.668845932610468
2025-12-31 08:30:00,10.31,9.995303818881512,10.620749499350786,9.880357007223163,8.799309282482795
2025-12-31 08:45:00,10.88,10.134361869692803,10.759807550162078,10.01997230155346,8.944165321029116
2025-12-31 09:00:00,11.27,10.356877108216286,10.982322788685561,10.263571347031078,9.386052611372362
2025-12-31 09:15:00,11.9,10.0344073843956,10.659853064864874,9.987781140074107,9.54927228010891
2025-12-31 09:30:00,12.33,10.349133442640305,10.97457912310958,10.28787553727378,9.711759346981593
2025-12-31 09:45:00,12.49,10.407599002122879,11.033044682592154,10.355434490754792,9.864839531981369
2025-12-31 10:00:00,12.61,10.601600288152694,11.227045968621969,10.554217516872843,10.1085936988219
2025-12-31 10:15:00,12.89,10.760364888906478,11.385810569375753,10.708138591205806,10.216962546508393
2025-12-31 10:30:00,12.95,10.974796150922776,11.60024183139205,10.909276820590714,10.293082930911444
2025-12-31 10:45:00,13.19,11.148545752763749,11.773991433233023,11.070273100380666,10.334137216771948
2025-12-31 11:00:00,13.19,11.268548867702485,11.89399454817176,11.203459660405304,10.59131097669137
2025-12-31 11:15:00,13.29,11.522159044742585,12.14760472521186,11.430507772635673,10.56854911757331
2025-12-31 11:30:00,13.36,11.528353269696236,12.15379895016551,11.431845164522365,10.524209136936747
2025-12-31 11:45:00,13.44,11.700502490401268,12.325948170870543,11.58212701218887,10.468833485031952
2025-12-31 12:00:00,13.53,11.735466785430908,12.360912465900183,11.612734452698028,10.458465733637638
2025-12-31 12:15:00,13.34,11.749137945771217,12.374583626240492,11.621045517559963,10.416366361379254
2025-12-31 12:30:00,13.51,11.871129863262176,12.496575543731451,11.72943400007897,10.396817737919259
2025-12-31 12:45:00,13.49,11.976992033123969,12.602437713593243,11.82610186823965,10.407015361353988
2025-12-31 13:00:00,13.42,11.989768904447555,12.61521458491683,11.870131497454112,10.744969826954623
2025-12-31 13:15:00,13.81,12.144333035349845,12.76977871581912,12.017122661234044,10.820739016335725
2025-12-31 13:30:00,14.07,12.12599798798561,12.751443668454884,12.010487276587881,10.924136207444647
2025-12-31 13:45:00,14.02,12.17940204143524,12.804847721904515,12.070573438453765,11.047066027134889
2025-12-31 14:00:00,13.96,12.212787180542945,12.83823286101222,12.101455002527796,11.054402056932478
2025-12-31 14:15:00,14.28,12.294730656743049,12.920176337212324,12.188064549581807,11.18489490276893
2025-12-31 14:30:00,14.58,12.318939428329466,12.944385108798741,12.221346706689957,11.303510116379027
2025-12-31 14:45:00,14.46,12.325181056261062,12.950626736730337,12.236483389788487,11.40230270094125
2025-12-31 15:00:00,14.66,12.367021613121032,12.992467293590307,12.253292795012479,11.183700013099665
2025-12-31 15:15:00,14.69,12.808935521245001,13.434381201714276,12.657459686541156,11.232865092769812
2025-12-31 15:30:00,14.87,12.949916930198668,13.575362610667943,12.787510325009537,11.260114406066164
2025-12-31 15:45:00,14.8,12.914985180497169,13.540430860966444,12.757092314206805,11.272147047840784
2025-12-31 16:00:00,14.96,12.950685282945631,13.576130963414906,12.776022867107873,11.13336393194506
2025-12-31 16:15:00,14.73,12.967634323835371,13.593080004304646,12.79230574187012,11.143381670980308
2025-12-31 16:30:00,15.01,13.092997512817382,13.718443193286657,12.90790640332796,11.16716805750995
2025-12-31 16:45:00,15.15,13.125105601549148,13.750551282018423,12.941280956412882,11.212453409926255
2025-12-31 17:00:00,15.35,13.121001352667808,13.746447033137082,12.929348397851472,11.126897440274892
2025-12-31 17:15:00,15.27,13.27122634232044,13.896672022789716,13.074555004480656,11.224907335041387
2025-12-31 17:30:00,15.09,13.226073237061499,13.851518917530774,13.045380324587308,11.346005987110901
2025-12-31 17:45:00,14.99,13.319133065342902,13.944578745812176,13.142639959079261,11.482763811093827
2025-12-31 18:00:00,15.13,13.261280914545058,13.886726595014332,13.060459491510784,11.171781247040721
2025-12-31 18:15:00,15.13,13.35784361064434,13.983289291113614,13.160723442483036,11.3068546294481
2025-12-31 18:30:00,15.09,13.273496025204658,13.898941705673932,13.095606734867538,11.422599804095043
2025-12-31 18:45:00,15.14,13.27208313345909,13.897528813928364,13.102524119037676,11.507861473723903
2025-12-31 19:00:00,15.03,13.264426491260528,13.889872171729802,13.082572432045996,11.372277782612898
2025-12-31 19:15:00,14.75,13.235869380831717,13.861315061300992,13.05695826219379,11.374341276616576
2025-12-31 19:30:00,14.47,13.14601951241493,13.771465192884206,12.971599378324155,11.331219045999871
2025-12-31 19:45:00,13.98,13.018308107256889,13.643753787726164,12.847952799587151,11.245801203584735
2025-12-31 20:00:00,13.49,12.930828387737273,13.556274068206548,12.751957132553041,11.06971505338076
2025-12-31 20:15:00,13.01,12.931578345298766,13.55702402576804,12.738336742653258,10.920944925940512
2025-12-31 20:30:00,12.7,12.756306188106535,13.38175186857581,12.563933273287633,10.75471126124291
2025-12-31 20:45:00,12.42,12.63047038435936,13.255916064828634,12.433472396651723,10.580752662043054
2025-12-31 21:00:00,11.78,12.514244650006294,13.139690330475569,12.302891631925045,10.315166213382335
2025-12-31 21:15:00,11.71,12.087200419306754,12.712646099776029,11.900893651584262,10.148722326043186
2025-12-31 21:30:00,11.26,12.056159958839416,12.68160563930869,11.857818632639425,9.99246511550331
2025-12-31 21:45:00,11.16,11.733976775407791,12.359422455877066,11.552606993632413,9.846866859598123
2025-12-31 22:00:00,10.78,11.504107000231743,12.129552680701018,11.328584103228227,9.67783254511222
2025-12-31 22:15:00,10.14,11.28358622431755,11.909031904786826,11.116542960313787,9.54554035589873
2025-12-31 22:30:00,10.09,11.043550279140472,11.668995959609747,10.886856207569226,9.413185323544369
2025-12-31 22:45:00,9.66,10.828339344263076,11.453785024732351,10.679156805926203,9.276130125034744
2025-12-31 23:00:00,9.35,10.577096486091614,11.202542166560889,10.423508944455094,8.979054243718156
2025-12-31 23:15:00,9.11,10.502141057848931,11.127586738318206,10.340823088883706,8.823665537546583
2025-12-31 23:30:00,8.72,10.10551185131073,10.730957531780005,9.966446439602526,8.658568954804844
2025-12-31 23:45:00,8.52,9.940345726013184,10.56579140648246,9.80059509808627,8.48627331593481
2026-01-01 00:00:00,8.19,9.663977167010307,10.289422847479582,9.552784280036347,8.507041333918012
2026-01-01 00:15:00,7.99,9.534296061992645,10.15974174246192,9.41897353122945,8.334392256688298
2026-01-01 00:30:00,7.99,9.254962694346904,9.880408374816179,9.150691435836519,8.170044777245375
2026-01-01 00:45:00,8.21,9.037017598152161,9.662463278621436,8.939196062134787,8.019207526423997
2026-01-01 01:00:00,8.21,8.901913450956345,9.52735913142562,8.797420360960984,7.814687429435021
2026-01-01 01:15:00,8.06,8.6864690387249,9.311914719194174,8.591730852100566,7.700740492135905
2026-01-01 01:30:00,8.13,8.503926184475421,9.129371864944696,8.417653144769098,7.606275500314173
2026-01-01 01:45:00,8.13,8.294926454722882,8.920372135192157,8.221347157560075,7.529351175781404
2026-01-01 02:00:00,7.9,8.256960560679437,8.882406241148711,8.131975488221087,6.956520281954017
2026-01-01 02:15:00,7.84,8.065899674296379,8.691345354765653,7.954176576653442,6.90344712391469
2026-01-01 02:30:00,7.85,7.916800328493118,8.542246008962394,7.814824568954904,6.855766538227455
2026-01-01 02:45:00,7.56,7.719585898816586,8.34503157928586,7.632148135488086,6.809816539344204
2026-01-01 03:00:00,7.62,7.64636032551527,8.271806005984546,7.538526865615068,6.524378540888334
2026-01-01 03:15:00,7.54,6.652733062207699,7.278178742676975,6.635817917040757,6.476734955690539
2026-01-01 03:30:00,7.49,6.6659966984391215,7.291442378908396,6.643245761020877,6.429278546298944
2026-01-01 03:45:00,7.44,6.616247980594635,7.241693661063911,6.594017515937933,6.38494522510764
2026-01-01 04:00:00,7.41,6.58336128026247,7.208806960731746,6.559563039875042,6.335746187084725
2026-01-01 04:15:00,7.4,6.597082673609257,7.222528354078532,6.569517516216576,6.310273695082693
2026-01-01 04:30:00,7.33,6.6194759818911555,7.244921662360431,6.588831414910797,6.300626470973467
2026-01-01 04:45:00,7.34,6.669405290931463,7.294850971400738,6.6348528106179465,6.309894861039616
2026-01-01 05:00:00,7.34,6.729869381189347,7.355315061658622,6.691489085458193,6.330531432292945
2026-01-01 05:15:00,7.2,6.9371866589784625,7.562632339447738,6.883657587119764,6.380229257917327
2026-01-01 05:30:00,7.13,6.978093660175801,7.603539340645076,6.927121157170786,6.447736756656281
2026-01-01 05:45:00,7.37,7.141688058376312,7.767133738845587,7.082837463700623,6.52936146418472
2026-01-01 06:00:00,7.19,7.310895110666752,7.936340791136027,7.232640587659049,6.496675206561207
2026-01-01 06:15:00,7.45,7.487366492450238,8.112812172919513,7.401382019311552,6.592718275545828
2026-01-01 06:30:00,7.42,7.720004389286041,8.345450069755316,7.620973207623189,6.689608239161277
2026-01-01 06:45:00,7.36,7.943956928551197,8.569402609020472,7.832536751075383,6.784656191252605
2026-01-01 07:00:00,7.31,8.206075232625007,8.831520913094282,8.077015515798132,6.863239237722546
2026-01-01 07:15:00,7.75,8.456752792596816,9.082198473066091,8.312298544055777,6.953740316459845
2026-01-01 07:30:00,7.75,8.702790167033672,9.328235847502947,8.543470116081746,7.045102513689984
2026-01-01 07:45:00,8.13,9.007341918945313,9.632787599414588,8.827977700376636,7.1410994165332795
2026-01-01 08:00:00,8.58,9.350106131136418,9.975551811605692,9.255895418907427,8.369865831553305
2026-01-01 08:15:00,9.13,9.584436385035515,10.20988206550479,9.478951989029108,8.486896057653867
2026-01-01 08:30:00,9.52,9.845040977597236,10.47048665806651,9.727139251741225,8.618301254055506
2026-01-01 08:45:00,9.86,9.976315742433071,10.601761422902346,9.859801575446916,8.764013242537114
2026-01-01 09:00:00,10.25,10.232657958269119,10.858103638738394,10.130270313311982,9.167338597107262
2026-01-01 09:15:00,10.69,9.823756332993508,10.449202013462783,9.776420785634045,9.331241097445886
2026-01-01 09:30:00,11.14,10.147017757296563,10.772463437765838,10.084287472486189,9.494323899871999
2026-01-01 09:45:00,11.48,10.203650873303413,10.829096553772688,10.150238957209979,9.64791245042132
2026-01-01 10:00:00,11.83,10.40992457807064,11.035370258539915,10.377336257076104,10.070850763864133
2026-01-01 10:15:00,12.11,10.562655557990075,11.18810123845935,10.525835610871196,10.179552669364032
2026-01-01 10:30:00,12.33,10.781834900379181,11.407280580848456,10.731289154152474,10.255918300752064
2026-01-01 10:45:00,12.66,10.953732248544693,11.579177929013968,10.890626329282037,10.297130003004526
2026-01-01 11:00:00,12.77,11.078031346797943,11.703477027267217,11.022572834159648,10.500998568286946
2026-01-01 11:15:00,13.04,11.352969326376915,11.97841500684619,11.268897203022998,10.47821865914152
2026-01-01 11:30:00,13.09,11.316019766330719,11.941465446799993,11.231227205787382,10.433773119607652
2026-01-01 11:45:00,13.28,11.496127734780313,12.121573415249587,11.388684354209051,10.378204633812757
2026-01-01 12:00:00,13.25,11.523268415927888,12.148714096397162,11.42081366141653,10.457250795640492
2026-01-01 12:15:00,13.15,11.51035287320614,12.135798553675414,11.40505804874302,10.414784993139547
2026-01-01 12:30:00,13.5,11.647424597740173,12.272870278209448,11.527033519019987,10.394783743216479
2026-01-01 12:45:00,13.39,11.758463597297668,12.383909277766943,11.628328933134503,10.404443028220651
2026-01-01 13:00:00,13.39,11.765364621877671,12.390810302346946,11.661443349725296,10.684088230504045
2026-01-01 13:15:00,13.32,11.93689194381237,12.562337624281644,11.823699323566892,10.75914935642665
2026-01-01 13:30:00,13.5,11.911158494353293,12.536604174822568,11.810300481267475,10.861754592997627
2026-01-01 13:45:00,13.61,11.980606687068938,12.606052367538213,11.884804675772692,10.983809295011861
2026-01-01 14:00:00,13.71,12.004168089628218,12.629613770097492,11.903551611021097,10.957277297707305
2026-01-01 14:15:00,13.82,12.110449811220168,12.735895491689442,12.012060399024229,11.086731121435378
2026-01-01 14:30:00,13.82,12.147049155235289,12.772494835704563,12.056434663954912,11.204226688684443
2026-01-01 14:45:00,14.1,12.152946934700012,12.778392615169286,12.071145280497577,11.301819964903958
2026-01-01 15:00:00,14.28,12.210110681056975,12.83555636152625,12.117449665733819,11.245994613244314
2026-01-01 15:15:00,14.2,12.66052245736122,13.285968137830494,12.529167418201792,11.293804173516577
2026-01-01 15:30:00,14.25,12.810595332980155,13.43604101344943,12.667298119001435,11.319621529295224
2026-01-01 15:45:00,14.2,12.807890533208846,13.433336213678121,12.665864874164011,11.330146959503468
2026-01-01 16:00:00,14.05,12.854333423972129,13.479779104441404,12.689718661262406,11.14155554026213
2026-01-01 16:15:00,14.05,12.85924847602844,13.484694156497715,12.694965170239037,11.149919323605861
2026-01-01 16:30:00,14.16,13.004017170667646,13.629462851136921,12.827940455492103,11.17198036774268
2026-01-01 16:45:00,14.01,13.030322285890579,13.655767966359853,12.855897208131825,11.215470381773097
2026-01-01 17:00:00,13.96,13.042978173494339,13.668423853963613,12.842877967957262,10.960982604396552
2026-01-01 17:15:00,13.8,13.194272206425666,13.81971788689494,12.988865287789725,11.057061535830842
2026-01-01 17:30:00,13.51,13.143467534184454,13.768913214653729,12.954390328923456,11.176163690021987
2026-01-01 17:45:00,13.49,13.22628478169441,13.851730462163685,13.04219376544622,11.310861061310348
2026-01-01 18:00:00,13.39,13.162454903125761,13.787900583595036,12.949817274796997,10.950010399054921
2026-01-01 18:15:00,13.45,13.237481082081793,13.862926762551067,13.030404728491142,11.082900333483922
2026-01-01 18:30:00,13.74,13.104183200597761,13.729628881067036,12.920826811615896,11.196403104113658
2026-01-01 18:45:00,13.86,13.126233367919921,13.751679048389196,12.948731209405176,11.279365162357196
2026-01-01 19:00:00,13.83,13.081186388731002,13.706632069200277,12.930927664793499,11.517779711478978
2026-01-01 19:15:00,13.46,13.038638324737548,13.664084005206822,12.89243571665331,11.51743457881974
2026-01-01 19:30:00,13.17,12.90397849202156,13.529424172490835,12.766337080943638,11.471851987106485
2026-01-01 19:45:00,12.92,12.738745861053467,13.364191541522741,12.608534179531967,11.383923944479756
2026-01-01 20:00:00,12.8,12.588724633455275,13.21417031392455,12.466240571782071,11.314306783637228
2026-01-01 20:15:00,12.44,12.616606074571608,13.242051755040883,12.476893787719339,11.16293259435597
2026-01-01 20:30:00,12.22,12.387849915623663,13.013295596092938,12.253892153039503,10.99405090678257
2026-01-01 20:45:00,12.05,12.204672781229018,12.830118461698293,12.071342478241638,10.817402341895283
2026-01-01 21:00:00,11.76,12.064001260399817,12.689446940869091,11.93515745277446,10.723411749950886
2026-01-01 21:15:00,11.72,11.515751152634621,12.141196833103896,11.423336667311156,10.554200171477557
2026-01-01 21:30:00,11.5,11.474233926534653,12.099679607003928,11.370522366085423,10.395139536101826
2026-01-01 21:45:00,11.09,11.144995481967927,11.770441162437201,11.058660878104229,10.246704237230913
2026-01-01 22:00:00,11.07,10.892061681747437,11.517507362216712,10.813116713477392,10.070657857100457
2026-01-01 22:15:00,10.74,10.64891270518303,11.274358385652304,10.580343649997621,9.935467815458559
2026-01-01 22:30:00,10.5,10.380697812139989,11.006143492609263,10.324905100796913,9.800187774719198
2026-01-01 22:45:00,10.27,10.130993428230285,10.75643910869956,10.085743887261112,9.660182598482919
2026-01-01 23:00:00,10.18,9.884510678052902,10.509956358522176,9.833897955540717,9.357897205930211
2026-01-01 23:15:00,9.74,9.789350614845754,10.414796295315028,9.732661642812143,9.199515195767102
2026-01-01 23:30:00,9.51,9.35401899933815,9.979464679807425,9.323012817793622,9.031406973942753
2026-01-01 23:45:00,9.56,9.172573134899139,9.798018815368414,9.142155383908221,8.856083590997711
2026-01-02 00:00:00,9.31,8.895962608456612,9.521408288925887,8.892999596372938,8.865133164714502
2026-01-02 00:15:00,8.96,8.70599446684122,9.331440147310495,8.704402540608148,8.689430848854471
2026-01-02 00:30:00,8.63,8.429709039926529,9.055154720395803,8.438581101058814,8.522020749035491
2026-01-02 00:45:00,8.64,8.216526528000832,8.841972208470107,8.231095546846943,8.368113742028356
2026-01-02 01:00:00,8.42,8.059416786432266,8.68486246690154,8.053004676424475,7.99270029012005
2026-01-02 01:15:00,8.22,7.840657349526882,8.466103029996157,7.844022991194246,7.875676059376845
2026-01-02 01:30:00,8.14,7.6120688697695735,8.23751455023885,7.628029297558145,7.778133366542676
2026-01-02 01:45:00,7.86,7.428490225076676,8.05393590554595,7.454405557900588,7.698133167052976
2026-01-02 02:00:00,7.83,7.358733205497265,7.984178885966541,7.382882348638309,7.609999359283619
2026-01-02 02:15:00,7.55,7.160622010529042,7.786067690998317,7.198416102579439,7.553860648019692
2026-01-02 02:30:00,7.53,7.014502154141665,7.63994783461094,7.061463410964251,7.503122984697331
2026-01-02 02:45:00,7.31,6.798177779912948,7.423623460382224,6.861220896393633,7.4541265772797765
2026-01-02 03:00:00,7.26,6.719881679862738,7.345327360332012,6.766177440413278,7.201578178252284
2026-01-02 03:15:00,7.29,6.360464872270823,6.985910552740098,6.436434986901157,7.150916044570574
2026-01-02 03:30:00,7.25,6.38023509785533,7.005680778324605,6.449455609994904,7.10045824394584
2026-01-02 03:45:00,7.03,6.312701596319676,6.938147276788952,6.383865263641114,7.053142814989631
2026-01-02 04:00:00,6.98,6.285609025657177,6.911054706126452,6.353709836743544,6.9941819456760355
2026-01-02 04:15:00,7.03,6.28546540170908,6.910911082178355,6.35084956168313,6.96577220594137
2026-01-02 04:30:00,6.97,6.3070974323153495,6.932543112784625,6.369195504282317,6.953213263819506
2026-01-02 04:45:00,6.69,6.368574319034815,6.99401999950409,6.425377446465184,6.959597498163983
2026-01-02 05:00:00,6.77,6.423019999861717,7.048465680330992,6.498800763349055,7.21150101805962
2026-01-02 05:15:00,6.8,6.644178416579962,7.2696240970492365,6.703208812369074,7.258375799062144
2026-01-02 05:30:00,6.88,6.649721204340458,7.2751668848097335,6.714438913305263,7.323093742590632
2026-01-02 05:45:00,7.16,6.8256782284379005,7.451123908907176,6.88106497503481,7.4019642981697995
2026-01-02 06:00:00,7.13,6.977901218235493,7.603346898704768,7.03437863078452,7.565535410642118
2026-01-02 06:15:00,7.39,7.13563020542264,7.761075885891914,7.185921638858563,7.658900740283566
2026-01-02 06:30:00,7.7,7.368384664058685,7.993830344527961,7.405364763769554,7.753153902731736
2026-01-02 06:45:00,7.59,7.59952087700367,8.224966557472944,7.623172241719081,7.845607763363596
2026-01-02 07:00:00,7.57,7.865398520231247,8.490844200700522,7.9033174580916,8.259936149007034
2026-01-02 07:15:00,8.13,8.116233854293823,8.741679534763097,8.138502484422565,8.347933712539739
2026-01-02 07:30:00,8.23,8.35389222174883,8.979337902218104,8.361864334448873,8.436840179114927
2026-01-02 07:45:00,8.41,8.66919419080019,9.294639871269466,8.655857661757842,8.53043074326255
2026-01-02 08:00:00,9.2,9.008132911920548,9.633578592389823,9.014231241504689,9.071584596735164
2026-01-02 08:15:00,9.82,9.253055255115033,9.878500935584308,9.246640564925787,9.186311912621695
2026-01-02 08:30:00,10.17,9.52261794924736,10.148063629716635,9.502708820076688,9.315468143445413
2026-01-02 08:45:00,10.61,9.656353777647018,10.281799458116293,9.637384848781382,9.458986534855923
2026-01-02 09:00:00,10.91,9.921026889979839,10.546472570449113,9.921542514836942,9.926391845327712
2026-01-02 09:15:00,11.37,9.213028392791749,9.838474073261024,9.29714246819464,10.088215561228347
2026-01-02 09:30:00,11.76,9.484326248168946,10.10977192863822,9.557845706959245,10.249278922920244
2026-01-02 09:45:00,12.0,9.564351318776607,10.189796999245882,9.644752682867649,10.400908599353455
2026-01-02 10:00:00,11.96,9.762328441143037,10.387774121612312,9.862260110378312,10.802093952637403
2026-01-02 10:15:00,12.02,9.87036973297596,10.495815413445234,9.970188601052355,10.908961574946373
2026-01-02 10:30:00,12.38,10.072363727092743,10.697809407562017,10.159938327066072,10.983556839666537
2026-01-02 10:45:00,12.47,10.231395411789418,10.856841092258692,10.30748244545567,11.023063099155094
2026-01-02 11:00:00,12.52,10.349657705426216,10.97510338589549,10.423592410848869,11.118930923708795
2026-01-02 11:15:00,12.48,10.566672075986862,11.192117756456136,10.617409036757268,11.094578217961814
2026-01-02 11:30:00,12.58,10.487529266774654,11.112974947243929,10.54145631230344,11.048627490257802
2026-01-02 11:45:00,12.55,10.643241328001022,11.268687008470296,10.67672414904774,10.991622204837466
2026-01-02 12:00:00,12.68,10.648114637136459,11.273560317605734,10.67503748584753,10.928240544920968
2026-01-02 12:15:00,12.39,10.604914959073067,11.230360639542342,10.631783597912118,10.884476825890971
2026-01-02 12:30:00,12.55,10.729806240797043,11.355251921266317,10.74263130680684,10.863248035792287
2026-01-02 12:45:00,12.6,10.811976826786996,11.43742250725627,10.817721682641938,10.871750700596822
2026-01-02 13:00:00,12.48,10.779872275590897,11.405317956060172,10.803238067120901,11.022987840131965
2026-01-02 13:15:00,12.7,10.929468998908996,11.554914679378271,10.945573791327403,11.097035575696697
2026-01-02 13:30:00,12.81,10.891088151931763,11.516533832401038,10.920652631806687,11.198699610585988
2026-01-02 13:45:00,12.72,10.936619065999984,11.56206474646926,10.9734547411174,11.319885600751112
2026-01-02 14:00:00,12.76,10.924118829965591,11.549564510434866,10.973417466017688,11.437059541583258
2026-01-02 14:15:00,12.95,11.046487848758698,11.671933529227973,11.096397909645022,11.565790291951213
2026-01-02 14:30:00,13.04,11.056068202853202,11.681513883322477,11.116287498804422,11.682635811857459
2026-01-02 14:45:00,12.99,11.057751362323762,11.683197042793037,11.127133109646596,11.7796521225688
2026-01-02 15:00:00,13.15,11.100080806612969,11.725526487082243,11.161340651919057,11.737475086886482
2026-01-02 15:15:00,13.04,11.595974678993226,12.2214203594625,11.614127812941309,11.784853767566386
2026-01-02 15:30:00,13.22,11.688892298340798,12.314337978810073,11.700562031343795,11.810313125168934
2026-01-02 15:45:00,13.47,11.78220187664032,12.407647557109595,11.785887819924248,11.820553249466174
2026-01-02 16:00:00,13.39,11.862382245063781,12.487827925533056,11.830082359925099,11.52630953808874
2026-01-02 16:15:00,13.59,11.879836446046829,12.505282126516104,11.846649356822939,11.534532589261982
2026-01-02 16:30:00,13.63,12.028509165048598,12.653954845517873,11.983146822539105,11.556524661808474
2026-01-02 16:45:00,13.49,12.078294319510459,12.703739999979733,12.032327178860376,11.600017033883999
2026-01-02 17:00:00,13.6,12.09346256494522,12.718908245414495,12.042190281740652,11.559986518966555
2026-01-02 17:15:00,13.61,12.191794736385344,12.817240416854618,12.140319685189903,11.6562089371587
2026-01-02 17:30:00,13.61,12.202950001358985,12.82839568182826,12.161870193091687,11.775524259529563
2026-01-02 17:45:00,13.53,12.24787033677101,12.873316017240285,12.215446103242279,11.910503814047944
2026-01-02 18:00:00,13.54,12.190907522439955,12.81635320290923,12.164104554306144,11.912028943862351
2026-01-02 18:15:00,13.98,12.29240366578102,12.917849346250295,12.26865812153415,12.045336863550089
2026-01-02 18:30:00,14.3,12.177351685762405,12.80279736623168,12.175619076450813,12.15932429343649
2026-01-02 18:45:00,14.38,12.206004309654235,12.83144999012351,12.209544272715643,12.242836792603663
2026-01-02 19:00:00,14.17,12.16841728568077,12.793862966150044,12.176825757332432,12.255905455293874
2026-01-02 19:15:00,14.06,12.118951924443245,12.74439760491252,12.132146601202363,12.256239432341733
2026-01-02 19:30:00,13.84,12.021077510118483,12.646523190587757,12.03936924708856,12.211398730531965
2026-01-02 19:45:00,13.72,11.853149276971816,12.478594957441091,11.879207047723877,12.124274252084863
2026-01-02 20:00:00,13.36,11.680467303395272,12.305912983864546,11.739861720183585,12.298452238745591
2026-01-02 20:15:00,13.03,11.697226024866104,12.32267170533538,11.740549965930038,12.148001440557753
2026-01-02 20:30:00,13.01,11.511093633174896,12.136539313644171,11.556169862617795,11.980101197259378
2026-01-02 20:45:00,12.6,11.396006277799607,12.021451958268882,11.43526565140825,11.80449082522602
2026-01-02 21:00:00,12.55,11.238460004329681,11.863905684798956,11.265378747486906,11.51854319479217
2026-01-02 21:15:00,12.26,11.517328186035156,12.142773866504431,11.50129236163663,11.350479205270975
2026-01-02 21:30:00,12.31,11.486804913282395,12.11225059375167,11.458530732731942,11.19261871558253
2026-01-02 21:45:00,11.93,11.336558698415756,11.96200437888503,11.30857881885786,11.04543463331511
2026-01-02 22:00:00,11.91,11.169195763468743,11.794641443938017,11.13302211325992,10.79281744216357
2026-01-02 22:15:00,11.63,11.002834658622742,11.628280339092017,10.969786479913507,10.658976133066997
2026-01-02 22:30:00,11.57,10.830589216947555,11.45603489741683,10.801227858520155,10.5250911891746
2026-01-02 22:45:00,11.28,10.678588384389878,11.304034064859152,10.650518306482823,10.38652582668355
2026-01-02 23:00:00,11.01,10.505100560188293,11.130546240657567,10.469803262695738,10.13784048275169
2026-01-02 23:15:00,10.36,10.368399569392205,10.99384524986148,10.331164999755401,9.980982630998696
2026-01-02 23:30:00,10.08,10.122954024672508,10.748399705141782,10.093302619191846,9.814438125538059
2026-01-02 23:45:00,9.86,9.97936686694622,10.604812547415495,9.946819217419238,9.64071622979247
2026-01-03 00:00:00,9.79,9.767337237894536,10.39278291836381,9.678350136189447,8.841447377064183
2026-01-03 00:15:00,9.51,9.624255594015121,10.249701274484396,9.532293977389429,8.667416605130207
2026-01-03 00:30:00,9.32,9.395329987108708,10.020775667577983,9.309444363560544,8.501710276941319
2026-01-03 00:45:00,8.99,9.225117567181588,9.850563247650863,9.140965717480992,8.349537366062988
2026-01-03 01:00:00,8.85,9.094934839606285,9.72038052007556,9.042338167932975,8.547678843145896
2026-01-03 01:15:00,8.8,8.875119094550609,9.500564775019884,8.832573630487337,8.4324435489299
2026-01-03 01:30:00,8.47,8.71957542002201,9.345021100491286,8.682778705674833,8.336714262920461
2026-01-03 01:45:00,8.19,8.52850215226412,9.153947832733394,8.5025570961363,8.258549946302475
2026-01-03 02:00:00,8.14,8.419290997385978,9.044736677855253,8.37660756812842,7.975179956372225
2026-01-03 02:15:00,7.9,8.29546203762293,8.920907718092204,8.25946449015675,7.920916023930374
2026-01-03 02:30:00,8.0,8.131293143630028,8.756738824099303,8.106379210216549,7.872069526960368
2026-01-03 02:45:00,7.89,8.000372486114502,8.625818166583777,7.98351541382871,7.8249786142652376
2026-01-03 03:00:00,7.74,7.869175193309784,8.49462087377906,7.8358523754561,7.522459112059337
2026-01-03 03:15:00,7.71,6.618552685081959,7.243998365551235,6.70074312761407,7.473724905993713
2026-01-03 03:30:00,7.74,6.6430518883466725,7.268497568815947,6.718224297088516,7.425203118520825
2026-01-03 03:45:00,7.5,6.581965368688107,7.207411049157383,6.6586479598032,7.379829691216142
2026-01-03 04:00:00,7.57,6.553579121232033,7.179024801701308,6.627199523779541,7.319582092032102
2026-01-03 04:15:00,7.57,6.526928565651178,7.152374246120454,6.600567083393276,7.29312002078973
2026-01-03 04:30:00,7.46,6.531464570760727,7.156910251230002,6.603647254961227,7.282508420354272
2026-01-03 04:45:00,7.56,6.5961993509531025,7.221645031422378,6.662960899765863,7.290837562049369
2026-01-03 05:00:00,7.43,6.623127603083849,7.2485732835531245,6.6809711696786085,7.224976306976294
2026-01-03 05:15:00,7.42,6.73945804849267,7.364903728961945,6.790812094087937,7.273784812913609
2026-01-03 05:30:00,7.41,6.732548356950283,7.357994037419559,6.790971531169791,7.340427741837294
2026-01-03 05:45:00,7.41,6.828576531410217,7.454022211879492,6.885534659216261,7.421212452987595
2026-01-03 06:00:00,7.64,6.8957384148240095,7.521184095293284,6.9335083356120855,7.288725556016012
2026-01-03 06:15:00,7.67,6.977673400938511,7.603119081407787,7.0167231781164565,7.3839771468068385
2026-01-03 06:30:00,7.67,7.149112284481526,7.774557964950802,7.180923406677618,7.480099528010464
2026-01-03 06:45:00,7.56,7.274565680623055,7.90001136109233,7.303383039336393,7.574403519336084
2026-01-03 07:00:00,7.83,7.451967080533505,8.07741276100278,7.477400999772561,7.71660102740216
2026-01-03 07:15:00,8.1,7.588023886084557,8.213469566553831,7.609012403354958,7.806404471160022
2026-01-03 07:30:00,8.15,7.748474476337433,8.373920156806708,7.762758049126784,7.897091691289781
2026-01-03 07:45:00,8.44,7.938455353081227,8.563901033550502,7.943643414133875,7.992435907947885
2026-01-03 08:00:00,8.69,8.129043624699117,8.754489305168391,8.135614795689156,8.197415113115754
2026-01-03 08:15:00,9.22,8.290698745846749,8.916144426316023,8.292922467374964,8.313836045262438
2026-01-03 08:30:00,9.44,8.500945103168487,9.126390783637762,8.495534880193652,8.444653005760571
2026-01-03 08:45:00,9.94,8.620247786045075,9.24569346651435,8.61732120157355,8.58979736303849
2026-01-03 09:00:00,10.54,8.773947343230247,9.399393023699522,8.807661940863905,9.124739800933064
2026-01-03 09:15:00,10.83,8.615593096613884,9.241038777083158,8.680228997172517,9.288114437641608
2026-01-03 09:30:00,10.81,8.80979637593031,9.435242056399584,8.871392398328549,9.450688499768834
2026-01-03 09:45:00,11.1,8.932961694002152,9.558407374471427,8.9974345794185,9.603786900820388
2026-01-03 10:00:00,11.16,9.070763212144374,9.69620889261365,9.158971517053015,9.988549875503832
2026-01-03 10:15:00,11.49,9.154950193464757,9.780395873934031,9.245470927929428,10.096797142402576
2026-01-03 10:30:00,11.66,9.309755230545997,9.935200911015272,9.392695095923663,10.17272501987922
2026-01-03 10:45:00,11.96,9.44833217650652,10.073777856975795,9.521873778855994,10.213515249782187
2026-01-03 11:00:00,11.97,9.56003941655159,10.185485097020864,9.638934878427706,10.380928138815099
2026-01-03 11:15:00,11.97,9.693646478652955,10.31909215912223,9.757474059838838,10.35775744674795
2026-01-03 11:30:00,12.28,9.69289652109146,10.318342201560736,9.752488351762677,10.31293550145576
2026-01-03 11:45:00,12.34,9.799655102491378,10.425100782960653,9.843610850677623,10.25700432267086
2026-01-03 12:00:00,12.41,9.825796783566474,10.451242464035749,9.86067939490944,10.188742149163096
2026-01-03 12:15:00,12.12,9.79958222925663,10.425027909725905,9.832870516856222,10.14593903133578
2026-01-03 12:30:00,12.28,9.934021673500538,10.559467353969813,9.952435394154204,10.125612105447551
2026-01-03 12:45:00,12.13,9.98807168096304,10.613517361432315,10.002188766779256,10.134956638122596
2026-01-03 13:00:00,12.3,9.974606758952142,10.600052439421416,10.00867138702099,10.329041200995539
2026-01-03 13:15:00,12.31,10.054194943904877,10.679640624374152,10.087796115562801,10.403807231011344
2026-01-03 13:30:00,12.48,10.088011662364007,10.713457342833282,10.128196561403737,10.506126084189793
2026-01-03 13:45:00,12.44,10.123948072195054,10.749393752664329,10.172383024658247,10.627902359234227
2026-01-03 14:00:00,12.45,10.125453647375107,10.750899327844381,10.174620413783074,10.637022286365266
2026-01-03 14:15:00,12.59,10.213904774188995,10.83935045465827,10.266986850783901,10.766211294676932
2026-01-03 14:30:00,12.7,10.248997128009796,10.87444280847907,10.309974052829002,10.88344768716862
2026-01-03 14:45:00,12.59,10.260730072557926,10.886175753027201,10.329934575231679,10.980786643922473
2026-01-03 15:00:00,11.34,10.294842175245286,10.92028785571456,10.34111256981087,10.776274746528177
2026-01-03 15:15:00,12.64,11.419924971461295,12.04537065193057,11.362635098607122,10.823837320694414
2026-01-03 15:30:00,12.6,11.518743907809258,12.144189588278532,11.454414366206079,10.849410159648286
2026-01-03 15:45:00,12.54,11.590719316005707,12.216164996474982,11.52046048817855,10.859692739428588
2026-01-03 16:00:00,12.55,11.662087683081626,12.287533363550901,11.573329181484421,10.738576352600248
2026-01-03 16:15:00,12.58,11.671387864351273,12.296833544820547,11.58251611332696,10.746698200220486
2026-01-03 16:30:00,12.81,11.794710602760315,12.42015628322959,11.69608328428393,10.76851655409013
2026-01-03 16:45:00,12.82,11.832555159330369,12.458000839799643,11.734446949565873,10.811762314697585
2026-01-03 17:00:00,12.56,11.853617646694184,12.479063327163459,11.731949659497301,10.587690859837275
2026-01-03 17:15:00,12.62,11.934882623553275,12.56032830402255,11.814614394242547,10.683519988237162
2026-01-03 17:30:00,12.51,11.95127202630043,12.576717706769704,11.840851108998294,10.802368356053254
2026-01-03 17:45:00,12.81,11.976232877969741,12.601678558439016,11.87633386576713,10.936807155218322
2026-01-03 18:00:00,13.08,11.926301977038383,12.551747657507658,11.806510913814376,10.679904142610951
2026-01-03 18:15:00,13.3,12.007716945409774,12.633162625879049,11.89284713036013,10.81252354061275
2026-01-03 18:30:00,13.46,11.880559518337249,12.506005198806523,11.788792819707933,10.9257486053541
2026-01-03 18:45:00,13.81,11.911048830747603,12.536494511216878,11.824297823215812,11.008425003794589
2026-01-03 19:00:00,13.64,11.831730206012725,12.457175886482,11.801388806153817,11.516035077679788
2026-01-03 19:15:00,13.44,11.779668293595314,12.405113974064589,11.754268176533913,11.515386050433866
2026-01-03 19:30:00,12.89,11.659096342921258,12.284542023390532,11.640873245230333,11.469489298061358
2026-01-03 19:45:00,12.88,11.503960546255112,12.129406226724386,11.492165520129742,11.381236073961327
2026-01-03 20:00:00,12.47,11.325583847761154,11.951029528230428,11.318660073769763,11.253543608058157
2026-01-03 20:15:00,12.12,11.328197379112243,11.953643059581518,11.306440288461426,11.101819968804834
2026-01-03 20:30:00,12.11,11.145393100976944,11.77083878144622,11.12493925105401,10.932575603882219
2026-01-03 20:45:00,11.72,10.981670290231705,11.60711597070098,10.95993795175525,10.755550420476112
2026-01-03 21:00:00,11.72,10.83880054473877,11.464246225208045,10.808792478095357,10.5265736701032
2026-01-03 21:15:00,11.39,11.331835380792619,11.957281061261893,11.238139857131394,10.35695549706944
2026-01-03 21:30:00,11.37,11.294346700310708,11.919792380779983,11.188926302387017,10.197472257925478
2026-01-03 21:45:00,11.13,11.09801347076893,11.723459151238204,10.997154315356166,10.048597683770103
2026-01-03 22:00:00,11.08,10.911733917593956,11.537179598063231,10.844032900733396,10.20732076245111
2026-01-03 22:15:00,10.75,10.734069678783417,11.359515359252692,10.670405240405259,10.071656173226742
2026-01-03 22:30:00,10.69,10.521976020336151,11.147421700805426,10.465646730977923,9.935883014886793
2026-01-03 22:45:00,10.36,10.333147318959236,10.958592999428511,10.281461213531049,9.795365550087103
2026-01-03 23:00:00,10.2,10.154912121891975,10.78035780236125,10.110771643472942,9.695640827094344
2026-01-03 23:15:00,10.21,10.001438259482384,10.626883939951659,9.95677297210618,9.536706450936052
2026-01-03 23:30:00,9.93,9.722499680817128,10.347945361286403,9.688431184632329,9.368024991937133
2026-01-03 23:45:00,9.92,9.54408053189516,10.169526212364435,9.510252418585713,9.192106970288005
2026-01-04 00:00:00,9.72,9.337081278562547,9.962526959031822,9.298558530159486,8.93626114312404
2026-01-04 00:15:00,9.49,9.182224239706994,9.807669920176268,9.141636645589083,8.759919870318571
2026-01-04 00:30:00,9.43,8.929859275221824,9.5553049556911,8.89737306852667,8.591847936280072
2026-01-04 00:45:00,9.1,8.759643671512604,9.385089351981879,8.72865903010289,8.437255766153068
2026-01-04 01:00:00,9.16,8.603220919370651,9.228666599839926,8.568410593578697,8.24102766792859
2026-01-04 01:15:00,8.86,8.379720830917359,9.005166511386633,8.355073422605763,8.12327034523818
2026-01-04 01:30:00,8.86,8.190755580663682,8.816201261132957,8.174821959790464,8.024970003539023
2026-01-04 01:45:00,8.73,8.012522152364253,8.637967832833528,8.005954495990833,7.9441872327067955
2026-01-04 02:00:00,8.74,7.898576359748841,8.524022040218115,7.8863583081955,7.77145040738518
2026-01-04 02:15:00,8.64,7.741488197147846,8.366933877617122,7.738892278398607,7.714478273199255
2026-01-04 02:30:00,8.4,7.598311393558979,8.223757074028255,7.604517195599651,7.662881304003083
2026-01-04 02:45:00,8.21,7.426842794716358,8.052288475185634,7.444734274601473,7.612999434313145
2026-01-04 03:00:00,8.21,7.31005494594574,7.935500626415015,7.339403841758818,7.615423303148255
2026-01-04 03:15:00,8.27,6.938767229914665,7.56421291038394,6.998841191545884,7.563822669506263
2026-01-04 03:30:00,8.32,6.955680895447731,7.581126575917006,7.009187020091067,7.512399536130882
2026-01-04 03:45:00,8.32,6.865423856675625,7.490869537144901,6.922961717619618,7.464091765182891
2026-01-04 04:00:00,8.07,6.828493399322033,7.453939079791308,6.86602181401949,7.218967726450547
2026-01-04 04:15:00,8.07,6.796117696017027,7.4215633764863025,6.8339266719104375,7.189511196393118
2026-01-04 04:30:00,8.12,6.783607024252415,7.40905270472169,6.821308121742207,7.175878075215053
2026-01-04 04:45:00,8.06,6.833093610703945,7.458539291173221,6.8665462704091915,7.181160665877221
2026-01-04 05:00:00,8.04,6.844794009923935,7.4702396903932105,6.904389457835567,7.464870626823885
2026-01-04 05:15:00,7.99,6.975982458889485,7.6014281393587595,7.027363365864257,7.510588709645582
2026-01-04 05:30:00,7.94,6.954563034176827,7.580008714646102,7.014108770781401,7.574122416620413
2026-01-04 05:45:00,7.94,7.049889892190695,7.67533557265997,7.107737555771223,7.651781224256331
2026-01-04 06:00:00,7.81,7.123639374524355,7.74908505499363,7.178482393258925,7.694268083749556
2026-01-04 06:15:00,8.0,7.229901285916567,7.8553469663858415,7.283383085257596,7.786366827551241
2026-01-04 06:30:00,7.89,7.38598036646843,8.011426046937705,7.433395735680837,7.879326129619451
2026-01-04 06:45:00,7.89,7.524132631272078,8.149578311741353,7.567028973934815,7.97045898618314
2026-01-04 07:00:00,8.1,7.705854954123497,8.331300634592772,7.723338151532616,7.887763510597729
2026-01-04 07:15:00,8.33,7.8649251979589465,8.490370878428221,7.8754454820420365,7.97438627916001
2026-01-04 07:30:00,8.71,8.03405583947897,8.659501519948245,8.03673110570605,8.061891355269612
2026-01-04 07:45:00,8.9,8.237218989133835,8.86266466960311,8.229226033680849,8.154054167826184
2026-01-04 08:00:00,9.37,8.466362861990929,9.091808542460203,8.490415280354709,8.716622617222399
2026-01-04 08:15:00,9.81,8.640158451795578,9.265604132264853,8.658391618724442,8.829870264707631
2026-01-04 08:30:00,10.45,8.858064988851547,9.483510669320822,8.867623718490025,8.957521322242586
2026-01-04 08:45:00,10.86,8.974394726753236,9.59984040722251,8.986419471913564,9.099509371568983
2026-01-04 09:00:00,11.41,9.159255374372005,9.78470105484128,9.20213677224575,9.605426232269048
2026-01-04 09:15:00,11.75,9.282005385756493,9.907451066225768,9.328490337710818,9.765670376198967
2026-01-04 09:30:00,12.08,9.508753285706044,10.134198966175319,9.548771188818236,9.925130154188217
2026-01-04 09:45:00,12.25,9.607647925317288,10.233093605786562,9.652577796851208,10.075132669786576
2026-01-04 10:00:00,12.31,9.768798240125179,10.394243920594453,9.84201231170686,10.530573432806952
2026-01-04 10:15:00,12.64,9.863723410964012,10.489169091433286,9.937924485714548,10.63576813944524
2026-01-04 10:30:00,12.85,10.027322761714458,10.652768442183733,10.092806759786008,10.708668357866324
2026-01-04 10:45:00,12.99,10.18674888163805,10.812194562107324,10.240542417578347,10.74645796925839
2026-01-04 11:00:00,12.84,10.286613159775735,10.91205884024501,10.32903404584589,10.727992500682504
2026-01-04 11:15:00,13.07,10.48099437713623,11.106440057605505,10.502223808807486,10.701881619882359
2026-01-04 11:30:00,13.02,10.467673432826995,11.09311911329627,10.485595933484891,10.654152836267581
2026-01-04 11:45:00,13.02,10.593819124698639,11.219264805167914,10.593966279074323,10.595350231362536
2026-01-04 12:00:00,12.88,10.633128221035005,11.25857390150428,10.643331953496427,10.739295657074964
2026-01-04 12:15:00,12.85,10.609943212270737,11.235388892740012,10.617992871890454,10.69369802709471
2026-01-04 12:30:00,12.66,10.749759356975556,11.37520503744483,10.742153099690261,10.670618039139846
2026-01-04 12:45:00,12.64,10.805717511177063,11.431163191646338,10.793370803107807,10.677252918029131
2026-01-04 13:00:00,12.88,10.804709313511848,11.430154993981123,10.788194176540092,10.632873198171767
2026-01-04 13:15:00,12.86,10.903634375929833,11.529080056399108,10.884545791490442,10.70502214504036
2026-01-04 13:30:00,12.84,10.925116415023805,11.55056209549308,10.913550233146069,10.804773013295685
2026-01-04 13:45:00,12.84,10.97292691707611,11.598372597545385,10.968227657992259,10.924032231714035
2026-01-04 14:00:00,13.06,10.996135981082917,11.621581661552192,10.978112510922656,10.808606013721247
2026-01-04 14:15:00,13.12,11.07017377257347,11.695619453042745,11.05721926494099,10.935385167942718
2026-01-04 14:30:00,13.19,11.093944597244263,11.719390277713538,11.089746838492388,11.050267904868603
2026-01-04 14:45:00,13.12,11.1002230155468,11.725668696016074,11.104556421338541,11.145311083464032
2026-01-04 15:00:00,13.16,11.157858669161797,11.783304349631072,11.1659324877305,11.241864852167042
2026-01-04 15:15:00,13.37,11.873831125497817,12.499276805967092,11.817455141503958,11.287252273348669
2026-01-04 15:30:00,13.21,11.994465336799621,12.619911017268896,11.928749990891877,11.310712620832005
2026-01-04 15:45:00,13.26,12.015972846150397,12.641418526619672,11.94898181036151,11.318946877049662
2026-01-04 16:00:00,13.42,12.084620140790939,12.710065821260214,11.970116181095992,10.893233374899493
2026-01-04 16:15:00,12.92,12.08389565348625,12.709341333955525,11.970057800199045,10.899439568079346
2026-01-04 16:30:00,13.25,12.204517129659651,12.829962810128926,12.081005787972705,10.91941067294541
2026-01-04 16:45:00,13.37,12.24691378712654,12.872359467595814,12.123313214636566,10.960878904896523
2026-01-04 17:00:00,13.22,12.251716345548628,12.877162026017903,12.130788065932515,10.99348604206843
2026-01-04 17:15:00,13.2,12.367695867419242,12.993141547888516,12.24467386050013,11.08768082385823
2026-01-04 17:30:00,13.09,12.342029631137846,12.96747531160712,12.232746869479275,11.204968202633925
2026-01-04 17:45:00,13.1,12.391193594336508,13.016639274805783,12.289963711631907,11.337920477072181
2026-01-04 18:00:00,12.99,12.33532034099102,12.960766021460294,12.232096773372398,11.261303401170254
2026-01-04 18:15:00,13.34,12.410591317415236,13.03603699788451,12.312751237914611,11.392588305105818
2026-01-04 18:30:00,13.34,12.280485708117483,12.905931388586758,12.205911280501276,11.504556330892626
2026-01-04 18:45:00,13.57,12.295118370652197,12.920564051121472,12.226970329226916,11.586054030066908
2026-01-04 19:00:00,13.62,12.208524450063704,12.833970130532979,12.143435806528446,11.531292424862771
2026-01-04 19:15:00,13.55,12.167578889727592,12.793024570196867,12.106265145200195,11.529623800735047
2026-01-04 19:30:00,12.94,12.019001684188842,12.644447364658117,11.96746629645133,11.48278809743489
2026-01-04 19:45:00,13.0,11.863753393888473,12.489199074357748,11.81857446048837,11.393677219288278
2026-01-04 20:00:00,12.39,11.696102503538132,12.321548184007407,11.64473890424984,11.161676335188584
2026-01-04 20:15:00,12.33,11.688867535591125,12.3143132160604,11.623550519624134,11.009259348958011
2026-01-04 20:30:00,12.09,11.473763434290886,12.09920911476016,11.412795318040038,10.839404526213768
2026-01-04 20:45:00,11.77,11.286356822252273,11.911802502721548,11.226335797947973,10.661852183094819
2026-01-04 21:00:00,11.56,11.15893974006176,11.784385420531034,11.095980467522494,10.503863319182816
2026-01-04 21:15:00,11.61,11.28363079726696,11.909076477736235,11.192350960171325,10.333885564017452
2026-01-04 21:30:00,11.33,11.257569064497948,11.883014744967223,11.153439640151216,10.174126898505627
2026-01-04 21:45:00,11.33,10.994878740906715,11.62032442137599,10.90166975955731,10.025061215488796
2026-01-04 22:00:00,11.05,10.797091584205628,11.422537264674903,10.739927861039899,10.202316491272851
2026-01-04 22:15:00,10.75,10.595170463323594,11.220616143792869,10.544372505793854,10.066629664416018
2026-01-04 22:30:00,10.76,10.354456726312637,10.979902406781912,10.313750565411425,9.930918697434373
2026-01-04 22:45:00,10.53,10.166901537775994,10.792347218245268,10.130730246938693,9.790547765176512
2026-01-04 23:00:00,10.03,9.961987661719322,10.587433342188596,9.891763009745507,9.231316676857045
2026-01-04 23:15:00,9.79,9.84266163110733,10.468107311576604,9.76866047444814,9.072697003339883
2026-01-04 23:30:00,9.49,9.506784647107125,10.1322303275764,9.448890911983966,8.904413951477808
2026-01-04 23:45:00,9.5,9.339083523750306,9.96452920421958,9.280446367393164,8.728977705056181
2026-01-05 00:00:00,9.16,9.114853287935258,9.740298968404533,9.053554118330963,8.47704984758912
2026-01-05 00:15:00,8.84,8.94482411235571,9.570269792824984,8.882980495941908,8.301355831026715
2026-01-05 00:30:00,8.8,8.697361818552018,9.322807499021293,8.643218482570877,8.134013143790039
2026-01-05 00:45:00,8.61,8.507520674467086,9.13296635493636,8.456843022825273,7.980231630023864
2026-01-05 01:00:00,8.35,8.335944534540177,8.961390215009452,8.262465029654082,7.571407570763784
2026-01-05 01:15:00,8.08,8.12071414321661,8.746159823685884,8.05669612671466,7.45462174045398
2026-01-05 01:30:00,8.03,7.914124536514282,8.539570216983558,7.86061517325799,7.357372198825139
2026-01-05 01:45:00,7.73,7.750618576705456,8.37606425717473,7.7051682594738296,7.2777187171758175
2026-01-05 02:00:00,7.65,7.662526156008243,8.287971836477519,7.620792345100471,7.228295670545554
2026-01-05 02:15:00,7.37,7.482804663330317,8.108250343799591,7.4529916350683525,7.172607117174894
2026-01-05 02:30:00,7.37,7.327892969548702,7.953338650017978,7.308140139320188,7.122369417473751
2026-01-05 02:45:00,7.32,7.130496003031731,7.755941683501007,7.125058634249427,7.073921459882595
2026-01-05 03:00:00,7.12,7.054383093118668,7.679828773587943,7.038090558954777,6.884863107631637
2026-01-05 03:15:00,7.05,6.5688409344851975,7.194286614954473,6.594406277430508,6.8348423141026675
2026-01-05 03:30:00,6.82,6.562449491918088,7.187895172387362,6.583845526515585,6.785070198921806
2026-01-05 03:45:00,6.83,6.466328280270099,7.091773960739374,6.492485054521053,6.738483363500562
2026-01-05 04:00:00,6.83,6.4086668026447295,7.034112483114004,6.431211440621894,6.643238457628223
2026-01-05 04:15:00,6.78,6.383744156360627,7.009189836829902,6.406031498776439,6.615638711551814
2026-01-05 04:30:00,6.83,6.361055110096932,6.9865007905662075,6.384397597997927,6.6039282058598605
2026-01-05 04:45:00,6.54,6.381328727006912,7.006774407476188,6.403421399154293,6.611197783847302
2026-01-05 05:00:00,6.65,6.385338523685932,7.0107842041552075,6.421133725208758,6.757779175435676
2026-01-05 05:15:00,6.7,6.531828936934471,7.157274617403747,6.558141832255213,6.805608423171764
2026-01-05 05:30:00,6.7,6.511014607697725,7.136460288167001,6.545642819924992,6.871313010337738
2026-01-05 05:45:00,6.7,6.612007359713316,7.237453040182592,6.644607175335002,6.951200772811431
2026-01-05 06:00:00,6.75,6.713368722945452,7.338814403414727,6.7139943250546805,6.7198779657317615
2026-01-05 06:15:00,6.99,6.8387561440467834,7.464201824516058,6.836407276005714,6.814316724603022
2026-01-05 06:30:00,7.21,7.013175755143166,7.638621435612441,7.003227735132645,6.909668947003659
2026-01-05 06:45:00,7.51,7.1775910384953026,7.803036718964577,7.160834752853749,7.0032458279713214
2026-01-05 07:00:00,7.67,7.370982099622489,7.996427780091764,7.391144428017773,7.58076638379654
2026-01-05 07:15:00,7.9,7.562458469569683,8.187904150038959,7.572787522535303,7.669929835976713
2026-01-05 07:30:00,7.91,7.761435653269291,8.386881333738566,7.76129969906985,7.7600210818045685
2026-01-05 07:45:00,8.09,7.99686997205019,8.622315652519465,7.9832169616847395,7.8548136107914965
2026-01-05 08:00:00,8.23,8.283567427694798,8.909013108164073,8.287909623385982,8.328746952448087
2026-01-05 08:15:00,9.17,8.481695956587792,9.107141637057067,8.478140807833867,8.444705470079848
2026-01-05 08:30:00,9.41,8.726537290215493,9.351982970684768,8.711983156051277,8.575104947801726
2026-01-05 08:45:00,9.83,8.846777420043946,9.47222310051322,8.83458103608455,8.719876913898428
2026-01-05 09:00:00,10.15,9.082462196350098,9.707907876819373,9.103064153554646,9.296820714870778
2026-01-05 09:15:00,10.52,9.427333718538284,10.052779399007559,9.430464956439698,9.459913512342277
2026-01-05 09:30:00,10.96,9.706340571641922,10.331786252111197,9.698258752034402,9.62225113970984
2026-01-05 09:45:00,11.02,9.790755370259285,10.41620105072856,9.789256363616934,9.775158558756527
2026-01-05 10:00:00,11.41,9.990912675857544,10.616358356326819,10.003966897747972,10.126738783886482
2026-01-05 10:15:00,11.7,10.126746970415116,10.75219265088439,10.137140193007225,10.234886006691148
2026-01-05 10:30:00,11.94,10.335667459368706,10.96111313983798,10.333273537846964,10.310759269056463
2026-01-05 10:45:00,11.95,10.506639034450055,11.13208471491933,10.491732519095965,10.351540248646186
2026-01-05 11:00:00,12.16,10.628670218586922,11.254115899056197,10.636502001512332,10.710158077657693
2026-01-05 11:15:00,12.22,10.86748359143734,11.492929271906615,10.850143936457435,10.687068560173623
2026-01-05 11:30:00,12.17,10.861197390556336,11.486643071025611,10.840166199385873,10.642372793588883
2026-01-05 11:45:00,12.06,11.00767400741577,11.633119687885046,10.967205876227315,10.586612621707083
2026-01-05 12:00:00,12.11,11.066501103043556,11.691946783512831,11.021528598617177,10.598572773356734
2026-01-05 12:15:00,12.17,11.055918211340904,11.681363891810179,11.007874017901454,10.556029680025627
2026-01-05 12:30:00,12.12,11.19710055232048,11.822546232789755,11.133562966056026,10.536006913167514
2026-01-05 12:45:00,12.22,11.285876424908638,11.911322105377913,11.214738154346605,10.545699453546217
2026-01-05 13:00:00,12.3,11.284346086978912,11.909791767448187,11.227734531079633,10.695316164567403
2026-01-05 13:15:00,12.31,11.417618498206139,12.043064178675413,11.355425687685436,10.770516934335696
2026-01-05 13:30:00,12.6,11.413539012074471,12.038984692543746,11.361618025234705,10.873313357365943
2026-01-05 13:45:00,12.55,11.472622225284576,12.098067905753851,11.426776634744312,10.995609639958587
2026-01-05 14:00:00,12.56,11.489044880867004,12.114490561336279,11.437638982453565,10.95417860007032
2026-01-05 14:15:00,12.84,11.573262284994126,12.1987079654634,11.526236611184453,11.0839712108406
2026-01-05 14:30:00,12.84,11.59683642268181,12.222282103151084,11.558874573528602,11.201852311997861
2026-01-05 14:45:00,13.02,11.599212231636047,12.224657912105322,11.570443138931545,11.299876589391346
2026-01-05 15:00:00,13.01,11.661049770116806,12.28649545058608,11.623999960861017,11.275555220026604
2026-01-05 15:15:00,13.2,12.010080726742743,12.635526407212017,11.944130368068537,11.3238827582221
2026-01-05 15:30:00,13.08,12.128008015751838,12.753453696221113,12.053258755360948,11.35025954463227
2026-01-05 15:45:00,13.15,12.11654286265373,12.741988543123005,12.043964730020532,11.361384465139174
2026-01-05 16:00:00,13.27,12.184333366155624,12.809779046624898,12.088526945600666,11.18749009679885
2026-01-05 16:15:00,13.17,12.189607831835746,12.81505351230502,12.094163230862037,11.196529210111134
2026-01-05 16:30:00,13.12,12.31542877793312,12.940874458402394,12.210080172249047,11.219301316913436
2026-01-05 16:45:00,13.35,12.35868293404579,12.984128614515065,12.25342862801628,11.263536638749763
2026-01-05 17:00:00,13.16,12.360592495799063,12.986038176268337,12.24228895217389,11.129671952888682
2026-01-05 17:15:00,13.17,12.483971834778785,13.10941751524806,12.363122231391824,11.226560138955918
2026-01-05 17:30:00,13.01,12.46922738611698,13.094673066586255,12.361322383105875,11.346501212250178
2026-01-05 17:45:00,13.01,12.529510531425474,13.15495621189475,12.428840795070759,11.48206560516864
2026-01-05 18:00:00,13.01,12.487625401616095,13.11307108208537,12.380001481984452,11.367823834193427
2026-01-05 18:15:00,13.0,12.575484344959257,13.200930025428532,12.472276620493222,11.501632249414378
2026-01-05 18:30:00,13.28,12.483086743354797,13.108532423824071,12.399758582497455,11.616076830894169
2026-01-05 18:45:00,13.67,12.495316004157065,13.12076168462634,12.41887856351448,11.700002414628784
2026-01-05 19:00:00,13.69,12.443286637067793,13.068732317537068,12.36173156390516,11.594725284987694
2026-01-05 19:15:00,13.4,12.407989813685417,13.033435494154691,12.32989024980041,11.595382222800529
2026-01-05 19:30:00,13.11,12.289088287353515,12.91453396782279,12.218133317430992,11.55081851602743
2026-01-05 19:45:00,12.88,12.165563201904297,12.791008882373571,12.098128839709707,11.463924525835793
2026-01-05 20:00:00,12.62,12.029411944150924,12.654857624620199,11.976224661726471,11.476010781754088
2026-01-05 20:15:00,12.09,12.02575979232788,12.651205472797155,11.958476794068298,11.325696022397832
2026-01-05 20:30:00,12.2,11.835452401041985,12.46089808151126,11.770331425597384,11.157883969929777
2026-01-05 20:45:00,12.04,11.686795954704285,12.31224163517356,11.619088286004382,10.982313588737796
2026-01-05 21:00:00,11.82,11.573657781481742,12.199103461951017,11.488568495574183,10.688323777142546
2026-01-05 21:15:00,11.57,11.393561133146287,12.019006813615562,11.3096227994107,10.520202515418324
2026-01-05 21:30:00,11.18,11.356353332996369,11.981799013465643,11.260808881240173,10.362235787367869
2026-01-05 21:45:00,10.99,11.116507707238197,11.741953387707472,11.029854007251808,10.214896342405488
2026-01-05 22:00:00,10.99,10.929208636283875,11.55465431675315,10.837222703188038,9.972116640247064
2026-01-05 22:15:00,10.66,10.744661060571671,11.370106741040946,10.657524095954972,9.838021440938792
2026-01-05 22:30:00,10.43,10.526431900262832,11.151877580732107,10.447372102489654,9.703833301647066
2026-01-05 22:45:00,10.15,10.361730607151985,10.98717628762126,10.285148853653274,9.564915476302378
2026-01-05 23:00:00,9.74,10.153211982250214,10.778657662719489,10.065126119143633,9.236699297039218
2026-01-05 23:15:00,9.4,10.034144191741943,10.659589872211217,9.942383017328599,9.079390756926536
2026-01-05 23:30:00,9.13,9.740261293649674,10.365706974118948,9.66069057685797,8.912346702829486
2026-01-05 23:45:00,8.94,9.587391642332078,10.212837322801352,9.5057641351712,8.738076631538858
2026-01-06 00:00:00,8.74,9.373561761379243,9.999007441848518,9.27391905994333,8.336802891863405
2026-01-06 00:15:00,8.46,9.230507356524468,9.855953036993743,9.127825576045606,8.16212758444847
2026-01-06 00:30:00,8.12,9.00764402449131,9.633089704960584,8.910389068465662,7.995729084300603
2026-01-06 00:45:00,7.84,8.818718394637107,9.444164075106382,8.724924673659284,7.8428167909336555
2026-01-06 01:00:00,7.66,8.676253696978092,9.301699377447367,8.542950116249836,7.289261296464675
2026-01-06 01:15:00,7.63,8.460827679932118,9.086273360401393,8.337073415224905,7.1731936663347025
2026-01-06 01:30:00,7.27,8.297374783158302,8.922820463627577,8.180045039053283,7.076586395188525
2026-01-06 01:45:00,7.32,8.138416325449944,8.763862005919218,8.028762979795147,6.997499057637676
2026-01-06 02:00:00,7.24,8.061721844673157,8.687167525142431,7.937917422465333,6.773565954080423
2026-01-06 02:15:00,6.92,7.897561440765858,8.523007121235134,7.784221974192597,6.71829095188216
2026-01-06 02:30:00,6.91,7.748881292939187,8.374326973408461,7.645035520848838,6.668390461951082
2026-01-06 02:45:00,6.96,7.60418865531683,8.229634335786105,7.509618018608588,6.620203426192047
2026-01-06 03:00:00,6.75,7.5266959296166895,8.152141610085964,7.433232236050076,6.554228183494622
2026-01-06 03:15:00,6.74,6.224358894973993,6.849804575443269,6.251265534154453,6.504316146405455
2026-01-06 03:30:00,6.71,6.236001809239387,6.861447489708663,6.25700903338522,6.454577034953298
2026-01-06 03:45:00,6.66,6.15635684683919,6.781802527308464,6.180537201900241,6.407947753311252
2026-01-06 04:00:00,6.56,6.109727704823017,6.735173385292292,6.1246013945368025,6.2644849475610656
2026-01-06 04:15:00,6.5,6.111852348744869,6.737298029214145,6.123850761488731,6.236693010961464
2026-01-06 04:30:00,6.32,6.112098914980889,6.737544595450164,6.122922535753209,6.22471614307958
2026-01-06 04:45:00,6.45,6.155374296307564,6.78081997677684,6.162704730080741,6.2316457353815755
2026-01-06 05:00:00,6.53,6.182244355976581,6.807690036445857,6.194036470430329,6.304938533012028
2026-01-06 05:15:00,6.63,6.3702274094522,6.995673089921475,6.368502721169883,6.352282433572638
2026-01-06 05:30:00,6.67,6.371472445130348,6.996918125599624,6.3758894224122935,6.417430054744649
2026-01-06 05:45:00,6.67,6.502602701634169,7.128048382103444,6.50203443480585,6.496690018958751
2026-01-06 06:00:00,6.76,6.629419994652271,7.254865675121547,6.649910013439729,6.842613820274367
2026-01-06 06:15:00,6.9,6.784406153559685,7.409851834028959,6.799003269149033,6.936285707591418
2026-01-06 06:30:00,7.28,6.994458653926849,7.619904334396125,6.997951695665364,7.03080293154886
2026-01-06 06:45:00,7.47,7.171072775274515,7.79651845574379,7.166498421664107,7.123477701982136
2026-01-06 07:00:00,7.83,7.402184932976962,8.027630613446236,7.419775063279509,7.585206101053524
2026-01-06 07:15:00,7.98,7.609747185111046,8.235192865580322,7.615858740610874,7.6733364824672625
2026-01-06 07:30:00,7.93,7.824612502753735,8.45005818322301,7.818626631176386,7.762330917046321
2026-01-06 07:45:00,8.16,8.092954393327236,8.718400073796511,8.07017730281703,7.855964124417177
2026-01-06 08:00:00,8.52,8.40223441541195,9.027680095881225,8.422945175166218,8.617724998868862
2026-01-06 08:15:00,8.9,8.597097445130348,9.222543125599623,8.610101643394927,8.73240306909935
2026-01-06 08:30:00,9.52,8.85179965943098,9.477245339900255,8.852728457408015,8.86146358390112
2026-01-06 08:45:00,9.95,8.970671824216844,9.596117504686118,8.97395567328597,9.004839501322193
2026-01-06 09:00:00,10.03,9.224123873412609,9.849569553881883,9.253253446915389,9.52721023356759
2026-01-06 09:15:00,10.84,9.562315467000008,10.187761147469283,9.574471611145388,9.688797287346272
2026-01-06 09:30:00,11.19,9.851136859059334,10.476582539528609,9.85098690789771,9.849576652495594
2026-01-06 09:45:00,11.21,9.915067911148071,10.540513591617346,9.923314805027022,10.000874902044005
2026-01-06 10:00:00,11.39,10.10149993211031,10.726945612579584,10.12766985838296,10.373791859032792
2026-01-06 10:15:00,11.68,10.239250155985356,10.864695836454631,10.262410981654181,10.480233098954924
2026-01-06 10:30:00,11.79,10.438691110610963,11.064136791080237,10.44980750245809,10.554354552874557
2026-01-06 10:45:00,12.05,10.595333897471429,11.220779577940704,10.59514223269811,10.593339670590291
2026-01-06 11:00:00,12.27,10.705502663254737,11.330948343724012,10.720925068186604,10.865969158762796
2026-01-06 11:15:00,12.2,10.935579738020897,11.561025418490171,10.926489806126995,10.841001134886985
2026-01-06 11:30:00,12.31,10.92035135447979,11.545797034949064,10.908245072674443,10.794388340052446
2026-01-06 11:45:00,12.2,11.059586635828019,11.685032316297294,11.028551613485046,10.736674528709022
2026-01-06 12:00:00,12.34,11.110307114720344,11.735752795189619,11.081199227624058,10.807446396523636
2026-01-06 12:15:00,12.38,11.096656472086906,11.72210215255618,11.064577498261455,10.762882295361138
2026-01-06 12:30:00,12.4,11.226177680492402,11.851623360961677,11.179528873849474,10.740807820558507
2026-01-06 12:45:00,12.44,11.311803023815155,11.93724870428443,11.257656384421544,10.748419977823483
2026-01-06 13:00:00,12.52,11.304692577123642,11.930138257592917,11.28698393235833,11.120438293940127
2026-01-06 13:15:00,12.71,11.437820656895637,12.063266337364912,11.4143397651368,11.193507501548545
2026-01-06 13:30:00,12.99,11.420955809354782,12.046401489824056,11.40876851735198,11.294149902878907
2026-01-06 13:45:00,13.05,11.470499703884125,12.0959453843534,11.465095652224292,11.41427181755714
2026-01-06 14:00:00,13.11,11.497028391361237,12.122474071830512,11.482156061561058,11.342285298204366
2026-01-06 14:15:00,13.48,11.579462877511979,12.204908557981254,11.568929855293339,11.469869259006892
2026-01-06 14:30:00,13.48,11.600960481762886,12.226406162232161,11.599477250092177,11.585527805129315
2026-01-06 14:45:00,13.39,11.59242582321167,12.217871503680945,11.600969214271476,11.681317797529452
2026-01-06 15:00:00,13.64,11.655219911336898,12.280665591806173,11.634279673756996,11.437341665084254
2026-01-06 15:15:00,13.34,12.356892233490942,12.982337913960217,12.272942790457666,11.483418026133752
2026-01-06 15:30:00,13.64,12.483067640662192,13.108513321131467,12.389309716101138,11.507538490254854
2026-01-06 15:45:00,13.49,12.458826323747633,13.084272004216908,12.368250304761865,11.516404152372377
2026-01-06 16:00:00,13.67,12.513324890732765,13.13877057120204,12.411448706484483,11.453327157935778
2026-01-06 16:15:00,13.61,12.522407159805297,13.147852840274572,12.420309764935215,11.460107782523778
2026-01-06 16:30:00,13.65,12.642599886655807,13.268045567125082,12.530922707691662,11.480625109325524
2026-01-06 16:45:00,13.48,12.676149874925612,13.301595555394886,12.56528352421538,11.522611574846373
2026-01-06 17:00:00,13.33,12.675438122749327,13.300883803218602,12.559014266316447,11.464075282916447
2026-01-06 17:15:00,13.22,12.801470613479614,13.426916293948889,12.682031342193952,11.558733091418746
2026-01-06 17:30:00,13.2,12.780095407962797,13.405541088432072,12.67402486228658,11.676456331146579
2026-01-06 17:45:00,13.67,12.840194601416586,13.465640281885861,12.741165262734707,11.809817627075315
2026-01-06 18:00:00,13.74,12.800752493739127,13.426198174208402,12.687611952535821,11.623551776536653
2026-01-06 18:15:00,13.86,12.88511847436428,13.510564154833554,12.77652155797723,11.755193104579341
2026-01-06 18:30:00,14.01,12.799434407949446,13.424880088418721,12.709865582360933,11.86749184695081
2026-01-06 18:45:00,14.08,12.80353158175945,13.428977262228726,12.721431061608529,11.949294982071542
2026-01-06 19:00:00,13.76,12.761545985937117,13.386991666406391,12.691705283660584,12.034869907358683
2026-01-06 19:15:00,13.79,12.727161846756934,13.352607527226208,12.660490054930037,12.033457535985045
2026-01-06 19:30:00,13.74,12.608476817607878,13.233922498077153,12.54873278675027,11.986854230106157
2026-01-06 19:45:00,13.55,12.490692445039748,13.116138125509023,12.433724311472249,11.897952415868064
2026-01-06 20:00:00,13.19,12.370734610557555,12.99618029102683,12.32117176815532,11.855044894015887
2026-01-06 20:15:00,12.83,12.360368923544883,12.985814604014157,12.297169324296263,11.702791959787074
2026-01-06 20:30:00,12.91,12.175745644569396,12.80119132503867,12.113979126605845,11.533079554479402
2026-01-06 20:45:00,12.48,12.028479449748993,12.653925130218267,11.96381380272134,11.355648603708357
2026-01-06 21:00:00,12.29,11.916765488386153,12.542211168855427,11.834566240991064,11.061501654946277
2026-01-06 21:15:00,12.24,11.810762524604797,12.436208205074072,11.722422481058558,10.891605151709971
2026-01-06 21:30:00,12.12,11.771734308600426,12.3971799890697,11.671796859847538,10.731908662584795
2026-01-06 21:45:00,12.11,11.53896092414856,12.164406604617835,11.447072815557503,10.582886769072744
2026-01-06 22:00:00,12.02,11.349401367902756,11.97484704837203,11.19732343116271,9.767066209373183
2026-01-06 22:15:00,11.65,11.164536121487618,11.789981801956893,11.017185593330863,9.63138853724019
2026-01-06 22:30:00,11.56,10.954947745800018,11.580393426269293,10.814696883240007,9.495670512034337
2026-01-06 22:45:00,11.33,10.796995363235474,11.42244104370475,10.65843208692023,9.355277067376154
2026-01-06 23:00:00,10.96,10.579149671792985,11.20459535226226,10.469151711168067,9.434646766280288
2026-01-06 23:15:00,10.92,10.459292303323746,11.08473798379302,10.345563995334745,9.275976010976315
2026-01-06 23:30:00,10.62,10.181774752736091,10.807220433205366,10.078538784952194,9.107628792112518
2026-01-06 23:45:00,10.39,10.02737900853157,10.652824689000845,9.922113495981264,8.932116112022781
2026-01-07 00:00:00,10.11,9.812860015630722,10.438305696099997,9.72294358010774,8.877300655032116
2026-01-07 00:15:00,10.12,9.677722615599633,10.303168296068907,9.583898828347325,8.701508179382655
2026-01-07 00:30:00,9.89,9.453212914466858,10.078658594936133,9.364873039794762,8.53405729866776
2026-01-07 00:45:00,9.93,9.26243220090866,9.887877881377936,9.177637061766097,8.380158724467192
2026-01-07 01:00:00,9.67,9.130264208316802,9.755709888786077,9.070061706712805,8.503871340544833
2026-01-07 01:15:00,9.41,8.909738833606243,9.535184514075517,8.859494019221124,8.386953359002746
2026-01-07 01:30:00,9.34,8.75700679242611,9.382452472895384,8.712081093307285,8.289565460954396
2026-01-07 01:45:00,9.06,8.591798924207687,9.217244604676962,8.55508203436696,8.209768322318652
2026-01-07 02:00:00,8.98,8.524583624005318,9.150029304474593,8.47112450753017,7.968354092254451
2026-01-07 02:15:00,8.93,8.353992334008217,8.979438014477491,8.311561936013907,7.912514023768102
2026-01-07 02:30:00,8.93,8.207093689143658,8.832539369612933,8.173938549856633,7.862122263936325
2026-01-07 02:45:00,8.6,8.071909947395325,8.6973556278646,8.047076006210448,7.813518631047726
2026-01-07 03:00:00,8.69,7.98504151403904,8.610487194508314,7.974280200682249,7.873072579942363
2026-01-07 03:15:00,8.39,7.681146682500839,8.306592362970115,7.694770152859109,7.8228956869334985
2026-01-07 03:30:00,8.39,7.692170704901218,8.317616385370494,7.699936182207141,7.772968669598285
2026-01-07 03:45:00,8.39,7.608047752976418,8.233493433445693,7.619406137482881,7.72622907193654
2026-01-07 04:00:00,8.21,7.566238680183887,8.191684360653163,7.557317213531972,7.47341291826481
2026-01-07 04:15:00,8.24,7.558107300698757,8.183552981168033,7.547300734501382,7.445667521440612
2026-01-07 04:30:00,8.21,7.544859052747488,8.170304733216764,7.534186758037258,7.433816336728446
2026-01-07 04:45:00,8.16,7.5921981781721115,8.217643858641386,7.577661854523196,7.440951149980496
2026-01-07 05:00:00,8.16,7.6141687509417535,8.23961443141103,7.598394338546457,7.450039700579323
2026-01-07 05:15:00,8.26,7.750596643984318,8.376042324453593,7.726295487929573,7.497748831588842
2026-01-07 05:30:00,8.16,7.776601776182652,8.402047456651927,7.75610542172321,7.563342029383895
2026-01-07 05:45:00,8.16,7.888891648352146,8.514337328821421,7.865271355744984,7.643128059969456
2026-01-07 06:00:00,8.22,7.991983574032783,8.617429254502058,7.941058195487486,7.462116989431536
2026-01-07 06:15:00,8.44,8.138561364412308,8.764007044881582,8.082617258331178,7.5564761003545975
2026-01-07 06:30:00,8.5,8.306901012957097,8.932346693426371,8.243935637122227,7.651761088723053
2026-01-07 06:45:00,8.84,8.465445932745933,9.090891613215208,8.39623130905771,7.745284054606576
2026-01-07 07:00:00,9.12,8.678847064375878,9.304292744845153,8.604026050981991,7.900352020138584
2026-01-07 07:15:00,9.12,8.868707311153411,9.494152991622686,8.784205983714443,7.989490876374608
2026-01-07 07:30:00,9.29,9.047839981019496,9.673285661488771,8.954780071004057,8.079573507765494
2026-01-07 07:45:00,9.33,9.304038572907448,9.929484253376723,9.195466747753535,8.174374271501106
2026-01-07 08:00:00,9.52,9.556429715156556,10.18187539562583,9.517934161259511,9.155892532156193
2026-01-07 08:15:00,10.02,9.739066314101219,10.364511994570494,9.694166618216123,9.271895540159726
2026-01-07 08:30:00,10.22,9.95118332028389,10.576629000753165,9.898435906731393,9.402358890029515
2026-01-07 08:45:00,10.51,10.090295849144459,10.715741529613734,10.038100443235935,9.547214928577011
2026-01-07 09:00:00,11.05,10.290655501782894,10.916101182252168,10.252720429238373,9.895949995413684
2026-01-07 09:15:00,11.04,10.179334206879139,10.804779887348413,10.167785215107711,10.05916966416353
2026-01-07 09:30:00,11.37,10.450831933021545,11.07627761349082,10.428805947134885,10.221656731037342
2026-01-07 09:45:00,11.75,10.514428334236145,11.13987401470542,10.501002618104751,10.374736916016435
2026-01-07 10:00:00,11.68,10.688966806530953,11.314412487000228,10.68647656005653,10.663056377744555
2026-01-07 10:15:00,12.07,10.82980812907219,11.455253809541464,10.824196959100474,10.771425225430434
2026-01-07 10:30:00,12.19,11.014003366231918,11.639449046701193,10.998005142332978,10.847545609821182
2026-01-07 10:45:00,12.29,11.17884757578373,11.804293256253004,11.150951925425321,10.888599895690549
2026-01-07 11:00:00,12.24,11.28805766940117,11.913503349870444,11.282060030060352,11.225653642882994
2026-01-07 11:15:00,12.24,11.507791697382928,12.133237377852202,11.478487823596362,11.202891783775758
2026-01-07 11:30:00,12.41,11.544758237600327,12.170203918069602,11.507640009270359,11.158551803137499
2026-01-07 11:45:00,12.32,11.693796030282975,12.31924171075225,11.637031663947786,11.103176151231372
2026-01-07 12:00:00,12.12,11.750031527280807,12.375477207750082,11.691647757020181,11.142562131316975
2026-01-07 12:15:00,11.84,11.76021043241024,12.385656112879515,11.69680220666743,11.100462759055532
2026-01-07 12:30:00,12.33,11.898894565701484,12.524340246170759,11.820278619242163,11.080914135599395
2026-01-07 12:45:00,12.34,11.993804525136946,12.619250205606221,11.907046891876448,11.091111759035293
2026-01-07 13:00:00,12.27,12.02792476415634,12.653370444625615,11.907936854887252,10.779478792933867
2026-01-07 13:15:00,12.54,12.172730956673622,12.798176637142896,12.046107913919318,10.85524798231809
2026-01-07 13:30:00,12.45,12.164435435533523,12.789881116002798,12.048547158507082,10.95864517344046
2026-01-07 13:45:00,12.38,12.249716930389404,12.875162610858679,12.13744702683448,11.0815749931185
2026-01-07 14:00:00,12.26,12.29077498435974,12.916220664829014,12.16054862884257,10.935800388312826
2026-01-07 14:15:00,12.19,12.359691131711005,12.98513681218028,12.235382901195049,11.066293234182847
2026-01-07 14:30:00,12.44,12.398580676317215,13.02402635678649,12.281934864968253,11.184908447792917
2026-01-07 14:45:00,12.54,12.430383121967315,13.05582880243659,12.320175720364917,11.283701032350667
2026-01-07 15:00:00,12.53,12.47957821547985,13.105023895949124,12.366812205430744,11.306274406835975
2026-01-07 15:15:00,12.43,11.80621396124363,12.431659641712905,11.762890110614897,11.355439486508946
2026-01-07 15:30:00,12.5,11.934131958484649,12.559577638953924,11.881132859431656,11.382688799801524
2026-01-07 15:45:00,12.27,11.909430054426192,12.534875734895467,11.859961505716596,11.39472144157574
2026-01-07 16:00:00,12.34,11.959593725204467,12.585039405673742,11.876126054229452,11.091132242786374
2026-01-07 16:15:00,12.35,11.975928649902343,12.601374330371618,11.891853835391931,11.101149981816636
2026-01-07 16:30:00,12.3,12.096298253536224,12.721743934005499,12.002940844057493,11.124936368347397
2026-01-07 16:45:00,12.36,12.156829733848571,12.782275414317846,12.062007021862955,11.170221720758299
2026-01-07 17:00:00,12.36,12.147157403826712,12.772603084295987,12.041542659326048,11.048260831024159
2026-01-07 17:15:00,12.25,12.270814085602758,12.896259766072033,12.162734433189764,11.14627072579201
2026-01-07 17:30:00,12.25,12.26598110437393,12.891426784843205,12.170004717729965,11.267369377842103
2026-01-07 17:45:00,12.58,12.337713130116462,12.963158810585737,12.247986360806896,11.404127201853317
2026-01-07 18:00:00,12.58,12.293682131171225,12.9191278116405,12.218767688432571,11.514214976578963
2026-01-07 18:15:00,12.86,12.397752892971038,13.023198573440313,12.32581810631499,11.649288359014633
2026-01-07 18:30:00,12.91,12.349013434052466,12.974459114521741,12.29288723482682,11.765033533659777
2026-01-07 18:45:00,13.18,12.357757514715194,12.983203195184469,12.308985406682673,11.850295203286166
2026-01-07 19:00:00,13.04,12.366154209375381,12.991599889844656,12.339802161645322,12.091967351528952
2026-01-07 19:15:00,12.87,12.336593146324157,12.962038826793432,12.313280528869628,12.094030845530273
2026-01-07 19:30:00,12.82,12.253657037615774,12.879102718085049,12.234170924554828,12.050908614929547
2026-01-07 19:45:00,12.48,12.167034109234809,12.792479789704084,12.147663816759312,11.96549077249575
2026-01-07 20:00:00,12.37,12.07867212831974,12.704117808789015,12.044025527054272,11.71818239206288
2026-01-07 20:15:00,12.13,12.059865881204605,12.68531156167388,12.012728475661167,11.569412264643871
2026-01-07 20:30:00,11.78,11.931531869769096,12.55697755023837,11.880751935621547,11.403178599913577
2026-01-07 20:45:00,11.93,11.849543820619584,12.474989501088858,11.789924614074572,11.229220000728043
2026-01-07 21:00:00,11.46,11.735573619008065,12.36101929947734,11.666693298492776,11.018890086745042
2026-01-07 21:15:00,11.51,11.053332980275155,11.67877866074443,11.034025789261198,10.852446199400086
2026-01-07 21:30:00,11.45,11.041257248520852,11.666702928990127,11.008092802492694,10.69618898886124
2026-01-07 21:45:00,11.28,10.88007438838482,11.505520068854095,10.848407775759744,10.550590732949338
2026-01-07 22:00:00,11.07,10.720461486577987,11.345907167047262,10.685981044287017,10.361700595365248
2026-01-07 22:15:00,10.63,10.579998680353166,11.20544436082244,10.54630351453838,10.229408406154764
2026-01-07 22:30:00,10.67,10.402948911488057,11.028394591957332,10.373549348456475,10.097053373795447
2026-01-07 22:45:00,10.68,10.294756566882134,10.920202247351408,10.262583000349093,9.959998175284914
2026-01-07 23:00:00,10.24,10.115662456154823,10.741108136624097,10.074637108888941,9.688803368234305
2026-01-07 23:15:00,10.24,9.995963569283486,10.62140924975276,9.951508080146098,9.533414662061265
2026-01-07 23:30:00,9.96,9.777493856549263,10.402939537018538,9.738168048977691,9.368318079365785
2026-01-07 23:45:00,9.97,9.65599860906601,10.281444289535285,9.61179038535578,9.196022440449177
2026-01-08 00:00:00,9.77,9.458568743467332,10.084014423936607,9.408472370368097,8.937327765525641
2026-01-08 00:15:00,9.59,9.340185819864272,9.965631500333547,9.284873936868962,8.764678688296847
2026-01-08 00:30:00,9.36,9.144682496190072,9.770128176659346,9.092364995568586,8.600331208854563
2026-01-08 00:45:00,9.31,8.984605469703675,9.61005115017295,8.93317600219654,8.449493958031205
2026-01-08 01:00:00,9.24,8.868252030313014,9.493697710782289,8.81874311950864,8.353123459360777
2026-01-08 01:15:00,8.95,8.655836102366447,9.281281782835721,8.61579102787046,8.2391765220274
2026-01-08 01:30:00,8.9,8.527422142624856,9.15286782309413,8.49063989710073,8.14471153022368
2026-01-08 01:45:00,8.78,8.376150042414665,9.00159572288394,8.346513347733813,8.067787205691815
2026-01-08 02:00:00,8.57,8.28521308928728,8.910658769756555,8.266569398560287,8.091229872823085
2026-01-08 02:15:00,8.33,8.149714506864548,8.775160187333823,8.138992708292,8.038156714802854
2026-01-08 02:30:00,8.33,8.008727791607381,8.634173472076656,8.006973627730769,7.9904761291026976
2026-01-08 02:45:00,8.29,7.9057674622535705,8.531213142722846,7.909492550597865,7.944526130224466
2026-01-08 03:00:00,8.16,7.8012000304460525,8.426645710915327,7.8195686686651165,7.99232139026577
2026-01-08 03:15:00,8.11,7.363975125849247,7.989420806318522,7.419786351960353,7.944677805076154
2026-01-08 03:30:00,8.12,7.378342826962471,8.003788507431747,7.4282121493514035,7.897221395672526
2026-01-08 03:45:00,8.17,7.322428184449673,7.947873864918948,7.3734105854690215,7.852888074480035
2026-01-08 04:00:00,8.03,7.276103624254465,7.901549304723741,7.321919245864381,7.752804389909749
2026-01-08 04:15:00,8.03,7.2551953734457495,7.880641053915024,7.300572326684474,7.727331897886628
2026-01-08 04:30:00,8.1,7.249018305540085,7.87446398600936,7.294061742713922,7.717684673778692
2026-01-08 04:45:00,8.03,7.289639827609062,7.915085508078338,7.33166992111967,7.726953063859762
2026-01-08 05:00:00,8.12,7.30341746777296,7.928863148242236,7.347264943398649,7.759640137428794
2026-01-08 05:15:00,8.16,7.3873341813683515,8.012779861837627,7.427892886058001,7.809337963051366
2026-01-08 05:30:00,8.19,7.3965770545601845,8.02202273502946,7.442735561536192,7.876845461792823
2026-01-08 05:45:00,8.19,7.475649820566177,8.101095501035452,7.522053594165672,7.9584701693221955
2026-01-08 06:00:00,8.42,7.52918458595872,8.154630266427995,7.575461495268491,8.01068494162243
2026-01-08 06:15:00,8.46,7.6202656936645505,8.245711374133826,7.6670194961467075,8.106728010607485
2026-01-08 06:30:00,8.72,7.760096342265606,8.385542022734882,7.802723123528686,8.203617974222096
2026-01-08 06:45:00,9.11,7.872586792707444,8.49803247317672,7.913537178709622,8.298665926312228
2026-01-08 07:00:00,9.21,8.041785708665849,8.667231389135123,8.08767574242971,8.519260715278984
2026-01-08 07:15:00,9.39,8.163958040475846,8.78940372094512,8.206804156016313,8.609761793994602
2026-01-08 07:30:00,9.56,8.305802608132362,8.931248288601637,8.343796872476215,8.701123991249945
2026-01-08 07:45:00,9.67,8.48524233609438,9.110688016563655,8.515216926090396,8.797120894088469
2026-01-08 08:00:00,9.72,8.650953595638276,9.27639927610755,8.686188613130646,9.017565664323064
2026-01-08 08:15:00,9.91,8.793828293681145,9.41927397415042,8.826579403799435,9.134595890427466
2026-01-08 08:30:00,10.14,8.981530643701554,9.606976324170828,9.008871044893263,9.266001086826348
2026-01-08 08:45:00,10.25,9.102293267548085,9.72773894801736,9.132031547518174,9.411713075309562
2026-01-08 09:00:00,10.4,9.230857218801976,9.85630289927125,9.248426723924464,9.41366378673166
2026-01-08 09:15:00,10.5,9.54407098054886,10.169516661018134,9.54729020820794,9.577566287083561
2026-01-08 09:30:00,9.55,9.769915040135384,10.395360720604659,9.767102295084218,9.740649089519232
2026-01-08 09:45:00,9.66,9.874290737509728,10.499736417979003,9.876207830588735,9.894237640039515
2026-01-08 10:00:00,10.24,10.01499692618847,10.640442606657745,10.015209459274688,10.017208282956457
2026-01-08 10:15:00,10.59,10.11858905941248,10.744034739881755,10.119292691758307,10.125910188455567
2026-01-08 10:30:00,10.49,10.28575247734785,10.911198157817125,10.27772955137607,10.20227581984211
2026-01-08 10:45:00,10.54,10.42996365636587,11.055409336835146,10.412041469907045,10.243487522092693
2026-01-08 11:00:00,10.51,10.529295889139176,11.15474156960845,10.512333502530593,10.352806246534342
2026-01-08 11:15:00,10.65,10.693423393964768,11.318869074434042,10.658497370687414,10.330026337402593
2026-01-08 11:30:00,10.56,10.712416422963143,11.337862103432418,10.6713933307034,10.285580797851063
2026-01-08 11:45:00,10.5,10.829941140413284,11.455386820882559,10.77228209269973,10.230012312075445
2026-01-08 12:00:00,10.3,10.862990213632584,11.488435894101858,10.779666374744265,9.996025270242988
2026-01-08 12:15:00,10.29,10.8633835875988,11.488829268068075,10.775940561260368,9.953559467746093
2026-01-08 12:30:00,10.1,10.982849704623222,11.608295385092497,10.882002495681446,9.933558217844865
2026-01-08 12:45:00,10.23,11.050512149333954,11.67595782980323,10.94409026753765,9.943217502832947
2026-01-08 13:00:00,10.45,11.076696988344192,11.702142668813467,10.99086395475059,10.183624464283294
2026-01-08 13:15:00,11.22,11.176016132235528,11.801461812704803,11.08785166506309,10.258685590209305
2026-01-08 13:30:00,11.56,11.182299503087998,11.807745183557273,11.103392512451052,10.361290826779943
2026-01-08 13:45:00,11.3,11.235850718021393,11.861296398490667,11.163527584741566,10.483345528795237
2026-01-08 14:00:00,11.33,11.247743912935258,11.873189593404533,11.155887930923816,10.292004027363218
2026-01-08 14:15:00,11.23,11.312363369464874,11.937809049934149,11.226738606384256,10.421457851100147
2026-01-08 14:30:00,11.19,11.346265696287155,11.97171137675643,11.268675063940453,10.538953418342498
2026-01-08 14:45:00,11.12,11.384889925718308,12.010335606187583,11.312966797452289,10.636546694567746
2026-01-08 15:00:00,11.32,11.403072859048844,12.02851853951812,11.321301086933211,10.552256805336791
2026-01-08 15:15:00,11.09,10.719424988627434,11.344870669096709,10.707953453648,10.600066365612394
2026-01-08 15:30:00,11.1,10.805485448837281,11.430931129306556,10.788223960335028,10.625883721386462
2026-01-08 15:45:00,11.04,10.86734562754631,11.492791308015585,10.845150365947374,10.636409151594572
2026-01-08 16:00:00,10.9,10.919014873504638,11.544460553973913,10.879926828376549,10.512312958616809
2026-01-08 16:15:00,10.87,10.933978649377822,11.559424329847097,10.894256280197855,10.520676741942049
2026-01-08 16:30:00,10.82,11.041855799555778,11.667301480025053,10.993885660442231,10.54273778608176
2026-01-08 16:45:00,10.77,11.088999829888344,11.714445510357619,11.040678503950137,10.586227800113285
2026-01-08 17:00:00,10.73,11.099303963780404,11.724749644249679,11.048465666956385,10.570343444004859
2026-01-08 17:15:00,10.71,11.148559195399285,11.77400487586856,11.102221115624914,10.666422375440526
2026-01-08 17:30:00,10.97,11.200846802592277,11.826292483061552,11.160930256458858,10.785524529632056
2026-01-08 17:45:00,11.24,11.214399809241295,11.83984548971057,11.186126425381477,10.920221900920085
2026-01-08 18:00:00,11.53,11.173212988972663,11.798658669441938,11.15357780544359,10.968913523131384
2026-01-08 18:15:00,11.81,11.250443052649498,11.875888733118773,11.23615732890929,11.101803457559429
2026-01-08 18:30:00,12.09,11.18321996986866,11.808665650337934,11.18630377416668,11.215306228187119
2026-01-08 18:45:00,12.28,11.208896818757058,11.834342499226333,11.217486293833211,11.298268286424607
2026-01-08 19:00:00,12.23,11.166812171936035,11.79225785240531,11.128030622846625,10.763299276233676
2026-01-08 19:15:00,12.05,11.109108597636222,11.734554278105497,11.075839757665676,10.762954143562615
2026-01-08 19:30:00,11.8,11.041215505599975,11.66666118606925,11.010090923652644,10.7173715518647
2026-01-08 19:45:00,11.74,10.934084775447845,11.55953045591712,10.904805760212597,10.629443509219653
2026-01-08 20:00:00,11.48,10.793301468491554,11.41874714896083,10.823114682401926,11.103500946274966
2026-01-08 20:15:00,11.48,10.780466581583024,11.405912262052299,10.796964809003114,10.952126757015611
2026-01-08 20:30:00,10.91,10.668650031685829,11.294095712155103,10.679663739373172,10.783245069421238
2026-01-08 20:45:00,10.83,10.569521914720536,11.19496759518981,10.573085146626314,10.606596504522106
2026-01-08 21:00:00,10.84,10.431698463857174,11.057144144326449,10.406214737985028,10.166546290687206
2026-01-08 21:15:00,10.5,10.313557507693767,10.939003188163042,10.2831653938432,9.997334712207065
2026-01-08 21:30:00,10.5,10.274649921655655,10.90009560212493,10.232709920660174,9.838274076832391
2026-01-08 21:45:00,10.28,10.156201199889184,10.781646880358458,10.11137919456534,9.689838777962382
2026-01-08 22:00:00,10.11,9.993742350637913,10.619188031107187,9.9826260200229,9.87807954548005
2026-01-08 22:15:00,9.82,9.853847318887711,10.479292999356986,9.843183183993723,9.742889503837253
2026-01-08 22:30:00,9.87,9.688122616708279,10.313568297177554,9.68038451254264,9.607609463096875
2026-01-08 22:45:00,9.54,9.55628043115139,10.181726111620664,9.547757783475102,9.467604286859657
2026-01-08 23:00:00,9.31,9.412155568003655,10.03760124847293,9.382296710345205,9.10148117775823
2026-01-08 23:15:00,9.1,9.247015620470048,9.872461300939323,9.217806266912085,8.943099167607524
2026-01-08 23:30:00,9.02,9.071436405181885,9.69688208565116,9.042945087411107,8.77499094578166
2026-01-08 23:45:00,8.78,8.925494663715362,9.550940344184637,8.894179481865779,8.599667562831918
2026-01-09 00:00:00,8.83,8.753741293251515,9.37918697372079,8.719701775257846,8.399568115633695
2026-01-09 00:15:00,8.41,8.630265379548073,9.255711060017347,8.591206391791427,8.223865799774952
2026-01-09 00:30:00,8.29,8.437704931795597,9.063150612264872,8.40106313928801,8.05645569999277
2026-01-09 00:45:00,8.02,8.30105594277382,8.926501623243094,8.262755485375779,7.902548692953095
2026-01-09 01:00:00,8.03,8.172784545719624,8.798230226188899,8.11511811055819,7.572778852724351
2026-01-09 01:15:00,7.8,7.976037424504757,8.601483104974033,7.926033141464748,7.455754621966991
2026-01-09 01:30:00,7.6,7.843854574263096,8.46930025473237,7.797179550287558,7.358211929150476
2026-01-09 01:45:00,7.64,7.699552126824856,8.324997807294132,7.659057179895574,7.27821172964074
2026-01-09 02:00:00,7.65,7.58370314002037,8.209148820489645,7.553728493888227,7.271823997943062
2026-01-09 02:15:00,7.42,7.480459277182818,8.105904957652093,7.455011898376034,7.2156852866780365
2026-01-09 02:30:00,7.36,7.362702674269676,7.988148354738952,7.343696473236596,7.164947623343837
2026-01-09 02:45:00,7.28,7.278263643532991,7.903709324002266,7.262663826412419,7.115951215934062
2026-01-09 03:00:00,7.28,7.158371960967779,7.783817641437054,7.173442219668685,7.3151744577779585
2026-01-09 03:15:00,7.33,6.821792245507241,7.447237925976516,6.864341989626637,7.2645123241051195
2026-01-09 03:30:00,7.16,6.80853603810072,7.433981718569996,6.847510344039458,7.214054523478177
2026-01-09 03:45:00,7.17,6.782441936880351,7.407887617349626,6.819376664971465,7.166739094522608
2026-01-09 04:00:00,7.17,6.735040727704764,7.360486408174038,6.755012799408534,6.942845435757635
2026-01-09 04:15:00,7.17,6.715262896418571,7.340708576887847,6.734405357010417,6.914435696001066
2026-01-09 04:30:00,7.0,6.709865855127573,7.335311535596848,6.728319986767605,6.901876753881869
2026-01-09 04:45:00,7.02,6.732416053116322,7.357861733585597,6.749316477007952,6.908260988226727
2026-01-09 05:00:00,7.07,6.757634260505438,7.383079940974714,6.779408050626018,6.984185424867501
2026-01-09 05:15:00,7.12,6.796188092976808,7.421633773446084,6.818761607907851,7.031060205872674
2026-01-09 05:30:00,7.22,6.82737978309393,7.4528254635632045,6.853175499982787,7.095778149403209
2026-01-09 05:45:00,7.25,6.876147188544274,7.50159286901355,6.9048361135733325,7.174648704983792
2026-01-09 06:00:00,7.25,6.938389067351818,7.563834747821094,6.972203577367759,7.290221089889927
2026-01-09 06:15:00,7.43,7.014448560476303,7.639894240945578,7.049926331210244,7.38358641953684
2026-01-09 06:30:00,7.78,7.160819051265717,7.786264731734992,7.191287835301798,7.477839581997571
2026-01-09 06:45:00,7.97,7.268996891975403,7.894442572444678,7.297954447220733,7.570293442625417
2026-01-09 07:00:00,8.02,7.419788241088391,8.045233921557665,7.450641895740659,7.7408132600486645
2026-01-09 07:15:00,8.19,7.526222430467606,8.151668110936882,7.555304144450906,7.8288108235803735
2026-01-09 07:30:00,8.42,7.672462739944458,8.297908420413734,7.696034108988493,7.917717290161079
2026-01-09 07:45:00,8.47,7.835290200412274,8.460735880881549,7.852207224273458,8.011307854301087
2026-01-09 08:00:00,8.75,7.98446383446455,8.609909514933825,8.00158177361494,8.162571964676314
2026-01-09 08:15:00,8.98,8.120779587626457,8.746225268095731,8.135822666099639,8.277299280560758
2026-01-09 08:30:00,9.39,8.33143700659275,8.956882687062025,8.33864702108562,8.406455511381354
2026-01-09 08:45:00,9.67,8.451862503290176,9.07730818375945,8.461291971583716,8.549973902793255
2026-01-09 09:00:00,10.07,8.560270991325378,9.185716671794653,8.595150770942471,8.923186893480397
2026-01-09 09:15:00,10.35,8.923687336742878,9.549133017212153,8.939192086364939,9.08501060938249
2026-01-09 09:30:00,10.34,9.127854439020156,9.753300119489431,9.139216496180044,9.246073971075248
2026-01-09 09:45:00,10.39,9.253883392214775,9.87932907268405,9.26770593010675,9.397703647509049
2026-01-09 10:00:00,10.4,9.393254514932632,10.018700195401907,9.425998255651969,9.733945434816336
2026-01-09 10:15:00,10.73,9.48961557149887,10.115061251968145,9.523369096293603,9.840813057155836
2026-01-09 10:30:00,10.76,9.661300667524339,10.286746347993613,9.68572290675345,9.91540832186671
2026-01-09 10:45:00,10.73,9.794360119104386,10.41980579957366,9.809790978503008,9.954914581350284
2026-01-09 11:00:00,10.79,9.911105163693428,10.536550844162702,9.934780938866933,10.157446035127744
2026-01-09 11:15:00,10.73,10.044330171942711,10.669775852411986,10.052861182435658,10.133093329374589
2026-01-09 11:30:00,10.79,10.073076186776161,10.698521867245436,10.07442810728596,10.08714260166875
2026-01-09 11:45:00,10.83,10.180327900648118,10.805773581117393,10.165893111616745,10.030137316268071
2026-01-09 12:00:00,10.56,10.215700427293777,10.841146107763052,10.169627593761042,9.736323432085438
2026-01-09 12:15:00,10.49,10.213903005421162,10.839348685890437,10.163796798901714,9.692559713055267
2026-01-09 12:30:00,10.54,10.334636975228786,10.960082655698061,10.270886754354214,9.671330922975516
2026-01-09 12:45:00,10.41,10.403028506040574,11.028474186509849,10.333522377430798,9.679833587763072
2026-01-09 13:00:00,10.6,10.415241140425206,11.04068682089448,10.365490126940035,9.89759354802901
2026-01-09 13:15:00,10.55,10.502741023898125,11.1281867043674,10.45169712698795,9.971641283589374
2026-01-09 13:30:00,10.94,10.522951672673226,11.148397353142501,10.479736245499,10.073305318478253
2026-01-09 13:45:00,10.94,10.569349282979966,11.19479496344924,10.53332175303398,10.194491308637797
2026-01-09 14:00:00,10.94,10.560581854581834,11.186027535051108,10.520828009930709,10.146952452272656
2026-01-09 14:15:00,10.84,10.639790108203888,11.265235788673163,10.60479586147155,10.275683202640797
2026-01-09 14:30:00,11.04,10.67718752026558,11.302633200734855,10.649829016348376,10.392528722540305
2026-01-09 14:45:00,10.99,10.719408715963365,11.34485439643264,10.697316560323053,10.489545033257512
2026-01-09 15:00:00,10.93,10.728640976548196,11.35408665701747,10.705910345487649,10.492134107283205
2026-01-09 15:15:00,10.91,10.44903344988823,11.074479130357505,10.457729402183045,10.539512787969336
2026-01-09 15:30:00,10.81,10.529739496111869,11.155185176581144,10.533125699474802,10.56497214556751
2026-01-09 15:45:00,11.03,10.595645908117294,11.22109158858657,10.593682034958814,10.575212269864624
2026-01-09 16:00:00,10.93,10.661421431303024,11.286867111772299,10.628458683611361,10.318451795389201
2026-01-09 16:15:00,10.88,10.667320625782013,11.292766306251288,10.634581223522572,10.326674846552978
2026-01-09 16:30:00,10.99,10.775907405614854,11.401353086084129,10.734845402202295,10.348666919110771
2026-01-09 16:45:00,11.46,10.82490793466568,11.450353615134954,10.78331654331446,10.392159291187598
2026-01-09 17:00:00,11.29,10.851167769432069,11.476613449901343,10.789047732785784,10.20482340060636
2026-01-09 17:15:00,11.17,10.893507118821145,11.51895279929042,10.836565773860235,10.301045818799551
2026-01-09 17:30:00,11.38,10.953662912845612,11.579108593314887,10.902407379112331,10.420361141175713
2026-01-09 17:45:00,11.37,10.969310848116875,11.59475652858615,10.929524254033709,10.555340695670942
2026-01-09 18:00:00,11.66,10.927127150297165,11.55257283076644,10.880761108597557,10.444699393083798
2026-01-09 18:15:00,11.84,10.992974131703377,11.618419812172652,10.953091748192072,10.578007312790184
2026-01-09 18:30:00,12.14,10.927728531360627,11.553174211829901,10.905072200930237,10.691994742674693
2026-01-09 18:45:00,12.15,10.961374740600586,11.586820421069861,10.943511049986876,10.775507241835891
2026-01-09 19:00:00,11.9,10.905221314430237,11.530666994899512,10.903729183503525,10.889696043131341
2026-01-09 19:15:00,11.73,10.851569633483887,11.477015313953162,10.855266054070865,10.890030020183397
2026-01-09 19:30:00,11.63,10.775088819861413,11.400534500330687,10.781826165689841,10.84518931838221
2026-01-09 19:45:00,11.43,10.668372688889503,11.293818369358778,10.67699298478359,10.758064839917665
2026-01-09 20:00:00,11.15,10.511541351377964,11.136987031847239,10.536475165027904,10.770971817231556
2026-01-09 20:15:00,10.9,10.51743099451065,11.142876674979926,10.527338957528595,10.620521019064999
2026-01-09 20:30:00,10.64,10.391640471220017,11.017086151689291,10.397501276905945,10.452620775746409
2026-01-09 20:45:00,10.43,10.278798743486405,10.90424442395568,10.278626866484728,10.277010403714534
2026-01-09 21:00:00,10.17,10.148280657529831,10.773726337999106,10.137214307686165,10.033137890540862
2026-01-09 21:15:00,10.14,10.023880385756494,10.649326066225768,10.00861752415012,9.865073901020848
2026-01-09 21:30:00,9.82,9.974240270256995,10.59968595072627,9.948576368687007,9.707213411333674
2026-01-09 21:45:00,9.83,9.844688639044762,10.470134319514036,9.817330085897641,9.560029329093782
2026-01-09 22:00:00,9.55,9.683019014000893,10.308464694470167,9.66047677022922,9.448472270162341
2026-01-09 22:15:00,9.37,9.525045406222343,10.150491086691618,9.504822513171776,9.314630961056682
2026-01-09 22:30:00,9.19,9.34246965289116,9.967915333360434,9.326926424448274,9.180746017172229
2026-01-09 22:45:00,8.88,9.204497979283333,9.829943659752608,9.188897691512572,9.042180654679903
2026-01-09 23:00:00,8.93,9.06173223733902,9.687177917808295,9.026040370156155,8.690366755089258
2026-01-09 23:15:00,8.6,8.883010275363922,9.508455955833197,8.849419763737764,8.533508903380413
2026-01-09 23:30:00,8.49,8.689802104830742,9.315247785300016,8.658774233073483,8.366964397874074
2026-01-09 23:45:00,8.21,8.543978517055512,9.169424197524787,8.510269344127169,8.193242502135421
2026-01-10 00:00:00,8.31,8.360833220481872,8.986278900951147,8.238100062354132,7.083823580649263
2026-01-10 00:15:00,7.99,8.216479832530021,8.841925512999296,8.09089438656723,6.909792808716572
2026-01-10 00:30:00,7.81,8.023204802572728,8.648650483042003,7.900268979391237,6.744086480528686
2026-01-10 00:45:00,7.54,7.8846519118547445,8.51009759232402,7.760407071078156,6.591913569653551
2026-01-10 01:00:00,7.48,7.737001894414425,8.362447574883701,7.617752436314532,6.4962393339017845
2026-01-10 01:15:00,7.24,7.538826139420271,8.164271819889546,7.4275480735261015,6.381004039699814
2026-01-10 01:30:00,7.2,7.387219034582377,8.012664715051653,7.28131137542622,6.285274753691674
2026-01-10 01:45:00,6.97,7.247651048004627,7.873096728473902,7.147644884105153,6.207110437052617
2026-01-10 02:00:00,7.02,7.115761636346579,7.741207316815855,7.0100686577748,6.016051056437073
2026-01-10 02:15:00,6.61,7.013394021093846,7.638839701563121,6.912324278497398,5.96178712398515
2026-01-10 02:30:00,6.73,6.883092609196901,7.508538289666177,6.789851483269992,5.912940627011433
2026-01-10 02:45:00,6.58,6.792409120500088,7.417854800969364,6.703357668916883,5.865849714324936
2026-01-10 03:00:00,6.58,6.675305016040802,7.300750696510077,6.590249333660966,5.790320648503025
2026-01-10 03:15:00,6.57,5.833351009488106,6.458796689957381,5.8245315340777655,5.741586442446251
2026-01-10 03:30:00,6.4,5.848020108640194,6.4734657891094685,5.8331273689108185,5.69306465497105
2026-01-10 03:45:00,6.46,5.855011517256498,6.480457197725773,5.835086002919622,5.647691227654482
2026-01-10 04:00:00,6.16,5.836704593300819,6.462150273770094,5.809992343811394,5.558769920878338
2026-01-10 04:15:00,6.22,5.829756873250008,6.455202553719284,5.8011691031100305,5.532307849636722
2026-01-10 04:30:00,6.25,5.859910119771958,6.4853558002412335,5.827404447799873,5.521696249202563
2026-01-10 04:45:00,6.45,5.957525763362646,6.582971443831921,5.916438782359807,5.530025390907166
2026-01-10 05:00:00,6.26,6.003047126084566,6.628492806553842,5.9569931815907795,5.523866666883226
2026-01-10 05:15:00,6.5,6.112409864366055,6.73785554483533,6.060536063904598,5.572675172824199
2026-01-10 05:30:00,6.47,6.153235148489475,6.77868082895875,6.103842677050919,5.639318101748558
2026-01-10 05:45:00,6.52,6.264241779595614,6.88968746006489,6.2119446850712015,5.720102812900044
2026-01-10 06:00:00,6.54,6.346461714208126,6.971907394677402,6.294283537412843,5.803560058511164
2026-01-10 06:15:00,6.77,6.42466194704175,7.050107627511025,6.37412257307795,5.898811649311242
2026-01-10 06:30:00,7.04,6.641387831568718,7.2668335120379925,6.579257277411332,5.994934030514033
2026-01-10 06:45:00,7.32,6.765472732037306,7.390918412506581,6.700479940260407,6.08923802183493
2026-01-10 07:00:00,7.55,6.932039367705584,7.557485048174859,6.837349105754837,5.9468094660719455
2026-01-10 07:15:00,7.4,7.049522519111633,7.674968199580908,6.952171965625169,6.03661290982849
2026-01-10 07:30:00,7.61,7.257096621990204,7.882542302459479,7.148512092020365,6.127300129962708
2026-01-10 07:45:00,7.85,7.4323487921059135,8.057794472575189,7.316084323643618,6.222644346614189
2026-01-10 08:00:00,7.9,7.624047673046589,8.249493353515865,7.55496163215437,6.905223668653167
2026-01-10 08:15:00,8.41,7.769209387898445,8.39465506836772,7.697361075744391,7.021644600793927
2026-01-10 08:30:00,8.75,7.9894722774624825,8.614917957931757,7.909027333761239,7.1524615612926965
2026-01-10 08:45:00,9.05,8.117844494283199,8.743290174752474,8.039011517870911,7.297605918572364
2026-01-10 09:00:00,9.44,8.252773887217044,8.878219567686319,8.212591296224879,7.834683480083221
2026-01-10 09:15:00,9.73,8.158952427506447,8.784398107975722,8.143488905336167,7.998058116804683
2026-01-10 09:30:00,10.12,8.342439096271992,8.967884776741267,8.324965667375857,8.160632178877501
2026-01-10 09:45:00,10.29,8.486630818843842,9.112076499313117,8.470013409158232,8.3137305799737
2026-01-10 10:00:00,10.58,8.61861309081316,9.244058771282434,8.6360714150513,8.800262847794269
2026-01-10 10:15:00,10.75,8.705382119417191,9.330827799886466,8.724904713127167,8.90851011467521
2026-01-10 10:30:00,11.06,8.869091487526894,9.49453716799617,8.880177418557437,8.984437992159238
2026-01-10 10:45:00,11.02,9.021095503866672,9.646541184335947,9.021492698641675,9.02522822206854
2026-01-10 11:00:00,10.81,9.133313564062119,9.758759244531394,9.145945015337707,9.264740843291849
2026-01-10 11:15:00,11.2,9.268646943569184,9.894092624038459,9.26604459811086,9.241570151224293
2026-01-10 11:30:00,10.93,9.257774681448936,9.88322036191821,9.25190943827756,9.196748205930271
2026-01-10 11:45:00,10.98,9.37773569971323,10.003181380182506,9.354965490315964,9.140817027164665
2026-01-10 12:00:00,11.03,9.39183454811573,10.017280228585005,9.36731578240966,9.136722558486495
2026-01-10 12:15:00,10.76,9.358897968530655,9.98434364899993,9.333430931677723,9.093919440679858
2026-01-10 12:30:00,10.78,9.497584931850433,10.123030612319708,9.456835099784072,9.073592514771567
2026-01-10 12:45:00,10.78,9.550807155966758,10.176252836436033,9.50584024716595,9.082937047447766
2026-01-10 13:00:00,10.78,9.526422922611237,10.151868603080512,9.481032826427752,9.05414964892172
2026-01-10 13:15:00,10.67,9.60202890366316,10.227474584132434,9.556558079941844,9.128915678932039
2026-01-10 13:30:00,10.88,9.654001670181751,10.279447350651026,9.613369599452275,9.231234532112197
2026-01-10 13:45:00,10.83,9.675750439465046,10.301196119934321,9.644731993643322,9.353010807150362
2026-01-10 14:00:00,11.12,9.678519976139068,10.303965656608343,9.64915157596543,9.372948680652925
2026-01-10 14:15:00,11.01,9.784694864153861,10.410140544623136,9.757538346786339,9.502137688964774
2026-01-10 14:30:00,11.48,9.808876042962074,10.43432172343135,9.790663044812062,9.619374081449651
2026-01-10 14:45:00,11.38,9.819422498047352,10.444868178516627,9.809551111033395,9.716713038210731
2026-01-10 15:00:00,11.59,9.856199780106545,10.48164546057582,9.837307804995017,9.659633223025121
2026-01-10 15:15:00,11.6,10.032756062746047,10.658201743215322,10.001466526391509,9.707195797205976
2026-01-10 15:30:00,11.62,10.113941091299058,10.739386771768332,10.077306677782227,9.732768636159305
2026-01-10 15:45:00,11.59,10.206935121417045,10.83238080188632,10.162351325846515,9.743051215939472
2026-01-10 16:00:00,11.48,10.274010335206986,10.899456015676261,10.195136927537048,9.453351081770943
2026-01-10 16:15:00,11.7,10.277824506163597,10.903270186632872,10.199365108493852,9.461472929392105
2026-01-10 16:30:00,11.57,10.380586379766465,11.00603206023574,10.294347515523453,9.483291283261906
2026-01-10 16:45:00,11.81,10.462104997932911,11.087550678402186,10.372187736493833,9.5265370438716
2026-01-10 17:00:00,11.43,10.489798595905304,11.115244276374579,10.3869603264502,9.419790592842379
2026-01-10 17:15:00,11.32,10.558506736159325,11.1839524166286,10.45827505981126,9.515619721226944
2026-01-10 17:30:00,11.49,10.606726884841919,11.232172565311194,10.513283273453967,9.634468089064887
2026-01-10 17:45:00,11.55,10.639512765407563,11.264958445876838,10.555838997051996,9.768906888225068
2026-01-10 18:00:00,11.61,10.572662538886071,11.198108219355346,10.476935003568617,9.576640051869374
2026-01-10 18:15:00,11.56,10.632606080770493,11.258051761239768,10.54386340842118,9.709259449889911
2026-01-10 18:30:00,11.81,10.561027584075928,11.186473264545203,10.490046347522066,9.822484514629451
2026-01-10 18:45:00,12.04,10.590502331256866,11.215948011726141,10.524634295474772,9.905160913063838
2026-01-10 19:00:00,11.99,10.515959379673005,11.14140506014228,10.457288026720697,9.905497753450213
2026-01-10 19:15:00,11.99,10.452059457898141,11.077505138367416,10.399467136614613,9.904848726220079
2026-01-10 19:30:00,11.91,10.395567489564419,11.021013170033694,10.343993472508537,9.85895197383959
2026-01-10 19:45:00,11.55,10.267862805724144,10.893308486193419,10.220080461100096,9.7706987497385
2026-01-10 20:00:00,11.24,10.108134580254555,10.73358026072383,10.068015266286048,9.690702555667269
2026-01-10 20:15:00,10.99,10.12712760925293,10.752573289722205,10.070600748163413,9.538978916414262
2026-01-10 20:30:00,10.73,9.980854400694371,10.606300081163646,9.922119786057849,9.369734551528348
2026-01-10 20:45:00,10.69,9.829301773905755,10.45474745437503,9.768118996603917,9.19270936808775
2026-01-10 21:00:00,10.4,9.726543437838554,10.351989118307829,9.68749915968656,9.320296908041682
2026-01-10 21:15:00,10.07,9.512463099360467,10.137908779829742,9.477692071630498,9.15067873500929
2026-01-10 21:30:00,10.02,9.487212169766426,10.112657850235701,9.439540099820155,8.991195495863188
2026-01-10 21:45:00,10.09,9.355418448448182,9.980864128917457,9.306104740923825,8.842320921706902
2026-01-10 22:00:00,9.87,9.186104208827018,9.811549889296293,9.142932570783803,8.73691347023972
2026-01-10 22:15:00,9.3,9.036697451174259,9.662143131643534,8.994846570372838,8.60124888100648
2026-01-10 22:30:00,9.37,8.837020542919635,9.46246622338891,8.801311439595452,8.46547572267391
2026-01-10 22:45:00,9.12,8.724666641354561,9.350112321823836,8.686250743224566,8.32495825787294
2026-01-10 23:00:00,8.89,8.58672256052494,9.212168240994215,8.542830597175264,8.130037006565837
2026-01-10 23:15:00,8.66,8.445408623218537,9.070854303687812,8.399823162779548,7.9711026304059835
2026-01-10 23:30:00,8.63,8.211206781864167,8.836652462333442,8.17191847314441,7.802421171412995
2026-01-10 23:45:00,8.37,8.091638430058957,8.717084110528232,8.04693436508839,7.62650314976492
2026-01-11 00:00:00,8.41,7.891956569254399,8.517402249723673,7.908544603857415,8.064551167300028
2026-01-11 00:15:00,7.85,7.736087795197964,8.361533475667239,7.750708221767941,7.888209894499711
2026-01-11 00:30:00,7.67,7.547745858728886,8.17319153919816,7.564314431448872,7.720137960459596
2026-01-11 00:45:00,7.65,7.4023618097603325,8.027807490229607,7.418045391674679,7.565545790334504
2026-01-11 01:00:00,7.38,7.235103055238724,7.860548735707999,7.23443054915226,7.228105787602479
2026-01-11 01:15:00,7.43,7.031186764240265,7.65663244470954,7.0387949805174195,7.110348464925465
2026-01-11 01:30:00,7.19,6.897831574678421,7.523277255147697,6.908808905840749,7.012048123227896
2026-01-11 01:45:00,7.15,6.74443907558918,7.369884756058456,6.762394914179567,6.9312653523752585
2026-01-11 02:00:00,6.87,6.624886642694474,7.250332323163748,6.646192482021546,6.846568889126023
2026-01-11 02:15:00,6.89,6.51734962657094,7.142795307040215,6.543515247263168,6.789596754941916
2026-01-11 02:30:00,6.67,6.37213785558939,6.997583536058665,6.40730077740855,6.737999785753464
2026-01-11 02:45:00,6.67,6.242191435396672,6.867637115865946,6.2850493462210775,6.6881179160702064
2026-01-11 03:00:00,6.64,6.153642495721579,6.779088176190854,6.201402751797498,6.650576725559807
2026-01-11 03:15:00,6.38,5.567474073767662,6.192919754236938,5.666611540199827,6.598976091915773
2026-01-11 03:30:00,6.27,5.571439474374056,6.196885154843331,5.665253559143415,6.547552958538255
2026-01-11 03:45:00,6.33,5.593231932222843,6.218677612692119,5.680308697086787,6.499245187589073
2026-01-11 04:00:00,6.33,5.573239903151989,6.198685583621264,5.655496075139567,6.429096023586356
2026-01-11 04:15:00,6.33,5.562817084938288,6.188262765407563,5.643243930431759,6.399639493513429
2026-01-11 04:30:00,6.1,5.5868233326077466,6.212269013077021,5.663632665390184,6.386006372371096
2026-01-11 04:45:00,6.09,5.687135109007358,6.312580789476634,5.754811204485135,6.3912889630245715
2026-01-11 05:00:00,6.09,5.73007920011878,6.355524880588055,5.793899193167369,6.3941112154301845
2026-01-11 05:15:00,6.14,5.8244249226152895,6.449870603084564,5.883571322291602,6.439829298256236
2026-01-11 05:30:00,6.3,5.857457015663385,6.48290269613266,5.919534919760973,6.503363005230724
2026-01-11 05:45:00,6.26,5.9610749728977686,6.586520653367044,6.020657947972927,6.581021812868197
2026-01-11 06:00:00,6.34,6.0515097728371625,6.676955453306437,6.108971905522015,6.649389746621615
2026-01-11 06:15:00,6.52,6.089327444136143,6.7147731246054185,6.152006520568373,6.741488490431843
2026-01-11 06:30:00,6.64,6.31663710474968,6.942082785218956,6.366403793297531,6.834447792485806
2026-01-11 06:45:00,6.78,6.418101410269737,7.043547090739013,6.4668751451877196,6.925580649059288
2026-01-11 07:00:00,7.06,6.555905050933362,7.181350731402636,6.598843567341143,7.0026702137411005
2026-01-11 07:15:00,7.2,6.64745771214366,7.272903392612935,6.689922417489055,7.0892929823017115
2026-01-11 07:30:00,7.45,6.859166663587094,7.484612344056369,6.889694157656967,7.176798058410207
2026-01-11 07:45:00,7.43,7.008898874521256,7.63434455499053,7.0338933844584774,7.268960870966454
2026-01-11 08:00:00,7.73,7.1913400246202945,7.81678570508957,7.232599127632615,7.620631286096206
2026-01-11 08:15:00,8.18,7.322810768932104,7.948256449401379,7.36231845350696,7.733878933551862
2026-01-11 08:30:00,8.47,7.521688901633024,8.1471345821023,7.554350965311313,7.861529991117495
2026-01-11 08:45:00,8.82,7.622449060678482,8.247894741147757,7.659073529196018,8.003518040439927
2026-01-11 09:00:00,9.35,7.761666300594807,8.387111981064082,7.825408503256687,8.424888925231132
2026-01-11 09:15:00,9.5,8.00791238963604,8.633358070105315,8.06338896140566,8.585133069160443
2026-01-11 09:30:00,9.82,8.164273588657379,8.789719269126653,8.220047964270433,8.744592847120405
2026-01-11 09:45:00,10.08,8.313579880297183,8.939025560766458,8.369421169866857,8.894595362738674
2026-01-11 10:00:00,10.12,8.435112271904945,9.06055795237422,8.524794867763786,9.368238585804198
2026-01-11 10:15:00,10.08,8.517182391881942,9.142628072351217,8.609087487446901,9.473433292425362
2026-01-11 10:30:00,10.47,8.66056543380022,9.286011114269495,8.745696438356033,9.546333510861002
2026-01-11 10:45:00,10.47,8.803473030924797,9.428918711394072,8.87850116549221,9.584123122251565
2026-01-11 11:00:00,10.78,8.911943779587746,9.537389460057021,8.999268560287515,9.820537581385045
2026-01-11 11:15:00,10.81,9.018422188162804,9.643867868632078,9.093003837008176,9.794426700578455
2026-01-11 11:30:00,10.73,9.036631299257278,9.662076979726553,9.104875669351092,9.746697916979283
2026-01-11 11:45:00,10.81,9.132678576409816,9.758124256879091,9.186040353240397,9.687895312056135
2026-01-11 12:00:00,10.78,9.170342718660832,9.795788399130107,9.222039183057207,9.708232270160218
2026-01-11 12:15:00,10.61,9.134472460746766,9.75991814121604,9.185234029232657,9.662634640212861
2026-01-11 12:30:00,10.56,9.287452483177185,9.91289816364646,9.321292956923827,9.639554652225796
2026-01-11 12:45:00,10.49,9.330584240555764,9.956029921025038,9.36091700612316,9.646189531116539
2026-01-11 13:00:00,10.71,9.299800605177879,9.925246285647153,9.34298735783803,9.749148607798961
2026-01-11 13:15:00,10.85,9.354110975265503,9.979556655734777,9.399012190210973,9.821297554672846
2026-01-11 13:30:00,10.85,9.429148828089238,10.054594508558512,9.476425206335408,9.921048422931381
2026-01-11 13:45:00,10.8,9.456954919695855,10.08240060016513,9.513020840885492,10.040307641303023
2026-01-11 14:00:00,11.06,9.472059135735035,10.09750481620431,9.54978272345805,10.280754783095151
2026-01-11 14:15:00,11.06,9.560111936032772,10.185557616502047,9.641557506403057,10.407533937316805
2026-01-11 14:30:00,10.87,9.59316348552704,10.218609165996314,9.68247383604742,10.522416674242754
2026-01-11 14:45:00,11.15,9.600759282112122,10.226204962581397,9.698474184195184,10.617459852837248
2026-01-11 15:00:00,11.04,9.652610357403756,10.27805603787303,9.739544490808042,10.557139565983416
2026-01-11 15:15:00,11.2,10.496474633216858,11.121920313686132,10.506667305159851,10.602526987164323
2026-01-11 15:30:00,11.04,10.584344189167023,11.209789869636298,10.588346504106369,10.625987334647476
2026-01-11 15:45:00,11.19,10.648576639294625,11.2740223197639,10.647196978270152,10.634221590872258
2026-01-11 16:00:00,11.05,10.711681323051453,11.337127003520727,10.677517767224371,10.35621756095436
2026-01-11 16:15:00,11.38,10.709198680520057,11.334644360989332,10.675870207072792,10.362423754148773
2026-01-11 16:30:00,11.3,10.794684644937515,11.42013032540679,10.755059550567312,10.382394859015438
2026-01-11 16:45:00,11.24,10.857056351304054,11.482502031773329,10.815422227909611,10.423863090968082
2026-01-11 17:00:00,11.32,10.873658006191254,11.49910368666053,10.806242434417541,10.172214840031899
2026-01-11 17:15:00,11.09,10.942034325599671,11.567480006068946,10.877100161424915,10.266409621806641
2026-01-11 17:30:00,11.19,10.973334441184997,11.598780121654272,10.916664496827366,10.383697000599025
2026-01-11 17:45:00,11.22,10.992316150069238,11.617761830538512,10.946599895494955,10.516649275045623
2026-01-11 18:00:00,11.32,10.933706259131432,11.559151939600707,10.86905647764138,10.261040490277482
2026-01-11 18:15:00,11.39,10.98016259253025,11.605608272999525,10.923665669122812,10.392325394231367
2026-01-11 18:30:00,11.77,10.885493185520172,11.510938865989447,10.84885614720933,10.504293420016149
2026-01-11 18:45:00,11.93,10.908352033495904,11.533797713965178,10.877350764228485,10.58579111918831
2026-01-11 19:00:00,11.8,10.797982335686683,11.423428016155958,10.752220941751316,10.321845796229113
2026-01-11 19:15:00,11.81,10.734474372863769,11.359920053333044,10.694656346227758,10.320177172099356
2026-01-11 19:30:00,11.55,10.638086431026458,11.263532111495733,10.603030860787047,10.273341468797389
2026-01-11 19:45:00,11.32,10.509604196846485,11.13504987731576,10.478332600286594,10.18423059064975
2026-01-11 20:00:00,11.15,10.33773656398058,10.963182244449854,10.326617570817787,10.222046055639366
2026-01-11 20:15:00,10.96,10.33826188802719,10.963707568496465,10.312443637965972,10.069629069359943
2026-01-11 20:30:00,10.79,10.16350762605667,10.788953306525945,10.138160260184835,9.899774246614012
2026-01-11 20:45:00,10.52,9.977615079283714,10.603060759752989,9.953069288830962,9.722221903522275
2026-01-11 21:00:00,10.22,9.879257437586784,10.504703118056058,9.852999977674568,9.606054743735132
2026-01-11 21:15:00,9.96,9.892715638279915,10.51816131874919,9.848828182888981,9.436076988571143
2026-01-11 21:30:00,9.93,9.857788133621217,10.483233814090491,9.801903178660478,9.276318323057076
2026-01-11 21:45:00,9.64,9.651675740480423,10.277121420949697,9.60127353418217,9.12725264004402
2026-01-11 22:00:00,9.47,9.457681883275509,10.083127563744783,9.414239217065736,9.005671160369058
2026-01-11 22:15:00,9.46,9.269772587418556,9.89521826788783,9.231349012956107,8.869984333503465
2026-01-11 22:30:00,9.1,9.028953078091146,9.65439875856042,9.000631466015525,8.734273366529212
2026-01-11 22:45:00,8.81,8.866139414012432,9.491585094481707,8.839974768702668,8.59390243426655
2026-01-11 23:00:00,8.56,8.699838801026344,9.325284481495618,8.683308164547515,8.527841416961131
2026-01-11 23:15:00,8.29,8.557877494692802,9.183323175162077,8.539745825653165,8.369221743442832
2026-01-11 23:30:00,8.16,8.261956268548966,8.88740194901824,8.256091880616161,8.200938691586458
2026-01-11 23:45:00,7.94,8.103965326845646,8.729411007314921,8.09642427393193,8.025502445158203
2026-01-12 00:00:00,7.69,7.900345481336117,8.525791161805392,7.885039209919392,7.741087327735044
2026-01-12 00:15:00,7.66,7.718333257436752,8.343778937906027,7.703634227748367,7.565393311177745
2026-01-12 00:30:00,7.31,7.49931363478303,8.124759315252305,7.489581265711645,7.398050623937723
2026-01-12 00:45:00,7.3,7.336519250273705,7.96196493074298,7.327653106526963,7.244269110169373
2026-01-12 01:00:00,7.05,7.141268152892589,7.766713833361864,7.127671943665469,6.999802794116897
2026-01-12 01:15:00,6.87,6.935993271321059,7.561438951790334,6.930901728295328,6.883016963820566
2026-01-12 01:30:00,6.81,6.745044878572226,7.370490559041501,6.748958714640564,6.785767422212716
2026-01-12 01:45:00,6.77,6.600716784000397,7.226162464469672,6.610846485043219,6.706113940544206
2026-01-12 02:00:00,6.55,6.483262817263603,7.108708497732879,6.497612205222981,6.632564823578403
2026-01-12 02:15:00,6.3,6.335522592663765,6.960968273133041,6.358719049563234,6.576876270206652
2026-01-12 02:30:00,6.38,6.187072207778693,6.812517888247967,6.219707867519401,6.526638570503627
2026-01-12 02:45:00,6.38,6.0073560214042665,6.632801701873541,6.052607846111622,6.478190612910205
2026-01-12 03:00:00,6.14,5.939018614888192,6.5644642953574674,5.973649203178875,6.299341739909125
2026-01-12 03:15:00,6.14,5.644696177989244,6.270141858458519,5.702806551624919,6.249320946381469
2026-01-12 03:30:00,6.14,5.630963995158672,6.256409675627948,5.685610577622213,6.199548831191462
2026-01-12 03:45:00,6.1,5.607367040365935,6.232812720835209,5.659804069695234,6.152961995789519
2026-01-12 04:00:00,5.91,5.562039534598589,6.1874852150678645,5.616972614469889,6.133605308766413
2026-01-12 04:15:00,5.93,5.543957951664924,6.1694036321342,5.5979762426531945,6.106005562690356
2026-01-12 04:30:00,5.95,5.546370904743672,6.171816585212946,5.599031792747513,6.094295057017658
2026-01-12 04:45:00,5.95,5.607679581642151,6.233125262111427,5.655146781934622,6.101564634989036
2026-01-12 05:00:00,5.99,5.622062317281961,6.247507997751237,5.669098024091314,6.111457782437092
2026-01-12 05:15:00,6.16,5.737907412797213,6.363353093266488,5.778406129171788,6.159287030172912
2026-01-12 05:30:00,6.14,5.748928251415491,6.374373931884767,5.794682612655063,6.2249916173276025
2026-01-12 05:45:00,6.13,5.844719764739275,6.470165445208551,5.888945619454416,6.304879379814858
2026-01-12 06:00:00,6.16,5.953478115051985,6.578923795521261,6.006621640918311,6.506424000754345
2026-01-12 06:15:00,6.35,6.024319919943809,6.649765600413085,6.079731344652674,6.600862759625576
2026-01-12 06:30:00,6.5,6.2411441479623315,6.866589828431607,6.284880920884226,6.696214982025751
2026-01-12 06:45:00,7.03,6.379585252553225,7.0050309330225,6.4190101333166245,6.789791862992689
2026-01-12 07:00:00,7.26,6.541888273358345,7.167333953827621,6.5830693943553475,6.97036815030856
2026-01-12 07:15:00,7.49,6.67954086124897,7.304986541718245,6.716061700465808,7.059531602513346
2026-01-12 07:30:00,7.4,6.901505305469036,7.526950985938312,6.925351836202497,7.1496228483379145
2026-01-12 07:45:00,7.37,7.088930843323469,7.714376523792744,7.103874432865206,7.244415377328842
2026-01-12 08:00:00,7.72,7.337262132763863,7.962707813233138,7.377751274257401,7.758542125754667
2026-01-12 08:15:00,8.2,7.504367888867855,8.12981356933713,7.539941278818032,7.874500643380852
2026-01-12 08:30:00,8.58,7.7388017925620085,8.364247473031284,7.764376453250334,8.004900121103734
2026-01-12 08:45:00,9.16,7.853267602920533,8.478713283389808,7.881754982579715,8.14967208719596
2026-01-12 09:00:00,9.16,8.045215349495411,8.670661029964686,8.098402050925095,8.598610466778347
2026-01-12 09:15:00,9.22,8.659134146869183,9.284579827338458,8.668992045596005,8.76170326425099
2026-01-12 09:30:00,9.9,8.882429412007331,9.507875092476606,8.88642868354413,8.924040891600205
2026-01-12 09:45:00,9.95,8.999177286624908,9.624622967094183,9.006651845229515,9.076948310667502
2026-01-12 10:00:00,10.02,9.167588039636613,9.793033720105887,9.196399324370512,9.46736268002237
2026-01-12 10:15:00,10.34,9.283061340153218,9.908507020622492,9.311168516925912,9.575509902829758
2026-01-12 10:30:00,10.18,9.466768397390842,10.092214077860117,9.48451168826729,9.651383165210914
2026-01-12 10:45:00,10.58,9.623901132941246,10.24934681341052,9.630461878269033,9.692164144794562
2026-01-12 11:00:00,10.43,9.733266170620919,10.358711851090193,9.747040320514312,9.87658296017223
2026-01-12 11:15:00,10.71,9.921636407375336,10.547082087844611,9.915087199758114,9.853493442686409
2026-01-12 11:30:00,10.69,9.91132519841194,10.536770878881216,9.901471297381097,9.808797676116388
2026-01-12 11:45:00,10.81,10.027850208282471,10.653295888751746,10.001438010589052,9.753037504216339
2026-01-12 12:00:00,10.8,10.089853303432465,10.71529898390174,10.060950239895845,9.789123726193509
2026-01-12 12:15:00,10.85,10.0574378028512,10.682883483320476,10.027561378268423,9.746580632890417
2026-01-12 12:30:00,10.79,10.210048860311508,10.835494540780783,10.163580631094046,9.7265578660124
2026-01-12 12:45:00,10.9,10.271471799612046,10.89691748008132,10.220031771409872,9.736250406391893
2026-01-12 13:00:00,10.93,10.25091624110937,10.876361921578646,10.220647383987252,9.935975902888517
2026-01-12 13:15:00,11.12,10.348741483688354,10.974187164157629,10.31629819270631,10.011176672646448
2026-01-12 13:30:00,11.25,10.376365745961666,11.00181142643094,10.351147237320248,10.11397309569046
2026-01-12 13:45:00,11.28,10.41838070333004,11.043826383799315,10.40087801787132,10.236269378283852
2026-01-12 14:00:00,11.59,10.433189535140992,11.058635215610266,10.423549366209494,10.332885845062998
2026-01-12 14:15:00,11.54,10.52461360692978,11.150059287399054,10.518661031118278,10.462678455833835
2026-01-12 14:30:00,11.7,10.539141558408737,11.164587238878012,10.543122234522238,10.58055955699638
2026-01-12 14:45:00,11.87,10.54336820602417,11.168813886493444,10.556363754827483,10.678583834383328
2026-01-12 15:00:00,11.82,10.613097986578941,11.238543667048216,10.615883947645342,10.642085256133992
2026-01-12 15:15:00,11.72,11.063538063168526,11.6889837436378,11.027677063225003,10.690412794329168
2026-01-12 15:30:00,11.83,11.166914052963257,11.792359733432532,11.123652673954426,10.716789580738466
2026-01-12 15:45:00,11.88,11.185210894942283,11.810656575411558,11.141260223900069,10.727914501252128
2026-01-12 16:00:00,11.82,11.25543310046196,11.880878780931235,11.192730094110047,10.603023068980967
2026-01-12 16:15:00,11.77,11.260078592300415,11.88552427276969,11.197797856087137,10.61206218228146
2026-01-12 16:30:00,11.85,11.363291147947312,11.988736828416586,11.293279295211164,10.634834289096268
2026-01-12 16:45:00,11.69,11.416516909599304,12.041962590068579,11.345640987370794,10.679069610935057
2026-01-12 17:00:00,11.73,11.426792035698892,12.052237716168166,11.340602970891833,10.530015090611107
2026-01-12 17:15:00,11.57,11.529258878827095,12.15470455929637,11.442533650328514,10.626903276650648
2026-01-12 17:30:00,11.66,11.539486601948738,12.164932282418013,11.463305903059801,10.746844349973882
2026-01-12 17:45:00,11.72,11.57007708787918,12.195522768348456,11.50398541159726,10.882408742892348
2026-01-12 18:00:00,11.66,11.533448028564454,12.158893709033729,11.43260163224489,10.484164996929033
2026-01-12 18:15:00,11.93,11.592694675922393,12.218140356391668,11.499014397194905,10.617973412148695
2026-01-12 18:30:00,11.98,11.515445509552956,12.14089119002223,11.440188881151006,10.732417993626347
2026-01-12 18:45:00,12.5,11.532036551833153,12.157482232302428,11.463251433641295,10.816343577351018
2026-01-12 19:00:00,12.22,11.4481354033947,12.073581083863974,11.334098594847159,10.261609235304194
2026-01-12 19:15:00,12.17,11.400719690322877,12.026165370792151,11.291303135278833,10.26226617311531
2026-01-12 19:30:00,11.86,11.294488909244537,11.919934589713812,11.190999165200518,10.217702466330111
2026-01-12 19:45:00,11.58,11.180356688499451,11.805802368968726,11.07948480570978,10.13080847613775
2026-01-12 20:00:00,11.22,11.030086418390274,11.655532098859549,10.915250764008682,9.835248447308725
2026-01-12 20:15:00,10.96,11.030476962327958,11.655922642797233,10.901157049374163,9.684933687930732
2026-01-12 20:30:00,10.69,10.846249887347222,11.471695567816496,10.71850761914328,9.51712163546329
2026-01-12 20:45:00,10.46,10.674380131959916,11.29982581242919,10.546282197302036,9.341551254286074
2026-01-12 21:00:00,10.23,10.58837910234928,11.213824782818556,10.455971982126256,9.210714162518629
2026-01-12 21:15:00,9.89,10.261072152256967,10.886517832726241,10.143964338830756,9.042592900795514
2026-01-12 21:30:00,9.87,10.230247481465339,10.855693161934614,10.100920068647063,8.884626172742411
2026-01-12 21:45:00,9.66,9.95469043314457,10.580136113613845,9.837685990253418,8.737286727784566
2026-01-12 22:00:00,9.36,9.744505275189876,10.369950955659151,9.633206007994508,8.58646258091763
2026-01-12 22:15:00,9.1,9.553211265206338,10.178656945675613,9.447409365029458,8.452367381617332
2026-01-12 22:30:00,8.86,9.298536997437477,9.923982677906752,9.204314996579464,8.318179242324817
2026-01-12 22:45:00,8.63,9.104768835008144,9.73021451547742,9.015818489812567,8.17926141701302
2026-01-12 23:00:00,8.29,8.910145296454429,9.535590976923704,8.818435726827568,7.955928797303402
2026-01-12 23:15:00,8.16,8.794065308570861,9.419510989040136,8.69839327048585,7.79862025720313
2026-01-12 23:30:00,7.87,8.44592828720808,9.071373967677355,8.367661060404819,7.631576203098057
2026-01-12 23:45:00,7.87,8.281006605625153,8.906452286094428,8.201840906831407,7.457306131801448
2026-01-13 00:00:00,7.41,8.06974002301693,8.695185703486205,7.993740314060506,7.27898092871566
2026-01-13 00:15:00,7.35,7.891629347205162,8.517075027674437,7.815959810864263,7.104305621302015
2026-01-13 00:30:00,7.07,7.674999860525132,8.300445540994406,7.6041580149241765,6.937907121154758
2026-01-13 00:45:00,6.86,7.488882857114077,8.114328537583352,7.421232309998061,6.78499482779124
2026-01-13 01:00:00,6.88,7.311556806713343,7.9370024871826175,7.248876922878105,6.659387359579264
2026-01-13 01:15:00,6.55,7.112341546863318,7.737787227332593,7.057652966200967,6.543319729451127
2026-01-13 01:30:00,6.43,6.908052576482296,7.533498256951571,6.863713263834524,6.446712458306359
2026-01-13 01:45:00,6.47,6.769141333401203,7.394587013870478,6.730551685146454,6.367625120742734
2026-01-13 02:00:00,6.19,6.68165595382452,7.3071016342937956,6.641277596760796,6.261528646766129
2026-01-13 02:15:00,6.21,6.516350803375245,7.141796483844519,6.4865474233208795,6.206253644550345
2026-01-13 02:30:00,6.09,6.370644308030606,6.996089988499881,6.3500488252755565,6.156353154633971
2026-01-13 02:45:00,6.09,6.189442887306214,6.814888567775489,6.181631392262542,6.108166118872603
2026-01-13 03:00:00,6.09,6.144678910970688,6.770124591439963,6.126582237328413,5.956387278598304
2026-01-13 03:15:00,5.81,5.525411713421345,6.15085739389062,5.562035657978975,5.906475241503226
2026-01-13 03:30:00,5.83,5.519684089422226,6.145129769891501,5.552078098135406,5.856736130049236
2026-01-13 03:45:00,5.65,5.451743594408035,6.077189274877311,5.486185819862494,5.810106848426594
2026-01-13 04:00:00,5.65,5.386825923621655,6.01227160409093,5.428123136012129,5.816513704212792
2026-01-13 04:15:00,5.72,5.383618793785573,6.009064474254847,5.42255316498686,5.788721767613702
2026-01-13 04:30:00,5.7,5.376900482922792,6.002346163392067,5.415329455192364,5.776744899751255
2026-01-13 04:45:00,5.68,5.404584883302451,6.030030563771726,5.441019114840046,5.783674492037013
2026-01-13 05:00:00,5.68,5.415678418278694,6.04112409874797,5.45752370132037,5.851068745073075
2026-01-13 05:15:00,5.96,5.608655233979225,6.234100914448501,5.6365037647293414,5.898412645632065
2026-01-13 05:30:00,5.96,5.5911078189313415,6.216553499400616,5.626904154177542,5.9635602668061125
2026-01-13 05:45:00,5.96,5.714260401874781,6.3397060823440565,5.745838225727712,6.0428202310218335
2026-01-13 06:00:00,5.9,5.861500242054462,6.486945922523738,5.898905824228584,6.250696525671546
2026-01-13 06:15:00,6.25,5.988253151923418,6.613698832392693,6.022479323193474,6.344368412975629
2026-01-13 06:30:00,6.49,6.2163288658857345,6.84177454635501,6.237718755609953,6.4388856369284335
2026-01-13 06:45:00,6.97,6.40777428239584,7.033219962865115,6.419671343762947,6.531560407378164
2026-01-13 07:00:00,7.15,6.63511613458395,7.260561815053226,6.6699261003994605,6.997305640555792
2026-01-13 07:15:00,7.35,6.846691367179155,7.472137047648431,6.869637071389118,7.085436021972214
2026-01-13 07:30:00,7.4,7.078981878012419,7.704427558481694,7.088155423079425,7.174430456544171
2026-01-13 07:45:00,7.42,7.340123645365239,7.9655693258345135,7.333197973998347,7.268063663916465
2026-01-13 08:00:00,7.66,7.691782637238503,8.317228317707778,7.737418631577388,8.166614423392383
2026-01-13 08:15:00,8.14,7.899104867577553,8.524550548046829,7.935836848980055,8.281292493616842
2026-01-13 08:30:00,8.53,8.172723346352578,8.798169026821853,8.195561888819775,8.410353008419781
2026-01-13 08:45:00,8.76,8.269734955728055,8.89518063619733,8.297029563187078,8.553728925836284
2026-01-13 09:00:00,9.16,8.549116080105305,9.17456176057458,8.594101745186059,9.017181343305094
2026-01-13 09:15:00,9.83,9.202649970650674,9.828095651119948,9.200354717071297,9.178768397069115
2026-01-13 09:30:00,9.79,9.522995758056641,10.148441438525916,9.505364605419269,9.33954776223588
2026-01-13 09:45:00,10.22,9.591141430139542,10.216587110608817,9.581502056201808,9.490846011784658
2026-01-13 10:00:00,10.29,9.801617727279663,10.427063407748937,9.802171107566863,9.807375518996492
2026-01-13 10:15:00,10.47,9.952408722639085,10.57785440310836,9.948699656211016,9.913816758937696
2026-01-13 10:30:00,10.41,10.182884123921394,10.808329804390668,10.164147908794021,9.987938212835727
2026-01-13 10:45:00,10.61,10.359458094239235,10.98490377470851,10.32749824017094,10.02692333056618
2026-01-13 11:00:00,10.71,10.486058713197709,11.111504393666984,10.463351844647116,10.249799087259127
2026-01-13 11:15:00,10.72,10.754379378557205,11.37982505902648,10.703484588826987,10.224831063381473
2026-01-13 11:30:00,10.74,10.718972891569138,11.344418572038412,10.667001065684932,10.17821826856207
2026-01-13 11:45:00,10.73,10.874218351840973,11.499664032310248,10.801779050108339,10.120504457189629
2026-01-13 12:00:00,10.81,10.936952301859856,11.56239798232913,10.852319523435733,10.056368150501708
2026-01-13 12:15:00,10.61,10.909808790683746,11.53525447115302,10.823501722606416,10.011804049326653
2026-01-13 12:30:00,10.53,11.05078949213028,11.676235172599554,10.9488112214983,9.989729574524661
2026-01-13 12:45:00,10.58,11.150168066620827,11.775613747090102,11.039370142757779,9.997341731790492
2026-01-13 13:00:00,10.75,11.135602617263794,11.761048297733069,11.042881308922714,10.170859214782332
2026-01-13 13:15:00,10.7,11.282885792255401,11.908331472724676,11.1830317933615,10.243928422392646
2026-01-13 13:30:00,10.96,11.254185057878495,11.87963073834777,11.1667622036151,10.344570823721478
2026-01-13 13:45:00,11.29,11.304484570026398,11.929930250495673,11.223772333838056,10.464692738403485
2026-01-13 14:00:00,11.29,11.320346879959107,11.945792560428382,11.240931290246984,10.494046349911459
2026-01-13 14:15:00,11.37,11.415806572437287,12.041252252906562,11.339478440156988,10.621630310706026
2026-01-13 14:30:00,11.29,11.428295488357545,12.05374116882682,11.361882969980401,10.737288856841529
2026-01-13 14:45:00,11.68,11.403706785440445,12.02915246590972,11.34886384100071,10.833078849235502
2026-01-13 15:00:00,11.58,11.473550474643707,12.098996155112982,11.40723162995332,10.78351849580353
2026-01-13 15:15:00,11.74,11.071889477372169,11.697335157841444,11.048602586618745,10.829594856851607
2026-01-13 15:30:00,11.79,11.20193565607071,11.827381336539984,11.168468264660428,10.853715320971853
2026-01-13 15:45:00,11.93,11.183204404711724,11.808650085180998,11.152389347505364,10.862580983096864
2026-01-13 16:00:00,11.82,11.24260245859623,11.868048139065504,11.172802095025734,10.51634609476526
2026-01-13 16:15:00,12.03,11.251201500296593,11.876647180765868,11.1812263689957,10.52312671934139
2026-01-13 16:30:00,11.99,11.360821948051452,11.986267628520727,11.282283132428391,10.543644046157167
2026-01-13 16:45:00,12.18,11.414146760702133,12.039592441171408,11.334518218652875,10.585630511679316
2026-01-13 17:00:00,11.82,11.425577245950699,12.051022926419973,11.330258952356258,10.433812822796149
2026-01-13 17:15:00,11.83,11.548822866082192,12.174268546551467,11.45075700324811,10.528470631299115
2026-01-13 17:30:00,11.87,11.550416172146797,12.175861852616071,11.463511535561706,10.646193871032322
2026-01-13 17:45:00,11.88,11.588794189095497,12.214239869564771,11.511018377723918,10.779555166956609
2026-01-13 18:00:00,11.87,11.55568285524845,12.181128535717725,11.462101379141442,10.581989609499526
2026-01-13 18:15:00,12.07,11.621075617074967,12.246521297544241,11.533861278301398,10.713630937540552
2026-01-13 18:30:00,12.43,11.552632084488868,12.178077764958143,11.482788852024362,10.825929679899739
2026-01-13 18:45:00,12.36,11.574604426026344,12.200050106495619,11.510511519967594,10.907732815041436
2026-01-13 19:00:00,12.61,11.512511477470397,12.137957157939672,11.460917538767482,10.975688681694344
2026-01-13 19:15:00,12.4,11.470698513388633,12.096144193857908,11.42298746811088,10.974276310329474
2026-01-13 19:30:00,12.06,11.36403403043747,11.989479710906744,11.32209545367635,10.927673004437722
2026-01-13 19:45:00,11.83,11.262704151272773,11.888149831742048,11.22196003351196,10.838771190198965
2026-01-13 20:00:00,11.27,11.128881299495697,11.754326979964972,11.103493039618877,10.864722427550657
2026-01-13 20:15:00,11.09,11.126979520320893,11.752425200790167,11.087141038993023,10.712469493299242
2026-01-13 20:30:00,10.95,10.961339365243912,11.586785045713187,10.92110950070832,10.54275708801089
2026-01-13 20:45:00,10.74,10.780862785577774,11.406308466047049,10.740925635866523,10.36532613723676
2026-01-13 21:00:00,10.5,10.698942657113076,11.32438833758235,10.634812891823964,10.03168753450666
2026-01-13 21:15:00,10.26,10.635213952064515,11.26065963253379,10.56088041950836,9.861791031273832
2026-01-13 21:30:00,9.93,10.60487887620926,11.230324556678534,10.518112442369251,9.702094542147973
2026-01-13 21:45:00,9.65,10.327923793792724,10.953369474261999,10.253452994859378,9.5530726486365
2026-01-13 22:00:00,9.65,10.102283496260643,10.727729176729918,10.05137354326283,9.572577410852416
2026-01-13 22:15:00,9.41,9.901625275611877,10.527070956081152,9.85696059100387,9.436899738726858
2026-01-13 22:30:00,9.06,9.646957375407219,10.272403055876493,9.613724941083035,9.301181713520329
2026-01-13 22:45:00,8.78,9.442736148834229,10.068181829303503,9.41563819071587,9.16078826885782
2026-01-13 23:00:00,8.55,9.234325065016746,9.85977074548602,9.19365569581046,8.81116984506971
2026-01-13 23:15:00,8.32,9.112325364947319,9.737771045416594,9.068131547467123,8.652499089765215
2026-01-13 23:30:00,8.12,8.76297320008278,9.388418880552054,8.736175734176424,8.484151870887583
2026-01-13 23:45:00,7.84,8.586428945064545,9.21187462553382,8.559730623636618,8.308639190845657
2026-01-14 00:00:00,7.65,8.37076308310032,8.996208763569594,8.343797987713277,8.090197608589992
2026-01-14 00:15:00,7.38,8.186441202163696,8.81188688263297,8.160295866326894,7.914405132941825
2026-01-14 00:30:00,7.28,7.956212367117405,8.58165804758668,7.936100608753956,7.746954252229022
2026-01-14 00:45:00,7.27,7.765553698539734,8.39099937900901,7.748974945985693,7.593055678030266
2026-01-14 01:00:00,7.04,7.591271697580814,8.21671737805009,7.563153703261232,7.298710580873509
2026-01-14 01:15:00,7.04,7.382508275210857,8.007953955680133,7.363217529066296,7.181792599333525
2026-01-14 01:30:00,6.78,7.16830836802721,7.793754048496485,7.160244402275688,7.084404701267027
2026-01-14 01:45:00,6.71,7.021279188096523,7.646724868565798,7.019676881285471,7.004607562637707
2026-01-14 02:00:00,6.43,6.937206822931767,7.562652503401042,6.932847386133795,6.891847908517967
2026-01-14 02:15:00,6.48,6.756206334233284,7.38165201470256,6.76387604205881,6.836007840014647
2026-01-14 02:30:00,6.27,6.610708199739457,7.236153880208732,6.627518563483321,6.785616080197185
2026-01-14 02:45:00,6.31,6.424216217547655,7.0496618980169306,6.454279004805657,6.737012447306107
2026-01-14 03:00:00,6.31,6.3643142417073255,6.989759922176601,6.381277116766789,6.540808966528667
2026-01-14 03:15:00,6.09,5.85548749268055,6.480933173149825,5.916531119793347,6.490632073513837
2026-01-14 03:30:00,6.09,5.85199293807149,6.477438618540765,5.9085739498592025,6.440705056187026
2026-01-14 03:45:00,6.09,5.783156739026309,6.408602419495583,5.84186145104846,6.393965458523765
2026-01-14 04:00:00,6.14,5.715679838061333,6.341125518530609,5.76975892310773,6.278359996961013
2026-01-14 04:15:00,6.14,5.7062050794065,6.3316507598757745,5.758528176828759,6.250614600137495
2026-01-14 04:30:00,5.94,5.696799656450748,6.322245336920023,5.748887692167214,6.238763415426472
2026-01-14 04:45:00,5.89,5.726838286817074,6.352283967286349,5.776725040945916,6.245898228680427
2026-01-14 05:00:00,5.94,5.737464867085219,6.362910547554494,5.7830319774882115,6.211579932089689
2026-01-14 05:15:00,6.02,5.906160745471716,6.531606425940991,5.940099842165811,6.25928906308952
2026-01-14 05:30:00,6.03,5.899238849431277,6.5246845299005525,5.940147358260158,6.324882260898669
2026-01-14 05:45:00,6.02,6.017335763275623,6.642781443744898,6.0545622202647875,6.404668291478787
2026-01-14 06:00:00,6.09,6.147666006088257,6.773111686557533,6.176916154503415,6.452006919843722
2026-01-14 06:15:00,6.51,6.272304884642363,6.897750565111638,6.298644850242142,6.546366030765303
2026-01-14 06:30:00,6.66,6.484406856298447,7.109852536767722,6.499519563439202,6.641651019140118
2026-01-14 06:45:00,6.99,6.678815312683582,7.304260993152857,6.684231934163228,6.735173985028938
2026-01-14 07:00:00,7.41,6.90282197624445,7.528267656713725,6.926841848277163,7.152743094557031
2026-01-14 07:15:00,7.41,7.109904715418816,7.735350395888091,7.122589022877066,7.241881950795806
2026-01-14 07:30:00,7.51,7.324583604931831,7.950029285401106,7.325292989277642,7.331964582181699
2026-01-14 07:45:00,7.65,7.593428886830807,8.218874567300082,7.577410885021652,7.426765345916635
2026-01-14 08:00:00,7.71,7.9226659163832664,8.548111596852541,7.949881729282175,8.205840047628328
2026-01-14 08:15:00,8.49,8.123537450432778,8.748983130902053,8.142596565133735,8.32184305562599
2026-01-14 08:30:00,8.8,8.397410278022289,9.022855958491563,8.402686334587306,8.452306405495982
2026-01-14 08:45:00,9.3,8.509636120796204,9.135081801265478,8.518048259386735,8.597162444045658
2026-01-14 09:00:00,9.37,8.76340407192707,9.388849752396345,8.78678672427026,9.006695069263175
2026-01-14 09:15:00,9.87,8.987975679934024,9.613421360403299,9.005461808842023,9.169914737964527
2026-01-14 09:30:00,10.05,9.287550119161606,9.912995799630881,9.291860806305248,9.332401804889468
2026-01-14 09:45:00,10.33,9.371504330635071,9.996950011104346,9.382458702189881,9.485481989869088
2026-01-14 10:00:00,10.51,9.563829532265663,10.189275212734938,9.603472223407673,9.976302408459109
2026-01-14 10:15:00,10.83,9.70744180649519,10.332887486964465,9.743697258491821,10.084671256160275
2026-01-14 10:30:00,11.01,9.931022904515267,10.556468584984541,9.953105934848324,10.160791640545677
2026-01-14 10:45:00,11.07,10.094783566892147,10.720229247361422,10.105073310283045,10.201845926420951
2026-01-14 11:00:00,11.25,10.221834514141083,10.847280194610358,10.244852434319041,10.461330559093799
2026-01-14 11:15:00,11.37,10.455350781083107,11.080796461552382,10.453737858401128,10.438568699984465
2026-01-14 11:30:00,11.54,10.429899626970291,11.055345307439566,10.426471302696417,10.39422871934438
2026-01-14 11:45:00,11.6,10.571921778917313,11.197367459386587,10.54952158855969,10.338853067436775
2026-01-14 12:00:00,11.6,10.631304267644882,11.256749948114157,10.595292849353486,10.256613931278762
2026-01-14 12:15:00,11.36,10.601492039561272,11.226937720030547,10.564299706136364,10.214514559017314
2026-01-14 12:30:00,11.45,10.736912442445755,11.36235812291503,10.684826064824595,10.194965935561651
2026-01-14 12:45:00,11.56,10.830977638363839,11.456423318833114,10.770830764006849,10.205163559011828
2026-01-14 13:00:00,11.79,10.816395208835601,11.441840889304876,10.771825629013506,10.352659214876523
2026-01-14 13:15:00,12.02,10.951091124415397,11.576536804884672,10.90085810793671,10.428428404253083
2026-01-14 13:30:00,11.99,10.92451432645321,11.549960006922484,10.886773085805299,10.531825595373181
2026-01-14 13:45:00,12.2,10.969942651987076,11.59538833245635,10.939650065475986,10.65475541505586
2026-01-14 14:00:00,12.35,10.975793735980988,11.601239416450262,10.945858039333697,10.664319854131474
2026-01-14 14:15:00,12.33,11.069808698892594,11.695254379361868,11.04337888476694,10.794812699992967
2026-01-14 14:30:00,12.73,11.083744466900825,11.7091901473701,11.06737537475411,10.91342791361124
2026-01-14 14:45:00,12.5,11.072176017761231,11.697621698230506,11.066413703964137,11.01222049816994
2026-01-14 15:00:00,12.65,11.12139233648777,11.746838016957044,11.110825190040668,11.011443663412585
2026-01-14 15:15:00,12.82,11.7529705119133,12.378416192382575,11.68642775154199,11.060608743084751
2026-01-14 15:30:00,12.93,11.881212547421454,12.506658227890728,11.80496339536856,11.087858056377831
2026-01-14 15:45:00,12.92,11.881714877486228,12.507160557955503,11.806573901539464,11.099890698150935
2026-01-14 16:00:00,12.87,11.934134788513182,12.559580468982457,11.835306630104649,10.905851047592488
2026-01-14 16:15:00,13.04,11.941846616268156,12.567292296737431,11.843240078561902,10.915868786622916
2026-01-14 16:30:00,13.07,12.058900841474532,12.684346521943807,11.951330349201912,10.939655173154787
2026-01-14 16:45:00,13.04,12.094556370973585,12.72000205144286,11.98791139918378,10.984940525567604
2026-01-14 17:00:00,12.71,12.104709098339079,12.730154778808354,11.984532206993535,10.854296813065295
2026-01-14 17:15:00,12.58,12.219446237683295,12.84489191815257,12.097661693985746,10.952306707854508
2026-01-14 17:30:00,12.71,12.216285095810889,12.841730776280164,12.106443137714347,11.073405359909508
2026-01-14 17:45:00,12.72,12.256574797034263,12.882020477503538,12.156004372210436,11.210163183895293
2026-01-14 18:00:00,12.66,12.2224488979578,12.847894578427075,12.101875655485628,10.967912672445012
2026-01-14 18:15:00,12.68,12.282507055997847,12.907952736467122,12.1691435127404,11.10298605487874
2026-01-14 18:30:00,13.04,12.194835602045059,12.820281282514333,12.1010223929928,11.21873122951126
2026-01-14 18:45:00,13.22,12.215741730332374,12.841187410801648,12.128113720347013,11.303992899147012
2026-01-14 19:00:00,13.34,12.1568113386631,12.782257019132375,12.072656470319634,11.281199729275517
2026-01-14 19:15:00,13.25,12.113925793766974,12.739371474236249,12.034090969162882,11.283263223284896
2026-01-14 19:30:00,13.01,11.991014117002486,12.61645979747176,11.918847841175197,11.240140992672467
2026-01-14 19:45:00,12.72,11.874528727531432,12.499974408000707,11.80534834785292,11.15472315025791
2026-01-14 20:00:00,12.2,11.733092391490937,12.358538071960211,11.685162623466837,11.234394429706136
2026-01-14 20:15:00,12.0,11.733591891527176,12.359037571996451,11.671315847469879,11.085624302287451
2026-01-14 20:30:00,11.91,11.549630131721496,12.175075812190771,11.489057931574736,10.919390637576196
2026-01-14 20:45:00,11.8,11.379626072645188,12.005071753114462,11.318673802385073,10.745432038374197
2026-01-14 21:00:00,11.61,11.26819440662861,11.893640087097884,11.186797844922205,10.42128232896397
2026-01-14 21:15:00,11.3,11.33346052467823,11.958906205147505,11.229794357599733,10.254838441590007
2026-01-14 21:30:00,11.0,11.302408036589622,11.927853717058897,11.186708467005346,10.098581231042672
2026-01-14 21:45:00,10.72,11.015598794817924,11.641044475287199,10.913470986727724,9.952982975135164
2026-01-14 22:00:00,10.67,10.787136251330375,11.41258193179965,10.686965790453328,9.744886168974256
2026-01-14 22:15:00,10.22,10.58148232281208,11.206928003281355,10.488362645007637,9.612593979772642
2026-01-14 22:30:00,10.24,10.327046484947205,10.95249216541648,10.24565997057316,9.480238947412309
2026-01-14 22:45:00,10.05,10.104570159316063,10.730015839785338,10.03139345352542,9.343183748900493
2026-01-14 23:00:00,9.67,9.887909896075726,10.513355576545,9.811400224910876,9.091844764954052
2026-01-14 23:15:00,9.44,9.762672997117043,10.388118677586318,9.683265441388652,8.93645605878029
2026-01-14 23:30:00,9.14,9.406102136969567,10.031547817438842,9.345097138307942,8.771359476084164
2026-01-14 23:45:00,8.82,9.215856298804283,9.841301979273558,9.156576490441967,8.599063837167142
2026-01-15 00:00:00,8.54,8.98962664783001,9.615072328299284,8.945322475938019,8.528652160951832
2026-01-15 00:15:00,8.35,8.801385177373886,9.42683085784316,8.7585795874845,8.35600308372178
2026-01-15 00:30:00,8.04,8.555178354978562,9.180624035447837,8.52024025126105,8.191655604278246
2026-01-15 00:45:00,7.99,8.35818643629551,8.983632116764785,8.327684249090673,8.040818353450167
2026-01-15 01:00:00,7.71,8.191301422417164,8.816747102886438,8.139422135340018,7.651509643929679
2026-01-15 01:15:00,7.7,7.973570700883865,8.59901638135314,7.93166605393492,7.537562706598491
2026-01-15 01:30:00,7.51,7.749469231367112,8.374914911836386,7.720023922092438,7.4430977147760125
2026-01-15 01:45:00,7.29,7.588549917638302,8.213995598107577,7.56717735109945,7.3661733902644055
2026-01-15 02:00:00,7.34,7.4999756845831875,8.125421365052462,7.493668291787478,7.4343487462300795
2026-01-15 02:15:00,7.27,7.312229999750853,7.937675680220128,7.318865958369576,7.381275588203968
2026-01-15 02:30:00,7.0,7.164575383514166,7.790021063983442,7.1808198275508,7.333595002539299
2026-01-15 02:45:00,7.03,6.960008362829686,7.585454043298961,6.991497459223647,7.287645003637502
2026-01-15 03:00:00,6.75,6.879651117622853,7.5050967980921275,6.857235510388847,6.64642199717005
2026-01-15 03:15:00,6.75,6.537599718868733,7.163045399338008,6.543479591644344,6.598778411978126
2026-01-15 03:30:00,6.73,6.52376883879304,7.1492145192623155,6.526416968220975,6.551322002571949
2026-01-15 03:45:00,6.76,6.430907112509012,7.056352792978288,6.43821929789225,6.5069886813782745
2026-01-15 04:00:00,6.82,6.357058402299881,6.982504082769156,6.360699377414526,6.394941891902198
2026-01-15 04:15:00,6.58,6.336589513421059,6.962035193890333,6.3397495931714865,6.369469399879581
2026-01-15 04:30:00,6.47,6.30977817684412,6.935223857313396,6.314587896241341,6.359822175783249
2026-01-15 04:45:00,6.54,6.312365530431271,6.937811210900547,6.317817362998777,6.369090565863101
2026-01-15 05:00:00,6.71,6.320170218497515,6.945615898966791,6.324955947180761,6.3699645997010546
2026-01-15 05:15:00,6.76,6.4683337092399595,7.093779389709235,6.46365592122688,6.419662425318623
2026-01-15 05:30:00,6.76,6.456545225381851,7.081990905851127,6.459488559455786,6.487169924061491
2026-01-15 05:45:00,6.71,6.556695867031813,7.182141547501088,6.557858677034845,6.56879463158588
2026-01-15 06:00:00,7.04,6.6794962882995605,7.304941968768835,6.675132219637893,6.634089180433561
2026-01-15 06:15:00,7.33,6.801871674656868,7.427317355126144,6.7949768118875555,6.730132249418812
2026-01-15 06:30:00,7.36,6.986962969601154,7.61240865007043,6.971591093339996,6.827022213025964
2026-01-15 06:45:00,7.75,7.18697629749775,7.812421977967025,7.161516218560421,6.922070165122106
2026-01-15 07:00:00,7.99,7.410489474833012,8.035935155302287,7.438647172470081,7.703463695219353
2026-01-15 07:15:00,8.44,7.631791338622571,8.257237019091846,7.647377797220617,7.793964773936933
2026-01-15 07:30:00,8.53,7.824779828190803,8.450225508660079,7.830599002802968,7.885326971187554
2026-01-15 07:45:00,8.43,8.107925244271755,8.73337092474103,8.09575761020849,7.9813238740326495
2026-01-15 08:00:00,8.35,8.423372959792614,9.048818640261889,8.41851753350815,8.37285339144333
2026-01-15 08:15:00,9.05,8.644737437963485,9.27018311843276,8.629854466187151,8.489883617548031
2026-01-15 08:30:00,9.29,8.917942732572556,9.54338841304183,8.889431379824536,8.62128881394697
2026-01-15 08:45:00,9.47,9.04725770264864,9.672703383117915,9.020322264276821,8.767000802405521
2026-01-15 09:00:00,9.64,9.30079606771469,9.926241748183966,9.298919964509194,9.281275655176724
2026-01-15 09:15:00,10.02,9.584073787629604,10.209519468098879,9.570724554350825,9.44517815550032
2026-01-15 09:30:00,10.18,9.896161905527116,10.52160758599639,9.868491799193162,9.608260957953709
2026-01-15 09:45:00,10.28,9.975330538749695,10.60077621921897,9.954812916776643,9.761849508474567
2026-01-15 10:00:00,10.56,10.183005461394787,10.808451141864062,10.186846715967862,10.222972811650392
2026-01-15 10:15:00,10.65,10.333255213797093,10.958700894266368,10.33310331255661,10.33167471712154
2026-01-15 10:30:00,10.84,10.56370479106903,11.189150471538305,10.548743910552073,10.40804034853384
2026-01-15 10:45:00,10.78,10.72472067952156,11.350166359990835,10.69824544103026,10.449252050782533
2026-01-15 11:00:00,10.88,10.863597254753113,11.489042935222388,10.849417069707279,10.716055764952166
2026-01-15 11:15:00,10.43,11.096779578328134,11.722225258797408,11.057998910872545,10.693275855818312
2026-01-15 11:30:00,10.31,11.090941936969758,11.716387617439032,11.048450671623684,10.648830316252345
2026-01-15 11:45:00,10.41,11.24050257742405,11.865948257893324,11.178296390044894,10.593261830488014
2026-01-15 12:00:00,10.45,11.290954203605652,11.916399884074927,11.218444855563686,10.536511493582685
2026-01-15 12:15:00,10.35,11.275493757724762,11.900939438194037,11.200388929896906,10.494045691063594
2026-01-15 12:30:00,10.35,11.394533955454827,12.019979635924102,11.306065880047571,10.474044441162993
2026-01-15 12:45:00,10.12,11.50303795695305,12.128483637422324,11.405069934292973,10.483703726165583
2026-01-15 13:00:00,10.21,11.4984221804142,12.123867860883475,11.353469836339016,9.990227137411342
2026-01-15 13:15:00,10.04,11.653766691684723,12.279212372153998,11.501098326430435,10.065288263350814
2026-01-15 13:30:00,10.1,11.599193836450578,12.224639516919853,11.461631828260703,10.167893499907716
2026-01-15 13:45:00,9.96,11.656859205365182,12.282304885834456,11.525485643961629,10.289948201927377
2026-01-15 14:00:00,9.86,11.65376386165619,12.279209542125464,11.51693032379415,10.230043087516572
2026-01-15 14:15:00,10.08,11.740325944423676,12.36577162489295,11.607614723777196,10.359496911220436
2026-01-15 14:30:00,10.1,11.760785635709762,12.386231316179037,11.63740051499268,10.476992478496019
2026-01-15 14:45:00,10.18,11.7579867374897,12.383432417958975,11.64425028992006,10.574585754720413
2026-01-15 15:00:00,10.18,11.785145813822746,12.41059149429202,11.680271694333355,10.693955270045482
2026-01-15 15:15:00,10.14,10.692053660154343,11.317499340623618,10.696831391440291,10.741764830320234
2026-01-15 15:30:00,10.28,10.812735981941223,11.438181662410498,10.808396259050413,10.767582186094145
2026-01-15 15:45:00,10.25,10.821630761623382,11.447076442092657,10.817447760249008,10.77810761628927
2026-01-15 16:00:00,10.43,10.876794385313987,11.502240065783262,10.853538650224687,10.634823932149885
2026-01-15 16:15:00,10.28,10.89986477792263,11.525310458391905,10.875195593361866,10.643187715493275
2026-01-15 16:30:00,10.41,11.026687554121018,11.652133234590293,10.991949739045845,10.665248759630384
2026-01-15 16:45:00,10.37,11.062570900917054,11.688016581386329,11.028564161210225,10.708738773663386
2026-01-15 17:00:00,10.46,11.09846061527729,11.723906295746565,11.061923017708168,10.71829550729946
2026-01-15 17:15:00,10.6,11.184246562719345,11.80969224318862,11.148698221921833,10.814374438747526
2026-01-15 17:30:00,10.99,11.221539971232414,11.846985651701688,11.19385425371234,10.933476592939646
2026-01-15 17:45:00,11.21,11.241230602264405,11.86667628273368,11.224598161082113,11.068173964207142
2026-01-15 18:00:00,11.29,11.21753618836403,11.842981868833304,11.214908708130157,11.190197874592023
2026-01-15 18:15:00,11.5,11.304691869616509,11.930137550085783,11.306459899915268,11.323087808981809
2026-01-15 18:30:00,11.66,11.24205626308918,11.867501943558455,11.260752919942092,11.43659057963435
2026-01-15 18:45:00,11.9,11.280086894035339,11.905532574504614,11.303101901979485,11.519552637880265
2026-01-15 19:00:00,11.9,11.261817644834519,11.887263325303794,11.282484473057941,11.476851131046985
2026-01-15 19:15:00,11.66,11.219309908747674,11.844755589216948,11.244028976915075,11.476505998369968
2026-01-15 19:30:00,11.57,11.131378799676895,11.75682448014617,11.16016797594443,11.430923406670699
2026-01-15 19:45:00,11.33,11.035593653917314,11.661039334386588,11.065137974903228,11.34299536407337
2026-01-15 20:00:00,11.1,10.904856240749359,11.530301921218634,10.941411042873227,11.285200358072313
2026-01-15 20:15:00,10.77,10.912302045822143,11.537747726291418,10.933592687933922,11.1338261688034
2026-01-15 20:30:00,10.59,10.804003221392632,11.429448901861907,10.819471255836394,10.964944481238541
2026-01-15 20:45:00,10.58,10.665278760194779,11.290724440664054,10.677101916108748,10.788295916321964
2026-01-15 21:00:00,10.35,10.54839858174324,11.173844262212516,10.558776054800282,10.656373747811655
2026-01-15 21:15:00,10.12,10.56380808711052,11.189253767579794,10.556441662259035,10.487162169332885
2026-01-15 21:30:00,9.99,10.519494792819023,11.144940473288298,10.501100022433182,10.328101533951042
2026-01-15 21:45:00,10.04,10.354874155521394,10.980319835990668,10.338034954991649,10.179666235089833
2026-01-15 22:00:00,9.52,10.16488018989563,10.790325870364905,10.153534012908821,10.046825887305921
2026-01-15 22:15:00,9.51,10.007328256368638,10.632773936837912,9.998131276636903,9.911635845662902
2026-01-15 22:30:00,9.23,9.812451076507568,10.437896756976842,9.808981966692691,9.77635580492151
2026-01-15 22:45:00,9.04,9.631225246787071,10.256670927256346,9.63171784628545,9.636350628693656
2026-01-15 23:00:00,8.71,9.474232951402664,10.099678631871939,9.468064829686183,9.410055095868213
2026-01-15 23:15:00,8.5,9.304448219537734,9.92989390000701,9.299376011277193,9.25167308572094
2026-01-15 23:30:00,8.35,9.068838438987733,9.694284119457008,9.070253792936395,9.083564863890256
2026-01-15 23:45:00,8.12,8.889924388825893,9.515370069295168,8.891684841130067,8.908241480940111
2026-01-16 00:00:00,7.93,8.710460605621337,9.335906286090612,8.702053590484779,8.622987590705266
2026-01-16 00:15:00,7.88,8.56245435833931,9.187900038808584,8.551385479220853,8.447285274841114
2026-01-16 00:30:00,7.62,8.3437313580513,8.969177038520575,8.33759415222291,8.279875175060097
2026-01-16 00:45:00,7.69,8.187889469265938,8.813335149735213,8.181938224560652,8.125968168017058
2026-01-16 01:00:00,7.41,8.054805254936218,8.680250935405493,8.041051341302234,7.91169901890388
2026-01-16 01:15:00,7.17,7.842044063508511,8.467489743977787,7.837491411295234,7.794674788148468
2026-01-16 01:30:00,7.08,7.672334327399731,8.297780007869006,7.674717636245372,7.697132095313552
2026-01-16 01:45:00,7.13,7.518746202588082,8.144191883057356,7.528202033201082,7.61713189582395
2026-01-16 02:00:00,6.4,7.403176681101322,8.028622361570598,7.418734098942609,7.565047954172852
2026-01-16 02:15:00,6.85,7.274835594594479,7.9002812750637545,7.29733236924331,7.508909242905536
2026-01-16 02:30:00,6.57,7.151813546717167,7.777259227186443,7.1812575600721935,7.45817157956917
2026-01-16 02:45:00,6.57,7.029476542621851,7.654922223091127,7.065969307034952,7.409175172157372
2026-01-16 03:00:00,6.41,6.914496374577284,7.539942055046559,6.943333595930149,7.214540879382316
2026-01-16 03:15:00,6.41,6.364579910635948,6.990025591105223,6.441400372484477,7.16387874571409
2026-01-16 03:30:00,6.36,6.348766064941883,6.974211745411159,6.422256902748378,7.113420945089201
2026-01-16 03:45:00,6.41,6.313496480584145,6.93894216105342,6.385829594513534,7.0661055161212385
2026-01-16 04:00:00,6.41,6.2655856893956665,6.891031369864942,6.335396890224723,6.991954812352702
2026-01-16 04:15:00,6.46,6.25292785614729,6.878373536616564,6.321225144184064,6.963545072617922
2026-01-16 04:30:00,6.26,6.252314801216126,6.877760481685401,6.319463972264082,6.950986130489346
2026-01-16 04:45:00,6.32,6.275163213461638,6.900608893930913,6.340730015443764,6.957370364825135
2026-01-16 05:00:00,6.32,6.310049859583378,6.935495540052653,6.36840662163929,6.917238241530282
2026-01-16 05:15:00,6.3,6.388137421905995,7.01358310237527,6.443494329374844,6.964113022529473
2026-01-16 05:30:00,6.5,6.415396610498428,7.040842290967703,6.4743536719128185,7.0288309660620545
2026-01-16 05:45:00,6.44,6.481819325834513,7.107265006303788,6.541972746850938,7.107701521637977
2026-01-16 06:00:00,6.78,6.585763620734215,7.211209301203491,6.648955132507963,7.2432564362183784
2026-01-16 06:15:00,6.73,6.674519152492285,7.29996483296156,6.738153711079905,7.3366217658570125
2026-01-16 06:30:00,6.97,6.8588288289308545,7.48427450940013,6.913808072770044,7.4308749283254265
2026-01-16 06:45:00,7.54,7.005788496285677,7.631234176754953,7.055529197213899,7.523328788952629
2026-01-16 07:00:00,7.49,7.197039525210857,7.822485205680133,7.257401819740483,7.825095000785918
2026-01-16 07:15:00,7.61,7.345988171994686,7.971433852463962,7.40049246928938,7.913092564315326
2026-01-16 07:30:00,7.86,7.516790299117566,8.142235979586841,7.563423619761557,8.001999030875291
2026-01-16 07:45:00,8.1,7.73357897490263,8.359024655371906,7.768371748034183,8.095589595042123
2026-01-16 08:00:00,8.38,7.943588317334652,8.569033997803928,8.017706136496328,8.71476679099797
2026-01-16 08:15:00,8.96,8.113772436976433,8.739218117445708,8.182560313080167,8.829494106882885
2026-01-16 08:30:00,9.46,8.36429293036461,8.989738610833884,8.421416509845947,8.958650337704263
2026-01-16 08:45:00,9.69,8.490020131766796,9.11546581223607,8.548853619200678,9.102168729131504
2026-01-16 09:00:00,9.75,8.652611992359162,9.278057672828437,8.743131954488868,9.594450905333332
2026-01-16 09:15:00,10.31,9.059574340581895,9.68502002105117,9.126534074515055,9.756274621236889
2026-01-16 09:30:00,10.65,9.283150839805604,9.908596520274878,9.344102447759006,9.917337982931034
2026-01-16 09:45:00,11.04,9.41029942303896,10.035745103508235,9.473603904290465,10.068967659365416
2026-01-16 10:00:00,11.03,9.582839187681675,10.20828486815095,9.655044062266544,10.334113923004733
2026-01-16 10:15:00,11.33,9.698101651072502,10.323547331541777,9.769499699050769,10.440981545343458
2026-01-16 10:30:00,11.57,9.893422437906265,10.51886811837554,9.953217578485848,10.51557681004258
2026-01-16 10:45:00,11.58,10.027040820121766,10.65248650059104,10.077790862152646,10.55508306953484
2026-01-16 11:00:00,11.87,10.160723939239979,10.786169619709254,10.225527400625953,10.834988711260902
2026-01-16 11:15:00,11.88,10.317255293726921,10.942700974196196,10.36467402184649,10.81063600551684
2026-01-16 11:30:00,11.98,10.335491290092468,10.960936970561743,10.37674104414167,10.76468527780629
2026-01-16 11:45:00,11.96,10.444844300150871,11.070289980620146,10.470105389473694,10.707679992395853
2026-01-16 12:00:00,12.07,10.504993726611138,11.130439407080413,10.510982380749512,10.567304264211469
2026-01-16 12:15:00,11.79,10.481289407610893,11.106735088080168,10.485350156554372,10.52354054515893
2026-01-16 12:30:00,11.77,10.611878244280815,11.23732392475009,10.601347829454532,10.502311755079871
2026-01-16 12:45:00,11.77,10.691094987988473,11.316540668457748,10.673768256237503,10.510814419881894
2026-01-16 13:00:00,12.05,10.68786380290985,11.313309483379125,10.707929869122403,10.896646501716297
2026-01-16 13:15:00,12.24,10.803711728453637,11.429157408922912,10.819760386212426,10.970694237312555
2026-01-16 13:30:00,12.27,10.791287195682525,11.4167328761518,10.818300884383227,11.072358272190865
2026-01-16 13:45:00,12.42,10.848971667289733,11.474417347759008,10.882088475085904,11.193544262351432
2026-01-16 14:00:00,12.56,10.829160052537919,11.454605733007194,10.854431943551825,11.092108133837735
2026-01-16 14:15:00,12.84,10.919798791408539,11.545244471877814,10.948731698537543,11.220838884206145
2026-01-16 14:30:00,12.8,10.946870136857033,11.572315817326308,10.984431223136482,11.337684404110862
2026-01-16 14:45:00,12.8,10.976975272893906,11.60242095336318,11.020967179682177,11.434700714821917
2026-01-16 15:00:00,12.85,10.994823555350305,11.62026923581958,11.033884156562568,11.401239922749575
2026-01-16 15:15:00,13.08,11.676374374628066,12.301820055097341,11.654484809969805,11.448618603435028
2026-01-16 15:30:00,13.01,11.770405610203744,12.395851290673018,11.74192561515271,11.47407796103901
2026-01-16 15:45:00,13.32,11.812349463105202,12.437795143574476,11.780822428613735,11.484318085317012
2026-01-16 16:00:00,13.22,11.884927667379378,12.510373347848653,11.826585043379978,11.277886388584779
2026-01-16 16:15:00,13.36,11.892178200483322,12.517623880952597,11.833929045013544,11.28610943975286
2026-01-16 16:30:00,13.37,12.018137110471724,12.643582790940998,11.949895721661889,11.308101512308237
2026-01-16 16:45:00,13.38,12.040727813243866,12.66617349371314,11.97449527996969,11.351593884386372
2026-01-16 17:00:00,13.34,12.0700270986557,12.695472779124975,11.987478255758901,11.211125806255778
2026-01-16 17:15:00,13.14,12.145593813061714,12.771039493530989,12.065030186001684,11.3073482244616
2026-01-16 17:30:00,13.03,12.172385693192481,12.797831373661756,12.100714476895122,11.426663546818656
2026-01-16 17:45:00,13.37,12.20297547161579,12.828421152085065,12.141337137212,11.56164310131255
2026-01-16 18:00:00,13.25,12.178606803417205,12.80405248388648,12.099225781033526,11.352665938290762
2026-01-16 18:15:00,13.24,12.241118596196173,12.866564276665448,12.16854177635554,11.48597385797943
2026-01-16 18:30:00,13.56,12.161398814916609,12.786844495385884,12.107439158986503,11.59996128787866
2026-01-16 18:45:00,13.55,12.186737475395201,12.812183155864476,12.138368896242396,11.68347378703763
2026-01-16 19:00:00,13.49,12.141022609472273,12.766468289941548,12.102465996672203,11.739850122948793
2026-01-16 19:15:00,13.43,12.104691410660742,12.730137091130016,12.069658681069273,11.740184100000688
2026-01-16 19:30:00,13.02,11.984436423182487,12.609882103651762,11.95665174651054,11.695343398192602
2026-01-16 19:45:00,12.89,11.870390518307685,12.49583619877696,11.845193254904942,11.608218919747369
2026-01-16 20:00:00,12.5,11.714059034585953,12.339504715055227,11.711272447789069,11.68506525445241
2026-01-16 20:15:00,12.18,11.728517650365829,12.353963330835104,11.709881650574959,11.534614456282853
2026-01-16 20:30:00,12.1,11.55713041484356,12.182576095312834,11.538829549223566,11.366714212975047
2026-01-16 20:45:00,11.92,11.430229812860489,12.055675493329764,11.407247460332997,11.191103840944296
2026-01-16 21:00:00,11.41,11.296833587884903,11.922279268354178,11.242360567958357,10.730054629222455
2026-01-16 21:15:00,11.13,11.119679461717606,11.74512514218688,11.066080093127688,10.56199063970402
2026-01-16 21:30:00,11.13,11.06907289147377,11.694518571943044,11.005165368705427,10.404130150017913
2026-01-16 21:45:00,10.91,10.87273541688919,11.498181097358465,10.813552017484547,10.256946067778383
2026-01-16 22:00:00,10.67,10.694046000242233,11.319491680711508,10.629301644931433,10.02039621302998
2026-01-16 22:15:00,10.34,10.517380761504173,11.142826441973448,10.456752206077134,9.886554903923997
2026-01-16 22:30:00,10.03,10.305431434512139,10.930877114981413,10.252305632373913,9.7526699600315
2026-01-16 22:45:00,9.98,10.11185288399458,10.737298564463854,10.064014389090715,9.614104597555672
2026-01-16 23:00:00,9.7,9.942119446396827,10.567565126866102,9.886391177884267,9.36227992146868
2026-01-16 23:15:00,9.23,9.772850487232208,10.398296167701483,9.7183150479409,9.2054220697623
2026-01-16 23:30:00,9.26,9.505646975636482,10.131092656105757,9.460785854631798,9.038877564251711
2026-01-16 23:45:00,8.96,9.325771069526672,9.951216749995947,9.281501409310076,8.865155668512806
2026-01-17 00:00:00,8.73,9.134675515294076,9.76012119576335,9.082489752831576,8.591694932514105
2026-01-17 00:15:00,8.49,8.953381764888764,9.578827445358039,8.901894045931162,8.41766416057667
2026-01-17 00:30:00,8.38,8.736099249124527,9.361544929593801,8.68956850792809,8.251957832388872
2026-01-17 00:45:00,8.18,8.564300951957703,9.189746632426978,8.519656402978102,8.099784921549745
2026-01-17 01:00:00,8.2,8.415137930512428,9.040583610981702,8.36977852191433,7.943183953930246
2026-01-17 01:15:00,7.97,8.195357560813427,8.820803241282702,8.160045959907958,7.827948659730032
2026-01-17 01:30:00,7.73,7.996472706794739,8.621918387264014,7.97107536827665,7.732219373722864
2026-01-17 01:45:00,7.68,7.84733409434557,8.472779774814844,7.8287580821503715,7.654055057084695
2026-01-17 02:00:00,7.45,7.721490508019924,8.346936188489199,7.712124398185787,7.624038338383121
2026-01-17 02:15:00,7.44,7.5760104149580005,8.201456095427275,7.575411073294294,7.569774405930101
2026-01-17 02:30:00,7.29,7.426080278903246,8.05152595937252,7.435196066923936,7.520927908954247
2026-01-17 02:45:00,7.29,7.2788959780335425,7.904341658502817,7.297631722909288,7.473836996261639
2026-01-17 03:00:00,7.05,7.164239848256111,7.789685528725386,7.166744082375497,7.190295815198025
2026-01-17 03:15:00,7.04,6.405240345597267,7.030686026066542,6.476008044800682,7.1415616091426575
2026-01-17 03:30:00,6.9,6.402973138988018,7.028418819457293,6.469295319058625,7.09303982167477
2026-01-17 03:45:00,6.9,6.3496745041012765,6.975120184570551,6.416758374390548,7.047666394341047
2026-01-17 04:00:00,6.87,6.314578612744809,6.940024293214083,6.37780640834884,6.972448952948044
2026-01-17 04:15:00,6.64,6.298840470314026,6.924286150783301,6.361037591123717,6.945986881727485
2026-01-17 04:30:00,6.76,6.297781509011984,6.92322718948126,6.359060527455822,6.935375281273707
2026-01-17 04:45:00,6.73,6.335497829914093,6.960943510383368,6.393952452050287,6.943704422976733
2026-01-17 05:00:00,6.81,6.37254290342331,6.997988583892585,6.405372175503615,6.714123756998376
2026-01-17 05:15:00,6.77,6.480479307323694,7.105924987792969,6.507625808166999,6.762932262934454
2026-01-17 05:30:00,6.87,6.4942024694383145,7.11964814990759,6.526435079191958,6.829575191857179
2026-01-17 05:45:00,6.87,6.569651914536953,7.195097595006228,6.602397295715637,6.910359903014277
2026-01-17 06:00:00,6.98,6.6854163542389875,7.310862034708263,6.701225742256025,6.849909317718328
2026-01-17 06:15:00,7.17,6.773288386464119,7.398734066933395,6.789807022474502,6.945160908478012
2026-01-17 06:30:00,7.23,6.968723081946373,7.594168762415649,6.975696829972105,7.041283289721312
2026-01-17 06:45:00,7.8,7.119917002618313,7.745362683087588,7.121423070152649,7.135587281041234
2026-01-17 07:00:00,7.81,7.315809278339148,7.941254958808424,7.329995414037678,7.463412683281607
2026-01-17 07:15:00,8.04,7.478822282552719,8.104267963021995,7.485972261059711,7.553216127030517
2026-01-17 07:30:00,8.08,7.654888616502285,8.28033429697156,7.653832824317009,7.643903347168173
2026-01-17 07:45:00,8.36,7.88243847578764,8.507884156256916,7.86867642396543,7.739247563821148
2026-01-17 08:00:00,8.66,8.113140986859799,8.738586667329074,8.139059497422267,8.382816992458277
2026-01-17 08:15:00,9.25,8.292026736736299,8.917472417205573,8.311941765325422,8.499237924599504
2026-01-17 08:30:00,9.77,8.545767802596092,9.171213483065367,8.553868618363145,8.630054885099641
2026-01-17 08:45:00,10.09,8.67164464175701,9.297090322226286,8.681597255094266,8.775199242380689
2026-01-17 09:00:00,10.26,8.855037212073803,9.480482892543078,8.893831436095008,9.258681987459951
2026-01-17 09:15:00,10.83,8.92496933966875,9.550415020138026,8.972744305801001,9.422056624182872
2026-01-17 09:30:00,10.86,9.151935859322547,9.777381539791822,9.193522078375839,9.584630686257348
2026-01-17 09:45:00,11.19,9.272068448066712,9.897514128535986,9.316823005189976,9.737729087332282
2026-01-17 10:00:00,11.36,9.442682024538517,10.068127705007791,9.51228862176763,10.166922295166998
2026-01-17 10:15:00,11.7,9.555891302227973,10.181336982697248,9.625021001524386,10.27516956204727
2026-01-17 10:30:00,12.0,9.740844987034798,10.366290667504073,9.79949623633811,10.351097439518757
2026-01-17 10:45:00,11.86,9.879717670977115,10.50516335144639,9.928942233931483,10.391887669437109
2026-01-17 11:00:00,12.05,10.006576883792878,10.632022564262153,10.06718464401451,10.63718637215243
2026-01-17 11:15:00,12.11,10.178004447221756,10.80345012769103,10.219909405430629,10.614015680093445
2026-01-17 11:30:00,12.06,10.173237971663475,10.79868365213275,10.211293206151302,10.569193734787106
2026-01-17 11:45:00,11.98,10.28302291482687,10.908468595296144,10.305151203766185,10.513262556009215
2026-01-17 12:00:00,11.69,10.33881020605564,10.964255886524915,10.356351776365921,10.521326118835423
2026-01-17 12:15:00,11.7,10.306631720364093,10.932077400833368,10.323152159262847,10.478523001007384
2026-01-17 12:30:00,11.49,10.442483702600002,11.067929383069277,10.443993815788685,10.458196075104732
2026-01-17 12:45:00,11.68,10.511378270983696,11.136823951452971,10.507165041355254,10.46754060777659
2026-01-17 13:00:00,11.67,10.49722918957472,11.122674870043994,10.490902561862159,10.431402116436384
2026-01-17 13:15:00,11.87,10.604087883234024,11.2295335637033,10.594676835608475,10.506168146448276
2026-01-17 13:30:00,11.82,10.605515632629395,11.23096131309867,10.605801210157175,10.60848699962962
2026-01-17 13:45:00,12.07,10.64968247294426,11.275128153413535,10.657427078757438,10.73026327466891
2026-01-17 14:00:00,12.06,10.646335964202882,11.271781644672156,10.677919935303905,10.974959754020313
2026-01-17 14:15:00,12.37,10.736357756853105,11.36180343732238,10.771706081742481,11.10414876235047
2026-01-17 14:30:00,12.54,10.763469430208206,11.38891511067748,10.807479625030773,11.221385154831179
2026-01-17 14:45:00,12.48,10.768024361133575,11.39347004160285,10.82095201135994,11.318724111582515
2026-01-17 15:00:00,12.74,10.806074094772338,11.431519775241613,10.86339498138406,11.402484436391134
2026-01-17 15:15:00,12.55,11.54780334830284,12.173249028772116,11.538408004929888,11.450047010571257
2026-01-17 15:30:00,12.88,11.659555515050888,12.285001195520163,11.64187749256966,11.475619849530014
2026-01-17 15:45:00,12.71,11.685855677723884,12.311301358193159,11.666638208339943,11.485902429303934
2026-01-17 16:00:00,12.77,11.752388941049576,12.37783462151885,11.710550588817176,11.31707072769535
2026-01-17 16:15:00,12.93,11.75523877978325,12.380684460252525,11.713907119341375,11.325192575320488
2026-01-17 16:30:00,12.92,11.870486031770705,12.49593171223998,11.82017493736903,11.347010929185968
2026-01-17 16:45:00,12.76,11.88484276652336,12.510288446992634,11.837308191004329,11.390256689792785
2026-01-17 17:00:00,12.82,11.917068301439285,12.54251398190856,11.853325618326906,11.253840677828553
2026-01-17 17:15:00,12.76,12.000953177213667,12.626398857682942,11.938358453990322,11.34966980621403
2026-01-17 17:30:00,12.99,12.001164014339446,12.626609694808721,11.949971522047052,11.46851817403276
2026-01-17 17:45:00,12.96,12.020793092250823,12.646238772720098,11.980634940840087,11.602956973212859
2026-01-17 18:00:00,12.97,11.984964223504065,12.61040990397334,11.921403410693369,11.323628917601019
2026-01-17 18:15:00,13.01,12.038629347085951,12.664075027555226,11.982656814855615,11.456248315632433
2026-01-17 18:30:00,13.28,11.9185498213768,12.543995501846075,11.885000149790386,11.569473380400039
2026-01-17 18:45:00,13.4,11.945149259567259,12.570594940036534,11.916989134162696,11.652149778831214
2026-01-17 19:00:00,13.24,11.855721772909165,12.48116745337844,11.885686322676783,12.16749586468853
2026-01-17 19:15:00,13.29,11.811992172002793,12.437437852472067,11.846097187664805,12.166846837452706
2026-01-17 19:30:00,12.95,11.666772795319558,12.292218475788832,11.710423689864372,12.1209500850706
2026-01-17 19:45:00,12.71,11.525289056301117,12.150734736770392,11.57405592569895,12.032696860968498
2026-01-17 20:00:00,12.34,11.3475745844841,11.973020264953375,11.379110953510054,11.675703085907848
2026-01-17 20:15:00,11.96,11.358938564062118,11.984384244531393,11.374800612482904,11.523979446655161
2026-01-17 20:30:00,11.87,11.168774089217186,11.79421976968646,11.186646765501436,11.35473508177014
2026-01-17 20:45:00,11.6,10.97293682217598,11.598382502645254,10.992617524303917,11.177709898331106
2026-01-17 21:00:00,11.58,10.843767244815826,11.4692129252851,10.857062982230905,10.982106265067136
2026-01-17 21:15:00,11.16,11.359690644145012,11.985136324614286,11.30709910899652,10.812488092017071
2026-01-17 21:30:00,11.05,11.31505543410778,11.940501114577055,11.25142587631949,10.653004852883715
2026-01-17 21:45:00,11.01,11.035943869948387,11.661389550417661,10.984831364959678,10.50413027872115
2026-01-17 22:00:00,10.84,10.832140072584153,11.457585753053428,10.779983901352342,10.289467379598769
2026-01-17 22:15:00,10.53,10.61235651910305,11.237802199572325,10.568285005821345,10.153802790336675
2026-01-17 22:30:00,10.37,10.367526505589485,10.99297218605876,10.33393642630284,10.018029631996916
2026-01-17 22:45:00,10.13,10.14017757833004,10.765623258799314,10.114932854693496,9.8775121672011
2026-01-17 23:00:00,9.8,9.943297092020511,10.568742772489786,9.90259421681751,9.519793250059251
2026-01-17 23:15:00,9.56,9.812565692663194,10.438011373132468,9.769152234622878,9.360858873889313
2026-01-17 23:30:00,9.42,9.462992785573006,10.08843846604228,9.43696477084511,9.192177414891884
2026-01-17 23:45:00,9.19,9.272219854593278,9.897665535062552,9.247619542428529,9.016259393243622
2026-01-18 00:00:00,8.95,9.057262914776802,9.682708595246076,9.029589230183294,8.769324736254468
2026-01-18 00:15:00,8.67,8.867255152761937,9.492700833231211,8.84089495189607,8.592983463455276
2026-01-18 00:30:00,8.7,8.620508148670197,9.245953829139472,8.601709394102294,8.424911529416953
2026-01-18 00:45:00,8.47,8.432787757217884,9.058233437687159,8.417172949818506,8.27031935929413
2026-01-18 01:00:00,8.28,8.26308509618044,8.888530776649715,8.239376766449858,8.016405502237513
2026-01-18 01:15:00,8.25,8.059930082857608,8.685375763326883,8.044429309235491,7.89864817956213
2026-01-18 01:30:00,8.04,7.827165542244911,8.452611222714186,7.82458809768134,7.800347837852515
2026-01-18 01:45:00,8.04,7.674541395902634,8.29998707637191,7.678868612528102,7.719565067000657
2026-01-18 02:00:00,7.77,7.581532861888409,8.206978542357684,7.595860892086465,7.73061264572063
2026-01-18 02:15:00,7.55,7.408736272156239,8.034181952625515,7.434196169159895,7.67364051155481
2026-01-18 02:30:00,7.56,7.2648889286816125,7.890334609150887,7.299214991939011,7.622043542364559
2026-01-18 02:45:00,7.52,7.064246803820134,7.689692484289409,7.113062407062449,7.572161672675688
2026-01-18 03:00:00,7.32,6.989943166524172,7.615388846993447,7.010180678839876,7.200509721704698
2026-01-18 03:15:00,7.32,6.627465859949589,7.252911540418864,6.6775816712746074,7.148909088058094
2026-01-18 03:30:00,7.09,6.624358311742545,7.24980399221182,6.669830521196513,7.097485954695945
2026-01-18 03:45:00,7.09,6.517696305066347,7.143141985535623,6.568776929222352,7.049178183728616
2026-01-18 04:00:00,6.81,6.467973411232233,7.093419091701508,6.509497956258756,6.90002653442607
2026-01-18 04:15:00,6.84,6.443830260932446,7.06927594140172,6.48484413802066,6.87057000435245
2026-01-18 04:30:00,6.73,6.415770174264908,7.041215854734183,6.458170624315005,6.8569368831901345
2026-01-18 04:45:00,6.73,6.435686853826046,7.0611325342953215,6.476680824324203,6.862219473859125
2026-01-18 05:00:00,6.78,6.449989110529423,7.075434790998699,6.50179625993788,6.989030313543111
2026-01-18 05:15:00,6.75,6.615900240838528,7.241345921307802,6.656155658887895,7.034748396371446
2026-01-18 05:30:00,6.88,6.586763328313828,7.212209008783104,6.635925302306036,7.098282103345323
2026-01-18 05:45:00,6.83,6.691253111213446,7.316698791682722,6.73783636517926,7.175940910961908
2026-01-18 06:00:00,6.88,6.814226871728898,7.439672552198173,6.8290387074244645,6.968340537957297
2026-01-18 06:15:00,7.07,6.935299560576677,7.560745241045952,6.947326715823075,7.0604392817710675
2026-01-18 06:30:00,7.24,7.12137658983469,7.746822270303966,7.124454217700899,7.1533985838330505
2026-01-18 06:45:00,7.49,7.300223249942064,7.925668930411339,7.294870720522473,7.2445314404052095
2026-01-18 07:00:00,7.45,7.510959025323391,8.136404705792666,7.5120781890505555,7.522603660643956
2026-01-18 07:15:00,7.74,7.726417233943939,8.351862914413214,7.7151540475742255,7.609226429203248
2026-01-18 07:30:00,7.8,7.919931755065918,8.545377435535194,7.898480020722776,7.696731505310995
2026-01-18 07:45:00,8.08,8.181250222325325,8.8066959027946,8.143540969581824,7.788894317866196
2026-01-18 08:00:00,8.47,8.492888719439506,9.11833439990878,8.51507998169138,8.723783583125822
2026-01-18 08:15:00,9.03,8.701844583749772,9.327290264219046,8.714837347143972,8.837031230582312
2026-01-18 08:30:00,9.55,8.958937818408012,9.584383498877287,8.95948991832375,8.96468228816096
2026-01-18 08:45:00,9.83,9.06624471783638,9.691690398305655,9.070130016594069,9.106670337472394
2026-01-18 09:00:00,10.1,9.326344150304795,9.95178983077407,9.351610731956763,9.58923698894255
2026-01-18 09:15:00,10.43,9.610593277513981,10.236038957983256,9.623941763369965,9.749481132884883
2026-01-18 09:30:00,10.96,9.918915688693524,10.544361369162798,9.917957014656345,9.908940910845292
2026-01-18 09:45:00,11.21,9.989764038026333,10.615209718495608,9.996412856131391,10.058943426409824
2026-01-18 10:00:00,11.49,10.212243901193142,10.837689581662417,10.245220899607187,10.555361812521136
2026-01-18 10:15:00,11.44,10.36018081277609,10.985626493245364,10.389049865848733,10.660556519137652
2026-01-18 10:30:00,11.58,10.58185800909996,11.207303689569235,10.596428134596549,10.733456737565405
2026-01-18 10:45:00,11.76,10.759575310945511,11.385020991414786,10.760697012231057,10.77124634896413
2026-01-18 11:00:00,11.96,10.896308139562606,11.521753820031881,10.882996332943453,10.757801923022857
2026-01-18 11:15:00,12.04,11.158121154308319,11.783566834777593,11.117137035830625,10.731691042230668
2026-01-18 11:30:00,12.06,11.140806332230568,11.766252012699843,11.096899133586083,10.683962258612782
2026-01-18 11:45:00,12.16,11.301474834680558,11.926920515149833,11.236474308871063,10.625159653688296
2026-01-18 12:00:00,11.87,11.359555510282517,11.985001190751792,11.30157284704778,10.756259538570761
2026-01-18 12:15:00,11.91,11.345258913636208,11.970704594105483,11.28426791393331,10.710661908623393
2026-01-18 12:30:00,11.84,11.479978884458543,12.105424564927818,11.4038217601682,10.6875819206366
2026-01-18 12:45:00,11.84,11.582171214818954,12.20761689528823,11.496830081704513,10.694216799534102
2026-01-18 13:00:00,11.99,11.577320545911789,12.202766226381064,11.471627627810655,10.477610595185107
2026-01-18 13:15:00,12.16,11.734024178385734,12.35946985885501,11.620204725233355,10.549759542053419
2026-01-18 13:30:00,12.18,11.699581316113472,12.325026996582746,11.598659197354765,10.64951041031095
2026-01-18 13:45:00,12.17,11.761101183891297,12.386546864360572,11.665728383341097,10.768769628683721
2026-01-18 14:00:00,12.41,11.77669039607048,12.402136076539755,11.704777481756352,11.02845343868675
2026-01-18 14:15:00,12.31,11.859627212285996,12.485072892755271,11.791927976895193,11.155232592916914
2026-01-18 14:30:00,12.65,11.883620901703834,12.509066582173109,11.824656995704341,11.270115329842257
2026-01-18 14:45:00,12.55,11.866908875703812,12.492354556173087,11.818685741558234,11.365158508433437
2026-01-18 15:00:00,12.77,11.923883010149002,12.549328690618276,11.858615410791195,11.244788991710198
2026-01-18 15:15:00,12.87,11.763264033198357,12.388709713667632,11.71779567031302,11.290176412886725
2026-01-18 15:30:00,12.91,11.893311626911162,12.518757307380437,11.83759918368634,11.313636760379342
2026-01-18 15:45:00,12.86,11.878126401305197,12.503572081774472,11.824664800107213,11.321871016597685
2026-01-18 16:00:00,12.98,11.940365096330641,12.565810776799916,11.861894667817193,11.123898746225207
2026-01-18 16:15:00,12.98,11.939192049503326,12.5646377299726,11.861430838370422,11.13010493941346
2026-01-18 16:30:00,13.09,12.05262525320053,12.678070933669805,11.965881417194032,11.150076044281242
2026-01-18 16:45:00,13.01,12.072787791490553,12.698233471959828,11.98809164172481,11.191544276229658
2026-01-18 17:00:00,12.87,12.097602896690368,12.723048577159643,11.988576877548125,10.963212813675375
2026-01-18 17:15:00,12.86,12.206539185047149,12.831984865516423,12.096096362458985,11.057407595451625
2026-01-18 17:30:00,12.93,12.184811640977859,12.810257321447134,12.087729516676644,11.174694974224705
2026-01-18 17:45:00,12.94,12.2207247030735,12.846170383542775,12.132968999360653,11.307647248691005
2026-01-18 18:00:00,13.03,12.185671262145041,12.811116942614316,12.095539681800322,11.247873370284722
2026-01-18 18:15:00,12.92,12.24062829375267,12.866073974221944,12.157832570972266,11.379158274237328
2026-01-18 18:30:00,13.22,12.126372259259222,12.751817939728497,12.065318888688125,11.491126300034269
2026-01-18 18:45:00,13.22,12.14321305155754,12.768658732026815,12.088373844236216,11.57262399919057
2026-01-18 19:00:00,13.45,12.052437056303024,12.677882736772299,12.022424337403553,11.740161776037501
2026-01-18 19:15:00,13.32,12.01903988957405,12.644485570043324,11.992076594981421,11.73849315190601
2026-01-18 19:30:00,12.87,11.863925318121911,12.489370998591186,11.847368685336576,11.691657448602617
2026-01-18 19:45:00,12.82,11.730495132803917,12.355940813273191,11.718198020358091,11.602546570451434
2026-01-18 20:00:00,12.55,11.573163233995437,12.198608914464712,11.565603810237286,11.494509207993017
2026-01-18 20:15:00,12.28,11.574448066949845,12.19989374741912,11.552116390036023,11.342092221735655
2026-01-18 20:30:00,11.97,11.375765206217766,12.00121088668704,11.35620418665202,11.172237398969342
2026-01-18 20:45:00,11.67,11.161611286997795,11.78705696746707,11.145568038082056,10.994685055878477
2026-01-18 21:00:00,11.67,11.052588682770729,11.678034363240004,11.02685226759799,10.78480733686814
2026-01-18 21:15:00,11.48,11.491700862646104,12.117146543115378,11.407424927504088,10.614829581698128
2026-01-18 21:30:00,11.36,11.447719389200211,12.073165069669486,11.352316129741386,10.455070916213222
2026-01-18 21:45:00,11.02,11.14977681517601,11.775222495645284,11.068682085920761,10.306005233165665
2026-01-18 22:00:00,10.84,10.9393493360281,11.564795016497374,10.857292325628663,10.085565445069609
2026-01-18 22:15:00,10.63,10.719813410043717,11.345259090512991,10.645815120909928,9.949878618203547
2026-01-18 22:30:00,10.25,10.466518427431584,11.091964107900859,10.403821116092727,9.814167651221803
2026-01-18 22:45:00,10.06,10.237906953692436,10.86335263416171,10.18369042432509,9.673796718964267
2026-01-18 23:00:00,9.72,10.027925911545754,10.653371592015029,9.963916084334258,9.361918716423911
2026-01-18 23:15:00,9.5,9.909725524783134,10.535171205252409,9.841831007461744,9.203299042862422
2026-01-18 23:30:00,9.26,9.549786930680275,10.17523261114955,9.500312391751216,9.035015991005398
2026-01-18 23:45:00,9.16,9.358941480219364,9.98438716068864,9.310947917013717,8.859579744577083
2026-01-19 00:00:00,9.03,9.141267359256744,9.76671303972602,9.095793676888992,8.668124390981887
2026-01-19 00:15:00,8.65,8.964057340025901,9.589503020495176,8.918729360392556,8.492430374428931
2026-01-19 00:30:00,8.59,8.716733363866807,9.342179044336081,8.679092370982596,8.32508768718685
2026-01-19 00:45:00,8.35,8.51810781121254,9.143553491681814,8.484776770535701,8.171306173421423
2026-01-19 01:00:00,8.08,8.3459246301651,8.971370310634375,8.311666890339854,7.989480905721992
2026-01-19 01:15:00,8.08,8.145573467612266,8.77101914808154,8.119347176271141,7.87269507541105
2026-01-19 01:30:00,7.94,7.924871569871903,8.550317250341179,7.910510261436453,7.77544553380762
2026-01-19 01:45:00,7.64,7.765179427266121,8.390625107735396,7.7585106195953015,7.69579205215301
2026-01-19 02:00:00,7.64,7.697148371338844,8.32259405180812,7.691216087416625,7.635424352577637
2026-01-19 02:15:00,7.64,7.508660157769919,8.134105838239194,7.5154912244037195,7.579735799224711
2026-01-19 02:30:00,7.47,7.369095178097487,7.994540858566761,7.384511472935856,7.529498099519987
2026-01-19 02:45:00,7.47,7.163876720219851,7.789322400689127,7.194360198578392,7.481050141920354
2026-01-19 03:00:00,7.49,7.107626896202564,7.733072576671839,7.12873049151437,7.327204841229062
2026-01-19 03:15:00,7.31,6.8668774300813675,7.492323110550643,6.90631192251635,7.277184047702704
2026-01-19 03:30:00,7.3,6.854003099650145,7.479448780119419,6.889891352877819,7.227411932500296
2026-01-19 03:45:00,7.32,6.748879036605358,7.374324717074634,6.790393291855574,7.180825097097176
2026-01-19 04:00:00,7.32,6.685765332132578,7.311211012601854,6.720256323985401,7.044635989054811
2026-01-19 04:15:00,7.04,6.667398977577687,7.2928446580469615,6.70100254989279,7.01703624295739
2026-01-19 04:30:00,6.99,6.63790335893631,7.263349039405584,6.6732162551404866,7.00532573729805
2026-01-19 04:45:00,7.02,6.639024757742882,7.264470438212157,6.674928554299304,7.012595315272401
2026-01-19 05:00:00,7.02,6.648460072875023,7.273905753344298,6.707768108786991,7.2655462355263065
2026-01-19 05:15:00,7.04,6.80621629908681,7.431661979556084,6.854959273615796,7.3133754832646165
2026-01-19 05:30:00,7.05,6.79429710328579,7.419742783755066,6.850500485105865,7.379080070417844
2026-01-19 05:45:00,7.05,6.893543020188809,7.518988700658085,6.947885893400891,7.458967832901622
2026-01-19 06:00:00,7.29,7.02307979375124,7.648525474220515,7.058604357377951,7.392704521853982
2026-01-19 06:15:00,7.33,7.1703994053602225,7.795845085829498,7.2008416001006745,7.48714328072565
2026-01-19 06:30:00,7.56,7.346933578401804,7.972379258871079,7.369573391018875,7.582495503125617
2026-01-19 06:45:00,7.85,7.532147272080183,8.157592952549459,7.545979887731646,7.6760723840913325
2026-01-19 07:00:00,8.04,7.743630882501602,8.369076562970877,7.701959722667735,7.310052266725507
2026-01-19 07:15:00,8.19,7.967225423157215,8.59267110362649,7.912634116504065,7.3992157189290015
2026-01-19 07:30:00,8.4,8.170337986052036,8.795783666521311,8.104884221711432,7.489306964758747
2026-01-19 07:45:00,8.45,8.435844188034535,9.06128986850381,8.353983164446108,7.584099493742676
2026-01-19 08:00:00,8.59,8.758867536187172,9.384313216656446,8.71087315133585,8.259497251514917
2026-01-19 08:15:00,9.2,8.9748609739542,9.600306654423475,8.91725225160023,8.37545576914482
2026-01-19 08:30:00,9.7,9.22858081459999,9.854026495069265,9.159119795181075,8.50585524684238
2026-01-19 08:45:00,10.16,9.349899185299874,9.975344865769149,9.282692286558776,8.65062721295877
2026-01-19 09:00:00,10.21,9.612110526561738,10.237556207031012,9.58498374592279,9.329862755038514
2026-01-19 09:15:00,10.96,9.940377917587757,10.565823598057031,9.897376237593896,9.49295555252481
2026-01-19 09:30:00,10.98,10.247057850956917,10.872503531426192,10.190183458873355,9.655293179874828
2026-01-19 09:45:00,11.28,10.29665374726057,10.922099427729846,10.249708606344516,9.808200598921408
2026-01-19 10:00:00,11.61,10.506836782693863,11.132282463163138,10.48050730538527,10.232884764773548
2026-01-19 10:15:00,11.61,10.66558157324791,11.291027253717184,10.634389173146875,10.341031987576217
2026-01-19 10:30:00,11.94,10.880096321105958,11.505542001575233,10.83557911371368,10.416905249959564
2026-01-19 10:45:00,12.3,11.05462771832943,11.680073398798704,10.997255783262407,10.45768622954133
2026-01-19 11:00:00,12.31,11.181860141158104,11.807305821627379,11.153294404405866,10.884640369761351
2026-01-19 11:15:00,12.41,11.43495171546936,12.060397395938635,11.379842265534093,10.861550852273426
2026-01-19 11:30:00,12.43,11.451264707446098,12.076710387915373,11.390291717112891,10.816855085688578
2026-01-19 11:45:00,12.21,11.61773972094059,12.243185401409864,11.535407748420905,10.76109491380019
2026-01-19 12:00:00,12.1,11.66950872540474,12.294954405874014,11.59528919788145,10.897272000163632
2026-01-19 12:15:00,12.31,11.690138925909997,12.315584606379272,11.609847824910213,10.854728906860531
2026-01-19 12:30:00,11.9,11.817276542782784,12.442722223252058,11.722841884770244,10.83470614000055
2026-01-19 12:45:00,12.01,11.925890207886695,12.55133588835597,11.821948259039708,10.844398680369403
2026-01-19 13:00:00,12.2,11.940215104818343,12.565660785287617,11.86080488373178,11.113970434056798
2026-01-19 13:15:00,12.49,12.100709560513495,12.72615524098277,12.013101779192002,11.189171203817306
2026-01-19 13:30:00,12.51,12.07454170167446,12.699987382143735,11.999328653413297,11.291967626861394
2026-01-19 13:45:00,12.48,12.141175431013107,12.766621111482381,12.071312100355867,11.414263909456288
2026-01-19 14:00:00,12.49,12.169856355190277,12.795302035659551,12.078302457889087,11.217259589969112
2026-01-19 14:15:00,12.79,12.253567184209823,12.879012864679098,12.166442198352339,11.347052200748806
2026-01-19 14:30:00,12.96,12.279563118815421,12.905008799284696,12.201269199164472,11.464933301904159
2026-01-19 14:45:00,12.97,12.284353649616241,12.909799330085516,12.215020407946083,11.562957579277324
2026-01-19 15:00:00,13.21,12.338790663480758,12.964236343950033,12.248994127634207,11.404478830811447
2026-01-19 15:15:00,13.22,12.337737892866134,12.963183573335408,12.252687289282576,11.452806369008968
2026-01-19 15:30:00,13.23,12.470897102952001,13.096342783421276,12.375583660559714,11.479183155414699
2026-01-19 15:45:00,13.47,12.418022264838218,13.043467945307492,12.32885982730191,11.490308075928231
2026-01-19 16:00:00,13.36,12.469237998723983,13.094683679193258,12.349785699926754,11.22636492846971
2026-01-19 16:15:00,13.26,12.473188718557356,13.098634399026631,12.354225464306204,11.235404041767188
2026-01-19 16:30:00,13.35,12.586375709772108,13.211821390241383,12.458722697857304,11.258176148580919
2026-01-19 16:45:00,13.46,12.60565244913101,13.231098129600285,12.48039820191928,11.302411470414555
2026-01-19 17:00:00,13.03,12.61749399602413,13.242939676493405,12.483932702388941,11.227820153335799
2026-01-19 17:15:00,13.0,12.741887900233268,13.367333580702542,12.605683037159318,11.324708339380745
2026-01-19 17:30:00,13.02,12.710986111164091,13.336431791633366,12.589278727439565,11.44464941270428
2026-01-19 17:45:00,13.03,12.771449670791625,13.3968953512609,12.656960214136976,11.580213805622927
2026-01-19 18:00:00,13.08,12.736829931735992,13.362275612205266,12.6150862513753,11.470115575314956
2026-01-19 18:15:00,13.21,12.808511724472044,13.433957404941319,12.692739022202066,11.603923990533332
2026-01-19 18:30:00,13.39,12.729091218709945,13.35453689917922,12.631950853789087,11.718368572009343
2026-01-19 18:45:00,13.73,12.728215324878692,13.353661005347966,12.639225214137152,11.802294155731884
2026-01-19 19:00:00,13.68,12.684673920869827,13.310119601339101,12.59310645492599,11.731935977113652
2026-01-19 19:15:00,13.5,12.658983629345892,13.284429309815167,12.5699483906955,11.73259291492289
2026-01-19 19:30:00,13.26,12.530824372172354,13.156270052641629,12.449823486267917,11.688029208152445
2026-01-19 19:45:00,13.04,12.424713867306709,13.050159547775984,12.345559877038829,11.601135217940444
2026-01-19 20:00:00,12.77,12.314560666680334,12.940006347149609,12.235733316999566,11.494380635787403
2026-01-19 20:15:00,12.29,12.313969898223876,12.93941557869315,12.220752603727345,11.344065876465638
2026-01-19 20:30:00,12.07,12.132570021748542,12.758015702217817,12.040658650475955,11.176253823943487
2026-01-19 20:45:00,11.82,11.971441639661787,12.596887320131062,11.878142250552346,11.000683442767288
2026-01-19 21:00:00,11.68,11.874573300480842,12.500018980950117,11.78367180913814,10.92876466579244
2026-01-19 21:15:00,11.68,11.59591878592968,12.221364466398954,11.515640624884469,10.760643404063682
2026-01-19 21:30:00,11.38,11.55227479338646,12.177720473855734,11.461009095569256,10.602676676003084
2026-01-19 21:45:00,11.38,11.273927336931228,11.899373017400503,11.195252794646969,10.455337231054115
2026-01-19 22:00:00,11.1,11.074065769314766,11.69951144978404,10.973011624852639,10.022621167124527
2026-01-19 22:15:00,10.77,10.87155954003334,11.497005220502615,10.777080366893603,9.888525967823906
2026-01-19 22:30:00,10.68,10.64274112045765,11.268186800926925,10.557356845892889,9.754337828530371
2026-01-19 22:45:00,10.29,10.447698737680913,11.073144418150187,10.367708583858192,9.615420003217068
2026-01-19 23:00:00,9.9,10.230089353621006,10.85553503409028,10.159255600591113,9.493080815548902
2026-01-19 23:15:00,9.63,10.121247517466545,10.74669319793582,10.045755638566726,9.33577227544753
2026-01-19 23:30:00,9.46,9.794935322403909,10.420381002873183,9.73475067480372,9.168728221341802
2026-01-19 23:45:00,9.46,9.626062213480473,10.251507893949748,9.565358864834613,8.99445815005204
2026-01-20 00:00:00,8.94,9.406716960668565,10.03216264113784,9.341410162030261,8.727215082937025
2026-01-20 00:15:00,8.89,9.263293944597244,9.888739625066519,9.194983494074712,8.552539775558493
2026-01-20 00:30:00,8.58,9.03008508950472,9.655530769973995,8.968195769721813,8.386141275370981
2026-01-20 00:45:00,8.3,8.832938580513,9.458384260982275,8.775300602938,8.233228982010505
2026-01-20 01:00:00,8.3,8.690801458656788,9.316247139126062,8.622838032085491,7.983657992200314
2026-01-20 01:15:00,8.03,8.486810879409314,9.112256559878588,8.427297711065464,7.867590362057522
2026-01-20 01:30:00,7.89,8.307379995286466,8.93282567575574,8.255826988928431,7.770983090930409
2026-01-20 01:45:00,7.89,8.145289403498174,8.770735083967448,8.101713824412485,7.691895753382893
2026-01-20 02:00:00,7.56,8.083861865401268,8.709307545870542,8.058870828930072,7.823836009553008
2026-01-20 02:15:00,7.55,7.910775197744369,8.536220878213644,7.897107018450732,7.768561007356061
2026-01-20 02:30:00,7.49,7.770320881605149,8.395766562074424,7.765355813646499,7.718660517426947
2026-01-20 02:45:00,7.51,7.610923061966896,8.236368742436172,7.616646441689758,7.670473481674246
2026-01-20 03:00:00,7.23,7.547106802910567,8.172552483379842,7.535441769820432,7.425734877570181
2026-01-20 03:15:00,7.2,6.892323277890682,7.517768958359957,6.938792330605259,7.375822840483551
2026-01-20 03:30:00,6.98,6.9026817129552365,7.528127393424512,6.943374801690044,7.326083729017
2026-01-20 03:45:00,7.02,6.823903800547123,7.449349481016398,6.867686688185991,7.279454447393096
2026-01-20 04:00:00,6.97,6.783232752978802,7.4086784334480775,6.788639705745913,6.839490824644603
2026-01-20 04:15:00,6.95,6.789190316796303,7.414635997265577,6.791353611376959,6.8116988880368465
2026-01-20 04:30:00,6.87,6.7895334577560424,7.414979138225318,6.790512678588291,6.799722020173743
2026-01-20 04:45:00,6.82,6.828092596530914,7.45353827700019,6.8260319075529345,6.80665161245032
2026-01-20 05:00:00,6.83,6.865343908369542,7.490789588838817,6.804968612478319,6.237153156685369
2026-01-20 05:15:00,6.89,7.043301762640477,7.668747443109751,6.970373184037603,6.284497057246767
2026-01-20 05:30:00,7.08,7.067503105401993,7.692948785871268,6.998509865974835,6.349644678422861
2026-01-20 05:45:00,7.09,7.19539050295949,7.820836183428765,7.121723689990404,6.428904642639997
2026-01-20 06:00:00,7.15,7.337944169640541,7.963389850109817,7.255357970474095,6.478654194042241
2026-01-20 06:15:00,7.43,7.509765991419554,8.135211671888829,7.419668816637609,6.572326081346677
2026-01-20 06:30:00,7.49,7.710848539471627,8.336294219940902,7.610509391281085,6.666843305298855
2026-01-20 06:45:00,7.76,7.896287220418453,8.521732900887729,7.787032550104208,6.7595180757443405
2026-01-20 07:00:00,7.99,8.134532111287117,8.759977791756391,8.045074409525876,7.203745767571617
2026-01-20 07:15:00,8.22,8.355973707735538,8.981419388204813,8.253703489981227,7.291876148996691
2026-01-20 07:30:00,8.29,8.565799452066422,9.191245132535697,8.451916159685101,7.380870583573856
2026-01-20 07:45:00,8.53,8.844145139753818,9.469590820223093,8.712509165365706,7.474503790939011
2026-01-20 08:00:00,8.81,9.15575215280056,9.781197833269834,9.067653836686842,8.239109896979626
2026-01-20 08:15:00,9.08,9.35605060607195,9.981496286541224,9.259723330926994,8.353787967226717
2026-01-20 08:30:00,9.66,9.59973339676857,10.225179077237845,9.492389796081689,8.482848482026778
2026-01-20 08:45:00,10.09,9.72282937914133,10.348275059610605,9.617434879227634,8.626224399458106
2026-01-20 09:00:00,10.33,9.968556511700154,10.594002192169429,9.894797185755081,9.201108075627314
2026-01-20 09:15:00,10.76,9.808167828321457,10.433613508790732,9.765353530376945,9.362695129404164
2026-01-20 09:30:00,11.18,10.111479673981666,10.73692535445094,10.054966605936865,9.523474494528731
2026-01-20 09:45:00,11.25,10.161632024645806,10.787077705115081,10.11484007006791,9.6747727441212
2026-01-20 10:00:00,11.23,10.34845529705286,10.973900977522135,10.350576490924935,10.370525820323948
2026-01-20 10:15:00,11.72,10.50066024541855,11.126105925887824,10.498383097815744,10.476967060264139
2026-01-20 10:30:00,11.81,10.706246960759163,11.331692641228438,10.691334711417246,10.551088514160755
2026-01-20 10:45:00,12.05,10.86475190639496,11.490197586864234,10.838352628701509,10.590073631889322
2026-01-20 11:00:00,12.16,10.983320904374123,11.608766584843398,10.966644809165603,10.809810056442672
2026-01-20 11:15:00,12.16,11.215720725059509,11.841166405528783,11.174309054346386,10.784842032545221
2026-01-20 11:30:00,12.25,11.228346897363663,11.853792577832937,11.181241780577283,10.738229237724846
2026-01-20 11:45:00,12.26,11.378247848749162,12.003693529218436,11.311188915868975,10.680515426384893
2026-01-20 12:00:00,12.17,11.426726237535476,12.05217191800475,11.366831079114744,10.803531203289142
2026-01-20 12:15:00,12.03,11.442683353424073,12.068129033893348,11.376971512127739,10.758967102113782
2026-01-20 12:30:00,11.98,11.564238739013671,12.189684419482946,11.484722658645753,10.736892627330864
2026-01-20 12:45:00,12.03,11.66448896229267,12.289934642761946,11.576069454689687,10.74450478457972
2026-01-20 13:00:00,12.09,11.675918740034103,12.301364420503377,11.613853494214526,11.030144456871849
2026-01-20 13:15:00,12.55,11.817989709973336,12.44343539044261,11.749292717655972,11.103213664485489
2026-01-20 13:30:00,12.74,11.80040179014206,12.425847470611334,11.743067891920731,11.203856065786006
2026-01-20 13:45:00,12.7,11.855143032073975,12.48058871254325,11.804092858109385,11.323977980490573
2026-01-20 14:00:00,13.03,11.887324701547621,12.512770382016896,11.803196500299112,11.011990557010174
2026-01-20 14:15:00,13.08,11.967125846147535,12.59257152661681,11.887590042444748,11.139574517804919
2026-01-20 14:30:00,13.07,11.997961837053298,12.623407517522573,11.92657831330074,11.255233063934293
2026-01-20 14:45:00,13.43,11.998666514158248,12.624112194627523,11.936421622310778,11.351023056333844
2026-01-20 15:00:00,13.27,12.048611565232276,12.674057245701551,11.963301232137095,11.160977616902755
2026-01-20 15:15:00,13.27,12.23849798977375,12.863943670243025,12.139366098319005,11.207053977954278
2026-01-20 15:30:00,13.28,12.363962352275847,12.989408032745121,12.255090317662253,11.231174442059727
2026-01-20 15:45:00,13.32,12.333330830931663,12.958776511400938,12.22825486324884,11.240040104182416
2026-01-20 16:00:00,13.22,12.381463248729705,13.00690892919898,12.267304781007606,11.193671245545744
2026-01-20 16:15:00,12.88,12.398635861873625,13.0240815423429,12.283478622069394,11.200451870115971
2026-01-20 16:30:00,12.88,12.5164697599411,13.141915440410374,12.39195944263835,11.220969196933192
2026-01-20 16:45:00,12.87,12.555109554529189,13.180555234998463,12.430920885145376,11.26295566245664
2026-01-20 17:00:00,12.7,12.554838579297064,13.180284259766339,12.401958203490402,10.964154231036858
2026-01-20 17:15:00,12.75,12.679427755475043,13.304873435944318,12.523670681507989,11.058812039540861
2026-01-20 17:30:00,12.83,12.66981344103813,13.295259121507405,12.526294755631275,11.176535279240104
2026-01-20 17:45:00,12.83,12.734350119233131,13.359795799702406,12.5974461549933,11.309896575198955
2026-01-20 18:00:00,13.06,12.696671119332313,13.322116799801588,12.514745915271753,10.803782165297148
2026-01-20 18:15:00,13.43,12.798458048105239,13.423903728574514,12.619402144788962,10.935423493369523
2026-01-20 18:30:00,13.49,12.735634952187537,13.361080632656812,12.573409976059784,11.047722235714122
2026-01-20 18:45:00,13.5,12.739413747787474,13.364859428256748,12.584687676369096,11.129525370849848
2026-01-20 19:00:00,13.63,12.730477932691572,13.355923613160847,12.599784177680013,11.3706401548518
2026-01-20 19:15:00,13.24,12.701234540343284,13.326680220812559,12.573215619563333,11.369227783482888
2026-01-20 19:30:00,13.26,12.612959582805633,13.238405263274908,12.48894571668875,11.322624477606581
2026-01-20 19:45:00,13.05,12.51386047363281,13.139306154102085,12.39082666762692,11.233722663349358
2026-01-20 20:00:00,12.77,12.4231035810709,13.048549261540174,12.291497363349434,11.0537718433729
2026-01-20 20:15:00,12.49,12.411895253062248,13.037340933531523,12.266733264563829,10.901518909150212
2026-01-20 20:30:00,12.35,12.26632636785507,12.891772048324345,12.118843950146093,10.731806503841117
2026-01-20 20:45:00,12.01,12.15151706278324,12.776962743252515,11.998016090394371,10.554375553067928
2026-01-20 21:00:00,11.82,12.046265471577643,12.671711152046917,11.883951347771998,10.357425194485943
2026-01-20 21:15:00,11.69,11.442640902996063,12.068086583465337,11.322012302594986,10.18752869125485
2026-01-20 21:30:00,11.62,11.415690541267395,12.04113622173667,11.282303735339589,10.027832202129703
2026-01-20 21:45:00,11.44,11.189888224601745,11.81533390507102,11.063880770812114,9.878810308618808
2026-01-20 22:00:00,11.16,10.998785595297814,11.62423127576709,10.886777864595693,9.833371504889453
2026-01-20 22:15:00,11.0,10.837774659395219,11.463220339864494,10.72820170394618,9.697693832763678
2026-01-20 22:30:00,10.9,10.633146616220474,11.258592296689748,10.530196589736786,9.561975807563687
2026-01-20 22:45:00,10.86,10.47539622694254,11.100841907411814,10.374114373166304,9.421582362903006
2026-01-20 23:00:00,10.65,10.268406524956227,10.893852205425501,10.1867509448828,9.418799422111519
2026-01-20 23:15:00,10.41,10.15335560619831,10.778801286667585,10.067507731775958,9.260128666805263
2026-01-20 23:30:00,10.25,9.879199068248273,10.504644748717547,9.803520507732342,9.091781447926673
2026-01-20 23:45:00,10.02,9.730798739492894,10.356244419962168,9.652514415956142,8.916268767892575
2026-01-21 00:00:00,10.05,9.517376028895379,10.142821709364654,9.435928888734445,8.66993769430889
2026-01-21 00:15:00,9.74,9.400851726531982,10.026297407001257,9.313708333299303,8.49414521866201
2026-01-21 00:30:00,9.58,9.179905385077,9.805351065546274,9.097903430591305,8.32669433795021
2026-01-21 00:45:00,9.34,8.997131175994873,9.622576856464148,8.91790445338837,8.172795763754063
2026-01-21 01:00:00,9.34,8.874029179811478,9.499474860280753,8.793118228903444,8.032169768273764
2026-01-21 01:15:00,9.06,8.659318098723888,9.284763779193163,8.587806024363639,7.9152517867707815
2026-01-21 01:30:00,8.95,8.517857707440854,9.143303387910128,8.450581432175225,7.81786388868144
2026-01-21 01:45:00,8.65,8.348150093853473,8.973595774322748,8.289515097552169,7.738066750032212
2026-01-21 02:00:00,8.71,8.280016095638276,8.90546177610755,8.205163438153775,7.501191802081776
2026-01-21 02:15:00,8.65,8.115383430719376,8.740829111188651,8.05098680936988,7.44535173357712
2026-01-21 02:30:00,8.62,7.9823034614324575,8.607749141901733,7.925853988459966,7.394959973747454
2026-01-21 02:45:00,8.38,7.853645411729813,8.479091092199088,7.8048899538164385,7.346356340873901
2026-01-21 03:00:00,8.32,7.761650027930736,8.387095708400011,7.695768806618721,7.076171417400513
2026-01-21 03:15:00,8.05,7.4902009429037575,8.115646623373033,7.445586150665623,7.025994524391084
2026-01-21 03:30:00,7.98,7.5053438949584965,8.130789575427771,7.45447524010733,6.976067507051585
2026-01-21 03:45:00,8.03,7.435406461060047,8.060852141529322,7.386767345919424,6.929327909387329
2026-01-21 04:00:00,7.97,7.39093150138855,8.016377181857825,7.331050513632952,6.767883909579576
2026-01-21 04:15:00,7.74,7.393543794602156,8.01898947507143,7.3307451349234665,6.74013851275658
2026-01-21 04:30:00,7.8,7.392461131811142,8.017906812280417,7.328627511500814,6.7282873280468625
2026-01-21 04:45:00,7.8,7.4326744222641,8.058120102733374,7.365661635684541,6.735422141302864
2026-01-21 05:00:00,7.75,7.463345033377409,8.088790713846684,7.397464114109987,6.77786956555013
2026-01-21 05:15:00,7.79,7.596843316257,8.222288996726276,7.522717217615363,6.825578696552257
2026-01-21 05:30:00,7.9,7.630308049917221,8.255753730386497,7.5592698119678285,6.8911718943586795
2026-01-21 05:45:00,7.89,7.739858454465867,8.365304134935142,7.665959568090563,6.970957924945246
2026-01-21 06:00:00,7.92,7.845412858724594,8.47085853919387,7.77489710340198,7.111713011994233
2026-01-21 06:15:00,8.25,8.00395247220993,8.629398152679205,7.927268340766186,7.206072122924608
2026-01-21 06:30:00,8.24,8.169956285953521,8.795401966422796,8.086475381403368,7.301357111299043
2026-01-21 06:45:00,8.71,8.328675252497197,8.954120932966472,8.23892837248989,7.394880077154681
2026-01-21 07:00:00,8.79,8.544341821968555,9.16978750243783,8.433663813259326,7.392763176106117
2026-01-21 07:15:00,8.99,8.728502037525177,9.353947717994451,8.608691543707113,7.481902032337235
2026-01-21 07:30:00,8.93,8.911818550825119,9.537264231294394,8.783047366019716,7.571984663734751
2026-01-21 07:45:00,9.13,9.150416487753391,9.775862168222666,9.00782498347175,7.666785427462662
2026-01-21 08:00:00,9.08,9.404389262199402,10.029834942668677,9.269924408245002,8.005314086933916
2026-01-21 08:15:00,9.83,9.579944068491459,10.205389748960734,9.439755702318498,8.121317094932053
2026-01-21 08:30:00,10.08,9.795534580945969,10.420980261415243,9.647164659066274,8.251780444803043
2026-01-21 08:45:00,10.35,9.925826972126961,10.551272652596236,9.77885675967767,8.396636483354126
2026-01-21 09:00:00,10.64,10.114499668180942,10.739945348650217,10.014588534877909,9.074947828230878
2026-01-21 09:15:00,11.21,10.01683290719986,10.642278587669134,9.941995519958732,9.238167496933652
2026-01-21 09:30:00,11.27,10.304102736115455,10.92954841658473,10.217272500910482,9.400654563859714
2026-01-21 09:45:00,11.43,10.359239474534988,10.984685155004263,10.281822565698072,9.553734748844722
2026-01-21 10:00:00,11.77,10.529131747484207,11.154577427953482,10.48176592505513,10.03630150695885
2026-01-21 10:15:00,12.11,10.675313333868981,11.300759014338256,10.624313336181151,10.14467035464231
2026-01-21 10:30:00,12.28,10.868728096485139,11.494173776954414,10.80645495800024,10.220790739042728
2026-01-21 10:45:00,12.17,11.02853414773941,11.653979828208685,10.954847799248848,10.261845024914296
2026-01-21 11:00:00,12.27,11.139775494337082,11.765221174806356,11.081709123933443,10.535608569223315
2026-01-21 11:15:00,12.34,11.35321978390217,11.978665464371444,11.27245168463727,10.51284671010833
2026-01-21 11:30:00,12.37,11.385748839378357,12.011194519847631,11.297592871399916,10.46850672946641
2026-01-21 11:45:00,12.32,11.535666063427925,12.1611117438972,11.427779435461446,10.413131077578095
2026-01-21 12:00:00,12.19,11.573894088864327,12.199339769333601,11.47445286807208,10.539231578051595
2026-01-21 12:15:00,11.88,11.60487441122532,12.230320091694594,11.49840951462467,10.497132205803483
2026-01-21 12:30:00,12.18,11.718720091581345,12.34416577205062,11.599434693340168,10.477583582352816
2026-01-21 12:45:00,12.17,11.818107863664627,12.443553544133902,11.690250416884265,10.48778120578647
2026-01-21 13:00:00,12.16,11.848670756816864,12.474116437286138,11.72740659506738,10.586945678748393
2026-01-21 13:15:00,12.47,11.987310317158698,12.612755997627973,11.860003695790047,10.662714868118888
2026-01-21 13:30:00,12.36,11.973715567588805,12.59916124805808,11.857653019803234,10.766112059240642
2026-01-21 13:45:00,12.35,12.035342976450918,12.660788656920193,11.925172191926535,10.889041878917594
2026-01-21 14:00:00,12.35,12.07360566973686,12.699051350206135,11.926495725605676,10.542961305682962
2026-01-21 14:15:00,12.27,12.142671101093292,12.768116781562567,12.001464934305506,10.673454151553566
2026-01-21 14:30:00,12.56,12.180220627188682,12.805666307657956,12.046805668496093,10.7920693651558
2026-01-21 14:45:00,12.8,12.202779492139815,12.82822517260909,12.076691342010147,10.890861949720978
2026-01-21 15:00:00,12.7,12.236318867802618,12.861764548271893,12.049003479850686,10.287346318309192
2026-01-21 15:15:00,12.7,11.98139485001564,12.606840530484915,11.82330540846153,10.336511397980335
2026-01-21 15:30:00,12.81,12.11071441888809,12.736160099357365,11.94281502412088,10.36376071126303
2026-01-21 15:45:00,12.73,12.079582690000533,12.705028370469808,11.915831814841791,10.37579335304647
2026-01-21 16:00:00,12.78,12.119225729703903,12.744671410173178,11.9809928952269,10.68094560344175
2026-01-21 16:15:00,12.72,12.143374363183973,12.768820043653248,12.003783411079077,10.690963342473234
2026-01-21 16:30:00,12.91,12.260645085573195,12.88609076604247,12.112069371398208,10.71474972900622
2026-01-21 16:45:00,12.77,12.303866696357726,12.929312376827001,12.155489328004803,10.760035081412491
2026-01-21 17:00:00,12.82,12.303958672285079,12.929404352754354,12.162173822416829,10.828720661416588
2026-01-21 17:15:00,12.59,12.421608618497848,13.047054298967122,12.277936166951665,10.92673055619048
2026-01-21 17:30:00,12.7,12.424248327612876,13.04969400808215,12.2919609429637,11.047829208262758
2026-01-21 17:45:00,12.7,12.490289165973662,13.115734846442937,12.364798377613397,11.184587032248224
2026-01-21 18:00:00,12.69,12.453486767411231,13.078932447880506,12.327697443245595,11.144678438855403
2026-01-21 18:15:00,12.94,12.561625695228576,13.187071375697851,12.438425036470598,11.279751821308368
2026-01-21 18:30:00,13.26,12.51683129608631,13.142276976555586,12.409060065796913,11.39549699592154
2026-01-21 18:45:00,13.48,12.526442072987555,13.15188775345683,12.425941635879516,11.480758665568175
2026-01-21 19:00:00,13.47,12.544580433368681,13.170026113837956,12.426967509096993,11.320845622377115
2026-01-21 19:15:00,13.5,12.518211642503736,13.143657322973011,12.403331339824213,11.32290911638482
2026-01-21 19:30:00,13.19,12.449075460433958,13.074521140903233,12.336695353774822,11.279786885786745
2026-01-21 19:45:00,12.95,12.36899131298065,12.994436993449925,12.256098585892664,11.194369043354822
2026-01-21 20:00:00,12.71,12.297322255373,12.922767935842275,12.220754295072547,11.500650639506704
2026-01-21 20:15:00,12.38,12.285874789953231,12.911320470422506,12.19610877423966,11.351880512088346
2026-01-21 20:30:00,12.12,12.175761917233466,12.80120759770274,12.08060214267671,11.185646847377626
2026-01-21 20:45:00,11.85,12.096806243658065,12.72225192412734,11.992515755651961,11.011688248176927
2026-01-21 21:00:00,11.56,11.987267866730688,12.612713547199963,11.86879804395073,10.75461722832856
2026-01-21 21:15:00,11.56,11.448791262507438,12.074236942976713,11.366077434702195,10.588173340944511
2026-01-21 21:30:00,11.21,11.429306516051293,12.054752196520568,11.333447512251933,10.431916130405648
2026-01-21 21:45:00,11.2,11.245798268318177,11.871243948787452,11.153582786757605,10.286317874502396
2026-01-21 22:00:00,10.97,11.07592863559723,11.701374316066504,10.979267033179896,10.070187400126624
2026-01-21 22:15:00,10.73,10.935185656547546,11.56063133701682,10.839336257964211,9.93789521091522
2026-01-21 22:30:00,10.36,10.755262347459793,11.380708027929067,10.663984727077924,9.80554017859561
2026-01-21 22:45:00,10.37,10.62455535709858,11.250001037567854,10.53266761161298,9.668484980049632
2026-01-21 23:00:00,10.04,10.434901702404023,11.060347382873298,10.346984879928767,9.52014784519859
2026-01-21 23:15:00,9.76,10.316078001856804,10.941523682326078,10.224646923515614,9.364759139023764
2026-01-21 23:30:00,9.68,10.084022737145425,10.7094684176147,9.999027045234643,9.199662556326617
2026-01-21 23:45:00,9.42,9.951553700268269,10.576999380737544,9.862730281069815,9.027366917416455
2026-01-22 00:00:00,9.21,9.747430463433266,10.372876143902541,9.654952724131373,8.785221339509866
2026-01-22 00:15:00,8.88,9.64040019929409,10.265845879763365,9.541615848111277,8.612572262252277
2026-01-22 00:30:00,8.82,9.432639668285846,10.058085348755121,9.338027737385612,8.448224782807014
2026-01-22 00:45:00,8.8,9.265139476954937,9.890585157424212,9.172129018156493,8.297387531981386
2026-01-22 01:00:00,8.52,9.1575078317523,9.782953512221574,9.049148934270496,8.030058992687332
2026-01-22 01:15:00,8.25,8.945949402451514,9.57139508292079,8.846971927244837,7.916112055369899
2026-01-22 01:30:00,8.17,8.816795390248299,9.442241070717573,8.721151870314443,7.8216470635350195
2026-01-22 01:45:00,7.88,8.652667885422707,9.278113565891982,8.565405446871488,7.744722739016335
2026-01-22 02:00:00,7.93,8.574271142482758,9.199716822952032,8.488214058078874,7.678867422444295
2026-01-22 02:15:00,7.95,8.43102712571621,9.056472806185484,8.353636345715149,7.625794264416744
2026-01-22 02:30:00,7.68,8.297056051194668,8.922501731663942,8.227958633970095,7.578113678739154
2026-01-22 02:45:00,7.74,8.188968063890934,8.814413744360209,8.125842717134242,7.532163679845247
2026-01-22 03:00:00,7.46,8.081032898128033,8.706478578597308,8.029388081196771,7.543680726354129
2026-01-22 03:15:00,7.39,7.09913274243474,7.724578422904015,7.137279150113132,7.496037141159579
2026-01-22 03:30:00,7.39,7.113631862998009,7.739077543467284,7.145823736255021,7.448580731751852
2026-01-22 03:45:00,7.41,7.056682668179274,7.682128348648549,7.090087050695496,7.404247410556987
2026-01-22 04:00:00,7.23,7.0122330018877985,7.637678682357073,7.03424172388045,7.241228577115803
2026-01-22 04:15:00,7.18,7.007766155600548,7.6332118360698225,7.027756028900361,7.215756085072783
2026-01-22 04:30:00,7.22,7.011857846230269,7.637303526699544,7.030527275002027,7.206108860995884
2026-01-22 04:45:00,7.22,7.052284626960755,7.67773030743003,7.067959428621326,7.215377251059779
2026-01-22 05:00:00,7.21,7.084346020221711,7.709791700690985,7.089926048699945,7.142404903949192
2026-01-22 05:15:00,7.26,7.1998934321105486,7.825339112579824,7.199144669143579,7.19210272957053
2026-01-22 05:30:00,7.39,7.222431071847677,7.847876752316953,7.226004353634151,7.259610228293848
2026-01-22 05:45:00,7.36,7.323757059723139,7.949202740192414,7.32543685513444,7.341234935839916
2026-01-22 06:00:00,7.39,7.411295148581266,8.036740829050542,7.403412880495211,7.329282003289585
2026-01-22 06:15:00,7.63,7.539445385038853,8.164891065508128,7.52847730308078,7.425325072283956
2026-01-22 06:30:00,7.86,7.702683907151222,8.328129587620497,7.6853390776192905,7.522215035890875
2026-01-22 06:45:00,8.25,7.8530921411514285,8.478537821620703,7.830426645258352,7.617262987982233
2026-01-22 07:00:00,8.19,8.05969872802496,8.685144408494235,8.000270485914728,7.441361848156779
2026-01-22 07:15:00,8.51,8.222273962199688,8.847719642668963,8.155918686460545,7.531862926866893
2026-01-22 07:30:00,8.58,8.389435611367226,9.0148812918365,8.315795264452982,7.623225124122753
2026-01-22 07:45:00,8.68,8.614350006580352,9.239795687049627,8.528319423537257,7.7192220269669765
2026-01-22 08:00:00,8.83,8.832204188108445,9.45764986857772,8.762105572571397,8.102844582723215
2026-01-22 08:15:00,9.41,8.999306052923203,9.624751733392477,8.924395061535769,8.219874808828546
2026-01-22 08:30:00,9.98,9.219953118860722,9.845398799329997,9.136465108050402,8.351280005240795
2026-01-22 08:45:00,10.28,9.346982840895652,9.972428521364927,9.265290379223154,8.496991993688267
2026-01-22 09:00:00,10.62,9.513574593067169,10.139020273536444,9.474714806318385,9.109247652922862
2026-01-22 09:15:00,10.85,9.394688631892205,10.02013431236148,9.383007591395131,9.273150153248041
2026-01-22 09:30:00,11.33,9.650880502462387,10.276326182931662,9.630250766805807,9.436232955682623
2026-01-22 09:45:00,11.56,9.739825469255447,10.365271149724721,9.725408616367497,9.589821506228619
2026-01-22 10:00:00,11.51,9.898996179103852,10.524441859573127,9.910114044283532,10.014674951046091
2026-01-22 10:15:00,11.85,10.02209251523018,10.647538195699454,10.03182693436466,10.123376856499751
2026-01-22 10:30:00,11.85,10.20986844599247,10.835314126461745,10.20889524205287,10.199742487927425
2026-01-22 10:45:00,12.07,10.350776274204254,10.976221954673528,10.34022129420665,10.240954190174168
2026-01-22 11:00:00,12.07,10.465760333538055,11.09120601400733,10.470108201540715,10.510998877357943
2026-01-22 11:15:00,12.12,10.649552291631698,11.274997972100973,10.63404657603165,10.488218968218364
2026-01-22 11:30:00,12.09,10.654867792725563,11.280313473194838,10.634579552797161,10.443773428667553
2026-01-22 11:45:00,12.13,10.7817655646801,11.407211245149375,10.743940526780403,10.388204942906857
2026-01-22 12:00:00,12.13,10.818250292539597,11.443695973008872,10.777577368637141,10.395058086815071
2026-01-22 12:15:00,11.92,10.817443734407425,11.4428894148767,10.772766948304772,10.352592284317245
2026-01-22 12:30:00,12.0,10.937044277787209,11.562489958256483,10.878950389387402,10.332591034396367
2026-01-22 12:45:00,11.99,11.019470273852349,11.644915954321624,10.954382790434492,10.342250319400094
2026-01-22 13:00:00,11.98,11.034840866327286,11.660286546796561,10.971858829733554,10.379527590816394
2026-01-22 13:15:00,12.2,11.152868621349334,11.77831430181861,11.085757070053745,10.454588716750205
2026-01-22 13:30:00,12.31,11.146131738424302,11.771577418893576,11.089529037823326,10.557193953308603
2026-01-22 13:45:00,12.02,11.198399535417558,11.823845215886832,11.148504041232245,10.679248655322539
2026-01-22 14:00:00,12.38,11.208495662212371,11.833941342681646,11.140625688281787,10.502324548499649
2026-01-22 14:15:00,12.88,11.29000968158245,11.915455362051725,11.226747193298086,10.631778372201085
2026-01-22 14:30:00,12.89,11.328239829540253,11.953685510009528,11.272595525910548,10.749273939467178
2026-01-22 14:45:00,12.89,11.350841144919396,11.976286825388671,11.302404304649052,10.846867215690862
2026-01-22 15:00:00,12.95,11.376674352884292,12.002120033353567,11.334667685632194,10.939604861342819
2026-01-22 15:15:00,12.84,11.874298080205916,12.49974376067519,11.789059857317657,10.987414421616965
2026-01-22 15:30:00,12.83,11.98290396273136,12.608349643200635,11.889708949989618,11.013231777390379
2026-01-22 15:45:00,12.48,12.01795952618122,12.643405206650495,11.92240692691147,11.023757207590723
2026-01-22 16:00:00,12.67,12.071839731931686,12.69728541240096,11.942140545039047,10.722350201417312
2026-01-22 16:15:00,12.94,12.0955582010746,12.721003881543874,11.964383278195843,10.730713984761621
2026-01-22 16:30:00,12.84,12.230822244882582,12.856267925351856,12.088767402835087,10.752775028899224
2026-01-22 16:45:00,12.96,12.259822254776953,12.885267935246228,12.119160044322044,10.796265042926114
2026-01-22 17:00:00,12.88,12.275494245290755,12.90093992576003,12.068379303944905,10.120512000177019
2026-01-22 17:15:00,12.83,12.367660492062567,12.993106172531842,12.160921598106492,10.216590931581925
2026-01-22 17:30:00,12.87,12.3891163533926,13.014562033861875,12.191762226421918,10.335693085818843
2026-01-22 17:45:00,12.81,12.427203584909439,13.052649265378713,12.239134640437683,10.470390457086125
2026-01-22 18:00:00,12.72,12.395025452971458,13.020471133440733,12.250422611912546,10.890466906639423
2026-01-22 18:15:00,13.04,12.494158522486686,13.11960420295596,12.35280004741184,11.023356841047546
2026-01-22 18:30:00,13.61,12.41040736556053,13.035853046029805,12.288006928648503,11.136859611711484
2026-01-22 18:45:00,13.62,12.433566196560859,13.059011877030134,12.316913436655508,11.219821669941824
2026-01-22 19:00:00,13.61,12.420545942783354,13.045991623252629,12.2983616754258,11.149247382299096
2026-01-22 19:15:00,13.13,12.379954136013984,13.005399816483258,12.261637968991122,11.148902249620049
2026-01-22 19:30:00,13.06,12.286788181662558,12.912233862131833,12.173045242742477,11.103319657918886
2026-01-22 19:45:00,12.83,12.166081097126005,12.79152677759528,12.055488545808325,11.01539161532052
2026-01-22 20:00:00,12.53,12.035277178287505,12.66072285875678,11.94591321958038,11.105466208998932
2026-01-22 20:15:00,12.3,12.034310016036033,12.659755696505307,11.930490466036085,10.954092019730348
2026-01-22 20:30:00,11.89,11.89310998737812,12.518555667847394,11.786629958307525,10.78521033216609
2026-01-22 20:45:00,11.75,11.785048885345459,12.410494565814734,11.67197692802055,10.608561767264732
2026-01-22 21:00:00,11.47,11.64025330543518,12.265698985904455,11.520846838571016,10.397857105663412
2026-01-22 21:15:00,11.45,11.461123111844064,12.086568792313338,11.342669921231273,10.228645527228927
2026-01-22 21:30:00,11.26,11.42942749977112,12.054873180240394,11.29873328053796,10.069584891814792
2026-01-22 21:45:00,10.97,11.235559225082397,11.861004905551672,11.109231560676228,9.921149592957432
2026-01-22 22:00:00,10.69,11.049245711565018,11.674691392034292,10.96816222405945,10.205591097315716
2026-01-22 22:15:00,10.35,10.892205305695533,11.517650986164808,10.813221852616458,10.07040105566337
2026-01-22 22:30:00,10.18,10.701142296791076,11.32658797726035,10.627520134370828,9.9351210149291
2026-01-22 22:45:00,9.91,10.526714903116225,11.1521605835855,10.456401053589474,9.795115838697575
2026-01-22 23:00:00,9.67,10.341896352171897,10.967342032641172,10.267543536222652,9.568272792212136
2026-01-22 23:15:00,9.39,10.204647750854493,10.830093431323768,10.128263806926972,9.409890782062437
2026-01-22 23:30:00,9.26,9.948190565109254,10.573636245578529,9.880297823613617,9.241782560237775
2026-01-22 23:45:00,9.08,9.785548825263977,10.410994505733251,9.716437253416002,9.066459177281557
2026-01-23 00:00:00,8.81,9.577761055231095,10.20320673570037,9.49993736546275,8.768023869636286
2026-01-23 00:15:00,8.52,9.448747129440308,10.074192809909583,9.366436227216974,8.59232155377706
2026-01-23 00:30:00,8.31,9.218483980298043,9.843929660767317,9.14221387291702,8.42491145399457
2026-01-23 00:45:00,8.08,9.048014381527901,9.673460061997176,8.973336101746527,8.271004446953624
2026-01-23 01:00:00,8.04,8.930510889291764,9.555956569761038,8.84957704484106,8.088413275827836
2026-01-23 01:15:00,7.78,8.713444516956807,9.338890197426082,8.642125704060305,7.971389045073147
2026-01-23 01:30:00,7.76,8.554781443476678,9.180227123945953,8.489336898955763,7.873846352238489
2026-01-23 01:45:00,7.8,8.380933144390584,9.006378824859858,8.324508323206274,7.793846152762779
2026-01-23 02:00:00,7.48,8.285839940607548,8.911285621076823,8.227135935418687,7.675038575544187
2026-01-23 02:15:00,7.53,8.145447531342507,8.770893211811781,8.09484113334197,7.618899864275772
2026-01-23 02:30:00,7.46,8.01188964098692,8.637335321456195,7.969243079546491,7.568162200937987
2026-01-23 02:45:00,7.17,7.8819856712222105,8.507431351691485,7.847115120497732,7.519165793523927
2026-01-23 03:00:00,7.14,7.76214917421341,8.387594854682686,7.722128799218403,7.345746586371995
2026-01-23 03:15:00,7.22,6.705461623221636,7.3309073036909105,6.762130163308584,7.295084452701465
2026-01-23 03:30:00,6.89,6.711078168600798,7.336523849070073,6.76235741375955,7.244626652075085
2026-01-23 03:45:00,6.89,6.650975260734558,7.276420941203833,6.703483508105318,7.19731122312694
2026-01-23 04:00:00,6.86,6.611037013679743,7.236482694149018,6.668805396594757,7.212103449069871
2026-01-23 04:15:00,6.65,6.600413794070483,7.225859474539758,6.6564727178549115,7.1836937093224655
2026-01-23 04:30:00,6.64,6.605277374982834,7.23072305545211,6.659661823331653,7.171134767213683
2026-01-23 04:45:00,6.7,6.6421791782975195,7.267624858766794,6.69363058878635,7.177519001532868
2026-01-23 05:00:00,6.65,6.682111765295267,7.307557445764543,6.726372689321455,7.1426362683029385
2026-01-23 05:15:00,6.65,6.808893682956696,7.434339363425972,6.845474746993928,7.189511049310615
2026-01-23 05:30:00,6.79,6.822268044054509,7.447713724523783,6.863783730216153,7.254228992843143
2026-01-23 05:45:00,6.77,6.926156622767449,7.551602303236724,6.965267831394353,7.333099548411688
2026-01-23 06:00:00,6.87,7.033361287415028,7.658806967884303,7.067013055644721,7.383500019948935
2026-01-23 06:15:00,7.05,7.15106022849679,7.776505908966065,7.182373297873457,7.476865349596443
2026-01-23 06:30:00,7.26,7.334474908411503,7.959920588880777,7.35721868098855,7.5711185120643965
2026-01-23 06:45:00,7.54,7.506955773085356,8.132401453554632,7.522008165240565,7.663572372690291
2026-01-23 07:00:00,7.84,7.728526312708855,8.35397199317813,7.7322496646365515,7.767266913673497
2026-01-23 07:15:00,8.04,7.910984619855881,8.536430300325156,7.905629367345692,7.855264477201911
2026-01-23 07:30:00,8.1,8.086442143917084,8.71188782438636,8.072768485425254,7.944170943760458
2026-01-23 07:45:00,8.21,8.338873260319232,8.964318940788507,8.30993346599993,8.037761507926609
2026-01-23 08:00:00,8.45,8.575096803307533,9.200542483776808,8.580450832391564,8.630804216500112
2026-01-23 08:15:00,9.03,8.770328444242477,9.395774124711751,8.76794521767261,8.745531532388737
2026-01-23 08:30:00,9.53,9.016501306295394,9.641946986764669,9.002871633139572,8.87468776321327
2026-01-23 08:45:00,9.8,9.147192377746105,9.77263805821538,9.134795535917357,9.018206154623616
2026-01-23 09:00:00,9.88,9.339442937374114,9.964888617843389,9.347538996168698,9.423680524698101
2026-01-23 09:15:00,10.29,9.174826898872853,9.800272579342128,9.214297021535648,9.585504240633298
2026-01-23 09:30:00,10.37,9.420717819333076,10.04616349980235,9.452035181154308,9.746567602308717
2026-01-23 09:45:00,10.61,9.522799778580666,10.14824545904994,9.55887916225446,9.898197278763135
2026-01-23 10:00:00,10.86,9.70312035292387,10.328566033393145,9.759847923509247,10.293357380854113
2026-01-23 10:15:00,11.19,9.81398848950863,10.439434169977904,9.870331571414914,10.400225003176086
2026-01-23 10:30:00,11.3,10.008648464679718,10.634094145148993,10.053452149674083,10.474820267887763
2026-01-23 10:45:00,11.68,10.153277780413628,10.778723460882903,10.187978108093693,10.514326527376307
2026-01-23 11:00:00,11.75,10.280185457468033,10.905631137937307,10.330661013881153,10.805371748595505
2026-01-23 11:15:00,11.75,10.462234117984773,11.087679798454047,10.4928724776116,10.781019042849135
2026-01-23 11:30:00,11.86,10.447070825099946,11.07251650556922,10.474750210113662,10.735068315153638
2026-01-23 11:45:00,11.88,10.575476294755935,11.20092197522521,10.585335886705796,10.678063029725168
2026-01-23 12:00:00,11.99,10.611609391570092,11.237055072039366,10.630290025569208,10.805976994090564
2026-01-23 12:15:00,11.66,10.58854748904705,11.213993169516325,10.605238475325613,10.762213275059452
2026-01-23 12:30:00,11.71,10.715153768062592,11.340599448531867,10.71763635344232,10.740984484960782
2026-01-23 12:45:00,11.91,10.797492033243179,11.422937713712454,10.79287829285263,10.749487149768363
2026-01-23 13:00:00,12.0,10.792992287874222,11.418437968343497,10.78714199479337,10.732121364530762
2026-01-23 13:15:00,12.14,10.920973960757255,11.54641964122653,10.909940087030057,10.806169100120787
2026-01-23 13:30:00,12.37,10.899852750301362,11.525298430770636,10.900619743585246,10.907833135000551
2026-01-23 13:45:00,12.23,10.957617877721786,11.58306355819106,10.964480238286106,11.029019125162352
2026-01-23 14:00:00,12.56,10.941990460157395,11.56743614062667,10.931970727545934,10.83773749927405
2026-01-23 14:15:00,12.53,11.04192089021206,11.667366570681335,11.034669151010322,10.966468249642555
2026-01-23 14:30:00,12.89,11.069153547286987,11.694599227756262,11.070514483602704,11.083313769519325
2026-01-23 14:45:00,12.71,11.089933739304543,11.715379419773818,11.098621714760863,11.180330080257523
2026-01-23 15:00:00,12.72,11.118021772503853,11.743467452973128,11.105295378259193,10.985606634014317
2026-01-23 15:15:00,12.72,11.51421373963356,12.139659420102834,11.467962965534685,11.032985314691455
2026-01-23 15:30:00,12.83,11.61094057738781,12.236386257857085,11.557840299074565,11.058444672302128
2026-01-23 15:45:00,12.76,11.665528997778893,12.290974678248167,11.608166413004609,11.068684796587274
2026-01-23 16:00:00,12.65,11.746445173621177,12.371890854090452,11.67953953587988,11.05030775111745
2026-01-23 16:15:00,12.6,11.751947456598282,12.377393137067557,11.685303311380054,11.058530802286292
2026-01-23 16:30:00,12.65,11.887048773765564,12.512494454234838,11.809533720159795,11.080522874841964
2026-01-23 16:45:00,12.67,11.925826532244681,12.551272212713956,11.848764599272124,11.124015246922207
2026-01-23 17:00:00,12.73,11.952428800463675,12.57787448093295,11.865660173726397,11.049621649822141
2026-01-23 17:15:00,12.67,12.035485185384749,12.660930865854024,11.949981943647899,11.145844068016507
2026-01-23 17:30:00,12.72,12.061493147611618,12.686938828080892,11.984957658842491,11.265159390390513
2026-01-23 17:45:00,12.74,12.097996978163717,12.723442658632992,12.030925972841938,11.400138944884475
2026-01-23 18:00:00,12.69,12.059386898875236,12.68483257934451,12.004998934523009,11.493492923455994
2026-01-23 18:15:00,12.8,12.13888947546482,12.764335155934095,12.089672732594842,11.626800843143384
2026-01-23 18:30:00,13.16,12.043066831827163,12.668512512296438,12.014014895963138,11.740788273040721
2026-01-23 18:45:00,13.39,12.077975233793257,12.703420914262532,12.053594628638184,11.82430077219767
2026-01-23 19:00:00,13.29,12.030985440015792,12.656431120485067,12.01547767705646,11.869630814310673
2026-01-23 19:15:00,13.29,11.987998721599578,12.613444402068852,11.976654502595576,11.869964791360413
2026-01-23 19:30:00,12.93,11.872390640974043,12.497836321443318,11.867847861539358,11.825124089552887
2026-01-23 19:45:00,12.51,11.744937475919723,12.370383156388998,11.744270679027094,11.737999611102364
2026-01-23 20:00:00,12.45,11.571422058939934,12.196867739409209,11.570984443310053,11.566868771251205
2026-01-23 20:15:00,11.91,11.58760486960411,12.213050550073385,11.571152128929636,11.416417973059781
2026-01-23 20:30:00,11.83,11.412836457490922,12.038282137960197,11.39704381523846,11.248517729752864
2026-01-23 20:45:00,11.59,11.285374802350997,11.910820482820272,11.264954595909902,11.072907357770863
2026-01-23 21:00:00,11.42,11.141835047602653,11.767280728071928,11.107812383356203,10.787837229260141
2026-01-23 21:15:00,11.37,10.95381502687931,11.579260707348585,10.92171033306724,10.619773239742889
2026-01-23 21:30:00,11.12,10.910137781500817,11.535583461970091,10.86705895739065,10.461912750054301
2026-01-23 21:45:00,10.78,10.749428243637086,11.37487392410636,10.707649348542821,10.31472866781908
2026-01-23 22:00:00,10.54,10.582452315092088,11.207897995561362,10.548259989667372,10.226689212099084
2026-01-23 22:15:00,10.25,10.412208411097527,11.037654091566802,10.381514732276202,10.092847903027145
2026-01-23 22:30:00,10.18,10.219257065653801,10.844702746123076,10.194240247658126,9.95896295910791
2026-01-23 22:45:00,9.9,10.059745691120625,10.6851913715899,10.036741990433693,9.820397596627181
2026-01-23 23:00:00,9.91,9.894974001049995,10.52041968151927,9.856963705204453,9.499485813928409
2026-01-23 23:15:00,9.32,9.728302300572395,10.35374798104167,9.691235211900374,9.342627962220933
2026-01-23 23:30:00,9.3,9.493030000925064,10.118475681394338,9.462568327719852,9.176083456715729
2026-01-23 23:45:00,9.01,9.33378323405981,9.959228914529085,9.301930358920812,9.002361560981457
2026-01-24 00:00:00,8.74,9.135663195252418,9.761108875721693,9.095411168239583,8.716850322656935
2026-01-24 00:15:00,8.73,8.978005135655403,9.603450816124678,8.936179530315282,8.542819550716914
2026-01-24 00:30:00,8.36,8.759389322698116,9.38483500316739,8.722648838063414,8.37711322252797
2026-01-24 00:45:00,8.14,8.599245436787605,9.22469111725688,8.563271041079414,8.22494031169094
2026-01-24 01:00:00,8.07,8.459346159994602,9.084791840463877,8.420017132861236,8.05013688402801
2026-01-24 01:15:00,7.63,8.237159204781056,8.862604885250331,8.208109281825102,7.934901589829627
2026-01-24 01:30:00,7.57,8.062252828776836,8.687698509246111,8.040812601162083,7.839172303824077
2026-01-24 01:45:00,7.61,7.908228879570961,8.533674560040236,7.8940795070829815,7.761007987186471
2026-01-24 02:00:00,7.32,7.7757226985692975,8.401168379038573,7.754811972954266,7.558151517369035
2026-01-24 02:15:00,7.05,7.646043008565903,8.271488689035179,7.632380477333445,7.503887584925588
2026-01-24 02:30:00,7.0,7.496866367608309,8.122312048077584,7.492846547785402,7.455041087932056
2026-01-24 02:45:00,7.08,7.372619978636504,7.998065659105778,7.37601555723784,7.4079501752423935
2026-01-24 03:00:00,6.8,7.24744551718235,7.872891197651626,7.245809531294976,7.230423468856726
2026-01-24 03:15:00,6.78,6.324070528447629,6.949516208916904,6.406496104929495,7.181689262796102
2026-01-24 03:30:00,6.67,6.329379661977291,6.954825342446567,6.406631558689561,7.133167475326351
2026-01-24 03:45:00,6.62,6.285711791068316,6.9111574715375905,6.362799767074901,7.087794048033754
2026-01-24 04:00:00,6.65,6.255730645656586,6.8811763261258605,6.328483147439648,7.0127033131586565
2026-01-24 04:15:00,6.44,6.233269239813089,6.858714920282365,6.305637238394821,6.986241241951896
2026-01-24 04:30:00,6.5,6.234542575776577,6.8599882562458525,6.305768315338184,6.97562964150426
2026-01-24 04:45:00,6.5,6.289944452494383,6.915390132963658,6.356646040278385,6.983958783191046
2026-01-24 05:00:00,6.52,6.322098352313042,6.947544032782318,6.380108746365,6.925682856654853
2026-01-24 05:15:00,6.57,6.414567765891552,7.0400134463608275,6.468381918259617,6.974491362593218
2026-01-24 05:30:00,6.65,6.429865131378174,7.055310811847448,6.48861409626452,7.04113429151799
2026-01-24 05:45:00,6.6,6.507801994681358,7.133247675150633,6.566824665693501,7.121919002676271
2026-01-24 06:00:00,6.67,6.588477264344692,7.213922944813968,6.6461987263529165,7.189055498736865
2026-01-24 06:15:00,6.87,6.665536288172007,7.290981968641281,6.725006234392438,7.2843070894967505
2026-01-24 06:30:00,7.06,6.851359322369099,7.476805002838374,6.9022081555768935,7.380429470739363
2026-01-24 06:45:00,7.28,6.978149199485779,7.603594879955054,7.025875820271918,7.474733462045862
2026-01-24 07:00:00,7.57,7.149090705513954,7.774536385983229,7.200813155665921,7.68725063268765
2026-01-24 07:15:00,7.76,7.281034064590931,7.9064797450602065,7.328706455347388,7.777054076448692
2026-01-24 07:30:00,7.76,7.451697166562081,8.077142847031356,7.4916830902427165,7.867741296581428
2026-01-24 07:45:00,8.03,7.645012878179551,8.270458558648826,7.675582779763635,7.963085513212531
2026-01-24 08:00:00,8.26,7.8381386241316795,8.463584304600955,7.923946172929139,8.73094598488349
2026-01-24 08:15:00,8.74,7.994744620621205,8.62019030109048,8.076689990384265,8.84736691701939
2026-01-24 08:30:00,9.1,8.227103052139283,8.852548732608557,8.299289290075802,8.978183877520166
2026-01-24 08:45:00,9.79,8.349715453386306,8.97516113385558,8.424067233411115,9.123328234795974
2026-01-24 09:00:00,10.12,8.500912557840348,9.126358238309622,8.600724259468931,9.539429834607033
2026-01-24 09:15:00,10.59,8.565979158878326,9.1914248393476,8.675239227465735,9.702804471314877
2026-01-24 09:30:00,10.85,8.766182098686695,9.39162777915597,8.871825662858345,9.865378533386606
2026-01-24 09:45:00,10.88,8.906544438898564,9.531990119367839,9.013412063504568,10.01847693448252
2026-01-24 10:00:00,11.27,9.061388742625713,9.686834423094988,9.20003832125652,10.50400499377756
2026-01-24 10:15:00,11.58,9.156018882989883,9.781464563459158,9.295977201110318,10.6122522606769
2026-01-24 10:30:00,11.54,9.330079080462456,9.95552476093173,9.460605919624058,10.68818013814698
2026-01-24 10:45:00,11.73,9.47779489606619,10.103240576535464,9.598045137144876,10.728970368059276
2026-01-24 11:00:00,11.84,9.602596678137779,10.228042358607054,9.708880545063913,10.708455312379842
2026-01-24 11:15:00,12.22,9.753596741855144,10.379042422324419,9.843141089951423,10.685284620304925
2026-01-24 11:30:00,12.3,9.758286452889443,10.383732133358718,9.843072244938977,10.640462675026638
2026-01-24 11:45:00,12.25,9.86730127453804,10.492746955007314,9.936234137272432,10.584531496231332
2026-01-24 12:00:00,12.02,9.915333226323128,10.540778906792402,9.987975599052323,10.671160026925326
2026-01-24 12:15:00,11.97,9.878969482183457,10.504415162652732,9.950992967909356,10.62835690909698
2026-01-24 12:30:00,11.77,10.024763000905514,10.650208681374789,10.080820681705486,10.608029983196598
2026-01-24 12:45:00,12.09,10.086845690608024,10.7122913710773,10.137834716979452,10.617374515868264
2026-01-24 13:00:00,12.15,10.072548386454582,10.697994066923856,10.176058424713732,11.149545985903618
2026-01-24 13:15:00,12.39,10.161700299084186,10.787145979553461,10.26382771285023,11.224312015916821
2026-01-24 13:30:00,12.45,10.187729840278626,10.813175520747901,10.297189405580333,11.32663086909987
2026-01-24 13:45:00,12.68,10.235082585215569,10.860528265684843,10.351694982105487,11.448407144153604
2026-01-24 14:00:00,12.52,10.227635365128517,10.853081045597792,10.3315325965367,11.308661618213907
2026-01-24 14:15:00,12.43,10.318820299506188,10.944265979975462,10.426370095370197,11.43785062656274
2026-01-24 14:30:00,12.67,10.347492733597756,10.97293841406703,10.463554394972727,11.555087019052113
2026-01-24 14:45:00,12.61,10.360789976418019,10.986235656887294,10.484928871232281,11.652425975802839
2026-01-24 15:00:00,12.86,10.39854998588562,11.023995666354894,10.51394772228714,11.59923628816611
2026-01-24 15:15:00,12.77,11.486507760286331,12.111953440755606,11.50191330818655,11.646798862345372
2026-01-24 15:30:00,12.97,11.584970113039017,12.210415793508291,11.59337026337263,11.672371701295255
2026-01-24 15:45:00,13.21,11.650625360012054,12.276071040481328,11.653703653638077,11.68265428108468
2026-01-24 16:00:00,13.34,11.728278512954713,12.353724193423988,11.701520150371616,11.449864044639751
2026-01-24 16:15:00,13.33,11.724206101894378,12.349651782363653,11.698619727237547,11.457985892265812
2026-01-24 16:30:00,13.18,11.842365453243255,12.46781113371253,11.807519763300562,11.47980424613145
2026-01-24 16:45:00,13.33,11.883105129003523,12.508550809472798,11.848500298407881,11.523050006740508
2026-01-24 17:00:00,13.23,11.90865604162216,12.534101722091435,11.817038287781639,10.955394864130202
2026-01-24 17:15:00,13.23,11.991634600758552,12.617080281227826,11.901251912730087,11.05122399251684
2026-01-24 17:30:00,13.16,12.005062378644942,12.630508059114216,11.924811643837952,11.170072360336157
2026-01-24 17:45:00,13.17,12.035520560741423,12.660966241210698,11.965263383634152,11.304511159516407
2026-01-24 18:00:00,13.22,11.986434423327445,12.61188010379672,11.903433940343715,11.122833922062183
2026-01-24 18:15:00,12.98,12.046758604049682,12.672204284518957,11.970706400908606,11.2554533201053
2026-01-24 18:30:00,13.34,11.92331841945648,12.548764099925755,11.870012069254939,11.368678384847325
2026-01-24 18:45:00,13.52,11.955067094564436,12.58051277503371,11.906655398346556,11.451354783287174
2026-01-24 19:00:00,13.42,11.86345411837101,12.488899798840285,11.837555425565029,11.593984311867057
2026-01-24 19:15:00,13.37,11.814556885361672,12.440002565830946,11.79329531860777,11.593335284639743
2026-01-24 19:30:00,13.13,11.678209648132324,12.303655328601598,11.665641260595116,11.547438532265982
2026-01-24 19:45:00,12.95,11.532695240974427,12.158140921443701,11.525630215050722,11.459185308142352
2026-01-24 20:00:00,12.38,11.342481948137284,11.967927628606558,11.356164774206126,11.484848534776233
2026-01-24 20:15:00,12.03,11.35347802400589,11.978923704475164,11.351521888624305,11.333124895501685
2026-01-24 20:30:00,11.89,11.151135228872299,11.776580909341574,11.152360177444098,11.163880530617558
2026-01-24 20:45:00,11.95,10.972253370285035,11.59769905075431,10.973656763560186,10.98685534719317
2026-01-24 21:00:00,11.71,10.838675315976143,11.464120996445418,10.816646986253629,10.609475726931228
2026-01-24 21:15:00,11.14,10.984433105587959,11.609878786057234,10.93209405095991,10.43985755388432
2026-01-24 21:30:00,11.16,10.954068314433098,11.579513994902372,10.889319709870003,10.280374314750285
2026-01-24 21:45:00,10.92,10.743418678045273,11.368864358514548,10.684607263182258,10.131499740588296
2026-01-24 22:00:00,10.62,10.553996378183365,11.17944205865264,10.491526354641815,9.90401047803973
2026-01-24 22:15:00,10.36,10.365909851789475,10.99135553225875,10.308478090841767,9.768345888785667
2026-01-24 22:30:00,10.15,10.131682186424733,10.757127866894008,10.083712869771121,9.63257273045287
2026-01-24 22:45:00,9.88,9.947903670966625,10.5733493514359,9.904092165816204,9.492055265644623
2026-01-24 23:00:00,9.6,9.769491243362427,10.394936923831702,9.727171766974095,9.329167046340455
2026-01-24 23:15:00,9.65,9.615822108983993,10.241267789453268,9.572996591189742,9.170232670169415
2026-01-24 23:30:00,9.25,9.315026866197586,9.94047254666686,9.284898779507303,9.001551211206602
2026-01-24 23:45:00,9.02,9.141800112128259,9.767245792597533,9.111413368210902,8.825633189533452
2026-01-25 00:00:00,8.72,8.92917582333088,9.554621503800155,8.891556376701454,8.537754330363624
2026-01-25 00:15:00,8.49,8.741962714493274,9.367408394962549,8.705388157996373,8.361413057565713
2026-01-25 00:30:00,8.51,8.497970743179321,9.123416423648596,8.468692847294532,8.19334112352936
2026-01-25 00:45:00,8.27,8.325433101058007,8.950878781527281,8.297879941137616,8.038748953408444
2026-01-25 01:00:00,7.98,8.146441932618618,8.771887613087893,8.135446439180251,8.03203640985926
2026-01-25 01:15:00,7.82,7.917081562578678,8.542527243047953,7.916812217189858,7.914279087166044
2026-01-25 01:30:00,7.72,7.708527916073799,8.333973596543075,7.71885499522809,7.815978745438239
2026-01-25 01:45:00,7.52,7.547008813172579,8.172454493641855,7.565095446132431,7.7351959746062064
2026-01-25 02:00:00,7.49,7.419506653249264,8.04495233371854,7.430963572075983,7.53871319863346
2026-01-25 02:15:00,7.24,7.255366943925619,7.880812624394894,7.277123718396069,7.481741064450666
2026-01-25 02:30:00,7.21,7.095726626217365,7.72117230668664,7.127867426748736,7.43014409527473
2026-01-25 02:45:00,7.24,6.903071903139353,7.528517583608629,6.9489345759608545,7.380262225583344
2026-01-25 03:00:00,6.95,6.796923900395632,7.422369580864908,6.848041338762279,7.32878882225982
2026-01-25 03:15:00,7.19,6.1793596725165845,6.804805352985859,6.284871766286026,7.277188188607253
2026-01-25 03:30:00,7.08,6.1828425532579425,6.808288233727218,6.283077640260015,7.225765055242967
2026-01-25 03:45:00,7.05,6.110199612081051,6.735645292550327,6.212773547751649,7.177457284295363
2026-01-25 04:00:00,7.09,6.071289019137621,6.696734699606896,6.158343069399234,6.9770659344097545
2026-01-25 04:15:00,6.89,6.0351738753169775,6.660619555786253,6.12286788370432,6.947609404350157
2026-01-25 04:30:00,6.96,6.023199228644371,6.648644909113646,6.11073384135689,6.933976283175616
2026-01-25 04:45:00,6.88,6.077700448781252,6.703146129250527,6.160504668202557,6.9392588738465
2026-01-25 05:00:00,6.88,6.088432447612286,6.713878128081561,6.201286797865641,7.262655415301136
2026-01-25 05:15:00,6.92,6.221532227098942,6.846977907568217,6.325988338796667,7.308373498131761
2026-01-25 05:30:00,7.0,6.198986097276211,6.824431777745486,6.311715326021149,7.37190720510228
2026-01-25 05:45:00,7.11,6.292338479757309,6.917784160226585,6.403559401951868,7.4495660127251995
2026-01-25 06:00:00,7.08,6.381802049279213,7.007247729748489,6.47071392540646,7.306909205667412
2026-01-25 06:15:00,7.3,6.451697563380003,7.077143243849278,6.542743387770704,7.399007949481385
2026-01-25 06:30:00,7.57,6.6439069107174875,7.269352591186763,6.7254138317812915,7.491967251536066
2026-01-25 06:45:00,7.84,6.785260468423367,7.410706148892642,6.861940687274329,7.583100108101147
2026-01-25 07:00:00,8.13,6.957026220262051,7.582471900731326,7.0158779892196605,7.569365032580788
2026-01-25 07:15:00,8.22,7.111246148943901,7.736691829413177,7.16360116745741,7.6559878011205695
2026-01-25 07:30:00,8.21,7.300126498341561,7.925572178810835,7.342738358262666,7.743492877244748
2026-01-25 07:45:00,8.51,7.505829244852066,8.13127492532134,7.537528802913132,7.835655689799262
2026-01-25 08:00:00,8.83,7.7466197463870055,8.372065426856281,7.806048173508483,8.36495855125364
2026-01-25 08:15:00,9.36,7.927811969518662,8.553257649987938,7.9807102561533645,8.478206198703534
2026-01-25 08:30:00,9.97,8.16228549361229,8.787731174081564,8.204917092928934,8.605857256282755
2026-01-25 08:45:00,10.26,8.276402856707573,8.901848537176848,8.321713102470722,8.747845305556668
2026-01-25 09:00:00,10.32,8.477089377641677,9.102535058110952,8.556466863861667,9.30299344981674
2026-01-25 09:15:00,10.9,8.931584531366825,9.5570302118361,8.982681607957735,9.463237593744172
2026-01-25 09:30:00,10.99,9.151788697838784,9.777234378308059,9.197047642589562,9.622697371721687
2026-01-25 09:45:00,11.28,9.271326273083687,9.896771953552962,9.319513197562332,9.772699887287178
2026-01-25 10:00:00,11.37,9.443049928247929,10.068495608717203,9.507758680300784,10.116329271936195
2026-01-25 10:15:00,11.33,9.541531737446785,10.16697741791606,9.606885664819236,10.221523978571028
2026-01-25 10:30:00,11.27,9.714139422774315,10.33958510324359,9.769910484113502,10.29442419699737
2026-01-25 10:45:00,11.56,9.872678328752517,10.498124009221792,9.916844197927306,10.332213808391119
2026-01-25 11:00:00,11.39,9.983933117985725,10.609378798455,10.039259431025243,10.559590390768738
2026-01-25 11:15:00,11.64,10.176101253032684,10.801546933501958,10.21044881060189,10.533479509973874
2026-01-25 11:30:00,11.77,10.150408131480217,10.775853811949492,10.18263784568244,10.48575072636766
2026-01-25 11:45:00,11.76,10.268164203763009,10.893609884232283,10.2834248964538,10.426948121442205
2026-01-25 12:00:00,11.72,10.315486879646778,10.940932560116053,10.303502523805545,10.190792476195405
2026-01-25 12:15:00,11.58,10.271453404426575,10.89689908489585,10.259318717966465,10.145194846248028
2026-01-25 12:30:00,11.88,10.420555226504803,11.046000906974077,10.391872178417541,10.12211485826224
2026-01-25 12:45:00,11.92,10.473785586953163,11.099231267422438,10.440624255830922,10.128749737156898
2026-01-25 13:00:00,11.81,10.450126548409463,11.075572228878737,10.406027233181389,9.99128354693096
2026-01-25 13:15:00,12.2,10.549137219190598,11.174582899659873,10.502456228691214,10.063432493800855
2026-01-25 13:30:00,12.28,10.566625380516053,11.192071060985327,10.527850643425289,10.163183362057236
2026-01-25 13:45:00,12.28,10.609075808525086,11.23452148899436,10.577683149941329,10.282442580447407
2026-01-25 14:00:00,11.98,10.620318096876144,11.245763777345418,10.624776724348617,10.666709066925538
2026-01-25 14:15:00,12.77,10.706820749044418,11.332266429513693,10.715150343611601,10.793488221147745
2026-01-25 14:30:00,12.82,10.721918951272965,11.34736463174224,10.73983881884565,10.908370958081294
2026-01-25 14:45:00,13.03,10.710955420732498,11.336401101201773,10.739063573333356,11.00341413667154
2026-01-25 15:00:00,12.99,10.776721746325492,11.402167426794767,10.797901563590033,10.997092762840536
2026-01-25 15:15:00,13.17,11.432561756372452,12.058007436841727,11.3950710892628,11.042480184015675
2026-01-25 15:30:00,13.17,11.54057757794857,12.166023258417844,11.494960300006218,11.06594053149795
2026-01-25 15:45:00,13.07,11.579699892401695,12.20514557287097,11.531113968948656,11.07417478772602
2026-01-25 16:00:00,12.97,11.64915020763874,12.274595888108015,11.568708184019968,10.812169874240166
2026-01-25 16:15:00,13.09,11.648582079410554,12.274027759879829,11.568791134558804,10.818376067429773
2026-01-25 16:30:00,12.85,11.756909911632539,12.382355592101813,11.668627018206854,10.838347172298665
2026-01-25 16:45:00,12.76,11.792511670589446,12.417957351058721,11.704792602786299,10.879815404229527
2026-01-25 17:00:00,12.65,11.809007199406624,12.434452879875899,11.696482025924357,10.638209238588786
2026-01-25 17:15:00,12.7,11.900066197514533,12.525511877983808,11.787842403615484,10.732404020366639
2026-01-25 17:30:00,12.78,11.891680822968482,12.517126503437757,11.791535413933904,10.849691399140312
2026-01-25 17:45:00,12.72,11.914936582446098,12.540382262915372,11.82533408498995,10.982643673585352
2026-01-25 18:00:00,12.66,11.86508916735649,12.490534847825765,11.77176463693825,10.894069381057944
2026-01-25 18:15:00,13.0,11.92128716647625,12.546732846945524,11.83517922446293,11.02535428497483
2026-01-25 18:30:00,13.22,11.785381413698197,12.410827094167471,11.72309657427857,11.137322310782363
2026-01-25 18:45:00,13.5,11.806949061155319,12.432394741624593,11.75042408781924,11.218820009947116
2026-01-25 19:00:00,13.34,11.69128296494484,12.316728645414114,11.619243949695345,10.941733956991284
2026-01-25 19:15:00,13.32,11.640859639048577,12.266305319517851,11.573506429086406,10.940065332868963
2026-01-25 19:30:00,13.0,11.491906747221947,12.117352427691221,11.43436800118712,10.893229629552762
2026-01-25 19:45:00,12.66,11.334740405082703,11.960186085551978,11.283742456990975,10.804118751421367
2026-01-25 20:00:00,12.5,11.143620088100434,11.769065768569709,11.084562539062315,10.529140182449582
2026-01-25 20:15:00,12.16,11.144869545698166,11.77031522616744,11.071043143421186,10.376723196170179
2026-01-25 20:30:00,11.88,10.929271604418755,11.55471728488803,10.859841564725846,10.206868373422903
2026-01-25 20:45:00,11.83,10.71528960943222,11.340735289901495,10.649360816781702,10.029316030315059
2026-01-25 21:00:00,11.79,10.59508273243904,11.220528412908315,10.514135073483361,9.75284138230041
2026-01-25 21:15:00,11.51,11.106341537237167,11.731787217706442,10.959920359657518,9.58286362713364
2026-01-25 21:30:00,11.27,11.06582755625248,11.691273236721754,10.9079457943027,9.423104961647816
2026-01-25 21:45:00,11.26,10.793522918224335,11.41896859869361,10.647485629234982,9.274039278600844
2026-01-25 22:00:00,11.3,10.583901997208596,11.20934767767787,10.443163137217933,9.119547264968496
2026-01-25 22:15:00,10.84,10.3721330845356,10.997578765004874,10.2387064596121,8.983860438114318
2026-01-25 22:30:00,10.52,10.126478825211525,10.7519245056808,10.003618829594178,8.848149471135514
2026-01-25 22:45:00,10.55,9.909595343470574,10.535041023939849,9.794088954701968,8.707778538868816
2026-01-25 23:00:00,10.32,9.708647044897079,10.334092725366354,9.619396723144675,8.780018441391576
2026-01-25 23:15:00,10.02,9.58171814262867,10.207163823097945,9.489422026762329,8.621398767828953
2026-01-25 23:30:00,9.74,9.239811782836915,9.86525746330619,9.164202570688959,8.45311571597129
2026-01-25 23:45:00,9.56,9.055705337822438,9.681151018291713,8.980929416842285,8.27767946954296
2026-01-26 00:00:00,9.25,8.840728941559792,9.466174622029067,8.801968098483874,8.437431487057147
2026-01-26 00:15:00,9.18,8.663770441114902,9.289216121584177,8.625131127349942,8.261737470505478
2026-01-26 00:30:00,8.83,8.41755159109831,9.042997271567584,8.386493050618943,8.094394783302308
2026-01-26 00:45:00,8.85,8.227873881161214,8.853319561630489,8.200265317391851,7.940613269495741
2026-01-26 01:00:00,8.49,8.04866267800331,8.674108358472585,8.012622609812167,7.673674246169638
2026-01-26 01:15:00,5.79,7.844009872078896,8.46945555254817,7.816414682514475,7.556888415869825
2026-01-26 01:30:00,5.63,7.628030584454536,8.253476264923812,7.611846488617247,7.4596388742478865
2026-01-26 01:45:00,4.15,7.4682194037735465,8.093665084242822,7.459739249430029,7.379985392613587
2026-01-26 02:00:00,4.14,7.3856672945618635,8.01111297503114,7.375738245012967,7.282357869613149
2026-01-26 02:15:00,3.98,7.206865207403898,7.832310887873174,7.20876857660782,7.226669316241695
2026-01-26 02:30:00,3.94,7.065276403576136,7.690722084045412,7.075959510347852,7.176431616551616
2026-01-26 02:45:00,3.96,6.869026836752892,7.494472517222167,6.893915128599277,7.12798365894858
2026-01-26 03:00:00,3.82,6.801631829738617,7.4270775102078925,6.777593509704632,6.551518764312309
2026-01-26 03:15:00,3.79,5.862946563512087,6.488392243981362,5.92431762007761,6.501497970779853
2026-01-26 03:30:00,5.82,5.862904997467995,6.4883506779372695,5.919496460236059,6.4517258555757095
2026-01-26 03:45:00,5.22,5.736746039837599,6.362191720306875,5.800985164420506,6.405139020171403
2026-01-26 04:00:00,5.15,5.659809237867594,6.28525491833687,5.750971884157187,6.608335128346967
2026-01-26 04:15:00,5.07,5.6436710001528265,6.269116680622101,5.733732083011104,6.5807353822498085
2026-01-26 04:30:00,4.89,5.621359408944845,6.246805089414121,5.712439360156595,6.569024876591596
2026-01-26 04:45:00,4.89,5.62708367228508,6.252529352754355,5.718312143398085,6.576294454568096
2026-01-26 05:00:00,4.75,5.6216172952950005,6.247062975764276,5.731428312867836,6.764175102325334
2026-01-26 05:15:00,4.76,5.800545141845942,6.425990822315217,5.897756297556196,6.812004350058112
2026-01-26 05:30:00,4.73,5.749559524655342,6.3750052051246175,5.857985754124368,6.877708937208865
2026-01-26 05:45:00,3.97,5.863630015403032,6.489075695872307,5.968770949238837,6.957596699692063
2026-01-26 06:00:00,3.28,5.954663366377354,6.58010904684663,6.0663938638187345,7.117192909921182
2026-01-26 06:15:00,2.66,6.120194211602211,6.745639892071486,6.225092061896568,7.211631668822947
2026-01-26 06:30:00,9.9,6.285907947421074,6.91135362789035,6.384043365793148,7.3069838912154275
2026-01-26 06:45:00,9.07,6.469373744726181,7.094819425195457,6.558869956127417,7.400560772187206
2026-01-26 07:00:00,9.05,6.687820640355349,7.313266320824624,6.796579135855587,7.819427202804782
2026-01-26 07:15:00,9.08,6.903625527471304,7.529071207940579,7.000212538300189,7.908590655010249
2026-01-26 07:30:00,9.02,7.101447882652283,7.726893563121559,7.187680876669215,7.998681900835338
2026-01-26 07:45:00,9.07,7.347024316191673,7.972469996660948,7.418765497286548,8.093474429825836
2026-01-26 08:00:00,9.26,7.689102600216866,8.314548280686141,7.769724022872002,8.527949538388807
2026-01-26 08:15:00,9.58,7.890693315267563,8.516138995736839,7.963084643412036,8.643908056018885
2026-01-26 08:30:00,9.7,8.164987817108631,8.790433497577906,8.223549421340975,8.774307533716346
2026-01-26 08:45:00,10.05,8.276123745143414,8.901569425612688,8.337918102717811,8.91907949983553
2026-01-26 09:00:00,10.39,8.548198797106743,9.173644477576017,8.612541208970129,9.217666457297675
2026-01-26 09:15:00,10.69,9.74534968495369,10.370795365422964,9.710308966760165,9.380759254768437
2026-01-26 09:30:00,10.89,10.04791121929884,10.673356899768114,9.999393607579671,9.543096882145136
2026-01-26 09:45:00,11.2,10.148608233332634,10.77405391380191,10.10510855389375,9.696004301188488
2026-01-26 10:00:00,11.3,10.379826517105103,11.005272197574378,10.35874966412754,10.160526819775807
2026-01-26 10:15:00,11.53,10.521889704465867,11.147335384935142,10.497553194468145,10.26867404261001
2026-01-26 10:30:00,11.46,10.755706661939621,11.381152342408896,10.716190212887184,10.34454730499229
2026-01-26 10:45:00,11.81,10.927435623407364,11.552881303876639,10.875333788257405,10.38532828457218
2026-01-26 11:00:00,12.1,11.058799180388451,11.684244860857726,11.006947209042107,10.519291615654465
2026-01-26 11:15:00,12.03,11.293119175434112,11.918564855903387,11.216527623883994,10.496202098164432
2026-01-26 11:30:00,11.94,11.277603543996811,11.903049224466086,11.19820749510601,10.45150633159844
2026-01-26 11:45:00,11.97,11.410440838336944,12.035886518806219,11.312918722166955,10.395746159688382
2026-01-26 12:00:00,12.0,11.461633224487304,12.087078904956579,11.363129651426652,10.43672671775921
2026-01-26 12:15:00,11.79,11.440628752708434,12.06607443317771,11.340055106750928,10.394183624431225
2026-01-26 12:30:00,11.71,11.54233007311821,12.167775753587485,11.430057547853655,10.374160857575298
2026-01-26 12:45:00,11.73,11.633823480606079,12.259269161075354,11.513689089272342,10.383853397957877
2026-01-26 13:00:00,11.7,11.589328356981278,12.214774037450553,11.46878983405441,10.335153380170311
2026-01-26 13:15:00,12.16,11.72731559574604,12.352761276215315,11.600742677002609,10.41035414993298
2026-01-26 13:30:00,12.26,11.671164999604226,12.2966106800735,11.559868449206718,10.51315057297463
2026-01-26 13:45:00,12.47,11.689875025749206,12.31532070621848,11.588534131124966,10.635446855574328
2026-01-26 14:00:00,12.65,11.672921739816665,12.29836742028594,11.556443144200554,10.460989351658554
2026-01-26 14:15:00,12.94,11.753213894367217,12.378659574836492,11.641492778357982,10.590781962418042
2026-01-26 14:30:00,13.19,11.739616314768792,12.365061995238067,11.64053159022683,10.708663063581778
2026-01-26 14:45:00,13.14,11.703589344024659,12.329035024493933,11.617388259918204,10.80668734095396
2026-01-26 15:00:00,13.37,11.738162387609481,12.363608068078756,11.634715242075895,10.661819172175688
2026-01-26 15:15:00,13.55,11.778845462799072,12.404291143268347,11.67613302517829,10.710146710372856
2026-01-26 15:30:00,13.63,11.890609657168387,12.516055337637662,11.779690651705899,10.736523496777892
2026-01-26 15:45:00,13.57,11.887471863031386,12.512917543500661,11.777923644411748,10.747648417290927
2026-01-26 16:00:00,13.46,11.958417140841483,12.583862821310758,11.83785417869109,10.703987879658584
2026-01-26 16:15:00,13.54,11.966210331916807,12.591656012386082,11.845767115118724,10.713026992957003
2026-01-26 16:30:00,13.43,12.091374003887175,12.71681968435645,11.961089952872543,10.735799099760873
2026-01-26 16:45:00,13.32,12.133104189634322,12.758549870103597,12.003060906781764,10.780034421598565
2026-01-26 17:00:00,13.15,12.137480828762053,12.762926509231328,12.005599167360746,10.765283164367853
2026-01-26 17:15:00,13.05,12.251703610420225,12.8771492908895,12.118155924271317,10.862171350425754
2026-01-26 17:30:00,13.26,12.247253390550613,12.872699071019888,12.125660928372653,10.982112423749882
2026-01-26 17:45:00,13.25,12.29594544649124,12.921391126960515,12.182702268400254,11.117676816615694
2026-01-26 18:00:00,13.2,12.259278889298438,12.884724569767712,12.13907472110963,11.008582794886811
2026-01-26 18:15:00,13.3,12.34842761814594,12.973873298615215,12.232515684078288,11.142391210103897
2026-01-26 18:30:00,13.49,12.258841649889945,12.88428733035922,12.162539053873022,11.25683579156664
2026-01-26 18:45:00,13.88,12.27268473446369,12.898130414932965,12.183117754359776,11.340761375298186
2026-01-26 19:00:00,13.83,12.216793793439864,12.842239473909139,12.129425895975196,11.307751371846132
2026-01-26 19:15:00,13.83,12.17919474184513,12.804640422314405,12.095503620381,11.308408309649996
2026-01-26 19:30:00,13.63,12.066404662132262,12.691850342601537,11.989270764636846,11.263844602877617
2026-01-26 19:45:00,13.42,11.939363266229629,12.564808946698903,11.866087928403395,11.17695061268491
2026-01-26 20:00:00,13.19,11.800108882188796,12.425554562658071,11.746228935213262,11.23950070807323
2026-01-26 20:15:00,12.68,11.794046961069107,12.419492641538382,11.726302900739071,11.089185948751494
2026-01-26 20:30:00,12.46,11.612339318990708,12.237784999459983,11.545930761181085,10.921373896248097
2026-01-26 20:45:00,12.18,11.463476988077163,12.088922668546438,11.394501524539056,10.745803515042182
2026-01-26 21:00:00,12.23,11.348689615726471,11.974135296195746,11.269816356866137,10.528031910619358
2026-01-26 21:15:00,11.63,11.553648772239685,12.17909445270896,11.438918824019883,10.359910648906341
2026-01-26 21:30:00,11.49,11.509610698223113,12.135056378692388,11.383931088328126,10.201943920845325
2026-01-26 21:45:00,11.5,11.264178596138954,11.88962427660823,11.147926653215144,10.054604475928803
2026-01-26 22:00:00,11.25,11.07320756316185,11.698653243631124,10.951300698650744,9.804795314041506
2026-01-26 22:15:00,10.93,10.88254005074501,11.507985731214285,10.766070340688085,9.670700114740088
2026-01-26 22:30:00,10.62,10.666325163245201,11.291770843714476,10.557739028647816,9.53651197544554
2026-01-26 22:45:00,10.56,10.487812623381615,11.11325830385089,10.383031929409118,9.397594150131173
2026-01-26 23:00:00,10.04,10.27887090921402,10.904316589683294,10.170714431993003,9.153528205347293
2026-01-26 23:15:00,9.76,10.159812316298485,10.78525799676776,10.047979643795827,8.996219665276657
2026-01-26 23:30:00,9.73,9.866546364426613,10.491992044895888,9.766844854956746,8.829175611150887
2026-01-26 23:45:00,9.45,9.705133918225766,10.33057959869504,9.604196664807306,8.654905539848631
2026-01-27 00:00:00,9.47,9.492621769309045,10.11806744977832,9.364063367494488,8.155001839185559
2026-01-27 00:15:00,9.12,9.354548922181129,9.979994602650404,9.222472664743345,7.980326531802156
2026-01-27 00:30:00,8.67,9.12615500688553,9.751600687354804,9.000037117222407,7.813928031616725
2026-01-27 00:45:00,8.1,8.936664078831672,9.562109759300947,8.81406175492104,7.661015738251976
2026-01-27 01:00:00,7.87,8.794471417665482,9.419917098134757,8.650768687750263,7.299278316050671
2026-01-27 01:15:00,7.53,8.58555765002966,9.211003330498935,8.450778345057996,7.183210685897776
2026-01-27 01:30:00,7.38,8.421234873235226,9.046680553704501,8.292963692873382,7.086603414764186
2026-01-27 01:45:00,7.38,8.25716432273388,8.882610003203155,8.137060863108687,7.007516077237027
2026-01-27 02:00:00,7.09,8.186606758832932,8.812052439302207,8.060590467288062,6.875436888085647
2026-01-27 02:15:00,7.09,8.02729136377573,8.652737044245004,7.911274374969203,6.820161885887712
2026-01-27 02:30:00,6.89,7.883245741426945,8.50869142189622,7.7762770237247185,6.770261395956878
2026-01-27 02:45:00,6.94,7.7384158474206926,8.363861527889968,7.64073545678639,6.7220743602017965
2026-01-27 03:00:00,6.69,7.663835751712322,8.289281432181598,7.573899685954153,6.728072143134213
2026-01-27 03:15:00,6.67,6.41809946462512,7.043545145094395,6.443093844332904,6.678160106063649
2026-01-27 03:30:00,6.59,6.434498418718577,7.059944099187852,6.453136281288258,6.6284209945768975
2026-01-27 03:45:00,6.64,6.335869624912739,6.961315305382014,6.359505150893508,6.5817917129644545
2026-01-27 04:00:00,6.69,6.281855346560478,6.907301027029753,6.3085185593096345,6.559279803235347
2026-01-27 04:15:00,6.65,6.282763431966305,6.90820911243558,6.306668290957452,6.531487866635881
2026-01-27 04:30:00,6.49,6.27752611041069,6.902971790879965,6.300783232862254,6.519510998752782
2026-01-27 04:45:00,6.52,6.316850418150425,6.9422960986197,6.336994090545228,6.52644059102791
2026-01-27 05:00:00,6.53,6.334314170479774,6.95975985094905,6.365785501803995,6.661765969915796
2026-01-27 05:15:00,6.9,6.524246936738491,7.149692617207766,6.542014078794543,6.709109870471848
2026-01-27 05:30:00,6.77,6.515614995956421,7.141060676425695,6.540473077941356,6.77425749164998
2026-01-27 05:45:00,6.87,6.649832282960415,7.275277963429691,6.669408426909704,6.853517455861883
2026-01-27 06:00:00,7.18,6.7619923275709155,7.38743800804019,6.776450542856791,6.912426656618493
2026-01-27 06:15:00,7.36,6.93518901258707,7.560634693056345,6.94200411440755,7.006098543914656
2026-01-27 06:30:00,7.46,7.12623168066144,7.7516773611307155,7.123769740064167,7.100615767868408
2026-01-27 06:45:00,7.73,7.300921736359596,7.926367416828871,7.290577322005542,7.193290538319368
2026-01-27 07:00:00,8.15,7.533655854165554,8.159101534634829,7.477003347746225,6.944199851225708
2026-01-27 07:15:00,8.3,7.7475791260600095,8.373024806529285,7.678836688416997,7.03233023264888
2026-01-27 07:30:00,8.43,7.95048332810402,8.575929008573295,7.870793043971176,7.121324667225071
2026-01-27 07:45:00,8.33,8.213338854610921,8.838784535080196,8.117384644971716,7.214957874596943
2026-01-27 08:00:00,8.72,8.533735228776932,9.159180909246206,8.502315798916921,8.206823451867244
2026-01-27 08:15:00,9.23,8.724718996882439,9.350164677351714,8.685965840644872,8.32150152212467
2026-01-27 08:30:00,9.5,8.969584385752679,9.595030066221954,8.919701244682557,8.450562036915404
2026-01-27 08:45:00,9.89,9.088409501314164,9.713855181783439,9.040885933229486,8.593937954348743
2026-01-27 09:00:00,10.25,9.342062128782272,9.967507809251547,9.335584959999178,9.27466871121678
2026-01-27 09:15:00,10.56,9.61427196085453,10.239717641323805,9.597162857497581,9.436255764995082
2026-01-27 09:30:00,10.98,9.921485708355904,10.546931388825179,9.89030282384196,9.59703513012953
2026-01-27 09:45:00,11.33,9.97462515413761,10.600070834606885,9.952876293935603,9.748333379714031
2026-01-27 10:00:00,11.34,10.166776662766933,10.792222343236208,10.161423815379836,10.111081544852958
2026-01-27 10:15:00,11.78,10.312968508005142,10.938414188474416,10.30379523736231,10.217522784792362
2026-01-27 10:30:00,11.81,10.52461785197258,11.150063532441855,10.502226801484802,10.291644238687807
2026-01-27 10:45:00,11.82,10.686600195169449,11.312045875638724,10.65238790429837,10.3306293564035
2026-01-27 11:00:00,12.19,10.802920735478402,11.428366415947677,10.770118737843827,10.461623666095372
2026-01-27 11:15:00,12.31,11.035191082358361,11.660636762827636,10.977665952922923,10.436655642202759
2026-01-27 11:30:00,12.11,11.027822395563126,11.6532680760324,10.966525522229148,10.390042847369486
2026-01-27 11:45:00,12.35,11.177187056541444,11.802632737010718,11.09598790988444,10.332329036027929
2026-01-27 12:00:00,12.16,11.216457239985466,11.841902920454741,11.117328565824375,10.185046703349656
2026-01-27 12:15:00,12.16,11.223808946609497,11.849254627078771,11.119690653848838,10.140482602151783
2026-01-27 12:30:00,12.08,11.33576346039772,11.961209140866995,11.218763666562506,10.118408127371154
2026-01-27 12:45:00,12.14,11.430473195314407,12.055918875783682,11.305102469547748,10.12602028463313
2026-01-27 13:00:00,12.46,11.425142129063607,12.050587809532882,11.332761951214053,10.463948109102457
2026-01-27 13:15:00,12.75,11.56360056757927,12.189046248048545,11.464935842952945,10.537017316717991
2026-01-27 13:30:00,13.03,11.53327681183815,12.158722492307424,11.447199220119836,10.637659718016979
2026-01-27 13:45:00,12.67,11.571271359920502,12.196717040389776,11.493087014079366,10.757781632725314
2026-01-27 14:00:00,13.06,11.594244116544724,12.219689797013999,11.516769547770277,10.788139452767794
2026-01-27 14:15:00,13.24,11.671656717061996,12.29710239753127,11.599004108359278,10.915723413563056
2026-01-27 14:30:00,13.31,11.689006914496423,12.314452594965697,11.625802702837253,11.031381959691814
2026-01-27 14:45:00,13.22,11.676971510648727,12.302417191118002,11.624130377696982,11.127171952090757
2026-01-27 15:00:00,13.41,11.724008707404137,12.349454387873411,11.656800059460306,11.024718535020057
2026-01-27 15:15:00,13.31,12.107393380403517,12.732839060872791,12.007766093558358,11.070794896078505
2026-01-27 15:30:00,13.53,12.228285831809043,12.853731512278317,12.119357807328416,11.09491536019692
2026-01-27 15:45:00,13.83,12.204885740876197,12.830331421345472,12.099058771898612,11.103781022312809
2026-01-27 16:00:00,13.67,12.256530224084853,12.881975904554128,12.123897091486786,10.876513678656721
2026-01-27 16:15:00,13.63,12.271376553773878,12.896822234243153,12.137968227762775,10.88329430323162
2026-01-27 16:30:00,13.75,12.388780287504195,13.01422596797347,12.246060227007106,10.903811630031983
2026-01-27 16:45:00,13.46,12.431348161697386,13.05679384216666,12.288572222123012,10.945798095570423
2026-01-27 17:00:00,13.71,12.42803844332695,13.053484123796224,12.2715685161896,10.800005657840106
2026-01-27 17:15:00,13.38,12.548998107910155,13.17444378837943,12.390000314295506,10.894663466356336
2026-01-27 17:30:00,13.34,12.546014550328254,13.171460230797528,12.398617864470134,11.0123867060558
2026-01-27 17:45:00,13.4,12.607931329607963,13.233377010077238,12.467401162910663,11.145748001994438
2026-01-27 18:00:00,13.41,12.571010069847105,13.19645575031638,12.42316139417406,11.032679377871775
2026-01-27 18:15:00,13.7,12.66816636443138,13.293612044900655,12.523632038888515,11.1643207059269
2026-01-27 18:30:00,14.05,12.606038748025894,13.231484428495168,12.47826850726677,11.276619448285286
2026-01-27 18:45:00,13.99,12.613522050976751,13.238967731446026,12.492894675416792,11.35842258341926
2026-01-27 19:00:00,14.04,12.594418650865554,13.21986433133483,12.452582430895003,11.118646146166384
2026-01-27 19:15:00,14.05,12.560987523794173,13.186433204263448,12.422228620457197,11.117233774791032
2026-01-27 19:30:00,13.7,12.476695123910902,13.102140804380177,12.341558512364239,11.070630468915285
2026-01-27 19:45:00,13.52,12.376697480678557,13.002143161147831,12.242627287185378,10.981728654676223
2026-01-27 20:00:00,13.12,12.279386949539184,12.904832630008459,12.15969530560252,11.034023549410186
2026-01-27 20:15:00,12.89,12.266861243247984,12.892306923717259,12.133740441515206,10.88177061518746
2026-01-27 20:30:00,12.54,12.118920794129371,12.744366474598646,11.983707493755626,10.712058209927457
2026-01-27 20:45:00,12.3,12.005534285902975,12.63097996637225,11.864165686104325,10.534627259094297
2026-01-27 21:00:00,12.3,11.897513511776923,12.522959192246198,11.739353181606138,10.251892480360215
2026-01-27 21:15:00,12.06,11.63844562470913,12.263891305178404,11.48885553959496,10.081995977130145
2026-01-27 21:30:00,11.97,11.609093983769418,12.234539664238692,11.446976479625391,9.922299488006066
2026-01-27 21:45:00,11.68,11.375838079452516,12.00128375992179,11.221816290364687,9.773277594496097
2026-01-27 22:00:00,11.4,11.18534602880478,11.810791709274055,11.039023566202593,9.66289522482104
2026-01-27 22:15:00,11.13,11.016329649686813,11.641775330156088,10.873211363990848,9.527217552694683
2026-01-27 22:30:00,10.91,10.812757207155228,11.438202887624502,10.676160396843178,9.391499527487913
2026-01-27 22:45:00,10.68,10.65317755818367,11.278623238652944,10.518424730387267,9.251106082832157
2026-01-27 23:00:00,10.35,10.441310302019119,11.066755982488393,10.317537332352469,9.153481667718724
2026-01-27 23:15:00,10.11,10.32960624575615,10.955051926225424,10.201319315411176,8.99481091241551
2026-01-27 23:30:00,9.92,10.053747799396515,10.67919347986579,9.935793753057096,8.826463693532261
2026-01-27 23:45:00,9.67,9.905805935263635,10.53125161573291,9.785202062954099,8.65095101349813
2026-01-28 00:00:00,9.45,9.687237879037857,10.312683559507132,9.54982935956714,8.257534556512704
2026-01-28 00:15:00,9.17,9.571097399294377,10.196543079763652,9.427955737631041,8.081742080860485
2026-01-28 00:30:00,8.97,9.345878422260284,9.97132410272956,9.208288841552159,7.914291200150908
2026-01-28 00:45:00,8.65,9.160607420504093,9.786053100973367,9.026033037952676,7.760392625951039
2026-01-28 01:00:00,8.68,9.034608536362649,9.660054216831924,8.893828487056505,7.5698252389839045
2026-01-28 01:15:00,8.4,8.821518707871437,9.446964388340712,8.68998171682772,7.4529072574712405
2026-01-28 01:30:00,8.11,8.677699487805366,9.303145168274641,8.550625002451598,7.3555193593951165
2026-01-28 01:45:00,8.16,8.506228058934212,9.131673739403487,8.3879643725025,7.2757222207461965
2026-01-28 02:00:00,7.89,8.441723572313785,9.06716925278306,8.323251979585226,7.2090545180128105
2026-01-28 02:15:00,7.87,8.280572196245194,8.906017876714468,8.172222053629941,7.1532144495072965
2026-01-28 02:30:00,7.6,8.143094716370106,8.76854039683938,8.043114366052977,7.10282268967028
2026-01-28 02:45:00,7.58,8.011689770221711,8.637135450690986,7.919667438668682,7.054219056799801
2026-01-28 03:00:00,7.31,7.92291955769062,8.548365238159896,7.831919037680416,6.976080553011363
2026-01-28 03:15:00,7.31,6.973128021359444,7.59857370182872,6.9685892968037,6.925903659999837
2026-01-28 03:30:00,7.19,6.985246203541756,7.610691884011031,6.974744326442282,6.875976642675352
2026-01-28 03:45:00,7.24,6.903012649416923,7.528458329886199,6.895922089847316,6.8292370450055015
2026-01-28 04:00:00,7.29,6.852624168246985,7.47806984871626,6.843150544114583,6.754053337627301
2026-01-28 04:15:00,7.29,6.854320593476296,7.479766273945572,6.84201732132567,6.726307940844309
2026-01-28 04:30:00,7.11,6.849628052413464,7.4750737328827395,6.836636764354457,6.714456756096561
2026-01-28 04:45:00,7.07,6.886397551894188,7.5118432323634625,6.870558079673669,6.721591569354317
2026-01-28 05:00:00,7.11,6.914061080813408,7.5395067612826825,6.8958258071092455,6.724327347399937
2026-01-28 05:15:00,7.12,7.074963591247797,7.7004092717170725,7.045849322973666,6.772036478396663
2026-01-28 05:30:00,7.2,7.093747021257878,7.719192701727152,7.0691316310294,6.837629676201938
2026-01-28 05:45:00,7.32,7.219149653762579,7.844595334231855,7.190150060438632,6.91741570679315
2026-01-28 06:00:00,7.27,7.333646417558193,7.959092098027469,7.3137543851003475,7.126674499031547
2026-01-28 06:15:00,7.6,7.496172656863928,8.121618337333203,7.4697290944206785,7.221033609953725
2026-01-28 06:30:00,7.71,7.680694585442543,8.306140265911818,7.645674477333291,7.316318598336025
2026-01-28 06:45:00,7.98,7.856140081882477,8.481585762351752,7.81324641464969,7.409841564190696
2026-01-28 07:00:00,8.12,8.082463123798371,8.707908804267646,8.046419617624816,7.707438920566407
2026-01-28 07:15:00,8.39,8.288829158246518,8.914274838715793,8.241518969855061,7.796577776795814
2026-01-28 07:30:00,8.51,8.484436839222909,9.109882519692183,8.426984658012792,7.886660408192194
2026-01-28 07:45:00,8.51,8.751272447109223,9.376718127578497,8.677286029138347,7.981461171926702
2026-01-28 08:00:00,8.8,9.0397071865201,9.665152866989375,8.957053393754261,8.179713915420157
2026-01-28 08:15:00,9.42,9.229422040581703,9.854867721050978,9.139683816046649,8.295716923391975
2026-01-28 08:30:00,9.86,9.46608671426773,10.091532394737005,9.366141500325574,8.426180273284375
2026-01-28 08:45:00,10.21,9.596325688660144,10.221771369129419,9.497785318026107,8.571036311836853
2026-01-28 09:00:00,10.33,9.822645546793938,10.448091227263212,9.735536240264878,8.91629370305693
2026-01-28 09:15:00,10.62,9.796911743581296,10.42235742405057,9.727962719969602,9.079513371761205
2026-01-28 09:30:00,11.16,10.09764649450779,10.723092174977065,10.015410511791128,9.242000438688159
2026-01-28 09:45:00,11.07,10.15118851184845,10.776634192317724,10.078519123841355,9.395080623634483
2026-01-28 10:00:00,11.41,10.333158639073371,10.958604319542646,10.304674057432447,10.036783267519734
2026-01-28 10:15:00,11.8,10.477742320597171,11.103188001066446,10.445777138035336,10.14515211520225
2026-01-28 10:30:00,11.85,10.681824522018433,11.307270202487707,10.637560953105888,10.221272499590372
2026-01-28 10:45:00,11.96,10.844088453054429,11.469534133523704,10.788175447768971,10.262326785459855
2026-01-28 11:00:00,11.96,10.959685213565827,11.585130894035101,10.870775290496812,10.034598378289115
2026-01-28 11:15:00,12.07,11.185607806444168,11.811053486913442,11.072796867112357,10.011836519182443
2026-01-28 11:30:00,12.25,11.194043413996697,11.819489094465972,11.076160222732993,9.967496538528026
2026-01-28 11:45:00,12.25,11.3472618663311,11.972707546800375,11.209330734644968,9.912120886638492
2026-01-28 12:00:00,12.25,11.385955431461335,12.01140111193061,11.213414319666574,9.590705750034408
2026-01-28 12:15:00,12.03,11.39847052514553,12.023916205614805,11.220680427221819,9.548606377764411
2026-01-28 12:30:00,12.11,11.515798555612564,12.141244236081839,11.324853268029315,9.529057754315561
2026-01-28 12:45:00,12.17,11.616083446741104,12.241529127210379,11.416479888674663,9.539255377749027
2026-01-28 13:00:00,12.21,11.6298472905159,12.255292970985174,11.450655461894382,9.765398464952838
2026-01-28 13:15:00,12.63,11.774049271941186,12.39949495241046,11.588280380448563,9.841167654324922
2026-01-28 13:30:00,12.88,11.748163000941277,12.373608681410552,11.57481951886225,9.94456484544792
2026-01-28 13:45:00,13.03,11.807002831697464,12.432448512166738,11.639819026489043,10.067494665103675
2026-01-28 14:00:00,12.99,11.837054904699325,12.4625005851686,11.660972545017625,10.004959372015549
2026-01-28 14:15:00,13.24,11.911426639556884,12.53687232002616,11.740738069379542,10.135452217886339
2026-01-28 14:30:00,13.16,11.94359981894493,12.569045499414205,11.781219176541272,10.254067431488062
2026-01-28 14:45:00,13.34,11.95293325304985,12.578378933519124,11.79915051289878,10.352860016049013
2026-01-28 15:00:00,13.34,11.993427423834799,12.618873104304074,11.858761007084139,10.592255035087799
2026-01-28 15:15:00,13.56,12.047231218814849,12.672676899284124,11.912118976001905,10.641420114761312
2026-01-28 15:30:00,13.55,12.170730126500128,12.796175806969403,12.02636735313485,10.668669428049274
2026-01-28 15:45:00,13.53,12.157972357869147,12.783418038338421,12.015992186221021,10.68070206982655
2026-01-28 16:00:00,13.55,12.201231466531752,12.826677147001027,12.056340046703632,10.693670325988395
2026-01-28 16:15:00,13.64,12.222881184816359,12.848326865285634,12.076871817633712,10.703688065023595
2026-01-28 16:30:00,13.64,12.343986595869064,12.969432276338338,12.188623915404424,10.72747445155445
2026-01-28 16:45:00,13.51,12.379243091344833,13.004688771814108,12.224844282447387,10.77275980395562
2026-01-28 17:00:00,13.62,12.382445268630981,13.007890949100256,12.232108050837931,10.818221881276077
2026-01-28 17:15:00,13.5,12.494637504816055,13.12008318528533,12.342937224838352,10.916231776062567
2026-01-28 17:30:00,13.56,12.502965571284292,13.128411251753567,12.362103651238257,11.037330428115418
2026-01-28 17:45:00,13.5,12.558160325288771,13.183606005758046,12.425137416676643,11.17408825212124
2026-01-28 18:00:00,13.5,12.52348186314106,13.148927543610334,12.387661890962212,11.110307001514292
2026-01-28 18:15:00,13.4,12.622994156479834,13.248439836949109,12.490591953936438,11.245380383948953
2026-01-28 18:30:00,13.68,12.562672098278998,13.188117778748273,12.447191684619495,11.36112555857735
2026-01-28 18:45:00,13.96,12.576790403127669,13.202236083596944,12.468147564979635,11.446387228221862
2026-01-28 19:00:00,14.11,12.570209171772001,13.195654852241276,12.474788440929448,11.577378913147106
2026-01-28 19:15:00,14.03,12.534502701759337,13.159948382228611,12.442712035109,11.579442407155469
2026-01-28 19:30:00,13.75,12.460075781345367,13.085521461814642,12.371293802589626,11.536320176551962
2026-01-28 19:45:00,13.51,12.362033687829971,12.987479368299246,12.27446502348921,11.45090233411683
2026-01-28 20:00:00,13.23,12.267079862952231,12.892525543421506,12.17370626197156,11.295549508994435
2026-01-28 20:15:00,12.76,12.25838177025318,12.883827450722455,12.15154587215736,11.14677938154465
2026-01-28 20:30:00,12.68,12.129512175917624,12.754957856386898,12.019085223992251,10.980545716835202
2026-01-28 20:45:00,12.5,12.027029767632483,12.652475448101757,11.909733252339493,10.806587117635466
2026-01-28 21:00:00,12.5,11.907195039391517,12.532640719860792,11.78362608378742,10.62148912342181
2026-01-28 21:15:00,12.1,11.871031519770622,12.496477200239896,11.73494134233808,10.455045236039481
2026-01-28 21:30:00,11.98,11.83853642463684,12.463982105106115,11.690551493397104,10.29878802554144
2026-01-28 21:45:00,11.68,11.599883655905725,12.225329336375,11.460842176520586,10.153189769591744
2026-01-28 22:00:00,11.41,11.406490826010705,12.03193650647998,11.205095793574092,9.311022887605013
2026-01-28 22:15:00,11.47,11.23104320704937,11.856488887518644,11.033795834911027,9.178730698394196
2026-01-28 22:30:00,11.09,11.027522412538529,11.652968093007804,10.837114768520381,9.046375666066652
2026-01-28 22:45:00,10.84,10.856711795330048,11.482157475799323,10.66954837829954,8.909320467525957
2026-01-28 23:00:00,10.6,10.644390319585801,11.269836000055076,10.467738066112227,8.806365176053541
2026-01-28 23:15:00,10.6,10.53218676328659,11.157632443755865,10.351383993119297,8.650976469881066
2026-01-28 23:30:00,10.3,10.250649157166482,10.876094837635756,10.081037512026048,8.4858798871802
2026-01-28 23:45:00,10.12,10.095804853439331,10.721250533908606,9.92451596373275,8.313584248280057
2026-01-29 00:00:00,9.88,9.872904023528099,10.498349703997373,9.718147699354272,8.262700873786372
2026-01-29 00:15:00,9.83,9.75050705820322,10.375952738672495,9.590921012930792,8.090051796524476
2026-01-29 00:30:00,9.59,9.51934431374073,10.144789994210004,9.366179871118067,7.92570431708101
2026-01-29 00:45:00,9.36,9.334698040783405,9.96014372125268,9.18478297696746,7.77486706625711
2026-01-29 01:00:00,9.08,9.214038359224796,9.83948403969407,9.058201387809715,7.592591329138168
2026-01-29 01:15:00,9.08,9.00284924864769,9.628294929116965,8.856358204354349,7.4786443918229235
2026-01-29 01:30:00,8.67,8.848704669475556,9.47415034994483,8.707949419183842,7.384179400008516
2026-01-29 01:45:00,8.69,8.67653068602085,9.301976366490125,8.544929862669104,7.307255075470859
2026-01-29 02:00:00,8.69,8.607644253969193,9.233089934438468,8.489988527833672,7.383464099652713
2026-01-29 02:15:00,8.41,8.451267489790917,9.076713170260192,8.343540253961685,7.330390941635374
2026-01-29 02:30:00,8.24,8.313906394839288,8.939352075308562,8.214798336017505,7.282710355959651
2026-01-29 02:45:00,8.24,8.175031942129136,8.800477622598411,8.08485483521897,7.236760357064529
2026-01-29 03:00:00,7.91,8.07983331978321,8.705279000252485,7.993101604808926,7.177410227352876
2026-01-29 03:15:00,7.97,7.384201339781285,8.00964702025056,7.35974766848207,7.129766642143217
2026-01-29 03:30:00,7.99,7.393276533782482,8.018722214251758,7.363389620632744,7.082310232749688
2026-01-29 03:45:00,7.88,7.3246801796555525,7.950125860124828,7.297125182070481,7.037976911537262
2026-01-29 04:00:00,7.6,7.2809645520150665,7.906410232484342,7.259146205315881,7.053949786933634
2026-01-29 04:15:00,7.6,7.2849893832206725,7.910435063689947,7.260336054291865,7.0284772949121095
2026-01-29 04:30:00,7.58,7.284495720118285,7.9099414005875595,7.258962644150828,7.018830070815227
2026-01-29 04:45:00,7.58,7.318064280450344,7.94350996091962,7.290195719655528,7.02809846089405
2026-01-29 05:00:00,7.62,7.3599326069653035,7.985378287434578,7.331374666251121,7.0627939515106615
2026-01-29 05:15:00,7.7,7.50146074205637,8.126906422525645,7.464077007439595,7.1124917771342835
2026-01-29 05:30:00,7.73,7.53910312846303,8.164548808932306,7.504589724216452,7.179999275855824
2026-01-29 05:45:00,7.73,7.658466126322747,8.283911806792021,7.620325702038572,7.261623983407262
2026-01-29 06:00:00,7.83,7.778821933567524,8.4042676140368,7.726057001544865,7.229815227751978
2026-01-29 06:15:00,8.06,7.936717008054257,8.562162688523532,7.8780074913277165,7.3258582967378345
2026-01-29 06:30:00,8.32,8.116150368452072,8.741596048921346,8.049507621266338,7.42274826033933
2026-01-29 06:45:00,8.63,8.299046622514725,8.924492302984,8.223960791423641,7.517796212431076
2026-01-29 07:00:00,8.85,8.527951357960701,9.153397038429976,8.45489909515116,7.767859747490805
2026-01-29 07:15:00,9.04,8.733488901555539,9.358934582024814,8.649380505579147,7.858360826215689
2026-01-29 07:30:00,9.02,8.927202232182026,9.5526479126513,8.833256887881369,7.949723023470816
2026-01-29 07:45:00,9.03,9.196473079621793,9.821918760091068,9.085874408847962,8.045719926314538
2026-01-29 08:00:00,9.32,9.464773581027984,10.090219261497259,9.365599049646386,8.43288591079978
2026-01-29 08:15:00,9.85,9.664390351176262,10.289836031645537,9.55727844246168,8.549916136905411
2026-01-29 08:30:00,10.6,9.899305359721184,10.52475104019046,9.78224514228299,8.681321333319033
2026-01-29 08:45:00,10.64,10.039140607118608,10.664586287587882,9.922645202165974,8.827033321768035
2026-01-29 09:00:00,10.98,10.244031135439872,10.869476815909147,10.141054829804741,9.172586898393964
2026-01-29 09:15:00,11.33,10.118251578509808,10.743697258979083,10.04311656133006,9.336489398743627
2026-01-29 09:30:00,11.7,10.410085889697076,11.03553157016635,10.322576589041901,9.499572201168354
2026-01-29 09:45:00,11.65,10.47177626669407,11.097221947163344,10.39309928234373,9.653160751693854
2026-01-29 10:00:00,11.69,10.65618304848671,11.281628728955985,10.582978048975342,9.894502248562514
2026-01-29 10:15:00,11.68,10.799007513523103,11.424453193992377,10.722523001179239,10.003204154015673
2026-01-29 10:30:00,12.03,10.99799672484398,11.623442405313254,10.909726883123351,10.079569785431072
2026-01-29 10:45:00,12.07,11.154296370744705,11.77974205121398,11.054965448241772,10.120781487686864
2026-01-29 11:00:00,12.24,11.273355671167375,11.89880135163665,11.18608286206738,10.365302621640454
2026-01-29 11:15:00,12.07,11.48652969300747,12.111975373476744,11.376579395644397,10.342522712522463
2026-01-29 11:30:00,12.27,11.501792036890985,12.12723771736026,11.386103225994438,10.298077172959093
2026-01-29 11:45:00,12.31,11.651748881340026,12.277194561809301,11.516307069318632,10.242508687197047
2026-01-29 12:00:00,12.35,11.68277802169323,12.308223702162504,11.552638894442858,10.328711015243686
2026-01-29 12:15:00,12.34,11.695622813701629,12.321068494170904,11.560167795537104,10.28624521274585
2026-01-29 12:30:00,12.39,11.807039622068405,12.43248530253768,11.658954038851375,10.2662439628256
2026-01-29 12:45:00,12.49,11.910732575058937,12.536178255528212,11.753609433563389,10.27590324783048
2026-01-29 13:00:00,12.64,11.92963221311569,12.555077893584965,11.811523974016122,10.70074376785281
2026-01-29 13:15:00,13.03,12.080297979712485,12.70574366018176,11.954923392708395,10.775804893764025
2026-01-29 13:30:00,13.09,12.046885955333709,12.672331635802983,11.934583961894118,10.87841013036133
2026-01-29 13:45:00,13.43,12.1140467774868,12.739492457956075,12.00702062459468,11.000464832376373
2026-01-29 14:00:00,13.4,12.13468193054199,12.760127611011265,12.025609976848816,10.999813909329735
2026-01-29 14:15:00,13.6,12.211705402135848,12.837151082605123,12.107672519798333,11.129267733039866
2026-01-29 14:30:00,13.51,12.251937795281409,12.877383475750683,12.155330662187254,11.246763300305677
2026-01-29 14:45:00,13.83,12.272955709695815,12.89840139016509,12.183708220330018,11.344356576506707
2026-01-29 15:00:00,13.78,12.300312888026236,12.92575856849551,12.190168975016881,11.154291382285813
2026-01-29 15:15:00,13.61,12.397316361069677,13.022762041538952,12.282444430286134,11.20210094255911
2026-01-29 15:30:00,14.03,12.501145862936973,13.126591543406247,12.37877619935405,11.227918298338466
2026-01-29 15:45:00,13.68,12.523660154938696,13.14910583540797,12.400138244085172,11.238443728532374
2026-01-29 16:00:00,13.83,12.579345918893813,13.204791599363087,12.452178871699775,11.256202706308864
2026-01-29 16:15:00,13.77,12.602508287429808,13.227953967899083,12.47391895097462,11.264566489647285
2026-01-29 16:30:00,13.71,12.737949208021163,13.363394888490438,12.598462952802707,11.286627533785992
2026-01-29 16:45:00,13.76,12.768420125246047,13.393865805715322,12.630185132990764,11.330117547808452
2026-01-29 17:00:00,13.59,12.77873345673084,13.404179137200115,12.623898488330488,11.167712032311568
2026-01-29 17:15:00,13.68,12.87702176272869,13.502467443197965,12.721974451748693,11.263790963717504
2026-01-29 17:30:00,13.69,12.89876557946205,13.524211259931326,12.753075360125564,11.382893117935524
2026-01-29 17:45:00,13.65,12.953127597570418,13.578573278039693,12.815158394033988,11.517590489231099
2026-01-29 18:00:00,13.55,12.925714526176451,13.551160206645726,12.775572242866565,11.36351938626447
2026-01-29 18:15:00,13.64,13.030445392131805,13.65589107260108,12.883009471632189,11.496409320643709
2026-01-29 18:30:00,13.93,12.962976804375648,13.588422484844923,12.832934007356462,11.609912091321865
2026-01-29 18:45:00,14.39,12.982747383713722,13.608193064182997,12.85877790793395,11.692874149530375
2026-01-29 19:00:00,14.3,12.989562799930571,13.615008480399846,12.868439353782623,11.729301834595596
2026-01-29 19:15:00,14.31,12.954639540314673,13.580085220783948,12.836839391492319,11.728956701914191
2026-01-29 19:30:00,13.9,12.877371271252631,13.502816951721906,12.762616426967103,11.683374110211682
2026-01-29 19:45:00,13.91,12.773555212020874,13.399000892490148,12.66032736204835,11.595446067612285
2026-01-29 20:00:00,13.45,12.659966356754301,13.285412037223576,12.556904611495675,11.587633140523854
2026-01-29 20:15:00,13.09,12.658864060640333,13.284309741109608,12.541359711781261,11.436258951276859
2026-01-29 20:30:00,13.04,12.523619119524955,13.14906479999423,12.40288194923991,11.267377263679911
2026-01-29 20:45:00,12.76,12.44893961906433,13.074385299533605,12.318402221029938,11.090728698792168
2026-01-29 21:00:00,12.77,12.303763400316237,12.929209080785512,12.168354646867703,10.894867172847507
2026-01-29 21:15:00,12.42,12.014047011733053,12.639492692202328,11.890219953094807,10.725655594406522
2026-01-29 21:30:00,12.21,11.976808788776397,12.602254469245672,11.841273400815407,10.56659495899377
2026-01-29 21:45:00,11.98,11.784610230922699,12.410055911391973,11.653280921614764,10.418159660130403
2026-01-29 22:00:00,11.92,11.608956019878388,12.234401700347663,11.461846051701386,10.078311405633436
2026-01-29 22:15:00,11.6,11.445895435810089,12.071341116279363,11.301464100262946,9.94312136398481
2026-01-29 22:30:00,11.38,11.261565772294999,11.887011452764273,11.121848586837032,9.807841323239385
2026-01-29 22:45:00,11.15,11.09488841176033,11.720334092229605,10.957734684960634,9.667836147042356
2026-01-29 23:00:00,10.86,10.90378224492073,11.529227925390005,10.770356817369429,9.515522056875502
2026-01-29 23:15:00,10.58,10.769552576541901,11.394998257011176,10.633805871931015,9.357140046725064
2026-01-29 23:30:00,10.57,10.52287738442421,11.148323064893484,10.394681736663431,9.189031824899754
2026-01-29 23:45:00,10.35,10.364386588931083,10.989832269400358,10.234573164331028,9.013708441943134
2026-01-30 00:00:00,10.1,10.15478689312935,10.780232573598624,10.019815903808091,8.750445498429801
2026-01-30 00:15:00,9.63,10.024309135079385,10.64975481554866,9.884991621952473,8.574743182613576
2026-01-30 00:30:00,9.67,9.798206481635571,10.423652162104846,9.664529898882122,8.407333082791169
2026-01-30 00:45:00,9.4,9.622237783670425,10.2476834641397,9.4906815459135,8.253426075746717
2026-01-30 01:00:00,9.1,9.50511634528637,10.130562025755644,9.374583372715536,8.14695147092155
2026-01-30 01:15:00,9.05,9.284827985465526,9.9102736659348,9.164219709064337,8.029927240162332
2026-01-30 01:30:00,8.83,9.13233083665371,9.757776517122984,9.017004222760741,7.932384547344579
2026-01-30 01:45:00,8.78,8.957524219155312,9.582969899624587,8.851309432402738,7.852384347869426
2026-01-30 02:00:00,8.5,8.864794089198112,9.490239769667387,8.750774486365389,7.67844694252298
2026-01-30 02:15:00,8.45,8.720258871912957,9.345704552382232,8.614735040775873,7.622308231272938
2026-01-30 02:30:00,8.3,8.578188609480858,9.203634289950132,8.481442737395096,7.571570567932984
2026-01-30 02:45:00,8.3,8.448505381941796,9.073951062411071,8.35951430507733,7.522574160513187
2026-01-30 03:00:00,8.02,8.32594958126545,8.951395261734724,8.2386758566469,7.41788700598331
2026-01-30 03:15:00,8.01,7.3668575099110605,7.992303190380335,7.366892817043774,7.36722487232165
2026-01-30 03:30:00,7.89,7.375412686169148,8.000858366638424,7.369776267108744,7.316767071698923
2026-01-30 03:45:00,7.79,7.301029808074236,7.926475488543511,7.297994836497376,7.269451642732532
2026-01-30 04:00:00,7.56,7.260178346186876,7.885624026656151,7.254039504983655,7.196305147505255
2026-01-30 04:15:00,7.56,7.250006339251995,7.875452019721271,7.242114672950119,7.167895407735429
2026-01-30 04:30:00,7.55,7.24780386954546,7.8732495500147355,7.238916844614186,7.155336465627945
2026-01-30 04:45:00,7.5,7.279201090484857,7.904646770954132,7.267910072079738,7.161720699962698
2026-01-30 05:00:00,7.6,7.315297396928072,7.940743077397347,7.297645221308596,7.131630661923762
2026-01-30 05:15:00,7.58,7.430567289143801,8.056012969613077,7.406341672152374,7.178505442933119
2026-01-30 05:30:00,7.69,7.44824877679348,8.073694457262755,7.428543824797456,7.243223386465205
2026-01-30 05:45:00,7.69,7.547302251756191,8.172747932225466,7.525657523144827,7.322093942038411
2026-01-30 06:00:00,7.74,7.638898601531983,8.264344282001257,7.613413005475674,7.3737269695357295
2026-01-30 06:15:00,8.07,7.772121841013432,8.397567521482706,7.742805508682552,7.467092299183297
2026-01-30 06:30:00,8.14,7.929109183847904,8.55455486431718,7.893763481148454,7.561345461619897
2026-01-30 06:45:00,8.49,8.093001442551612,8.718447123020887,8.050789808749922,7.653799322275859
2026-01-30 07:00:00,8.79,8.30750770032406,8.932953380793334,8.273586090125573,7.954561325579702
2026-01-30 07:15:00,9.0,8.486398756504059,9.111844436973334,8.443741389692153,8.042558889106665
2026-01-30 07:30:00,8.96,8.653292614221574,9.278738294690848,8.603139893801787,8.13146535566411
2026-01-30 07:45:00,8.96,8.896739451289177,9.522185131758452,8.832184072451986,8.225055919831934
2026-01-30 08:00:00,9.3,9.119220729470253,9.744666409939528,9.080971715556014,8.721248736997454
2026-01-30 08:15:00,9.95,9.311623403131962,9.937069083601237,9.265909025083864,8.835976052921884
2026-01-30 08:30:00,10.47,9.54126960605383,10.166715286523104,9.485897155543851,8.96513228374359
2026-01-30 08:45:00,10.87,9.683266995251179,10.308712675720454,9.628040727980155,9.108650675155603
2026-01-30 09:00:00,11.02,9.860870034694672,10.486315715163947,9.832133231734772,9.561870359647035
2026-01-30 09:15:00,11.22,9.805526704192161,10.430972384661436,9.797661785531922,9.723694075594985
2026-01-30 09:30:00,11.53,10.057433204054833,10.682878884524108,10.040837368340439,9.884757437280344
2026-01-30 09:45:00,11.84,10.153509488999843,10.778955169469118,10.1422528793715,10.036387113706066
2026-01-30 10:00:00,11.88,10.334138890206814,10.959584570676089,10.338877868768957,10.3834468473973
2026-01-30 10:15:00,12.42,10.456622171401978,11.082067851871253,10.45986033190444,10.490314469718498
2026-01-30 10:30:00,12.39,10.64772692322731,11.273172603696585,10.639767378668893,10.564909734418423
2026-01-30 10:45:00,12.66,10.786525672674179,11.411971353143453,10.769023145439856,10.604415993915655
2026-01-30 11:00:00,12.72,10.910751190185547,11.536196870654821,10.899864756516386,10.79748040867068
2026-01-30 11:15:00,12.79,11.091172584295274,11.716618264764548,11.060605350110263,10.773127702922206
2026-01-30 11:30:00,13.06,11.101684725284576,11.72713040575385,11.065690855329029,10.727176975225074
2026-01-30 11:45:00,12.89,11.226802409291267,11.852248089760542,11.1733047347368,10.67017168979508
2026-01-30 12:00:00,12.97,11.264066810011863,11.889512490481138,11.211097270473777,10.712931211128062
2026-01-30 12:15:00,12.73,11.259800541996956,11.88524622246623,11.20303490981248,10.669167492081291
2026-01-30 12:30:00,12.86,11.37410044193268,11.999546122401954,11.304309172647844,10.647938702004753
2026-01-30 12:45:00,12.96,11.461568841338158,12.087014521807433,11.38418819003858,10.656441366795061
2026-01-30 13:00:00,12.93,11.470625640153886,12.09607132062316,11.396921837623234,10.703754912147335
2026-01-30 13:15:00,13.11,11.603025695085526,12.2284713755548,11.52371366203488,10.777802647740936
2026-01-30 13:30:00,13.26,11.577013487815858,12.202459168285133,11.50997239456711,10.87946668262028
2026-01-30 13:45:00,13.35,11.63803173303604,12.263477413505315,11.576773350523291,11.000652672783097
2026-01-30 14:00:00,13.63,11.633233419656754,12.25867910012603,11.567363536649523,10.947872781520708
2026-01-30 14:15:00,13.81,11.716259381771088,12.341705062240363,11.65478217743292,11.076603531898064
2026-01-30 14:30:00,13.97,11.753363885879518,12.378809566348792,11.69955057568299,11.193449051774559
2026-01-30 14:45:00,13.95,11.780051054954528,12.405496735423803,11.73299706543578,11.29046536250878
2026-01-30 15:00:00,14.12,11.798589864373207,12.424035544842482,11.741358146094974,11.2031072982893
2026-01-30 15:15:00,14.18,12.40957250714302,13.035018187612295,12.298172917266246,11.250485978969618
2026-01-30 15:30:00,14.21,12.501162135601042,13.126607816070317,12.383406777736065,11.275945336575903
2026-01-30 15:45:00,14.15,12.54843846976757,13.173884150236844,12.427123568683768,11.28618546086093
2026-01-30 16:00:00,14.43,12.620225681066511,13.245671361535786,12.471164823013986,11.069282516574017
2026-01-30 16:15:00,14.37,12.637944489717482,13.263390170186756,12.487970996185968,11.077505567745106
2026-01-30 16:30:00,14.45,12.783818310499191,13.409263990968466,12.621938565267524,11.099497640290979
2026-01-30 16:45:00,14.34,12.798922880291938,13.424368560761213,12.639771481440071,11.142990012377386
2026-01-30 17:00:00,14.34,12.821517120599745,13.44696280106902,12.65417012929168,11.080311041025373
2026-01-30 17:15:00,14.34,12.904581288099287,13.530026968568562,12.738498933809584,11.17653345922078
2026-01-30 17:30:00,14.18,12.924356112480162,13.549801792949436,12.767840576869803,11.295848781560121
2026-01-30 17:45:00,14.35,12.965898808836936,13.591344489306211,12.818363472226178,11.430828336098028
2026-01-30 18:00:00,14.29,12.93961704134941,13.565062721818684,12.781196957467792,11.291293333673282
2026-01-30 18:15:00,14.23,13.03565547466278,13.661101155132055,12.880817354160017,11.424601253359386
2026-01-30 18:30:00,14.67,12.938099438548086,13.56354511901736,12.803592721078537,11.538588683255032
2026-01-30 18:45:00,14.46,12.960458786487578,13.585904466956853,12.831829486966969,11.622101182409864
2026-01-30 19:00:00,14.41,12.937802285552024,13.563247966021299,12.808574870917715,11.593221434410703
2026-01-30 19:15:00,14.36,12.899960559010504,13.525406239479778,12.774402204121646,11.593555411448696
2026-01-30 19:30:00,14.4,12.788282680511474,13.413728360980748,12.66914803420057,11.548714709656108
2026-01-30 19:45:00,13.84,12.655509061813353,13.280954742282628,12.540761745849446,11.461590231188007
2026-01-30 20:00:00,13.64,12.502386122941969,13.127831803411244,12.38737037218998,11.305674291490465
2026-01-30 20:15:00,13.1,12.510079555511474,13.135525235980749,12.379864592261086,11.155223493320642
2026-01-30 20:30:00,12.93,12.33980027616024,12.965245956629515,12.209813961618076,10.987323249993521
2026-01-30 20:45:00,12.93,12.240344583392142,12.865790263861417,12.103039056845272,10.811712878012642
2026-01-30 21:00:00,12.65,12.077184948325156,12.70263062879443,11.956254473656122,10.81893180583564
2026-01-30 21:15:00,12.48,12.155649611949919,12.781095292419193,12.011025314441946,10.650867816312601
2026-01-30 21:30:00,12.18,12.107589359879492,12.733035040348767,11.95241218202859,10.493007326625083
2026-01-30 21:45:00,12.13,11.903834380507469,12.529280060976744,11.754094221020656,10.345823244383087
2026-01-30 22:00:00,11.85,11.72779457807541,12.353240258544684,11.580024751461114,10.190284292008737
2026-01-30 22:15:00,11.52,11.551826233863832,12.177271914333106,11.408105228734055,10.056442982940416
2026-01-30 22:30:00,11.26,11.363155306577683,11.988600987046958,11.224699772082904,9.922558039016229
2026-01-30 22:45:00,11.36,11.173486794233323,11.798932474702598,11.039942773933276,9.78399267653397
2026-01-30 23:00:00,11.08,10.983428445458411,11.608874125927686,10.839057561085335,9.48128335387937
2026-01-30 23:15:00,10.8,10.841750849485397,11.467196529954672,10.695920993567002,9.324425502170804
2026-01-30 23:30:00,10.61,10.577806115746498,11.203251796215772,10.441337377584837,9.157880996677596
2026-01-30 23:45:00,10.43,10.407109053432942,11.032554733902217,10.270349599098115,8.984159100967327
2026-01-31 00:00:00,10.09,10.192460940480233,10.817906620949508,10.052997066176605,8.741372134399208
2026-01-31 00:15:00,9.76,10.05270917892456,10.678154859393835,9.909950755331268,8.56734136246048
2026-01-31 00:30:00,9.68,9.81279952377081,10.438245204240085,9.677172768081935,8.40163503427194
2026-01-31 00:45:00,9.35,9.63145872414112,10.256904404610395,9.498635288799628,8.249462123432503
2026-01-31 01:00:00,9.11,9.507092766463757,10.132538446933031,9.370570198140811,8.086607557229131
2026-01-31 01:15:00,9.05,9.284409494996071,9.909855175465346,9.158213731712765,7.971372263027444
2026-01-31 01:30:00,8.9,9.115419293642045,9.74086497411132,8.996264623259163,7.875642977028004
2026-01-31 01:45:00,8.9,8.932513841986657,9.557959522455931,8.82342582254023,7.797478660390955
2026-01-31 02:00:00,8.56,8.836264571547508,9.461710252016783,8.717388770047936,7.599389820066062
2026-01-31 02:15:00,8.33,8.695085060596465,9.32053074106574,8.584562699126115,7.545125887641705
2026-01-31 02:30:00,8.33,8.545757897496223,9.171203577965498,8.444892714089182,7.4962793906348955
2026-01-31 02:45:00,8.15,8.405890104770661,9.031335785239936,8.313941689987754,7.449188477954456
2026-01-31 03:00:00,8.1,8.281981550455093,8.907427230924368,8.193995101478986,7.366503245886543
2026-01-31 03:15:00,8.1,7.1109940995275975,7.736439779996873,7.130867200445435,7.317769039833704
2026-01-31 03:30:00,8.07,7.130737616717815,7.756183297187091,7.144049751945475,7.269247252351758
2026-01-31 03:45:00,8.03,7.045728158354759,7.671173838824034,7.062849705130373,7.223873825058341
2026-01-31 04:00:00,8.03,7.0161202229559425,7.641565903425217,7.025984766228079,7.118758475268763
2026-01-31 04:15:00,7.81,7.008450668752194,7.6338963492214695,7.016509066720762,7.0922964040404395
2026-01-31 04:30:00,7.74,7.008970863372087,7.634416543841363,7.015959386594614,7.081684803594102
2026-01-31 04:45:00,7.78,7.054154745191336,7.679600425660611,7.057601166220209,7.090013945296095
2026-01-31 05:00:00,7.84,7.0972866794466976,7.722732359915973,7.102514863648854,7.151684706245815
2026-01-31 05:15:00,7.86,7.244722675979138,7.8701683564484135,7.2404717904679075,7.200493212169397
2026-01-31 05:30:00,7.84,7.250439510494471,7.875885190963746,7.252044220546386,7.267136141109148
2026-01-31 05:45:00,7.89,7.363262666165829,7.988708346635104,7.361788167295809,7.347920852269224
2026-01-31 06:00:00,7.84,7.469236091524363,8.094681771993638,7.460694875193872,7.380366744753539
2026-01-31 06:15:00,8.09,7.611024589240551,8.236470269709827,7.598010719468686,7.475618335513249
2026-01-31 06:30:00,8.22,7.7822091239690785,8.407654804438353,7.761981044636186,7.571740716755778
2026-01-31 06:45:00,8.43,7.957058191895485,8.58250387236476,7.929088940282109,7.666044708057555
2026-01-31 07:00:00,8.71,8.182236841022968,8.807682521492243,8.178259292644295,8.140851385780476
2026-01-31 07:15:00,8.9,8.376804486513137,9.002250166982412,8.362758070260577,8.230654829539827
2026-01-31 07:30:00,9.05,8.556119339466095,9.18156501993537,8.53355493796622,8.321342049677767
2026-01-31 07:45:00,9.33,8.81252487719059,9.437970557659865,8.774480902182445,8.416686266304467
2026-01-31 08:00:00,9.62,9.063712549805642,9.689158230274916,9.034688236306048,8.761721395223521
2026-01-31 08:15:00,10.25,9.26212938785553,9.887575068324805,9.225224463143602,8.878142327363063
2026-01-31 08:30:00,10.58,9.506177605986595,10.13162328645587,9.458390046238502,9.00895928786203
2026-01-31 08:45:00,10.97,9.638379205167293,10.263824885636568,9.591835571484062,9.154103645139221
2026-01-31 09:00:00,11.12,9.840477202832698,10.465922883301973,9.811774659684254,9.541833993064335
2026-01-31 09:15:00,11.82,9.747342732548713,10.372788413017988,9.74329323179384,9.705208629757191
2026-01-31 09:30:00,12.18,10.004514500498772,10.629960180968046,9.991373231892487,9.867782691867315
2026-01-31 09:45:00,12.25,10.086345483064651,10.711791163533926,10.080053712750306,10.020881092955255
2026-01-31 10:00:00,12.35,10.267392667233944,10.892838347703218,10.288456157543317,10.486553329144012
2026-01-31 10:15:00,12.89,10.381204387247562,11.006650067716837,10.401733079006696,10.594800596042912
2026-01-31 10:30:00,13.08,10.560309464335441,11.185755144804716,10.570921814697417,10.670728473511575
2026-01-31 10:45:00,13.19,10.705087356567383,11.330533037036657,10.705705472111879,10.711518703408709
2026-01-31 11:00:00,13.28,10.817481939792634,11.442927620261909,10.803190642537157,10.668784353587247
2026-01-31 11:15:00,13.26,11.014393910169602,11.639839590638877,10.9789505093046,10.645613661510541
2026-01-31 11:30:00,13.08,10.994471924304962,11.619917604774237,10.956635392988169,10.600791716230416
2026-01-31 11:45:00,13.14,11.123154736757279,11.748600417226553,11.067574989202067,10.544860537453788
2026-01-31 12:00:00,13.11,11.150572053194047,11.776017733663322,11.115548457641006,10.78615978005526
2026-01-31 12:15:00,13.02,11.13786027252674,11.763305952996015,11.099944604176475,10.743356662234312
2026-01-31 12:30:00,13.09,11.25050036072731,11.875946041196585,11.199805257472129,10.723029736352128
2026-01-31 12:45:00,13.14,11.327020087242127,11.952465767711402,11.26986878864347,10.732374269007105
2026-01-31 13:00:00,13.19,11.322284034490586,11.947729714959861,11.272653208698747,10.80588696677178
2026-01-31 13:15:00,13.37,11.449198786616325,12.0746444670856,11.394555956876237,10.88065299678831
2026-01-31 13:30:00,13.6,11.42893012225628,12.054375802725554,11.386069155946036,10.98297184997132
2026-01-31 13:45:00,13.52,11.476346542835236,12.10179222330451,11.440632288258533,11.104748125018759
2026-01-31 14:00:00,13.69,11.486305413246155,12.11175109371543,11.439571328686522,11.000048256648823
2026-01-31 14:15:00,13.82,11.567154375910759,12.192600056380034,11.525066244119914,11.12923726500652
2026-01-31 14:30:00,13.81,11.59969404399395,12.225139724463224,11.56574609857626,11.246473657488622
2026-01-31 14:45:00,13.9,11.603348318338394,12.228793998807669,11.578404390260943,11.343812614245742
2026-01-31 15:00:00,14.07,11.63984507381916,12.265290754288435,11.595954606059944,11.183175081126997
2026-01-31 15:15:00,14.24,12.29166219830513,12.917107878774404,12.189696938501593,11.230737655308912
2026-01-31 15:30:00,14.38,12.40469283044338,13.030138510912655,12.294322018460278,11.256310494254482
2026-01-31 15:45:00,14.31,12.433907214999198,13.059352895468473,12.32171687079367,11.266593074044023
2026-01-31 16:00:00,14.53,12.504799429774284,13.130245110243559,12.36542707561227,11.054662869238513
2026-01-31 16:15:00,14.37,12.513577470779417,13.139023151248692,12.374142049992438,11.062784716846004
2026-01-31 16:30:00,14.5,12.651530749201774,13.276976429671048,12.50093362249276,11.084603070714547
2026-01-31 16:45:00,14.41,12.670799705982207,13.296245386451481,12.522506985415042,11.127848831336125
2026-01-31 17:00:00,14.24,12.690358033180235,13.31580371364951,12.539377225145126,11.119438240748238
2026-01-31 17:15:00,14.27,12.793115661740302,13.418561342209577,12.641468956849113,11.215267369159552
2026-01-31 17:30:00,14.19,12.782859638333319,13.408305318802594,12.643621132385327,11.334115736979344
2026-01-31 17:45:00,14.27,12.826929550170897,13.452375230640172,12.696376381117874,11.468554536159703
2026-01-31 18:00:00,13.98,12.789026270508765,13.41447195097804,12.65260250648143,11.369569096728254
2026-01-31 18:15:00,14.06,12.874975652098655,13.50042133256793,12.743037334641455,11.502188494770078
2026-01-31 18:30:00,14.23,12.748266077041626,13.3737117575109,12.639387833031021,11.615413559510221
2026-01-31 18:45:00,14.56,12.770407512784002,13.395853193253277,12.667347272738697,11.6980899579441
2026-01-31 19:00:00,14.57,12.70996800839901,13.335413688868284,12.612182063484918,11.692528253728401
2026-01-31 19:15:00,14.42,12.67122491776943,13.296670598238705,12.577100186177447,11.691879226489162
2026-01-31 19:30:00,14.22,12.530907858014105,13.15635353848338,12.445857844542257,11.645982474130445
2026-01-31 19:45:00,14.03,12.379492841362952,13.004938521832226,12.300513295979941,11.557729249989142
2026-01-31 20:00:00,13.74,12.213975085020063,12.839420765489338,12.14733099149877,11.520558968602518
2026-01-31 20:15:00,13.33,12.213929804563522,12.839375485032797,12.132707932289394,11.368835329349572
2026-01-31 20:30:00,13.23,12.018324599862098,12.643770280331372,11.939636262980546,11.199590964445067
2026-01-31 20:45:00,13.09,11.861166747808456,12.48661242827773,11.780568965415974,11.022565781008511
2026-01-31 21:00:00,13.04,11.70863245487213,12.334078135341406,11.62583774985,10.847173024892207
2026-01-31 21:15:00,12.76,12.17855515539646,12.804000835865734,12.034294296382816,10.67755485180109
2026-01-31 21:30:00,12.66,12.130873419642448,12.756319100111723,11.975867339007035,10.518071612668065
2026-01-31 21:45:00,12.14,11.872372245788574,12.497817926257849,11.727902357187565,10.369197038506647
2026-01-31 22:00:00,12.12,11.678650425076485,12.30409610554576,11.540943334472486,10.245840540142352
2026-01-31 22:15:00,11.87,11.471386917829514,12.09683259829879,11.340561185869669,10.110175950887733
2026-01-31 22:30:00,11.87,11.247818908691407,11.873264589160682,11.125431123457739,9.974402792579642
2026-01-31 22:45:00,11.58,11.039034968614578,11.664480649083853,10.923208261574285,9.833885327744289
2026-01-31 23:00:00,11.28,10.830444177985191,11.455889858454466,10.718804730212325,9.668861984824638
2026-01-31 23:15:00,10.93,10.702901159524918,11.328346839994193,10.588244694222881,9.509927608665548
2026-01-31 23:30:00,10.98,10.38719166636467,11.012637346833944,10.286666037986095,9.341246149701085
2026-01-31 23:45:00,10.7,10.204709657728673,10.830155338197947,10.10481489291142,9.1653281280228
2026-02-01 00:00:00,10.36,9.978570921421051,10.604016601890326,9.876967007429357,8.921406096597805
2026-02-01 00:15:00,10.12,9.823571673631669,10.449017354100944,9.719916581600064,8.745064823801183
2026-02-01 00:30:00,10.12,9.565763856768609,10.191209537237883,9.470733263686181,8.576992889765833
2026-02-01 00:45:00,9.56,9.373922590017319,9.999368270486594,9.282472000659673,8.422400719647626
2026-02-01 01:00:00,9.56,9.22229850500822,9.847744185477495,9.131364800542565,8.27615470035298
2026-02-01 01:15:00,9.51,9.006359191536903,9.631804872006178,8.924861739877684,8.15839737764553
2026-02-01 01:30:00,9.18,8.813783532381057,9.439229212850332,8.741346863884807,8.060097035934877
2026-02-01 01:45:00,9.17,8.635229957103729,9.260675637573003,8.572190022371666,7.979314265082867
2026-02-01 02:00:00,8.85,8.55579848498106,9.181244165450336,8.487062707484482,7.840618888826903
2026-02-01 02:15:00,8.91,8.385639835596084,9.011085516065359,8.327782392948954,7.783646754642776
2026-02-01 02:30:00,8.67,8.239820492863656,8.86526617333293,8.191018744951513,7.732049785459351
2026-02-01 02:45:00,8.66,8.057916163802147,8.683361844271422,8.021803069818118,7.682167915771342
2026-02-01 03:00:00,8.33,7.964529467225075,8.58997514769435,7.928786877542242,7.592636229294586
2026-02-01 03:15:00,8.39,7.542143286615611,8.167588967084885,7.542036826643709,7.541035595650516
2026-02-01 03:30:00,8.38,7.5431134557724,8.168559136241676,7.5379714852742525,7.4896124622834535
2026-02-01 03:45:00,8.15,7.433536165952683,8.058981846421958,7.434282797477372,7.441304691337138
2026-02-01 04:00:00,8.09,7.390716949850321,8.016162630319597,7.39865205712414,7.473279874461332
2026-02-01 04:15:00,7.98,7.374389277100563,7.999834957569838,7.38106257234805,7.443823344393284
2026-02-01 04:30:00,7.94,7.348470107018948,7.973915787488224,7.356324212133801,7.430190223220033
2026-02-01 04:45:00,7.99,7.374819618314505,8.00026529878378,7.380648985620518,7.435472813893119
2026-02-01 05:00:00,8.04,7.400701113641262,8.026146794110538,7.40470031858985,7.442311900399444
2026-02-01 05:15:00,7.91,7.551195309758186,8.176640990227462,7.545124502015732,7.488029983232353
2026-02-01 05:30:00,7.96,7.555434692502022,8.180880372971297,7.555062651193778,7.5515636902049135
2026-02-01 05:45:00,7.94,7.665289678871631,8.290735359340907,7.66182326883371,7.629222497829717
2026-02-01 06:00:00,7.97,7.779441002309323,8.404886682778598,7.758318816880252,7.559669631485624
2026-02-01 06:15:00,8.17,7.938932212889195,8.56437789335847,7.911332950057757,7.6517683752949734
2026-02-01 06:30:00,8.31,8.100372959375381,8.725818639844656,8.066191957703094,7.744727677362697
2026-02-01 06:45:00,8.66,8.278404394388199,8.903850074857473,8.23587158656072,7.835860533923782
2026-02-01 07:00:00,8.66,8.491914835870267,9.117360516339541,8.446857909331536,8.023108113963028
2026-02-01 07:15:00,8.89,8.709391562342644,9.334837242811918,8.65175828633109,8.109730882501847
2026-02-01 07:30:00,8.87,8.904535472393036,9.52998115286231,8.836557048144385,8.197235958631591
2026-02-01 07:45:00,9.06,9.168687505722046,9.79413318619132,9.084179229566207,8.289398771178753
2026-02-01 08:00:00,9.62,9.460310979783536,10.08575666025281,9.402639644476404,8.86025430192494
2026-02-01 08:15:00,10.16,9.672373154163362,10.297818834632636,9.605204773116778,8.973501949373189
2026-02-01 08:30:00,10.57,9.908171131610871,10.533616812080146,9.830608770281321,9.101153006949502
2026-02-01 08:45:00,10.92,10.037678189873695,10.66312387034297,9.961315374260714,9.24314105622443
2026-02-01 09:00:00,11.35,10.275735945105552,10.901181625574827,10.208179345795006,9.572825420599319
2026-02-01 09:15:00,11.58,10.289873352646827,10.915319033116102,10.236359044499396,9.733069564528583
2026-02-01 09:30:00,11.93,10.584129106998443,11.209574787467718,10.517659582721764,9.892529342507222
2026-02-01 09:45:00,12.24,10.631642456054688,11.257088136523963,10.57502314644141,10.042531858072921
2026-02-01 10:00:00,12.49,10.830581434369087,11.456027114838362,10.801982695018383,10.53301827869849
2026-02-01 10:15:00,12.77,10.972032628059388,11.597478308528663,10.939949284502944,10.63821298531053
2026-02-01 10:30:00,12.65,11.168675745725633,11.794121426194907,11.124699495221375,10.711113203749965
2026-02-01 10:45:00,12.6,11.341893302202225,11.9673389826715,11.284901097173456,10.748902815138349
2026-02-01 11:00:00,12.63,11.46043612241745,12.085881802886725,11.404238696760743,10.87571512776416
2026-02-01 11:15:00,12.97,11.691438616514207,12.316884296983481,11.610530072386835,10.849604246963153
2026-02-01 11:30:00,12.97,11.709606692194939,12.335052372664213,11.622364813221113,10.801875463355106
2026-02-01 11:45:00,12.76,11.871397300958632,12.496842981427907,11.76295424939319,10.743072858448944
2026-02-01 12:00:00,12.88,11.898716273903846,12.52416195437312,11.784794161721795,10.713383494516247
2026-02-01 12:15:00,12.94,11.929823240041731,12.555268920511006,11.808529063447036,10.667785864569225
2026-02-01 12:30:00,13.0,12.037309138774871,12.662754819244146,11.903466299179854,10.644705876602513
2026-02-01 12:45:00,13.08,12.140933463573454,12.766379144042729,11.997768986434231,10.651340755479834
2026-02-01 13:00:00,13.14,12.156787283420561,12.782232963889836,11.996059265240758,10.484450062266557
2026-02-01 13:15:00,13.36,12.309605994224547,12.935051674693822,12.141124820089642,10.556599009130416
2026-02-01 13:30:00,13.32,12.286580174565314,12.912025855034589,12.129899044989553,10.656349877387893
2026-02-01 13:45:00,13.4,12.34700765132904,12.972453331798315,12.195980829459405,10.775609095772623
2026-02-01 14:00:00,13.51,12.383015519380569,13.008461199849844,12.222678448684917,10.714746014836681
2026-02-01 14:15:00,14.03,12.45352709531784,13.078972775787115,12.298597891066457,10.841525169035677
2026-02-01 14:30:00,14.06,12.492461920380592,13.117907600849867,12.344832055764893,10.956407905986099
2026-02-01 14:45:00,14.16,12.498339182138443,13.123784862607717,12.359279037147132,11.051451084582956
2026-02-01 15:00:00,14.11,12.541287695169448,13.166733375638723,12.35194210546425,10.571191373997085
2026-02-01 15:15:00,14.45,12.428567658662795,13.05401333913207,12.254417747204926,10.61657879517872
2026-02-01 15:30:00,14.47,12.550199455022812,13.175645135492086,12.366614303936737,10.640039142656052
2026-02-01 15:45:00,14.45,12.531940110921859,13.157385791391134,12.35090125481891,10.64827339889025
2026-02-01 16:00:00,14.16,12.585716313123703,13.211161993592977,12.42238752677088,10.886318710907394
2026-02-01 16:15:00,14.39,12.596685503721236,13.222131184190511,12.432898946576605,10.89252490409747
2026-02-01 16:30:00,14.33,12.722688279151916,13.34813395962119,12.548711037940736,10.91249600896748
2026-02-01 16:45:00,14.45,12.746584332585334,13.372030013054609,12.574295950169812,10.953964240899927
2026-02-01 17:00:00,14.58,12.760461377501487,13.385907057970762,12.547759769262548,10.547351177515244
2026-02-01 17:15:00,14.3,12.873554977774619,13.499000658243894,12.65903700761613,10.641545959277774
2026-02-01 17:30:00,14.09,12.865276436805724,13.490722117274998,12.66282658375861,10.758833338072924
2026-02-01 17:45:00,14.23,12.922847707271576,13.54829338774085,12.727642708446442,10.891785612513445
2026-02-01 18:00:00,14.13,12.883254900574682,13.508700581043957,12.660111661452854,10.561501987433903
2026-02-01 18:15:00,14.46,12.989511859416961,13.614957539886236,12.768774051426472,10.692786891368877
2026-02-01 18:30:00,14.68,12.897513291835784,13.522958972305059,12.696378675064933,10.804754917174838
2026-02-01 18:45:00,14.74,12.905726034641265,13.53117171511054,12.711634821346758,10.886252616333833
2026-02-01 19:00:00,14.85,12.876930494308471,13.502376174777746,12.699484995630524,11.030651821019557
2026-02-01 19:15:00,14.72,12.846311708092689,13.471757388561963,12.671648604090331,11.028983196901356
2026-02-01 19:30:00,14.73,12.74497333884239,13.370419019311665,12.575548475890795,10.982147493594258
2026-02-01 19:45:00,14.46,12.622564699649809,13.248010380119084,12.45634007829789,10.893036615454378
2026-02-01 20:00:00,14.17,12.513193294405935,13.13863897487521,12.360955871263602,10.929198717376487
2026-02-01 20:15:00,13.85,12.505234546661375,13.13068022713065,12.339113269176925,10.776781731097415
2026-02-01 20:30:00,13.64,12.352115852832792,12.977561533302067,12.184386069121905,10.606926908351202
2026-02-01 20:45:00,13.38,12.21606789112091,12.841513571590184,12.044349129061063,10.429374565244657
2026-02-01 21:00:00,13.29,12.091120716333387,12.716566396802662,11.92601952921098,10.373281701030898
2026-02-01 21:15:00,13.34,12.281884449720382,12.907330130189656,12.082112465466373,10.203303945865514
2026-02-01 21:30:00,12.95,12.23198538661003,12.857431067079304,12.021654816477357,10.043545280380872
2026-02-01 21:45:00,12.78,11.979358644485472,12.604804324954747,11.778981308410454,9.894479597329736
2026-02-01 22:00:00,12.74,11.784422034025193,12.409867714494467,11.58388798893632,9.697912466442908
2026-02-01 22:15:00,12.43,11.590874967575074,12.216320648044348,11.395901859313218,9.562225639580284
2026-02-01 22:30:00,12.37,11.376313524246216,12.00175920471549,11.188918720549463,9.42651467260886
2026-02-01 22:45:00,12.09,11.187717592716217,11.813163273185491,11.004957684697237,9.286143740340876
2026-02-01 23:00:00,11.9,10.967723202109337,11.593168882578611,10.787202215061573,9.089444795778732
2026-02-01 23:15:00,11.51,10.850083868503571,11.475529548972846,10.66562426863145,8.930825122214353
2026-02-01 23:30:00,11.56,10.556812964081765,11.18225864455104,10.384365923390277,8.762542070356078
2026-02-01 23:45:00,11.0,10.38674416810274,11.012189848572016,10.213781262751136,8.587105823935236
2026-02-02 00:00:00,10.77,10.156381614208222,10.781827294677496,10.004360932341896,8.574642179171667
2026-02-02 00:15:00,10.57,10.039493653178216,10.66493933364749,9.881821132292417,8.398948162624556
2026-02-02 00:30:00,10.25,9.788765506446362,10.414211186915637,9.639107146511547,8.231605475418837
2026-02-02 00:45:00,10.25,9.595321382284165,10.22076706275344,9.449474988427825,8.077823961615463
2026-02-02 01:00:00,9.92,9.459686604738236,10.08513228520751,9.322709015284643,8.034467007673726
2026-02-02 01:15:00,9.68,9.244056471884251,9.869502152353526,9.1165787899009,7.917681177387037
2026-02-02 01:30:00,9.63,9.094667401909827,9.720113082379102,8.97220084026461,7.820431635766446
2026-02-02 01:45:00,9.35,8.905474688112736,9.530920368582011,8.793535921623011,7.740778154111943
2026-02-02 02:00:00,9.19,8.849903894066811,9.475349574536086,8.707043286743138,7.363472879924774
2026-02-02 02:15:00,9.16,8.677357054352761,9.302802734822036,8.545727675116636,7.307784326542999
2026-02-02 02:30:00,8.92,8.543625117242337,9.169070797711612,8.42002035357997,7.257546626849452
2026-02-02 02:45:00,8.92,8.389192582666874,9.014638263136149,8.275773976915918,7.209098669255148
2026-02-02 03:00:00,8.72,8.299558150172233,8.925003830641508,8.192171903669204,7.182229515744991
2026-02-02 03:15:00,8.69,7.941752336323262,8.567198016792537,7.8639472506739,7.132208722210228
2026-02-02 03:30:00,8.44,7.951589515507221,8.577035195976496,7.86805539170231,7.082436607025742
2026-02-02 03:45:00,8.52,7.8697206813097,8.495166361778976,7.789577503821176,7.035849771598873
2026-02-02 04:00:00,8.36,7.84128844588995,8.466734126359226,7.7773120379404865,7.175628970328352
2026-02-02 04:15:00,8.36,7.853021744191647,8.478467424660922,7.785265044686654,7.148029224231703
2026-02-02 04:30:00,8.37,7.849419117867947,8.474864798337222,7.780883171593608,7.136318718574959
2026-02-02 04:45:00,8.37,7.890228129327298,8.515673809796573,7.818468714362067,7.143588296561216
2026-02-02 05:00:00,8.48,7.9378897011280065,8.563335381597282,7.862126490514683,7.149591316455256
2026-02-02 05:15:00,8.47,8.091960699558259,8.717406380027533,8.005986614116019,7.197420564191863
2026-02-02 05:30:00,8.53,8.144610904157162,8.770056584626436,8.05989147298542,7.263125151343329
2026-02-02 05:45:00,8.53,8.262602576315404,8.888048256784678,8.174220985497097,7.343012913827872
2026-02-02 06:00:00,8.64,8.401090022623539,9.026535703092813,8.320807823006987,7.565772620372721
2026-02-02 06:15:00,8.67,8.589390216171742,9.214835896641016,8.500087011591633,7.66021137928359
2026-02-02 06:30:00,8.92,8.766186697483063,9.391632377952337,8.669055900378696,7.755563601662411
2026-02-02 06:45:00,9.21,8.946084536314011,9.571530216783286,8.840657448062617,7.849140482642788
2026-02-02 07:00:00,9.68,9.174357467889786,9.79980314835906,9.044076893352464,7.818818735692128
2026-02-02 07:15:00,9.85,9.387972974181176,10.013418654650451,9.245731335954796,7.907982187896546
2026-02-02 07:30:00,9.89,9.602788412570954,10.228234093040228,9.448559555475365,7.998073433702356
2026-02-02 07:45:00,9.9,9.871403754651547,10.496849435120822,9.700468819435923,8.092865962710073
2026-02-02 08:00:00,10.28,10.151234499812126,10.776680180281401,9.99676005865403,8.5439642765418
2026-02-02 08:15:00,10.96,10.363497959971427,10.988943640440702,10.199767668762442,8.65992279417264
2026-02-02 08:30:00,11.35,10.584626484513283,11.210072164982558,10.412176241546952,8.79032227187111
2026-02-02 08:45:00,11.63,10.732852766513824,11.358298446983099,10.560070529892995,8.935094237991374
2026-02-02 09:00:00,11.89,10.951831176877022,11.577276857346297,10.790949140854407,9.277891436298134
2026-02-02 09:15:00,12.26,10.936251162290572,11.561696842759847,10.792541336889308,9.440984233812518
2026-02-02 09:30:00,12.65,11.201790617108346,11.82723629757762,11.048162083331611,9.603321861158534
2026-02-02 09:45:00,12.94,11.228881772756576,11.854327453225851,11.087345416572854,9.756229280222493
2026-02-02 10:00:00,13.32,11.39713404417038,12.022579724639655,11.298979826226944,10.375862495258197
2026-02-02 10:15:00,13.37,11.534596312642098,12.160041993111372,11.433624631132497,10.484009718075166
2026-02-02 10:30:00,13.58,11.697016602754593,12.322462283223867,11.587726902565475,10.559882980472498
2026-02-02 10:45:00,13.92,11.85332049369812,12.478766174167395,11.732927908060228,10.600663960050161
2026-02-02 11:00:00,13.95,11.942311448454856,12.56775712892413,11.831037795253291,10.784535261762938
2026-02-02 11:15:00,13.79,12.138288801908493,12.763734482377767,12.005960672629309,10.76144574426749
2026-02-02 11:30:00,13.97,12.181109256148337,12.806554936617612,12.040369959222382,10.716749977699308
2026-02-02 11:45:00,13.91,12.329419731497763,12.954865411967038,12.16906724275572,10.660989805807963
2026-02-02 12:00:00,13.92,12.339559723734855,12.96500540420413,12.14968266457703,10.363933587925317
2026-02-02 12:15:00,14.02,12.395355858802795,13.02080153927207,12.196027434761074,10.321390494618232
2026-02-02 12:30:00,13.85,12.487501587867735,13.11294726833701,12.277392670617544,10.301367727741452
2026-02-02 12:45:00,13.82,12.579921829700469,13.205367510169744,12.361861968505352,10.31106026812556
2026-02-02 13:00:00,14.06,12.60787402153015,13.233319701999426,12.37579429280078,10.193139036150866
2026-02-02 13:15:00,14.11,12.747274859547614,13.37272054001689,12.509024874241312,10.268339805913078
2026-02-02 13:30:00,14.44,12.741529194116591,13.366974874585866,12.513711168675206,10.371136228969508
2026-02-02 13:45:00,14.32,12.79896603822708,13.424411718696355,12.577381641310867,10.493432511549706
2026-02-02 14:00:00,14.35,12.848550260663032,13.473995941132307,12.608094882990937,10.346668618236244
2026-02-02 14:15:00,14.31,12.921950588226316,13.547396268695591,12.686915062366449,10.476461228995534
2026-02-02 14:30:00,14.44,12.959355782866476,13.58480146333575,12.732054781361564,10.594342330158998
2026-02-02 14:45:00,14.62,12.991462456583976,13.616908137053251,12.770496783662757,10.692366607532255
2026-02-02 15:00:00,14.52,13.032488672733306,13.657934353202581,12.806860212014495,10.684877613473889
2026-02-02 15:15:00,14.41,13.055576045513153,13.681021725982427,12.832373412381362,10.733205151669958
2026-02-02 15:30:00,14.75,13.170766696929931,13.796212377399206,12.939028179809112,10.759581938074497
2026-02-02 15:45:00,14.65,13.116740037202835,13.74218571767211,12.891263226298236,10.770706858587777
2026-02-02 16:00:00,14.9,13.155486665368079,13.780932345837353,12.857707364042804,10.057163081620526
2026-02-02 16:15:00,15.03,13.188440225124358,13.813885905593633,12.888362510815037,10.066202194932842
2026-02-02 16:30:00,15.02,13.310284273624418,13.935729954093693,13.00068477349066,10.088974301736666
2026-02-02 16:45:00,14.93,13.34960469007492,13.975050370544194,13.040477560580818,10.133209623577182
2026-02-02 17:00:00,14.79,13.330306017994879,13.955751698464153,13.004827877292076,9.943782526114415
2026-02-02 17:15:00,14.79,13.455964944958685,14.08141062542796,13.127721653716032,10.040670712156642
2026-02-02 17:30:00,14.8,13.434687375426291,14.060133055895566,13.12001658159148,10.16061178549808
2026-02-02 17:45:00,14.74,13.525011981129644,14.150457661598919,13.214689174794948,10.296176178364245
2026-02-02 18:00:00,14.66,13.464029818773268,14.089475499242543,13.180025570209342,10.509032418705727
2026-02-02 18:15:00,14.84,13.624127362966536,14.249573043435811,13.337596471125448,10.64284083394172
2026-02-02 18:30:00,15.18,13.554754873514174,14.180200553983449,13.285890606048747,10.757285415402995
2026-02-02 18:45:00,15.06,13.545308238267898,14.170753918737173,13.2854179573397,10.841210999128236
2026-02-02 19:00:00,15.33,13.588773231506346,14.214218911975621,13.35939709875786,11.202168526342035
2026-02-02 19:15:00,15.19,13.562359867691992,14.187805548161267,13.335585456580224,11.202825464155481
2026-02-02 19:30:00,14.96,13.503508009314537,14.128953689783811,13.278106829785377,11.158261757370182
2026-02-02 19:45:00,14.6,13.393939917087554,14.019385597556829,13.170717941272642,11.07136776717644
2026-02-02 20:00:00,14.14,13.337697345018386,13.96314302548766,13.108923925867195,10.957363733057772
2026-02-02 20:15:00,13.93,13.331090643405913,13.956536323875188,13.08850546965176,10.807048973736656
2026-02-02 20:30:00,13.33,13.199013919234275,13.82445959970355,12.952994229743135,10.639236921221842
2026-02-02 20:45:00,13.39,13.149525917768477,13.774971598237752,12.89138847429992,10.463666540076893
2026-02-02 21:00:00,13.12,13.026411893963813,13.651857574433087,12.702430341858607,9.655460054399212
2026-02-02 21:15:00,12.78,12.386408723592757,13.011854404062031,12.10777965365107,9.487338792687838
2026-02-02 21:30:00,12.78,12.349790276885031,12.975235957354306,12.059498446272167,9.329372064624469
2026-02-02 21:45:00,12.5,12.16431515932083,12.789760839790105,11.877688541087949,9.182032619707089
2026-02-02 22:00:00,12.21,12.01376188635826,12.639207566827535,11.767102211294041,9.447325989001557
2026-02-02 22:15:00,11.97,11.879396376609801,12.504842057079076,11.632762681031336,9.313230789691247
2026-02-02 22:30:00,11.52,11.728015320301056,12.35346100077033,11.48303403276847,9.179042650404387
2026-02-02 22:45:00,11.48,11.61548348069191,12.240929161161185,11.36796624099805,9.040124825088512
2026-02-02 23:00:00,11.14,11.417489731907844,12.042935412377119,11.1827053120622,8.974613071687465
2026-02-02 23:15:00,10.81,11.312415017485618,11.937860697954893,11.072610414406363,8.817304531615797
2026-02-02 23:30:00,10.52,11.114579750299454,11.740025430768728,10.877734484960724,8.65026047749563
2026-02-02 23:45:00,10.52,10.999183921813964,11.624629602283239,10.756680263986494,8.475990406186892
2026-02-03 00:00:00,10.24,10.785325033068657,11.410770713537932,10.54579047289963,8.293024280157658
2026-02-03 00:15:00,10.2,10.74503462433815,11.370480304807424,10.492584356643269,8.118348972778918
2026-02-03 00:30:00,9.9,10.533042846918105,11.15848852738738,10.284974540587994,7.951950472591748
2026-02-03 00:45:00,9.62,10.36645321726799,10.991898897737265,10.119699437178177,7.799038179256286
2026-02-03 01:00:00,9.6,10.28762772500515,10.913073405474425,10.04147345815237,7.726450481201454
2026-02-03 01:15:00,9.59,10.08013498544693,10.705580665916205,9.842767568795717,7.610382851062209
2026-02-03 01:30:00,9.35,10.010620994567871,10.636066675037146,9.770649647808526,7.513775579929792
2026-02-03 01:45:00,9.3,9.823800198435784,10.449245878905058,9.594183094272307,7.434688242382123
2026-02-03 02:00:00,9.15,9.786454434394837,10.411900114864112,9.549457597976632,7.320558100163099
2026-02-03 02:15:00,9.2,9.659518457055093,10.284964137524367,9.429408943583287,7.265283097977578
2026-02-03 02:30:00,8.92,9.531969424784183,10.157415105253458,9.309322698223081,7.215382608043257
2026-02-03 02:45:00,8.97,9.464461924135685,10.08990760460496,9.243672083849066,7.167195572285915
2026-02-03 03:00:00,8.85,9.361678471565247,9.987124152034522,9.136469236593047,7.018429357584992
2026-02-03 03:15:00,8.92,7.868217228651047,8.493662909120323,7.781747238410721,6.968517320512115
2026-02-03 03:30:00,8.91,7.8960017412900925,8.521447421759367,7.802080970004803,6.918778209023463
2026-02-03 03:45:00,8.61,7.838100772500038,8.463546452969313,7.745263320967372,6.872148927430452
2026-02-03 04:00:00,8.6,7.817112573385239,8.442558253854514,7.729731325482147,6.907931243620116
2026-02-03 04:15:00,8.53,7.840358074009418,8.465803754478694,7.748071627541056,6.880139307021155
2026-02-03 04:30:00,8.58,7.86240258127451,8.487848261743785,7.766846346792687,6.868162439157503
2026-02-03 04:45:00,8.48,7.931039263308048,8.556484943777324,7.8295523719464954,6.875092031424211
2026-02-03 05:00:00,8.45,7.9837722462415694,8.609217926710844,7.873290440423312,6.834235045306937
2026-02-03 05:15:00,8.5,8.133327226638794,8.758772907108069,8.013021933015313,6.881578945867105
2026-02-03 05:30:00,8.5,8.202438999712468,8.827884680181743,8.08175271219025,6.946726567045495
2026-02-03 05:45:00,8.61,8.338592733740807,8.964038414210082,8.212438396621016,7.025986531258895
2026-02-03 06:00:00,8.76,8.452141968607902,9.077587649077177,8.321206581734188,7.089790068081406
2026-02-03 06:15:00,8.74,8.648585569262504,9.27403124973178,8.507772812200376,7.183461955376578
2026-02-03 06:30:00,8.95,8.82085931122303,9.446304991692305,8.672573389728292,7.277979179326204
2026-02-03 06:45:00,9.25,8.984296289086341,9.609741969555616,8.829209425046317,7.370653949789624
2026-02-03 07:00:00,9.4,9.21000096976757,9.835446650236845,9.068116585046065,7.733727322164504
2026-02-03 07:15:00,9.58,9.398446909785271,10.023892590254546,9.246921215451243,7.821857703586481
2026-02-03 07:30:00,9.63,9.597482816576958,10.222928497046233,9.435381056887655,7.910852138161433
2026-02-03 07:45:00,9.81,9.84121442526579,10.466660105735064,9.664686736242247,8.004485345534835
2026-02-03 08:00:00,10.05,10.09089404642582,10.716339726895095,9.915002288239712,8.260781677468543
2026-02-03 08:15:00,10.62,10.26591433107853,10.891360011547805,10.084223093929934,8.375459747726385
2026-02-03 08:30:00,10.85,10.46320623278618,11.088651913255454,10.274957289776612,8.504520262517948
2026-02-03 08:45:00,11.52,10.603448296785356,11.22889397725463,10.415500547843976,8.647896179946807
2026-02-03 09:00:00,11.65,10.785080943107605,11.41052662357688,10.649279801008689,9.372102004033117
2026-02-03 09:15:00,11.95,10.580593693852425,11.2060393743217,10.479975884688377,9.533689057799682
2026-02-03 09:30:00,12.14,10.840204946398735,11.46565062686801,10.730088422980932,9.694468422915559
2026-02-03 09:45:00,12.42,10.873502354621888,11.498948035091162,10.774726870044148,9.845766672520163
2026-02-03 10:00:00,12.77,11.023222184181213,11.648667864650488,10.914297411342998,9.889885545143493
2026-02-03 10:15:00,12.96,11.1534912276268,11.778936908096075,11.04227636903949,9.996326785065976
2026-02-03 10:30:00,12.94,11.312695190310478,11.938140870779753,11.193303067685752,10.070448238975874
2026-02-03 10:45:00,13.24,11.461814346313476,12.08726002678275,11.331837261825186,10.109433356686115
2026-02-03 11:00:00,13.18,11.546751992702484,12.172197673171759,11.437217024763935,10.407066417181813
2026-02-03 11:15:00,13.29,11.735683990120888,12.361129670590163,11.605591131058429,10.382098393282904
2026-02-03 11:30:00,13.34,11.774710083603859,12.400155764073133,11.636386486971459,10.33548559846476
2026-02-03 11:45:00,13.35,11.916607006788253,12.542052687257527,11.7590988597166,10.277771787105173
2026-02-03 12:00:00,13.23,11.930120393037795,12.55556607350707,11.79045308939811,10.476914952567707
2026-02-03 12:15:00,12.95,11.983278234004974,12.608723914474249,11.834218892745886,10.4323508513914
2026-02-03 12:30:00,13.01,12.082934151291846,12.708379831761121,11.922175324770913,10.410276376595412
2026-02-03 12:45:00,13.01,12.16962358534336,12.795069265812634,12.0012646565097,10.417888533852974
2026-02-03 13:00:00,13.05,12.203131830692291,12.828577511161566,12.034714990417996,10.450794224284573
2026-02-03 13:15:00,13.4,12.3300649780035,12.955510658472775,12.156471284539384,10.523863431905422
2026-02-03 13:30:00,13.53,12.339009990692137,12.964455671161412,12.174229316132124,10.624505833207262
2026-02-03 13:45:00,13.53,12.396483625173568,13.021929305642843,12.237724065131584,10.744627747903715
2026-02-03 14:00:00,13.98,12.451302692890167,13.076748373359441,12.297519893621663,10.851228840786323
2026-02-03 14:15:00,13.84,12.519484447836875,13.14493012830615,12.371410783487185,10.978812801605075
2026-02-03 14:30:00,14.03,12.566610790491103,13.192056470960377,12.425123743425642,11.094471347733558
2026-02-03 14:45:00,13.91,12.602686579227447,13.228132259696721,12.46693865313019,11.190261340132242
2026-02-03 15:00:00,14.11,12.644162769913672,13.269608450382947,12.505714023964684,11.203636135574314
2026-02-03 15:15:00,14.13,12.78043076634407,13.405876446813345,12.633313719153875,11.249712496632034
2026-02-03 15:30:00,14.12,12.889829764366148,13.515275444835423,12.73451661319988,11.273832960750308
2026-02-03 15:45:00,14.25,12.854257013201712,13.479702693670987,12.703214829642011,11.282698622873689
2026-02-03 16:00:00,14.32,12.893981416225433,13.519427096694708,12.717471734313046,11.057439696250249
2026-02-03 16:15:00,14.32,12.921403685212134,13.546849365681409,12.742910138709506,11.064220320839413
2026-02-03 16:30:00,14.54,13.037333681583403,13.662779362052678,12.849670041217395,11.084737647640829
2026-02-03 16:45:00,14.29,13.08325726211071,13.708702942579984,12.89521522635816,11.126724113180998
2026-02-03 17:00:00,14.35,13.062453014850615,13.68789869531989,12.857666777972543,10.931700391943613
2026-02-03 17:15:00,14.03,13.181111158728598,13.806556839197873,12.974018254097185,11.026358200444896
2026-02-03 17:30:00,14.03,13.174650911092757,13.800096591562031,12.979493258251658,11.144081440161315
2026-02-03 17:45:00,14.16,13.254863824844358,13.880309505313633,13.064814253095786,11.27744273610817
2026-02-03 18:00:00,14.27,13.197514004111289,13.822959684580564,13.003031361661321,11.17396785751707
2026-02-03 18:15:00,13.92,13.345012261271476,13.97045794174075,13.149005612328647,11.305609185610654
2026-02-03 18:30:00,14.24,13.286398832798003,13.911844513267278,13.106818520692567,11.417907927967617
2026-02-03 18:45:00,14.71,13.280213805437088,13.905659485906362,13.109090019205617,11.49971106309909
2026-02-03 19:00:00,14.71,13.315392475128172,13.940838155597447,13.136992946359344,11.459187343159869
2026-02-03 19:15:00,14.49,13.285017071366308,13.910462751835583,13.10940117423397,11.45777497178279
2026-02-03 19:30:00,14.47,13.232590792775152,13.858036473244427,13.057534540463472,11.411171665905494
2026-02-03 19:45:00,14.04,13.134332909584044,13.759778590053319,12.96017586731288,11.322269851665029
2026-02-03 20:00:00,13.62,13.071683152914046,13.69712883338332,12.884792435187899,11.127129197224837
2026-02-03 20:15:00,13.35,13.057573338150977,13.683019018620252,12.857405710995218,10.974876262970364
2026-02-03 20:30:00,12.78,12.936109220981598,13.561554901450872,12.731304459862947,10.805163857708822
2026-02-03 20:45:00,12.82,12.886220770478248,13.511666450947523,12.669157923461574,10.627732906902667
2026-02-03 21:00:00,12.3,12.766879174709318,13.392324855178593,12.536019135689546,10.364834773851115
2026-02-03 21:15:00,12.09,12.12900560081005,12.754451281279325,11.943122750703543,10.194938270622776
2026-02-03 21:30:00,12.1,12.101067559123038,12.726513239592313,11.902521429226177,10.035241781496898
2026-02-03 21:45:00,11.88,11.90615995645523,12.531605636924505,11.712023893501168,9.886219887990114
2026-02-03 22:00:00,11.58,11.752916741371155,12.37836242184043,11.55933876607612,9.7387834437194
2026-02-03 22:15:00,11.58,11.617650575041772,12.243096255511047,11.424033049997853,9.60310577155617
2026-02-03 22:30:00,11.34,11.456206644773484,12.081652325242759,11.265061631663885,9.46738774635619
2026-02-03 22:45:00,11.06,11.344080914258956,11.969526594728231,11.15021909641906,9.326994301696114
2026-02-03 23:00:00,10.78,11.145272824764252,11.770718505233527,10.956790198690692,9.184155437184382
2026-02-03 23:15:00,10.58,11.045596389770507,11.671042070239782,10.851443830583316,9.025484681880075
2026-02-03 23:30:00,10.27,10.83656057715416,11.462006257623434,10.646318591121213,8.857137463050623
2026-02-03 23:45:00,9.98,10.721363558173179,11.346809238642454,10.525324645209196,8.681624782961698
2026-02-04 00:00:00,9.71,10.508568052649498,11.134013733118772,10.301314893460965,8.352147683395595
2026-02-04 00:15:00,9.57,10.449932691454887,11.075378371924161,10.23141958386395,8.176355207748497
2026-02-04 00:30:00,9.36,10.248659647107125,10.8741053275764,10.033397181350123,8.008904327035253
2026-02-04 00:45:00,9.02,10.076398640275002,10.701844320744277,9.862900984490691,7.855005752833232
2026-02-04 01:00:00,9.03,9.991579147577285,10.61702482804656,9.741971495665492,7.3944702445733625
2026-02-04 01:15:00,8.87,9.788464462161064,10.413910142630339,9.547141159372794,7.277552263062265
2026-02-04 01:30:00,8.68,9.696380286216735,10.32182596668601,9.454547243684454,7.180164364987441
2026-02-04 01:45:00,8.66,9.522862039208412,10.148307719677687,9.290036514907364,7.100367226339087
2026-02-04 02:00:00,8.42,9.47995668411255,10.105402364581824,9.250789767449072,7.095528823098913
2026-02-04 02:15:00,8.39,9.346241727173329,9.971687407642603,9.124559351501572,7.039688754592067
2026-02-04 02:30:00,8.45,9.215440992116928,9.840886672586203,9.00148670804483,6.989296994753262
2026-02-04 02:45:00,8.12,9.126682099699973,9.752127780169248,8.916587130127626,6.940693361880744
2026-02-04 03:00:00,8.13,9.033531356751919,9.658977037221193,8.824891388427192,6.862681564654656
2026-02-04 03:15:00,8.09,7.455011129975319,8.080456810444595,7.393259954190288,6.812504671643913
2026-02-04 03:30:00,8.09,7.474317054003477,8.099762734472753,7.405911913146654,6.762577654310418
2026-02-04 03:45:00,8.04,7.415792417675257,8.041238098144532,7.348519934686092,6.715838056660383
2026-02-04 04:00:00,7.82,7.378380855470896,8.00382653594017,7.32206289470032,6.792405721311246
2026-02-04 04:15:00,7.77,7.398225369304419,8.023671049773695,7.337333551107282,6.764660324528604
2026-02-04 04:30:00,7.72,7.412077474594116,8.037523155063392,7.348715317990937,6.752809139800446
2026-02-04 04:45:00,7.7,7.454384632408619,8.079830312877894,7.387642068333523,6.7599439530419625
2026-02-04 05:00:00,7.69,7.504307750761509,8.129753431230784,7.4422539086502315,6.85865212050162
2026-02-04 05:15:00,7.75,7.647621456980706,8.273067137449981,7.576379076989619,6.906361251498607
2026-02-04 05:30:00,7.72,7.7049981629848485,8.330443843454123,7.634545468487161,6.971954449304069
2026-02-04 05:45:00,7.76,7.8264318573474885,8.451877537816763,7.751976413656827,7.051740479879387
2026-02-04 06:00:00,7.8,7.942642380297184,8.56808806076646,7.860443624318199,7.087383659926264
2026-02-04 06:15:00,8.0,8.122514748871327,8.747960429340601,8.032097329660663,7.181742770848652
2026-02-04 06:30:00,8.15,8.301135891079904,8.926581571549178,8.202709049679811,7.277027759230366
2026-02-04 06:45:00,8.36,8.464911764860153,9.090357445329428,8.359732929592093,7.3705507250840565
2026-02-04 07:00:00,8.65,8.69057010382414,9.316015784293414,8.575379819502974,7.4920422916408285
2026-02-04 07:15:00,8.85,8.881143164038658,9.506588844507933,8.756204057303677,7.581181147852378
2026-02-04 07:30:00,8.97,9.076345089673996,9.70179077014327,8.941302987191706,7.671263779261845
2026-02-04 07:45:00,9.24,9.323546667098999,9.948992347568273,9.17385735085921,7.7660645430000645
2026-02-04 08:00:00,9.55,9.58090061813593,10.206346298605204,9.444184079068103,8.158397188928518
2026-02-04 08:15:00,10.26,9.75664503633976,10.382090716809035,9.614186761484834,8.274400196894474
2026-02-04 08:30:00,10.62,9.97565245449543,10.601098134964705,9.824684225766735,8.404863546787645
2026-02-04 08:45:00,11.01,10.108765676617622,10.734211357086897,9.958926047783786,8.549719585335618
2026-02-04 09:00:00,10.96,10.30213162124157,10.927577301710844,10.187885434134465,9.113426918490857
2026-02-04 09:15:00,11.65,10.270660996437073,10.896106676906347,10.17512645709988,9.276646587196602
2026-02-04 09:30:00,12.1,10.547641549110413,11.173087229579687,10.441103062226794,9.439133654104879
2026-02-04 09:45:00,12.4,10.600292814970016,11.225738495439291,10.50340653275651,9.592213839071603
2026-02-04 10:00:00,12.63,10.761242197751999,11.386687878221274,10.6986347330607,10.109826254775472
2026-02-04 10:15:00,12.72,10.907328270673752,11.532773951143026,10.841095810506543,10.218195102477056
2026-02-04 10:30:00,12.8,11.08964295387268,11.715088634341955,11.01320417946802,10.294315486863766
2026-02-04 10:45:00,12.94,11.228825172185898,11.854270852655173,11.142955340509308,10.33536977272752
2026-02-04 11:00:00,12.91,11.339141806960106,11.96458748742938,11.23481915177758,10.253689119574993
2026-02-04 11:15:00,12.81,11.53438972055912,12.159835401028396,11.40911418681384,10.230927260468297
2026-02-04 11:30:00,13.11,11.58022274017334,12.205668420642615,11.446280696204427,10.186587279826398
2026-02-04 11:45:00,13.02,11.7163166898489,12.341762370318175,11.563972538209066,10.131211627908684
2026-02-04 12:00:00,12.89,11.749456323981285,12.37490200445056,11.623143200604398,10.435197987845518
2026-02-04 12:15:00,12.99,11.788093288540841,12.413538969010116,11.65402061090357,10.393098615603584
2026-02-04 12:30:00,12.76,11.898803297281264,12.524248977750538,11.752211486815384,10.37354999213443
2026-02-04 12:45:00,12.81,11.996582198143004,12.622027878612279,11.841572967450837,10.383747615569066
2026-02-04 13:00:00,13.1,12.024926348924636,12.65037202939391,11.8931123418325,10.653432611703055
2026-02-04 13:15:00,12.98,12.159602454304695,12.78504813477397,12.022126914510267,10.729201801076522
2026-02-04 13:30:00,13.41,12.159229598045348,12.784675278514623,12.031727378136097,10.832598992201177
2026-02-04 13:45:00,13.36,12.219206392765043,12.844652073234318,12.09775457633219,10.955528811858063
2026-02-04 14:00:00,13.76,12.261728986501693,12.887174666970967,12.12346659951203,10.823141373296943
2026-02-04 14:15:00,14.0,12.335785173177719,12.961230853646994,12.20294690296842,10.953634219159197
2026-02-04 14:30:00,14.13,12.390364395976066,13.01581007644534,12.263680612891795,11.072249432775163
2026-02-04 14:45:00,13.97,12.415405195951461,13.040850876420736,12.29580968311719,11.171042017329958
2026-02-04 15:00:00,14.16,12.449740517139434,13.075186197608708,12.312121352249335,11.017845478575682
2026-02-04 15:15:00,14.23,12.98670730113983,13.612152981609105,12.8022056054949,11.067010558236696
2026-02-04 15:30:00,14.22,13.103939818143843,13.729385498613118,12.910789853586422,11.094259871536124
2026-02-04 15:45:00,14.43,13.067082941532133,13.692528622001408,12.878631739462405,11.106292513320252
2026-02-04 16:00:00,14.3,13.097839691638946,13.72328537210822,12.886668267774182,10.90065070012116
2026-02-04 16:15:00,14.29,13.127361841797828,13.752807522267103,12.914315852619367,10.910668439144496
2026-02-04 16:30:00,14.26,13.246605801582335,13.87205148205161,13.024385402857067,10.93445482568829
2026-02-04 16:45:00,14.34,13.264478846788405,13.88992452725768,13.044893039790823,10.979740178086644
2026-02-04 17:00:00,14.2,13.262315289974211,13.887760970443486,13.036762597334587,10.915492579755853
2026-02-04 17:15:00,14.02,13.375975603461264,14.001421283930538,13.148918752001673,11.013502474544014
2026-02-04 17:30:00,13.9,13.37324108839035,13.998686768859624,13.158085819509358,11.134601126597465
2026-02-04 17:45:00,14.12,13.444067505002021,14.069513185471296,13.235248891379383,11.271358950602648
2026-02-04 18:00:00,14.11,13.400366204380989,14.025811884850263,13.18739788174919,11.184480903876217
2026-02-04 18:15:00,14.05,13.526721318364142,14.152166998833417,13.314590906885876,11.319554286310252
2026-02-04 18:30:00,14.38,13.463131284713745,14.08857696518302,13.268236746629682,11.43529946093685
2026-02-04 18:45:00,14.53,13.462331094145775,14.08777677461505,13.275707945384017,11.520561130590862
2026-02-04 19:00:00,14.45,13.488816623687743,14.114262304157018,13.309171031031557,11.61964649008272
2026-02-04 19:15:00,14.4,13.461254975795745,14.08670065626502,13.284456649997932,11.621709984090332
2026-02-04 19:30:00,13.98,13.397439954876898,14.022885635346173,13.22263040929278,11.578587753474764
2026-02-04 19:45:00,13.72,13.296770887374876,13.922216567844151,13.123427134185098,11.493169911037908
2026-02-04 20:00:00,13.67,13.226683108210562,13.852128788679837,13.057746436096254,11.46893677378741
2026-02-04 20:15:00,13.21,13.225257481336593,13.850703161805868,13.042159556772042,11.320166646316125
2026-02-04 20:30:00,12.86,13.099828494191168,13.725274174660443,12.912808839682306,11.153932981607582
2026-02-04 20:45:00,12.83,13.02759555339813,13.653041233867405,12.830799064848444,10.979974382421712
2026-02-04 21:00:00,12.58,12.901572967767715,13.52701864823699,12.687172464057692,10.670786160035572
2026-02-04 21:15:00,12.32,12.246879826784133,12.872325507253407,12.079404867705227,10.504342272655993
2026-02-04 21:30:00,12.37,12.205553627610206,12.83099930807948,12.027032670484639,10.34808506215359
2026-02-04 21:45:00,12.28,11.959227236509323,12.584672916978597,11.790387241652425,10.20248680620815
2026-02-04 22:00:00,12.09,11.771908355355263,12.397354035824538,11.596460658317126,9.946416338186237
2026-02-04 22:15:00,11.71,11.605217552185058,12.230663232654333,11.4330758995148,9.814124148983911
2026-02-04 22:30:00,11.47,11.408652967810632,12.034098648279906,11.242682483202616,9.681769116654976
2026-02-04 22:45:00,9.4,11.239521265029907,11.864966945499182,11.076633647256768,9.544713918109256
2026-02-04 23:00:00,9.35,11.025254852175713,11.650700532644988,10.852164247597196,9.224287827590846
2026-02-04 23:15:00,10.77,10.92036762714386,11.545813307613134,10.742423334636344,9.068899121389412
2026-02-04 23:30:00,10.85,10.652879697680474,11.278325378149749,10.484776218397917,8.903802538679962
2026-02-04 23:45:00,10.55,10.502325009703636,11.12777069017291,10.332132011685296,8.73150689977421
2026-02-05 00:00:00,10.2,10.277576878666878,10.903022559136152,10.111241395987642,8.54689530843859
2026-02-05 00:15:00,10.01,10.183414754271507,10.808860434740781,10.009535905202151,8.37424623117798
2026-02-05 00:30:00,9.73,9.961133700609206,10.586579381078481,9.792822836548034,8.209898751770274
2026-02-05 00:45:00,9.32,9.773874957561492,10.399320638030767,9.609064556316739,8.059061500914503
2026-02-05 01:00:00,9.04,9.671913982033729,10.297359662503004,9.4836172209837,7.712730476302706
2026-02-05 01:15:00,8.99,9.465744280815125,10.0911899612844,9.286311032390413,7.598783538988937
2026-02-05 01:30:00,8.76,9.341128219366073,9.966573899835348,9.16459278461631,7.504318547175825
2026-02-05 01:45:00,8.71,9.163750520944596,9.789196201413871,8.996869641207777,7.4273942226257486
2026-02-05 02:00:00,8.52,9.118648356199264,9.744094036668539,8.958417697581343,7.451486044292883
2026-02-05 02:15:00,8.21,8.966404848694802,9.591850529164077,8.815705433853989,7.398412886257424
2026-02-05 02:30:00,8.15,8.838191113471986,9.46363679394126,8.695231724603891,7.35073230059659
2026-02-05 02:45:00,8.05,8.713142057657242,9.338587738126517,8.577784864385498,7.304782301699533
2026-02-05 03:00:00,7.95,8.624609567523002,9.250055247992277,8.481662847759104,7.137282573696622
2026-02-05 03:15:00,7.99,7.600792974829674,8.22623865529895,7.551666060609716,7.0896389884813225
2026-02-05 03:30:00,7.76,7.608816813230515,8.23426249369979,7.554357702751402,7.042182579096698
2026-02-05 03:45:00,7.84,7.549938777089119,8.175384457558394,7.4968775564478625,6.997849257892955
2026-02-05 04:00:00,7.57,7.5168380558490755,8.142283736318351,7.456651337302143,6.890609407073234
2026-02-05 04:15:00,7.62,7.535598845630885,8.16104452610016,7.4711608746260545,6.8651369150515515
2026-02-05 04:30:00,7.62,7.543496924638748,8.168942605108024,7.47737267782761,6.855489690956974
2026-02-05 04:45:00,7.59,7.578048035502434,8.203493715971709,7.509493871115884,6.864758081037339
2026-02-05 05:00:00,7.66,7.641660709381104,8.26710638985038,7.555708399692801,6.747347145612126
2026-02-05 05:15:00,7.64,7.79197449117899,8.417420171648265,7.696352000723182,6.797044971238039
2026-02-05 05:30:00,7.63,7.861286488771439,8.486732169240714,7.765490568266183,6.8645524699618825
2026-02-05 05:45:00,7.76,7.9868060368299485,8.612251717299223,7.886791391396808,6.946177177515245
2026-02-05 06:00:00,7.86,8.136510654985905,8.76195633545518,8.025690741995948,6.983455528462603
2026-02-05 06:15:00,8.05,8.312581587731838,8.938027268201113,8.19407021169313,7.0794985974469835
2026-02-05 06:30:00,8.3,8.512090109288692,9.137535789757967,8.383716082799495,7.176388561055014
2026-02-05 06:45:00,8.66,8.703418787121773,9.328864467591048,8.565791238053135,7.271436513152544
2026-02-05 07:00:00,8.67,8.945388349294662,9.570834029763937,8.826911919449397,7.712668965932194
2026-02-05 07:15:00,9.12,9.16693784058094,9.792383521050215,9.035866372265106,7.803170044659581
2026-02-05 07:30:00,9.07,9.376301936507225,10.0017476169765,9.233889327734957,7.894532241909976
2026-02-05 07:45:00,9.23,9.664545295238495,10.28999097570777,9.50365591547402,7.990529144753008
2026-02-05 08:00:00,9.51,9.948796191215516,10.57424187168479,9.832005938790417,8.733621087270837
2026-02-05 08:15:00,10.08,10.155631302893163,10.781076983362437,10.030209919677478,8.850651313370937
2026-02-05 08:30:00,10.69,10.391629858613014,11.017075539082288,10.256156027153631,8.982056509749704
2026-02-05 08:45:00,10.99,10.53512716293335,11.160572843402624,10.399866184355165,9.12776849822956
2026-02-05 09:00:00,11.05,10.752541982531548,11.377987663000823,10.640984042569038,9.591807858964692
2026-02-05 09:15:00,11.67,10.743658522963525,11.3691042034328,10.648707009356404,9.755710359299457
2026-02-05 09:30:00,12.07,11.039401457309722,11.664847137778997,10.931700003186615,9.91879316174178
2026-02-05 09:45:00,12.25,11.102271248698235,11.72771692916751,11.00328875758298,10.072381712267754
2026-02-05 10:00:00,12.46,11.292719433903695,11.91816511437297,11.223891823811423,10.57658434119309
2026-02-05 10:15:00,12.9,11.455738275051116,12.081183955520391,11.381690274412552,10.68528624669737
2026-02-05 10:30:00,12.98,11.652160650491714,12.277606330960989,11.56657401859284,10.761651878103464
2026-02-05 10:45:00,13.15,11.801294664144516,12.42674034461379,11.705335639041401,10.802863580361285
2026-02-05 11:00:00,13.11,11.929870643019676,12.55531632348895,11.83578706673059,10.950953162985131
2026-02-05 11:15:00,13.41,12.138031976819038,12.763477657288313,12.021752680778638,10.928173253865026
2026-02-05 11:30:00,13.45,12.196930530667304,12.822376211136579,12.070718853098331,10.883727714299814
2026-02-05 11:45:00,13.38,12.342669217586517,12.968114898055791,12.197109945224426,10.828159228525971
2026-02-05 12:00:00,13.42,12.381144870519638,13.006590550988912,12.23927065019,10.904976981023012
2026-02-05 12:15:00,13.32,12.404540008902549,13.029985689371824,12.256335905837947,10.862511178525157
2026-02-05 12:30:00,13.33,12.520697115063665,13.14614279553294,12.359406857810393,10.842509928605551
2026-02-05 12:45:00,13.42,12.637145006656645,13.26259068712592,12.465591316356623,10.85216921361159
2026-02-05 13:00:00,13.36,12.656713238954543,13.282158919423818,12.48258034669325,10.844901456207435
2026-02-05 13:15:00,13.67,12.818507385253906,13.44395306572318,12.636038598591274,10.919962582110971
2026-02-05 13:30:00,13.71,12.793308103680609,13.418753784149883,12.623122585404198,11.02256781870652
2026-02-05 13:45:00,13.86,12.871058892607687,13.496504573076962,12.705131415149163,11.144622520725939
2026-02-05 14:00:00,13.93,12.899681093692779,13.525126774162054,12.723281665425365,11.064286536958614
2026-02-05 14:15:00,14.25,12.979192160367965,13.60463784083724,12.807592721156478,11.193740360660609
2026-02-05 14:30:00,14.15,13.035466570258139,13.660912250727414,12.869751085055743,11.311235927934543
2026-02-05 14:45:00,14.08,13.059642796516417,13.685088476985692,12.900983410280471,11.408829204134515
2026-02-05 15:00:00,14.29,13.085855228304862,13.711300908774136,12.928887027451957,11.452638022016458
2026-02-05 15:15:00,14.56,13.292209588885306,13.917655269354581,13.120003676867492,11.500447582288562
2026-02-05 15:30:00,14.55,13.410153858065604,14.035599538534878,13.229093645596441,11.526264938067204
2026-02-05 15:45:00,14.68,13.384045429825782,14.009491110295057,13.206506090653583,11.536790368268242
2026-02-05 16:00:00,14.58,13.417562872767448,14.043008553236723,13.217228977896797,11.333135821124484
2026-02-05 16:15:00,14.75,13.45182107567787,14.077266756147145,13.248998472974494,11.341499604453462
2026-02-05 16:30:00,14.81,13.589093024730682,14.214538705199956,13.375197523461443,11.363560648603308
2026-02-05 16:45:00,14.78,13.605126551389693,14.230572231858968,13.393869887996251,11.407050662626888
2026-02-05 17:00:00,14.74,13.610502898097037,14.235948578566312,13.380042062518653,11.212612115141962
2026-02-05 17:15:00,14.63,13.72503839790821,14.350484078377484,13.492803704985473,11.308691046549132
2026-02-05 17:30:00,14.46,13.722494202256202,14.347939882725477,13.501950917314408,11.427793200772197
2026-02-05 17:45:00,14.43,13.804857230186462,14.430302910655737,13.58934378921475,11.56249057204236
2026-02-05 18:00:00,14.52,13.765548133850096,14.390993814319371,13.549688718431378,11.519581692968362
2026-02-05 18:15:00,14.35,13.895023354291915,14.52046903476119,13.679492126392256,11.652471627346547
2026-02-05 18:30:00,14.35,13.821317383646964,14.446763064116238,13.623778752931747,11.765974398012107
2026-02-05 18:45:00,14.62,13.826789951324463,14.452235631793737,13.636698821082595,11.848936456241331
2026-02-05 19:00:00,14.92,13.866444311141967,14.491889991611242,13.685568674849254,11.984475862841716
2026-02-05 19:15:00,14.52,13.840968394279479,14.466414074748753,13.662508072964588,11.98413073016961
2026-02-05 19:30:00,14.23,13.764822231531141,14.390267912000416,13.589299369323465,11.93854813845414
2026-02-05 19:45:00,14.17,13.654485079050064,14.279930759519338,13.481115952210308,11.850620095853703
2026-02-05 20:00:00,13.94,13.573121758699417,14.198567439168691,13.39086119478187,11.67674346423892
2026-02-05 20:15:00,13.57,13.58055341362953,14.205999094098805,13.383030049669713,11.525369274993407
2026-02-05 20:30:00,13.7,13.440000753998754,14.06544643446803,13.23975469244834,11.35648758739186
2026-02-05 20:45:00,13.35,13.375633877515792,14.001079557985067,13.164596443848765,11.17983902248697
2026-02-05 21:00:00,13.08,13.229271169304846,13.854716849774121,13.015963838721731,11.009858570811375
2026-02-05 21:15:00,13.15,12.605435951948165,13.23088163241744,12.435822414445099,10.840646992373832
2026-02-05 21:30:00,12.82,12.548611809015274,13.174057489484548,12.3691723413025,10.681586356959754
2026-02-05 21:45:00,12.65,12.31895428597927,12.944399966448545,12.147321071074124,10.533151058124453
2026-02-05 22:00:00,12.41,12.12831719636917,12.753762876838445,11.965015783629596,10.429204410159638
2026-02-05 22:15:00,12.22,11.956772186756133,12.582217867225408,11.796964843202602,10.294014368518454
2026-02-05 22:30:00,12.24,11.76119740486145,12.386643085330725,11.607184977625534,10.158734327772011
2026-02-05 22:45:00,12.08,11.580344431400299,12.205790111869574,11.430257878334729,10.018729151571023
2026-02-05 23:00:00,11.89,11.363958327174187,11.989404007643461,11.214248634462258,9.806264190675805
2026-02-05 23:15:00,11.35,11.2396479088068,11.865093589276075,11.086663601766755,9.647882180510981
2026-02-05 23:30:00,11.12,10.975885004401206,11.601330684870481,10.832094051049742,9.479773958685021
2026-02-05 23:45:00,10.78,10.813368493318558,11.438814173787833,10.668346673901747,9.30445057572872
2026-02-06 00:00:00,10.56,10.581328793764115,11.20677447423339,10.424371768648056,8.948227868388713
2026-02-06 00:15:00,10.43,10.476608540415764,11.102054220885039,10.312829442524958,8.77252555257341
2026-02-06 00:30:00,10.17,10.24257437825203,10.868020058721305,10.085198506557498,8.6051154527528
2026-02-06 00:45:00,9.93,10.049759581685066,10.675205262154341,9.896123130379008,8.45120844570509
2026-02-06 01:00:00,9.98,9.94760333418846,10.573049014657736,9.782675037190447,8.2315631999614
2026-02-06 01:15:00,9.67,9.724989752173425,10.3504354326427,9.57020962801627,8.11453896920364
2026-02-06 01:30:00,9.43,9.599269979596139,10.224715660065414,9.447197949313665,8.01699627636823
2026-02-06 01:45:00,9.42,9.405609712004662,10.031055392473936,9.2644615296561,7.936996076915405
2026-02-06 02:00:00,9.18,9.353122587800026,9.978568268269301,9.211166473031525,7.8761026059310355
2026-02-06 02:15:00,9.1,9.196201750636101,9.821647431105376,9.06393178717637,7.819963894664175
2026-02-06 02:30:00,8.85,9.061970667243004,9.68741634771228,8.937725240801718,7.7692262313383935
2026-02-06 02:45:00,8.8,8.93603899627924,9.561484676748515,8.81918780365683,7.720229823916471
2026-02-06 03:00:00,8.8,8.825768703222275,9.45121438369155,8.715633428881791,7.67983708079937
2026-02-06 03:15:00,8.49,8.081460586190223,8.706906266659498,8.037991497840391,7.629174947131728
2026-02-06 03:30:00,8.58,8.08869661539793,8.714142295867205,8.03968258383262,7.578717146517844
2026-02-06 03:45:00,8.25,8.028408517539502,8.653854198008776,7.980641286758889,7.531401717539585
2026-02-06 04:00:00,8.3,8.005111722648143,8.630557403117418,7.94680648168592,7.3984594055617645
2026-02-06 04:15:00,8.14,8.024037538468837,8.649483218938112,7.9611828860941625,7.370049665792673
2026-02-06 04:30:00,8.11,8.030053117871285,8.65549879834056,7.965413271701424,7.3574907236868485
2026-02-06 04:45:00,8.09,8.075760908722877,8.701206589192152,8.007341682876925,7.363874958031138
2026-02-06 05:00:00,8.08,8.145097315311432,8.770542995780707,8.065288460842355,7.314704957975241
2026-02-06 05:15:00,8.02,8.281974475383759,8.907420155853034,8.193515509062296,7.361579738986887
2026-02-06 05:30:00,8.02,8.360200001597404,8.985645682066679,8.270442824025865,7.426297682521372
2026-02-06 05:45:00,8.15,8.484938461780548,9.110384142249822,8.390772928457777,7.505168238089221
2026-02-06 06:00:00,8.13,8.627557042241097,9.253002722710372,8.522137532759128,7.530691843882991
2026-02-06 06:15:00,8.2,8.804676500558854,9.430122181028128,8.691207397404403,7.624057173542246
2026-02-06 06:30:00,8.15,8.993087772727012,9.618533453196287,8.870569151220465,7.718310335972513
2026-02-06 06:45:00,8.73,9.184146536588669,9.809592217057943,9.052151016240307,7.81076419663338
2026-02-06 07:00:00,8.57,9.426186849474908,10.051632529944182,9.270874584538173,7.810199266868911
2026-02-06 07:15:00,9.07,9.644215785264969,10.269661465734243,9.476406229410962,7.898196830399012
2026-02-06 07:30:00,8.97,9.850810698270799,10.476256378740073,9.671690127794934,7.987103296951219
2026-02-06 07:45:00,9.07,10.139569829702378,10.765015510171652,9.941691644656053,8.08069386112561
2026-02-06 08:00:00,9.46,10.401567503809929,11.027013184279204,10.254183333917567,8.868069885217041
2026-02-06 08:15:00,10.15,10.61797766327858,11.243423343747855,10.46082077427191,8.982797201135305
2026-02-06 08:30:00,10.8,10.84560959339142,11.471055273860694,10.678988223306623,9.1119534319575
2026-02-06 08:45:00,11.09,11.00602480828762,11.631470488756895,10.837779487651744,9.25547182337113
2026-02-06 09:00:00,11.25,11.206426203846931,11.831871884316206,11.066479943593968,9.750318285434584
2026-02-06 09:15:00,11.77,10.76697512805462,11.392420808523894,10.684817275805186,9.912142001367897
2026-02-06 09:30:00,12.04,11.049892373085022,11.675338053554297,10.95602316684907,10.073205363027107
2026-02-06 09:45:00,12.14,11.116241684556007,11.741687365025282,11.030568758282293,10.224835039496528
2026-02-06 10:00:00,12.41,11.315070999264718,11.940516679733992,11.26508659993046,10.794995082008054
2026-02-06 10:15:00,12.59,11.474507024288178,12.099952704757452,11.41947028558364,10.901862704344136
2026-02-06 10:30:00,12.85,11.665260145068169,12.290705825537444,11.59905949649635,10.97645796903848
2026-02-06 10:45:00,12.9,11.818867726325989,12.444313406795263,11.741700821017593,11.015964228541725
2026-02-06 11:00:00,12.88,11.948966968059539,12.574412648528813,11.882648845440523,11.258942502202137
2026-02-06 11:15:00,13.02,12.164732588529585,12.79017826899886,12.0753367383961,11.234589796451555
2026-02-06 11:30:00,13.02,12.215639849305152,12.841085529774427,12.116934995978111,11.188639068752398
2026-02-06 11:45:00,13.09,12.368642511963843,12.994088192433118,12.249753833944304,11.13163378332107
2026-02-06 12:00:00,13.01,12.409922015666961,13.035367696136236,12.289674443003976,11.158774307911546
2026-02-06 12:15:00,12.95,12.425780788064001,13.051226468533276,12.299802908877014,11.115010588864763
2026-02-06 12:30:00,12.98,12.55543854534626,13.180884225815534,12.414958988255961,11.093781798788708
2026-02-06 12:45:00,12.98,12.674147629737853,13.299593310207127,12.523076154231356,11.102284463593774
2026-02-06 13:00:00,13.13,12.70187766432762,13.327323344796895,12.5531217556012,11.154107425840104
2026-02-06 13:15:00,13.45,12.875581985712051,13.501027666181326,12.71724810112563,11.228155161425816
2026-02-06 13:30:00,13.51,12.8527861058712,13.478231786340475,12.706414040455975,11.329819196285877
2026-02-06 13:45:00,13.75,12.951848424673079,13.577294105142354,12.807602661185035,11.451005186470656
2026-02-06 14:00:00,13.8,12.978228535652159,13.603674216121433,12.813845792219317,11.26786475794028
2026-02-06 14:15:00,13.93,13.066106581687926,13.6915522621572,12.905650184043312,11.396595508309339
2026-02-06 14:30:00,14.34,13.131631647348403,13.757077327817678,12.9761076489802,11.51344102819397
2026-02-06 14:45:00,14.27,13.17130298733711,13.796748667806385,13.021290403403778,11.610457338929029
2026-02-06 15:00:00,14.41,13.207108508348464,13.832554188817738,13.045738054623245,11.528086896464341
2026-02-06 15:15:00,14.65,13.321024231910705,13.94646991237998,13.153258915414465,11.575465577155889
2026-02-06 15:30:00,14.79,13.444808972477912,14.070254652947186,13.267593621777898,11.600924934761746
2026-02-06 15:45:00,14.74,13.418554090261459,14.043999770730734,13.244846267824423,11.611165059046671
2026-02-06 16:00:00,14.69,13.466723298430441,14.092168978899716,13.297310065176834,11.704018457454223
2026-02-06 16:15:00,14.7,13.481230732202528,14.106676412671803,13.311213508110205,11.71224150862608
2026-02-06 16:30:00,14.65,13.619701198339461,14.245146878808736,13.43848925758015,11.734233581173074
2026-02-06 16:45:00,14.9,13.613932185173034,14.23937786564231,13.437454746955755,11.777725953260765
2026-02-06 17:00:00,14.91,13.641650192141531,14.267095872610806,13.443657281751832,11.58158053335375
2026-02-06 17:15:00,14.62,13.757266762852668,14.382712443321942,13.5574098840859,11.67780295156226
2026-02-06 17:30:00,14.13,13.741064141988753,14.366509822458028,13.554231867449005,11.797118273906465
2026-02-06 17:45:00,14.6,13.814304572939871,14.439750253409146,13.63340603404183,11.932097828418557
2026-02-06 18:00:00,14.66,13.783120488524435,14.40856616899371,13.56872790014131,11.552416037906744
2026-02-06 18:15:00,14.6,13.866908435821532,14.492354116290807,13.657275202741586,11.68572395759157
2026-02-06 18:30:00,14.83,13.773201238512991,14.398646918982266,13.583529497285763,11.79971138747443
2026-02-06 18:45:00,14.92,13.783162231445312,14.408607911914586,13.600559511753426,11.883223886638024
2026-02-06 19:00:00,14.92,13.772171815633772,14.397617496103047,13.595128771311678,11.930080585248273
2026-02-06 19:15:00,14.63,13.743458346128463,14.368904026597738,13.569207046473455,11.930414562302673
2026-02-06 19:30:00,14.44,13.621975833773611,14.247421514242886,13.455090564225204,11.88557386049779
2026-02-06 19:45:00,14.2,13.498208073377608,14.123653753846883,13.334844582817613,11.798449382049137
2026-02-06 20:00:00,13.69,13.376233843564986,14.00167952403426,13.193828720797464,11.478351448275024
2026-02-06 20:15:00,13.42,13.402517026066779,14.027962706536053,13.203126033404697,11.32790065010537
2026-02-06 20:30:00,13.27,13.211995260119437,13.837440940588712,13.014778417775844,11.160000406797108
2026-02-06 20:45:00,13.12,13.08346031665802,13.708905997127294,12.881719063664566,10.98439003479975
2026-02-06 21:00:00,12.85,12.941036300659178,13.566481981128453,12.727238277161733,10.716518157817648
2026-02-06 21:15:00,12.47,12.583869719505309,13.209315399974583,12.388246310793363,10.548454168297333
2026-02-06 21:30:00,12.48,12.502195803523062,13.127641483992337,12.299250117431821,10.390593678600776
2026-02-06 21:45:00,12.01,12.194384212493896,12.81982989296317,12.006876406291164,10.243409596363392
2026-02-06 22:00:00,11.9,11.973386576771736,12.59883225724101,11.792375198740103,10.09000576760853
2026-02-06 22:15:00,11.66,11.740966238379478,12.366411918848753,11.569429272456107,9.956164458539417
2026-02-06 22:30:00,11.36,11.490523570775986,12.11596925124526,11.330188945919588,9.822279514614214
2026-02-06 22:45:00,11.12,11.236756327152252,11.862202007621526,11.087493733589586,9.683714152130923
2026-02-06 23:00:00,10.85,10.998432549238204,11.62387822970748,10.850938897853649,9.463795801472342
2026-02-06 23:15:00,10.64,10.872305960059165,11.49775164052844,10.721858732768823,9.306937949762421
2026-02-06 23:30:00,10.4,10.514061138033867,11.139506818503142,10.382038192384087,9.140393444268561
2026-02-06 23:45:00,10.12,10.309492879211902,10.934938559681177,10.180434571763277,8.966671548558596
2026-02-07 00:00:00,9.78,10.059071083068847,10.684516763538122,9.970827083101186,9.140913021016813
2026-02-07 00:15:00,9.56,9.891991858482362,10.517437538951636,9.803079746596033,8.966882249076376
2026-02-07 00:30:00,9.27,9.63286277204752,10.258308452516795,9.552929504018604,8.801175920886962
2026-02-07 00:45:00,9.23,9.416020679473878,10.041466359943152,9.342302754430381,8.649003010043225
2026-02-07 01:00:00,9.02,9.271836385726928,9.897282066196203,9.157314964768425,8.080267939495572
2026-02-07 01:15:00,8.72,9.05119250357151,9.676638184040785,8.946801882326678,7.9650326452957225
2026-02-07 01:30:00,8.72,8.857211381494999,9.482657061964273,8.762263725874828,7.8693033592776445
2026-02-07 01:45:00,8.43,8.67108995616436,9.296535636633635,8.586518038112285,7.791139042661182
2026-02-07 02:00:00,8.47,8.613790368437767,9.239236048907042,8.512813739202468,7.5631522939487725
2026-02-07 02:15:00,8.2,8.428784328103065,9.05423000857234,8.34037329845517,7.508888361518537
2026-02-07 02:30:00,7.96,8.287565904259681,8.913011584728956,8.208032723260105,7.46004186452706
2026-02-07 02:45:00,7.9,8.094508078992368,8.719953759461642,8.02900375071718,7.412950951853908
2026-02-07 03:00:00,7.96,8.01459868580103,8.640044366270304,7.976800958092171,7.621322220139291
2026-02-07 03:15:00,7.72,7.510842817276717,8.136288497745992,7.516777136617041,7.572588014084502
2026-02-07 03:30:00,7.71,7.502625298798084,8.12807097926736,7.5046859823671985,7.524066226600693
2026-02-07 03:45:00,7.77,7.403229390382767,8.028675070852042,7.410482164528947,7.4786927993057315
2026-02-07 04:00:00,7.48,7.3673713369667535,7.992817017436028,7.360362713423226,7.294448257632906
2026-02-07 04:15:00,7.43,7.368008270263672,7.993453950732947,7.358395166455406,7.2679861864263735
2026-02-07 04:30:00,7.47,7.343125598132611,7.968571278601885,7.334884084359405,7.257374585971389
2026-02-07 04:45:00,7.45,7.3616767889261245,7.9871224693954,7.352452835922547,7.265703727671792
2026-02-07 05:00:00,7.5,7.414864168316126,8.040309848785402,7.394466872743008,7.202635105927976
2026-02-07 05:15:00,7.58,7.589473921954632,8.214919602423906,7.556985891944269,7.251443611847035
2026-02-07 05:30:00,7.64,7.618524518609047,8.243970199078323,7.589649480638136,7.318086540788832
2026-02-07 05:45:00,7.64,7.744038052856922,8.369483733326197,7.710864136047186,7.398871251942801
2026-02-07 06:00:00,7.7,7.906984020769596,8.532429701238872,7.853578337656951,7.3513104505864515
2026-02-07 06:15:00,7.74,8.082878784239293,8.708324464708568,8.021722500849767,7.4465620413467395
2026-02-07 06:30:00,7.77,8.281063206195832,8.906508886665106,8.210097759122634,7.542684422581513
2026-02-07 06:45:00,7.97,8.495285046100616,9.12073072656989,8.412794316980413,7.6369884138760975
2026-02-07 07:00:00,8.24,8.743634553849697,9.369080234318972,8.651158959931104,7.781447752134868
2026-02-07 07:15:00,8.47,8.999557571709156,9.62500325217843,8.891116256530287,7.871251195893308
2026-02-07 07:30:00,8.55,9.225400570034981,9.850846250504256,9.103969458241444,7.9619384160297715
2026-02-07 07:45:00,8.79,9.547836687266827,10.173282367736102,9.404579815293912,8.05728263266267
2026-02-07 08:00:00,9.08,9.880990122556687,10.506435803025962,9.795461036614583,8.991080102312104
2026-02-07 08:15:00,9.79,10.127217462658882,10.752663143128157,10.029212707074201,9.107501034431575
2026-02-07 08:30:00,10.35,10.390962679386138,11.016408359855413,10.280182213908622,9.238317994950553
2026-02-07 08:45:00,11.06,10.52891312777996,11.154358808249235,10.418824067544003,9.383462352243736
2026-02-07 09:00:00,11.2,10.804356974959374,11.429802655428649,10.718629190076776,9.912379538978845
2026-02-07 09:15:00,11.91,10.775688078403473,11.401133758872747,10.708417561653347,10.07575417564329
2026-02-07 09:30:00,12.25,11.09636497914791,11.721810659617185,11.013899228088553,10.238328237770897
2026-02-07 09:45:00,12.54,11.141687178611756,11.76713285908103,11.069579778173889,10.391426638859423
2026-02-07 10:00:00,12.56,11.37081477880478,11.996260459274055,11.319448963178193,10.836365549976605
2026-02-07 10:15:00,12.97,11.540362495779991,12.165808176249266,11.483105105338355,10.944612816874722
2026-02-07 10:30:00,13.21,11.746167123317719,12.371612803786993,11.676427302668547,11.020540694341637
2026-02-07 10:45:00,13.06,11.92663238286972,12.552078063338994,11.843468421190913,11.061330924237218
2026-02-07 11:00:00,13.34,12.06528326332569,12.690728943794964,11.996725565039924,11.351956539470526
2026-02-07 11:15:00,13.41,12.322784022092819,12.948229702562093,12.227251043055132,11.328785847401674
2026-02-07 11:30:00,13.42,12.354681273698805,12.98012695416808,12.251774826965796,11.283963902096598
2026-02-07 11:45:00,13.51,12.532235848903655,13.15768152937293,12.406889129937237,11.228032723331777
2026-02-07 12:00:00,13.45,12.572173211574553,13.197618892043828,12.459411404068979,11.398913129407555
2026-02-07 12:15:00,13.32,12.583036983609198,13.208482664078472,12.465117261335529,11.356110011575003
2026-02-07 12:30:00,13.37,12.711391512751579,13.336837193220854,12.579182043586258,11.335783085682936
2026-02-07 12:45:00,13.33,12.840847630500793,13.466293310970068,12.697094259312532,11.345127618352308
2026-02-07 13:00:00,13.39,12.85212812423706,13.477573804706335,12.718261949226944,11.459282062559772
2026-02-07 13:15:00,13.46,13.043008596301078,13.668454276770353,12.897982683940038,11.53404809258932
2026-02-07 13:30:00,13.46,12.99949337005615,13.624939050525425,12.868483543847338,11.636366945758292
2026-02-07 13:45:00,13.91,13.096080828905105,13.72152650937438,12.967491895120078,11.75814322081089
2026-02-07 14:00:00,13.67,13.128017700910567,13.753463381379841,12.973863419886474,11.524078668523384
2026-02-07 14:15:00,13.87,13.21208086848259,13.837526548951864,13.062263623593592,11.653267676881262
2026-02-07 14:30:00,14.29,13.265051220059394,13.89049690052867,13.121410572366408,11.770504069363318
2026-02-07 14:45:00,14.23,13.269850240945814,13.895295921415089,13.135103589216525,11.867843026119825
2026-02-07 15:00:00,14.45,13.32030045211315,13.945746132582425,13.188293801132563,11.946802300547798
2026-02-07 15:15:00,14.57,12.926584759950636,13.55203044041991,12.836989280782813,11.994364874728989
2026-02-07 15:30:00,14.62,13.059282675385473,13.684728355854748,12.959391425111361,12.019937713674251
2026-02-07 15:45:00,14.7,13.02562939107418,13.651075071543454,12.929960808496848,12.030220293451006
2026-02-07 16:00:00,14.62,13.080050132274627,13.705495812743901,12.961304159381651,11.84452621690526
2026-02-07 16:15:00,14.56,13.08707143306732,13.712517113536595,12.96843123352499,11.852648064530399
2026-02-07 16:30:00,14.54,13.22413396000862,13.849579640477895,13.094417664502636,11.874466418396826
2026-02-07 16:45:00,14.69,13.231625045537948,13.857070726007223,13.105345125181518,11.917712179019698
2026-02-07 17:00:00,14.41,13.254999666213989,13.880445346683263,13.094204796879993,11.581966874525994
2026-02-07 17:15:00,14.27,13.376349167227744,14.001794847697019,13.213101539647585,11.677796002950043
2026-02-07 17:30:00,14.51,13.349902550578117,13.975348231047391,13.200619196835762,11.796644370770544
2026-02-07 17:45:00,14.4,13.420459406971931,14.045905087441206,13.277315734825056,11.931083169929726
2026-02-07 18:00:00,14.11,13.385970556735991,14.011416237205266,13.229667725538416,11.75967636519657
2026-02-07 18:15:00,13.98,13.473604512810706,14.09905019327998,13.32162522404226,11.892295763220686
2026-02-07 18:30:00,14.11,13.367750833034513,13.993196513503788,13.236827161508542,12.005520827945475
2026-02-07 18:45:00,14.38,13.378922370672225,14.0043680511415,13.254871017973514,12.088197226407209
2026-02-07 19:00:00,14.59,13.348397682905196,13.97384336337447,13.215094185309038,11.961406147361714
2026-02-07 19:15:00,14.32,13.323581162691115,13.94902684316039,13.192600398333317,11.960757120116874
2026-02-07 19:30:00,14.36,13.185022258162498,13.810467938631772,13.062947235954004,11.91486036775653
2026-02-07 19:45:00,13.85,13.056501464843748,13.681947145313023,12.938296551194753,11.826607143634781
2026-02-07 20:00:00,13.52,12.928780862092971,13.554226542562246,12.821862662441157,11.816322145054098
2026-02-07 20:15:00,13.24,12.934051790237426,13.5594974707067,12.812044872012358,11.66459850575889
2026-02-07 20:30:00,13.05,12.74738381564617,13.372829496115445,12.627051477298721,11.495354140883306
2026-02-07 20:45:00,12.93,12.59305740714073,13.218503087610005,12.470543493769808,11.318328957429914
2026-02-07 21:00:00,12.65,12.45489612162113,13.080341802090405,12.324408133890985,11.097199303941895
2026-02-07 21:15:00,12.28,12.359429354071615,12.98487503454089,12.221814688595515,10.927581130852147
2026-02-07 21:30:00,12.24,12.296377733349798,12.921823413819073,12.149495043027466,10.768097891720176
2026-02-07 21:45:00,12.27,12.007079481482505,12.63252516195178,11.873692884614167,10.61922331755939
2026-02-07 22:00:00,12.07,11.799353264570236,12.42479894503951,11.666974851641024,10.421987017378918
2026-02-07 22:15:00,11.67,11.580500082969666,12.20594576343894,11.456116910123468,10.286322428124011
2026-02-07 22:30:00,11.66,11.337376576662063,11.962822257131338,11.22331082572484,10.150549269814997
2026-02-07 22:45:00,11.41,11.106365592479706,11.731811272948981,11.000997156797022,10.010031804989076
2026-02-07 23:00:00,11.14,10.884030768275261,11.509476448744536,10.789770766475957,9.90327762230741
2026-02-07 23:15:00,10.83,10.756293892860413,11.381739573329687,10.659035505087932,9.744343246151164
2026-02-07 23:30:00,10.57,10.420952491760254,11.046398172229528,10.339711759918572,9.57566178718224
2026-02-07 23:45:00,10.35,10.225699271857739,10.851144952327013,10.146316842308387,9.399743765503484
2026-02-08 00:00:00,10.06,9.991687042415142,10.617132722884417,9.915009958142035,9.193880017282572
2026-02-08 00:15:00,9.83,9.831957755684853,10.457403436154127,9.75368409652669,9.017538744435155
2026-02-08 00:30:00,9.64,9.57663116633892,10.202076846808195,9.506743535816423,8.849466810400141
2026-02-08 00:45:00,9.64,9.37120151758194,9.996647198051214,9.306199867642253,8.694874640279467
2026-02-08 01:00:00,9.41,9.218779364526272,9.844225044995547,9.162157244356798,8.629639523368414
2026-02-08 01:15:00,9.05,9.001340135931969,9.626785816401243,8.954298425131634,8.511882200662992
2026-02-08 01:30:00,8.86,8.810280664563178,9.435726345032453,8.772154016402649,8.413581858973672
2026-02-08 01:45:00,8.84,8.633142811059951,9.258588491529226,8.604276831906256,8.332799088101966
2026-02-08 02:00:00,8.87,8.57239129602909,9.197836976498365,8.540442089334976,8.239967315779795
2026-02-08 02:15:00,8.56,8.384758989214898,9.010204669684173,8.365367507324176,8.1829951815948
2026-02-08 02:30:00,8.6,8.248339586257934,8.873785266727209,8.237100372644726,8.131398212409582
2026-02-08 02:45:00,8.31,8.056254937052726,8.681700617522,8.058682806036224,8.081516342719059
2026-02-08 03:00:00,8.36,7.978329393863678,8.603775074332953,7.969259738620613,7.883961764512047
2026-02-08 03:15:00,8.14,7.637853613495827,8.263299293965103,7.6565476946854165,7.832361130869999
2026-02-08 03:30:00,8.21,7.631404685974121,8.256850366443397,7.645776304635208,7.780937997510887
2026-02-08 03:45:00,8.22,7.518582768440247,8.144028448909522,7.539154829686391,7.73263022654614
2026-02-08 04:00:00,8.22,7.476556844711304,8.102002525180579,7.485214275894995,7.566635379692482
2026-02-08 04:15:00,7.98,7.46046388745308,8.085909567922355,7.4678369481505085,7.5371788496468115
2026-02-08 04:30:00,7.95,7.428598296791315,8.05404397726059,7.437723676726207,7.523545728453282
2026-02-08 04:45:00,7.95,7.451698758453131,8.077144438922407,7.459111666133192,7.528828319127958
2026-02-08 05:00:00,8.04,7.481562103927136,8.10700778439641,7.485314439965093,7.520604277741123
2026-02-08 05:15:00,8.05,7.636790230274201,8.262235910743476,7.6300175764697595,7.566322360568449
2026-02-08 05:30:00,8.04,7.648958999216557,8.274404679685832,7.647123020017606,7.629856067528343
2026-02-08 05:45:00,7.98,7.761215264797211,8.386660945266486,7.756054130372712,7.707514875162506
2026-02-08 06:00:00,8.02,7.893792196512223,8.519237876981498,7.894086924379395,7.896858770641392
2026-02-08 06:15:00,8.17,8.057366784512997,8.682812464982272,8.050791982335287,7.988957514442806
2026-02-08 06:30:00,8.25,8.228717229664326,8.854162910133601,8.21460826935743,8.081916816517865
2026-02-08 06:45:00,8.45,8.418345767855644,9.043791448324919,8.394770405971602,8.173049673077971
2026-02-08 07:00:00,8.62,8.63812224626541,9.263567926734686,8.607012595616979,8.314433649182911
2026-02-08 07:15:00,9.05,8.871652309596538,9.497097990065813,8.826423426265949,8.401056417719364
2026-02-08 07:30:00,9.06,9.074486468434333,9.699932148903608,9.018173328490777,8.488561493845822
2026-02-08 07:45:00,9.33,9.363894383907319,9.989340064376593,9.288624053938657,8.58072430640209
2026-02-08 08:00:00,9.85,9.673975657820701,10.299421338289976,9.623394413569047,9.147689709594204
2026-02-08 08:15:00,10.15,9.896447738409043,10.521893418878317,9.835368954275276,9.260937357042554
2026-02-08 08:30:00,10.65,10.137787619233132,10.763233299702406,10.065782223517381,9.388588414619868
2026-02-08 08:45:00,11.11,10.27177425891161,10.897219939380884,10.200537877180183,9.5305764639103
2026-02-08 09:00:00,11.45,10.528205620646476,11.153651301115751,10.48056118648124,10.032476490544116
2026-02-08 09:15:00,11.93,10.612872999310493,11.238318679779768,10.572492233948438,10.192720634474467
2026-02-08 09:30:00,12.23,10.912909086942673,11.538354767411947,10.85901755869882,10.352180412454532
2026-02-08 09:45:00,12.46,10.953996856212616,11.57944253668189,10.910573103906172,10.502182928021192
2026-02-08 10:00:00,12.52,11.162537413835526,11.787983094304801,11.137759651716586,10.90473062745401
2026-02-08 10:15:00,12.8,11.312112204432488,11.937557884901763,11.283069080725241,11.009925334064471
2026-02-08 10:30:00,13.18,11.508000411987306,12.13344609245658,11.467136935601042,11.08282555249238
2026-02-08 10:45:00,13.23,11.688397750854492,12.313843431323766,11.633828272399136,11.12061516388968
2026-02-08 11:00:00,13.18,11.809043989777566,12.43448967024684,11.757407830060439,11.271781894280279
2026-02-08 11:15:00,13.4,12.044100499749183,12.669546180218457,11.96736359085322,11.245671013488337
2026-02-08 11:30:00,13.33,12.074674713015556,12.70012039348483,11.990412117704192,11.19794222986759
2026-02-08 11:45:00,13.57,12.242262635231016,12.867708315700291,12.136241688615325,11.139139624972414
2026-02-08 12:00:00,13.43,12.271745872497558,12.897191552966833,12.156153733989457,11.06903686202724
2026-02-08 12:15:00,12.9,12.3034308719635,12.928876552432774,12.180411114365281,11.023439232057278
2026-02-08 12:30:00,13.14,12.411996426582336,13.03744210705161,12.276324240458239,11.00035924409157
2026-02-08 12:45:00,13.15,12.523958015441893,13.149403695911168,12.378162898882284,11.006994122983718
2026-02-08 13:00:00,13.34,12.539455251693724,13.164900932162999,12.389974459065336,10.984142766720462
2026-02-08 13:15:00,13.58,12.70408720910549,13.329532889574764,12.545717891594531,11.056291713574318
2026-02-08 13:30:00,13.83,12.672201277613638,13.297646958082913,12.526483548357586,11.156042581845183
2026-02-08 13:45:00,13.77,12.743827177286146,13.369272857755421,12.602687477400773,11.275301800231036
2026-02-08 14:00:00,13.75,12.78189106106758,13.407336741536854,12.655354954292926,11.465312635130378
2026-02-08 14:15:00,14.1,12.852756390571592,13.478202071040867,12.731594151051956,11.592091789329556
2026-02-08 14:30:00,14.13,12.890454493165015,13.51590017363429,12.776710454447294,11.706974526285597
2026-02-08 14:45:00,14.13,12.897872705459594,13.523318385928869,12.792550285896915,11.802017704873252
2026-02-08 15:00:00,14.41,12.941981530189514,13.567427210658789,12.80367021463161,11.502884826741683
2026-02-08 15:15:00,14.69,12.657618848085402,13.283064528554677,12.550999753405664,11.548272247922597
2026-02-08 15:30:00,14.58,12.77977490723133,13.405220587700605,12.663670186125506,11.571732595406369
2026-02-08 15:45:00,14.58,12.75458694577217,13.380032626241444,12.641694427768634,11.57996685162086
2026-02-08 16:00:00,14.17,12.810613728165626,13.4360594086349,12.691438573631356,11.570624278774863
2026-02-08 16:15:00,14.24,12.820461519956588,13.445907200425863,12.70093637206097,11.576830471969831
2026-02-08 16:30:00,14.13,12.949459173083305,13.57490485355258,12.819455503984509,11.59680157683712
2026-02-08 16:45:00,14.12,12.976653624773025,13.6020993052423,12.848021806029225,11.638269808770586
2026-02-08 17:00:00,14.17,12.987782711982726,13.613228392452001,12.840750336258031,11.457945428951964
2026-02-08 17:15:00,14.12,13.106831399798391,13.732277080267666,12.957410319802019,11.552140210715075
2026-02-08 17:30:00,14.12,13.093964675068854,13.719410355538129,12.957052681668042,11.669427589503394
2026-02-08 17:45:00,14.13,13.162014833688735,13.78746051415801,13.031340570527172,11.802379863963111
2026-02-08 18:00:00,14.13,13.123501682877539,13.748947363346813,13.014916406687044,11.993697426599638
2026-02-08 18:15:00,14.46,13.230428650975226,13.8558743314445,13.124184411449942,12.124982330517454
2026-02-08 18:30:00,14.36,13.141450431346891,13.766896111816166,13.054519097964606,12.236950356337498
2026-02-08 18:45:00,14.72,13.147728849649429,13.773174530118704,13.068026827311398,12.318448055506671
2026-02-08 19:00:00,14.78,13.12546572268009,13.750911403149365,12.999840356132587,11.818363334573219
2026-02-08 19:15:00,14.69,13.09801939845085,13.723465078920125,12.974871521849007,11.816694710449324
2026-02-08 19:30:00,14.57,12.992504614591597,13.617950295060872,12.874996373468875,11.769859007140417
2026-02-08 19:45:00,14.54,12.874551855325699,13.499997535794973,12.7598156020165,11.680748129020323
2026-02-08 20:00:00,14.26,12.76682257413864,13.392268254607915,12.643282638993135,11.481418609214122
2026-02-08 20:15:00,13.87,12.758559598326682,13.384005278795957,12.621165048142455,11.329001622941476
2026-02-08 20:30:00,13.68,12.597702898979186,13.223148579448461,12.459443540834698,11.159146800196012
2026-02-08 20:45:00,13.7,12.469649060368537,13.095094740837812,12.326632410196105,10.98159445709106
2026-02-08 21:00:00,13.38,12.343806889057158,12.969252569526432,12.178996706451565,10.628995707299218
2026-02-08 21:15:00,12.21,12.323289182186125,12.9487348626554,12.144114422239001,10.459017952165063
2026-02-08 21:30:00,12.08,12.273000990152358,12.898446670621633,12.083305043431963,10.299259286651232
2026-02-08 21:45:00,11.91,12.029762867689131,12.655208548158406,11.849117816542574,10.150193603594147
2026-02-08 22:00:00,11.72,11.842462381720543,12.467908062189817,11.599370423537575,9.313147739280225
2026-02-08 22:15:00,11.55,11.648574296832084,12.274019977301359,11.411076050694502,9.177460912416677
2026-02-08 22:30:00,11.58,11.434936150312424,12.060381830781699,11.20492747085523,9.041749945437775
2026-02-08 22:45:00,12.28,11.252560621500015,11.87800630196929,11.026588995980626,8.901379013213168
2026-02-08 23:00:00,12.28,11.037305821180343,11.662751501649618,10.81051459281067,8.677596438031221
2026-02-08 23:15:00,11.95,10.910043683052063,11.535489363521338,10.680238687804842,8.518976764469603
2026-02-08 23:30:00,11.62,10.626271769404411,11.251717449873686,10.407566387107089,8.350693712606793
2026-02-08 23:45:00,11.33,10.45472605228424,11.080171732753515,10.235646751942003,8.175257466185936
2026-02-09 00:00:00,11.13,10.233317354917526,10.8587630353868,10.08773220337392,8.718538099060845
2026-02-09 00:15:00,10.76,10.101382839679719,10.726828520148993,9.951591970632592,8.542844082508685
2026-02-09 00:30:00,10.63,9.859387453496456,10.484833133965731,9.716771441414021,8.375501395303427
2026-02-09 00:45:00,10.36,9.663823637962341,10.289269318431616,9.52522331510082,8.221719881503477
2026-02-09 01:00:00,10.3,9.521343728899955,10.14678940936923,9.343071963865507,7.666467948534045
2026-02-09 01:15:00,10.1,9.29903508245945,9.924480762928725,9.130905095589668,7.54968211824923
2026-02-09 01:30:00,9.81,9.14370755136013,9.769153231829405,8.981159429218891,7.452432576629942
2026-02-09 01:45:00,9.82,8.961903334558011,9.587349015027286,8.809172900503924,7.372779094962614
2026-02-09 02:00:00,9.82,8.898877891600133,9.524323572069408,8.758210720713477,7.435269067623821
2026-02-09 02:15:00,9.51,8.719903703331948,9.345349383801222,8.591085491802595,7.379580514240956
2026-02-09 02:30:00,9.54,8.579528627991676,9.204974308460951,8.459373502811223,7.3293428145456225
2026-02-09 02:45:00,9.54,8.4203278490901,9.045773529559375,8.310817156892632,7.280894856945004
2026-02-09 03:00:00,9.49,8.327595242857933,8.953040923327208,8.231838915826465,7.331273184829568
2026-02-09 03:15:00,9.34,7.9539621406793595,8.579407821148635,7.889308132228202,7.28125239128942
2026-02-09 03:30:00,9.34,7.96149956792593,8.586945248395205,7.891337550050071,7.231480276119496
2026-02-09 03:45:00,9.28,7.8821770519018175,8.507622732371093,7.815161254176269,7.184893440674886
2026-02-09 04:00:00,9.05,7.842986109256745,8.46843178972602,7.783069615663458,7.219569087558656
2026-02-09 04:15:00,9.07,7.842920311093331,8.468365991562607,7.78035753490553,7.191969341483639
2026-02-09 04:30:00,9.08,7.840466676354408,8.465912356823683,7.777014224028589,7.18025883580691
2026-02-09 04:45:00,9.05,7.879859966039658,8.505305646508933,7.813320109779852,7.187528413808185
2026-02-09 05:00:00,9.1,7.915624451637268,8.541070132106544,7.861045140936918,7.347739562476145
2026-02-09 05:15:00,9.11,8.038360666632652,8.663806347101927,7.976582061291591,7.395568810222992
2026-02-09 05:30:00,9.11,8.089261559844017,8.714707240313292,8.028905734764237,7.461273397372784
2026-02-09 05:45:00,9.18,8.201117022633552,8.826562703102827,8.137688787844807,7.54116115986262
2026-02-09 06:00:00,9.19,8.306642419099807,8.932088099569082,8.266665668405642,7.890693731846911
2026-02-09 06:15:00,9.35,8.49604137122631,9.121487051695585,8.446938014085895,7.985132490749272
2026-02-09 06:30:00,9.53,8.646495593190194,9.271941273659468,8.592096393153643,8.080484713118514
2026-02-09 06:45:00,9.63,8.819094788432121,9.444540468901396,8.757100768523198,8.174061594115763
2026-02-09 07:00:00,10.06,9.02688397347927,9.652329653948545,8.971283440463903,8.44837350635222
2026-02-09 07:15:00,10.28,9.22008896023035,9.845534640699626,9.15448901474853,8.537536958548868
2026-02-09 07:30:00,10.33,9.42509092092514,10.050536601394414,9.348446928083963,8.62762820435774
2026-02-09 07:45:00,10.23,9.66788472890854,10.293330409377814,9.577016360769914,8.722420733366995
2026-02-09 08:00:00,10.56,9.928333669900894,10.553779350370169,9.839220071025757,9.001127635772091
2026-02-09 08:15:00,10.93,10.125064872205257,10.750510552674532,10.02818822568256,9.11708615340311
2026-02-09 08:30:00,11.31,10.34382996916771,10.969275649636984,10.238460519471278,9.247485631102577
2026-02-09 08:45:00,11.56,10.497569854259492,11.123015534728767,10.39133849954473,9.392257597224301
2026-02-09 09:00:00,11.72,10.683223971128465,11.30866965159774,10.604096465171622,9.859920884788652
2026-02-09 09:15:00,12.09,10.910803545713424,11.536249226182699,10.825478227649056,10.02301368230441
2026-02-09 09:30:00,12.39,11.153763617873192,11.779209298342467,11.060689691686242,10.185351309651642
2026-02-09 09:45:00,12.47,11.19335359454155,11.818799275010825,11.111170586590308,10.338258728694889
2026-02-09 10:00:00,12.93,11.349180625677109,11.974626306146384,11.28538227364138,10.685373780013872
2026-02-09 10:15:00,12.84,11.473588680028916,12.099034360498191,11.408227502509344,10.793521002829305
2026-02-09 10:30:00,13.09,11.62908389031887,12.254529570788145,11.55607026224576,10.869394265193495
2026-02-09 10:45:00,13.04,11.786301172971726,12.411746853441,11.702096873546044,10.910175244801357
2026-02-09 11:00:00,13.19,11.866531066894531,12.491976747363806,11.79763886275172,11.149723888282539
2026-02-09 11:15:00,13.18,12.040224775671957,12.665670456141232,11.952419772382871,11.126634370795426
2026-02-09 11:30:00,13.35,12.094133281707762,12.719578962177037,11.996851440182258,11.081938604215328
2026-02-09 11:45:00,13.37,12.236268634796142,12.861714315265417,12.119967091301328,11.026178432312214
2026-02-09 12:00:00,13.08,12.242636198997497,12.868081879466772,12.132160906842822,11.093166771200234
2026-02-09 12:15:00,13.04,12.304165264368056,12.92961094483733,12.183687616468161,11.050623677893139
2026-02-09 12:30:00,13.25,12.38789802610874,13.013343706578015,12.257448453719709,11.030600911017366
2026-02-09 12:45:00,13.14,12.473808494806288,13.099254175275563,12.336033631553402,11.040293451402636
2026-02-09 13:00:00,13.47,12.503866227865219,13.129311908334493,12.37314330115398,11.143724925352355
2026-02-09 13:15:00,13.71,12.626362597942352,13.251808278411627,12.49109409991286,11.218925695116521
2026-02-09 13:30:00,13.74,12.631450989246368,13.256896669715642,12.505573191911326,11.321722118174401
2026-02-09 13:45:00,13.88,12.682465083599089,13.307910764068364,12.563438204069728,11.444018400755722
2026-02-09 14:00:00,14.21,12.728378051519392,13.353823731988667,12.575441526033682,11.137109479056761
2026-02-09 14:15:00,14.19,12.792827706336974,13.418273386806248,12.646171280152227,11.26690208983488
2026-02-09 14:30:00,14.42,12.82665786743164,13.452103547900915,12.688079561405557,11.384783190966479
2026-02-09 14:45:00,14.65,12.872246797084808,13.497692477554082,12.738708042542628,11.482807468357384
2026-02-09 15:00:00,14.65,12.899352102875708,13.524797783344983,12.775414289521718,11.609808308784665
2026-02-09 15:15:00,14.81,12.929608645439147,13.555054325908422,12.807407632102386,11.658135846980382
2026-02-09 15:30:00,14.75,13.027937986850738,13.653383667320012,12.898821626882867,11.68451263339036
2026-02-09 15:45:00,14.66,13.001541603207587,13.626987283676861,12.876031408778141,11.695637553897203
2026-02-09 16:00:00,14.84,13.051864463090896,13.67731014356017,12.904677366312855,11.520417343895073
2026-02-09 16:15:00,14.89,13.075568782091139,13.701014462560414,12.926972215131627,11.529456457206388
2026-02-09 16:30:00,14.92,13.19322721838951,13.818672898858784,13.035511144012814,11.552228564008146
2026-02-09 16:45:00,14.71,13.23840013384819,13.863845814317465,13.080593947523326,11.596463885843148
2026-02-09 17:00:00,14.76,13.22333589196205,13.848781572431324,13.045114278456472,11.368981926456911
2026-02-09 17:15:00,14.64,13.33394331216812,13.959388992637395,13.15440314562788,11.465870112500173
2026-02-09 17:30:00,14.52,13.334480310082434,13.959925990551708,13.166416046942599,11.585811185822157
2026-02-09 17:45:00,14.54,13.413845630288122,14.039291310757397,13.25118264953392,11.721375578708203
2026-02-09 18:00:00,14.64,13.366957010030745,13.99240269050002,13.19994645406405,11.629251461043715
2026-02-09 18:15:00,13.37,13.506235449314117,14.131681129783392,13.338699170355492,11.763059876261739
2026-02-09 18:30:00,14.54,13.451809755563735,14.07725543603301,13.300503567238412,11.87750445775117
2026-02-09 18:45:00,15.0,13.443970576524734,14.069416256994009,13.301483882420277,11.96143004147314
2026-02-09 19:00:00,14.93,13.472807152271269,14.098252832740544,13.315186630723069,11.83280270259353
2026-02-09 19:15:00,14.87,13.442772059440612,14.068217739909887,13.288101343228687,11.833459640404941
2026-02-09 19:30:00,14.65,13.387536977529525,14.0129826579988,13.233891885188935,11.788895933617871
2026-02-09 19:45:00,14.54,13.291636508107183,13.917082188576458,13.138857026804077,11.702001943423097
2026-02-09 20:00:00,14.16,13.223608282208442,13.849053962677717,13.072467725642525,11.65102634389101
2026-02-09 20:15:00,13.94,13.212440282106398,13.837885962575672,13.047926356484005,11.500711584570213
2026-02-09 20:30:00,13.67,13.080539727210997,13.705985407680272,12.912574354255435,11.33289953205617
2026-02-09 20:45:00,13.44,13.03681295633316,13.662258636802434,12.856176118603853,11.157329150912643
2026-02-09 21:00:00,13.44,12.916770928502082,13.542216608971357,12.723930227132046,10.910308792611207
2026-02-09 21:15:00,12.95,12.415359915494918,13.040805595964192,12.254551629911008,10.742187530882457
2026-02-09 21:30:00,12.95,12.372215422987937,12.997661103457212,12.200371593777696,10.584220802831352
2026-02-09 21:45:00,12.84,12.178435586690902,12.803881267160177,12.011055134827354,10.436881357907634
2026-02-09 22:00:00,12.39,12.029485524892806,12.65493120536208,11.858653237747525,10.252015761977377
2026-02-09 22:15:00,12.25,11.88333011627197,12.508775796741245,11.713656933595255,10.117920562696142
2026-02-09 22:30:00,12.0,11.71570752620697,12.341153206676244,11.549247722350312,9.983732423371631
2026-02-09 22:45:00,12.05,11.592050844430924,12.217496524900199,11.424124294917727,9.844814598061458
2026-02-09 23:00:00,11.44,11.392476524710656,12.01792220517993,11.22879782630417,9.689438169885715
2026-02-09 23:15:00,11.23,11.28249171078205,11.907937391251325,11.11426473788801,9.532129629803432
2026-02-09 23:30:00,10.85,11.070397344827652,11.695843025296927,10.906500148994853,9.365085575679
2026-02-09 23:45:00,10.67,10.942692307233811,11.568137987703086,10.774319754705724,9.190815504407597
2026-02-10 00:00:00,10.62,10.73483590900898,11.360281589478255,10.563458115050038,8.951690276016814
2026-02-10 00:15:00,10.24,10.657092195153236,11.282537875622511,10.476398323833395,8.777014968639193
2026-02-10 00:30:00,9.98,10.454962359666824,11.0804080401361,10.27770262031345,8.610616468453978
2026-02-10 00:45:00,10.03,10.27531391710043,10.900759597569705,10.100623784059483,8.4577041751206
2026-02-10 01:00:00,9.69,10.178048312664032,10.803493993133307,9.97768442386936,8.093309181297087
2026-02-10 01:15:00,9.44,9.967112489640712,10.592558170109987,9.775866365155357,7.977241551143065
2026-02-10 01:30:00,9.17,9.869379222989082,10.494824903458357,9.678241317723346,7.880634280015206
2026-02-10 01:45:00,9.17,9.694182769060134,10.319628449529409,9.512281893030885,7.801546942468095
2026-02-10 02:00:00,8.88,9.640523305535316,10.26596898600459,9.4568544355294,7.729491917500788
2026-02-10 02:15:00,8.7,9.503501106500625,10.1289467869699,9.327688944327406,7.674216915334112
2026-02-10 02:30:00,8.72,9.363640388846397,9.989086069315672,9.196474287367904,7.624316425398071
2026-02-10 02:45:00,8.67,9.264158164560795,9.88960384503007,9.101922034076804,7.5761293896345485
2026-02-10 03:00:00,8.39,9.168683260679245,9.79412894114852,9.003716223182463,7.452240040675418
2026-02-10 03:15:00,8.36,7.799092366695405,8.42453804716468,7.760959417815243,7.402328003600241
2026-02-10 03:30:00,8.3,7.819445578157902,8.444891258627177,7.774576069203213,7.352588892126418
2026-02-10 03:45:00,8.2,7.737989928126336,8.36343560859561,7.696467574939141,7.305959610505126
2026-02-10 04:00:00,7.9,7.7052220889925955,8.33066776946187,7.655099841146228,7.183711890393509
2026-02-10 04:15:00,7.97,7.715121882557869,8.340567563027145,7.6613770895585755,7.155919953772872
2026-02-10 04:30:00,8.02,7.718372170329094,8.34381785079837,7.663163898244037,7.143943085910509
2026-02-10 04:45:00,7.97,7.7677462631464005,8.393191943615676,7.708458658037248,7.150872678192462
2026-02-10 05:00:00,7.98,7.806820820868015,8.43226650133729,7.744013302388343,7.153323365282051
2026-02-10 05:15:00,7.99,7.948720574080944,8.574166254550219,7.876825310252073,7.20066726584438
2026-02-10 05:30:00,7.99,7.994061876237392,8.619507556706667,7.924070194032712,7.265814887021561
2026-02-10 05:45:00,8.0,8.113081910014152,8.738527590483427,8.039268894944689,7.345074851231317
2026-02-10 06:00:00,7.96,8.216815190911293,8.842260871380567,8.139466256217768,7.412017720193488
2026-02-10 06:15:00,8.41,8.398688389658927,9.024134070128202,8.312862443384978,7.505689607491867
2026-02-10 06:30:00,8.71,8.562381838858128,9.187827519327403,8.469907378488086,7.600206831449345
2026-02-10 06:45:00,8.78,8.716962596178055,9.34240827664733,8.618538362966042,7.692881601911957
2026-02-10 07:00:00,8.95,8.93377178966999,9.559217470139265,8.830734867880983,7.861696855801721
2026-02-10 07:15:00,9.22,9.119798055291175,9.74524373576045,9.007352378344113,7.949827237222193
2026-02-10 07:30:00,9.27,9.309880813062192,9.935326493531466,9.187719556241001,8.038821671796033
2026-02-10 07:45:00,9.43,9.554181257486343,10.179626937955618,9.417539400632531,8.132454879148275
2026-02-10 08:00:00,9.64,9.804031387865544,10.429477068334819,9.698573759303304,8.706769569443969
2026-02-10 08:15:00,10.26,9.981908940076828,10.607354620546102,9.87037722110076,8.821447639705976
2026-02-10 08:30:00,10.61,10.188164957165718,10.813610637634993,10.069213992873484,8.950508154507144
2026-02-10 08:45:00,11.04,10.329229851961136,10.95467553243041,10.21050099962181,9.093884071925249
2026-02-10 09:00:00,11.48,10.524355366826057,11.149801047295332,10.438660254586358,9.63271788200932
2026-02-10 09:15:00,11.92,10.329576530456544,10.955022210925819,10.27813167739943,9.794304935755687
2026-02-10 09:30:00,12.26,10.59606121480465,11.221506895273924,10.53445704324955,9.955084300905911
2026-02-10 09:45:00,12.46,10.644059913754463,11.269505594223737,10.592383842729777,10.106382550490352
2026-02-10 10:00:00,12.79,10.806375492811203,11.431821173280477,10.780945876479636,10.541786316682805
2026-02-10 10:15:00,13.02,10.943791773319244,11.569237453788519,10.915385151618104,10.64822755660056
2026-02-10 10:30:00,13.25,11.119206846952439,11.744652527421714,11.081064914365614,10.722349010502679
2026-02-10 10:45:00,13.05,11.269240809679031,11.894686490148306,11.220425993326023,10.761334128221591
2026-02-10 11:00:00,13.35,11.37018934249878,11.995635022968054,11.321250976759282,10.860997158737414
2026-02-10 11:15:00,13.34,11.568294169902801,12.193739850372076,11.4979163140614,10.836029134836393
2026-02-10 11:30:00,13.51,11.612873486876488,12.238319167345763,11.533731174191827,10.789416340016688
2026-02-10 11:45:00,13.51,11.754027527570724,12.379473208039999,11.65577206274412,10.731702528655479
2026-02-10 12:00:00,13.47,11.784501274824143,12.409946955293417,11.689757153156503,10.798710975505635
2026-02-10 12:15:00,13.33,11.827809201478958,12.453254881948233,11.724619715617967,10.754146874329313
2026-02-10 12:30:00,13.24,11.938638778924942,12.564084459394216,11.822675909409892,10.73207239953426
2026-02-10 12:45:00,13.34,12.031164439320563,12.656610119789837,11.90704054886882,10.739684556798272
2026-02-10 13:00:00,13.4,12.058497562408446,12.68394324287772,11.97152502989761,11.153568820157734
2026-02-10 13:15:00,13.59,12.187542618513106,12.812988298982381,12.095190257651995,11.226638027773292
2026-02-10 13:30:00,13.62,12.19540656030178,12.820852240771055,12.111971119867121,11.327280429074518
2026-02-10 13:45:00,13.86,12.256537299156188,12.881982979625462,12.178771489620956,11.447402343771765
2026-02-10 14:00:00,13.91,12.302138963937757,12.927584644407032,12.204342636753157,11.284591184184718
2026-02-10 14:15:00,14.2,12.372042791247367,12.997488471716641,12.279790090929028,11.41217514501199
2026-02-10 14:30:00,14.44,12.418677416443824,13.044123096913099,12.333058592282775,11.527833691140202
2026-02-10 14:45:00,14.41,12.448293665051459,13.073739345520734,12.369034787054314,11.623623683534912
2026-02-10 15:00:00,14.6,12.49027855336666,13.115724233835934,12.402262525977234,11.574492492365238
2026-02-10 15:15:00,14.72,13.077672200798988,13.703117881268263,12.93763027005449,11.620568853426759
2026-02-10 15:30:00,14.73,13.19233575940132,13.817781439870595,13.043591748745747,11.64468931754218
2026-02-10 15:45:00,14.62,13.149545727968215,13.77499140843749,13.005766336378489,11.653554979663255
2026-02-10 16:00:00,14.86,13.190482090711592,13.815927771180867,13.013429291135054,11.348289359198333
2026-02-10 16:15:00,14.82,13.215570293664932,13.841015974134207,13.036757956148389,11.355069983781528
2026-02-10 16:30:00,14.88,13.334622519016264,13.960068199485539,13.146340010791906,11.375587310583684
2026-02-10 16:45:00,14.72,13.367473490238188,13.992919170707463,13.180068992667177,11.417573776119472
2026-02-10 17:00:00,14.76,13.356660658717153,13.982106339186428,13.15486569106222,11.257031488441488
2026-02-10 17:15:00,14.59,13.478743844628333,14.104189525097608,13.27431302907006,11.351689296948173
2026-02-10 17:30:00,14.58,13.467423730492591,14.092869410961866,13.275395247584951,11.469412536645024
2026-02-10 17:45:00,14.58,13.548348396420478,14.173794076889752,13.361359588238415,11.602773832611256
2026-02-10 18:00:00,14.8,13.49978652179241,14.125232202261685,13.300892263871583,11.430338553966973
2026-02-10 18:15:00,14.79,13.631397706270217,14.256843386739492,13.432506345446546,11.561979882059214
2026-02-10 18:30:00,14.87,13.566195971369742,14.191641651839017,13.384364148284238,11.674278624414056
2026-02-10 18:45:00,15.22,13.560178623199462,14.185624303668737,13.386787210372006,11.756081759543406
2026-02-10 19:00:00,15.09,13.580070893764494,14.20551657423377,13.368793303655043,11.381777267444185
2026-02-10 19:15:00,14.91,13.551605051755905,14.17705073222518,13.342927565659028,11.380364896064703
2026-02-10 19:30:00,14.5,13.480100843310355,14.10554652377963,13.27381657831314,11.333761590204405
2026-02-10 19:45:00,14.55,13.377858279943466,14.00330396041274,13.17285619185261,11.244859775942071
2026-02-10 20:00:00,14.28,13.30562180161476,13.931067482084035,13.085946111448887,11.019947919690138
2026-02-10 20:15:00,13.79,13.297335478067398,13.922781158536672,13.063823183820215,10.86769498545727
2026-02-10 20:30:00,13.45,13.153245282769202,13.778690963238477,12.91727044270289,10.697982580174987
2026-02-10 20:45:00,13.49,13.077494616508483,13.702940296977758,12.831747303273513,10.520551629370496
2026-02-10 21:00:00,13.17,12.959583600163459,13.585029280632734,12.704729725970912,10.307888988395687
2026-02-10 21:15:00,12.82,12.414909233450889,13.040354913920163,12.19607518976094,10.137992485127972
2026-02-10 21:30:00,12.71,12.37912918269634,13.004574863165615,12.14838555324307,9.978295995994607
2026-02-10 21:45:00,12.37,12.147823875546454,12.773269556015729,11.924988489620327,9.829274102490734
2026-02-10 22:00:00,12.09,11.975880539417266,12.601326219886541,11.74339964976215,9.556971568970557
2026-02-10 22:15:00,11.78,11.822800758481026,12.448246438950301,11.591992382251856,9.421293896806427
2026-02-10 22:30:00,11.54,11.63561488866806,12.261060569137335,11.409753077377964,9.285575871605438
2026-02-10 22:45:00,11.28,11.483203701972961,12.108649382442236,11.258496913626624,9.145182426944412
2026-02-10 23:00:00,11.17,11.273197189569473,11.898642870038747,11.04823135453848,8.932480594722557
2026-02-10 23:15:00,10.81,11.169765306711197,11.795210987180472,10.939490473959763,8.77380983941716
2026-02-10 23:30:00,10.57,10.922214928269387,11.547660608738662,10.699552296404827,8.605462620587376
2026-02-10 23:45:00,10.23,10.77983407020569,11.405279750674964,10.553987145110407,8.429949940498414
2026-02-11 00:00:00,9.95,10.559214243292809,11.184659923762084,10.335304157494113,8.229482470864353
2026-02-11 00:15:00,9.56,10.476423881053925,11.1018695615232,10.243575379494342,8.05368999521448
2026-02-11 00:30:00,9.55,10.259706309735774,10.885151990205049,10.031592820614353,7.886239114499769
2026-02-11 00:45:00,9.07,10.07062467455864,10.696070355027915,9.845892622860795,7.732340540300351
2026-02-11 01:00:00,8.85,9.96558073669672,10.591026417165995,9.737058931114886,7.587865104738267
2026-02-11 01:15:00,8.72,9.751553461253643,10.376999141722917,9.53236481178183,7.470947123184274
2026-02-11 01:30:00,8.47,9.64187146037817,10.267317140847444,9.42386439483348,7.37355922512684
2026-02-11 01:45:00,8.52,9.45725278019905,10.082698460668325,9.249320093445773,7.293762086479044
2026-02-11 02:00:00,8.16,9.416169609725475,10.04161529019475,9.1943562275828,7.108253545630895
2026-02-11 02:15:00,7.98,9.263155980706214,9.888601661175489,9.050681931328514,7.052413477142564
2026-02-11 02:30:00,7.92,9.126792470812799,9.752238151282073,8.92258115028687,7.002021717312438
2026-02-11 02:45:00,7.97,9.004448214769363,9.629893895238638,8.80732409177096,6.953418084423406
2026-02-11 03:00:00,7.74,8.916145664453506,9.54159134492278,8.72057749183448,6.881304831799181
2026-02-11 03:15:00,7.73,7.4149129863083365,8.040358666777612,7.358805514356779,6.831127938797335
2026-02-11 03:30:00,7.73,7.4287408594787125,8.054186539947988,7.366505916899561,6.781200921450807
2026-02-11 03:45:00,7.49,7.351628595739603,7.977074276208878,7.292312764429019,6.734461323799405
2026-02-11 04:00:00,7.52,7.310892634391785,7.936338314861061,7.239020201778417,6.563076879581944
2026-02-11 04:15:00,7.42,7.329391646534205,7.95483732700348,7.253074672408582,6.535331482777615
2026-02-11 04:30:00,7.42,7.332453383654356,7.957899064123632,7.2547031313945824,6.523480298061539
2026-02-11 04:45:00,7.37,7.360679911375046,7.986125591844321,7.280902538373898,6.530615111307286
2026-02-11 05:00:00,7.43,7.411273215860128,8.036718896329404,7.320449344591879,6.466272199787876
2026-02-11 05:15:00,7.46,7.575295125246048,8.200740805715323,7.4732924545570985,6.513981330787281
2026-02-11 05:30:00,7.48,7.625419883131981,8.250865563601256,7.524903881316658,6.579574528594594
2026-02-11 05:45:00,7.49,7.748543104529381,8.373988784998657,7.64386197339246,6.659360559162972
2026-02-11 06:00:00,7.49,7.888144874572754,8.513590555042029,7.781513664171991,6.778672213182663
2026-02-11 06:15:00,7.85,8.074680899083615,8.70012657955289,7.9591905827229095,6.873031324105341
2026-02-11 06:30:00,7.85,8.266258265674114,8.891703946143389,8.141513306816888,6.968316312486522
2026-02-11 06:45:00,8.32,8.447702715098858,9.073148395568133,8.314507638866257,7.061839278339247
2026-02-11 07:00:00,8.32,8.685226656198502,9.310672336667777,8.573080207598363,7.5183692386918395
2026-02-11 07:15:00,8.74,8.901962268948555,9.52740794941783,8.777552519894531,7.607508094911967
2026-02-11 07:30:00,8.75,9.111908289492131,9.737353969961406,8.975978492481685,7.69759072632664
2026-02-11 07:45:00,8.95,9.388554898798466,10.01400057926774,9.235147931511708,7.7923914900578435
2026-02-11 08:00:00,9.28,9.681897968947888,10.307343649417163,9.568882651729725,8.50600017785441
2026-02-11 08:15:00,9.97,9.882817967236042,10.508263647705316,9.761641293928333,8.62200318582437
2026-02-11 08:30:00,10.49,10.116845408082009,10.742291088551283,9.985715209323043,8.752466535715016
2026-02-11 08:45:00,10.73,10.254201550483703,10.879647230952978,10.123792165341033,8.897322574237476
2026-02-11 09:00:00,11.17,10.484055760502816,11.10950144097209,10.39284649143303,9.535044770962585
2026-02-11 09:15:00,11.7,10.520108201503755,11.14555388197303,10.441120950953897,9.698264439681383
2026-02-11 09:30:00,11.81,10.820475402474404,11.445921082943679,10.728236517975546,9.860751506590836
2026-02-11 09:45:00,12.38,10.870743784308434,11.496189464777709,10.788386123016647,10.013831691537051
2026-02-11 10:00:00,12.39,11.05651463985443,11.681960320323705,11.026281545048036,10.741946400116342
2026-02-11 10:15:00,12.71,11.220076138973237,11.845521819442512,11.184538488740893,10.85031524781723
2026-02-11 10:30:00,13.06,11.416446158885956,12.04189183935523,11.369351338627922,10.926435632202539
2026-02-11 10:45:00,13.4,11.568488026857377,12.193933707326652,11.510726210798854,10.967489918064313
2026-02-11 11:00:00,13.49,11.693286625146866,12.318732305616141,11.65052958004902,11.24840962863155
2026-02-11 11:15:00,13.44,11.914042293429373,12.539487973898648,11.847880824227026,11.22564776952287
2026-02-11 11:30:00,13.48,11.970947799682616,12.59639348015189,11.895055645631071,11.18130778886651
2026-02-11 11:45:00,13.52,12.11915214896202,12.744597829431294,12.023693958997104,11.12593213698044
2026-02-11 12:00:00,13.54,12.167585257291792,12.793030937761067,12.072693086185499,11.180254538389729
2026-02-11 12:15:00,13.63,12.19522968351841,12.820675363987684,12.093634448959147,11.138155166147946
2026-02-11 12:30:00,13.48,12.320715271234512,12.946160951703787,12.20518082571095,11.118606542697226
2026-02-11 12:45:00,13.47,12.43416333258152,13.059609013050794,12.308705506740575,11.128804166115833
2026-02-11 13:00:00,13.54,12.456993880271911,13.082439560741186,12.343300210633785,11.274037991817396
2026-02-11 13:15:00,13.59,12.613001325726508,13.238447006195782,12.491595972273387,11.349807181194187
2026-02-11 13:30:00,13.87,12.599619535803793,13.225065216273068,12.48943778842208,11.453204372318755
2026-02-11 13:45:00,14.07,12.676793706417083,13.302239386886358,12.57100952592465,11.576134191976552
2026-02-11 14:00:00,14.08,12.717187411189078,13.342633091658353,12.601972171979202,11.518399949258864
2026-02-11 14:15:00,14.28,12.796784086227415,13.42222976669669,12.686460468494039,11.648892795105434
2026-02-11 14:30:00,14.48,12.848683272004127,13.474128952473402,12.744771719255398,11.76750800873916
2026-02-11 14:45:00,14.46,12.867035299539564,13.492480980008839,12.770854873712132,11.866300593299844
2026-02-11 15:00:00,14.49,12.908363621234892,13.533809301704167,12.79372035373687,11.715527390421776
2026-02-11 15:15:00,14.49,13.43021310031414,14.055658780783414,13.270140223415853,11.764692470085619
2026-02-11 15:30:00,14.42,13.5583200019598,14.183765682429074,13.388553721070455,11.791941783381027
2026-02-11 15:45:00,14.47,13.497855027318,14.123300707787275,13.335056478810259,11.803974425152072
2026-02-11 16:00:00,14.3,13.527929740548133,14.153375421017408,13.344439087601408,11.618752659092536
2026-02-11 16:15:00,14.24,13.554193112850188,14.179638793319462,13.36914109512085,11.6287703981109
2026-02-11 16:30:00,14.2,13.677078611850737,14.302524292320012,13.482502196920318,11.65255678465551
2026-02-11 16:45:00,14.38,13.701307901144027,14.326753581613302,13.508755180507988,11.697842137048765
2026-02-11 17:00:00,14.11,13.69662349641323,14.322069176882504,13.488039479276129,11.526355863261822
2026-02-11 17:15:00,13.99,13.824803978800773,14.450249659270048,13.613320272121376,11.624365758054926
2026-02-11 17:30:00,13.95,13.80359786748886,14.429043547958134,13.605791045055046,11.745464410108651
2026-02-11 17:45:00,14.17,13.896279179453849,14.521724859923124,13.702708542365276,11.88222223411417
2026-02-11 18:00:00,14.27,13.846765000224112,14.472210680693387,13.650673951710095,11.806483766878376
2026-02-11 18:15:00,14.28,13.97266377210617,14.598109452575445,13.777454493697345,11.94155714928641
2026-02-11 18:30:00,14.29,13.900747794508932,14.526193474978207,13.723574594415156,12.057302323935584
2026-02-11 18:45:00,14.63,13.89598273396492,14.521428414434194,13.727461986106219,12.142563993583622
2026-02-11 19:00:00,14.84,13.926844195127487,14.552289875596761,13.723026117443045,11.806165040890384
2026-02-11 19:15:00,14.63,13.90385233581066,14.529298016279935,13.702442323457365,11.808228534895612
2026-02-11 19:30:00,14.29,13.817300865650175,14.44274654611945,13.620064829404797,11.765106304294756
2026-02-11 19:45:00,14.09,13.715025049448013,14.340470729917287,13.519409229913007,11.679688461840897
2026-02-11 20:00:00,13.87,13.643586639165877,14.269032319635151,13.453559598160652,11.66639997751432
2026-02-11 20:15:00,13.63,13.645409177541731,14.270854858011006,13.44090870353242,11.517629850064273
2026-02-11 20:30:00,13.57,13.49151293337345,14.116958613842725,13.285826712176897,11.35139618533572
2026-02-11 20:45:00,13.57,13.40452988386154,14.029975564330815,13.190484458820157,11.177437586151523
2026-02-11 21:00:00,13.22,13.281800743937492,13.907246424406766,13.06250938473752,11.000125735306996
2026-02-11 21:15:00,13.31,12.516603478789328,13.142049159258603,12.354858194967543,10.833681847921609
2026-02-11 21:30:00,13.26,12.466492163538932,13.091937844008207,12.294545217536148,10.67742463741209
2026-02-11 21:45:00,13.24,12.26586719572544,12.891312876194714,12.099208856730321,10.531826381475781
2026-02-11 22:00:00,12.8,12.089816073179243,12.715261753648518,11.929400075377133,10.420725350658682
2026-02-11 22:15:00,12.68,11.936844540834425,12.5622902213037,11.778416030841845,10.288433161455798
2026-02-11 22:30:00,12.44,11.751804540157318,12.377250220626593,11.598439572638858,10.156078129126225
2026-02-11 22:45:00,12.22,11.601927644014358,12.227373324483633,11.449794967459702,10.019022930590214
2026-02-11 23:00:00,11.88,11.392110743522645,12.01755642399192,11.242926647768968,9.83988531973883
2026-02-11 23:15:00,11.83,11.263790882229806,11.88923656269908,11.112005204844316,9.684496613536304
2026-02-11 23:30:00,11.55,11.037211015224457,11.662656695693732,10.891334484816634,9.519400030826578
2026-02-11 23:45:00,11.26,10.886411529779433,11.511857210248708,10.738469008075423,9.3471043919273
2026-02-12 00:00:00,10.97,10.671983097791673,11.297428778260947,10.526353945859539,9.15674602824258
2026-02-12 00:15:00,10.9,10.577757297754287,11.203202978223562,10.42459089928554,8.984096950976145
2026-02-12 00:30:00,10.71,10.36339678645134,10.988842466920614,10.215037131143069,8.819749471569084
2026-02-12 00:45:00,10.48,10.176422461271287,10.801868141740561,10.031535933431607,8.668912220716923
2026-02-12 01:00:00,10.42,10.076542264223098,10.701987944692373,9.891789248564226,8.15423059569283
2026-02-12 01:15:00,10.1,9.84795166194439,10.473397342413664,9.674217027525382,8.040283658364173
2026-02-12 01:30:00,10.1,9.745254525244237,10.370700205713511,9.572311080735506,7.945818666569066
2026-02-12 01:45:00,9.86,9.560281383991242,10.185727064460517,9.397722491086293,7.868894341998244
2026-02-12 02:00:00,9.76,9.509042302370071,10.134487982839346,9.305875003426939,7.395134347853797
2026-02-12 02:15:00,9.56,9.344899232387544,9.970344912856818,9.152406841948945,7.342061189805197
2026-02-12 02:30:00,9.53,9.212400833964349,9.837846514433624,9.028060267677674,7.294380604131436
2026-02-12 02:45:00,9.56,9.104564011693,9.730009692162275,8.926171376450375,7.248430605243279
2026-02-12 03:00:00,9.33,8.994024512171745,9.61947019264102,8.811178890652815,7.091558830991781
2026-02-12 03:15:00,9.3,8.311106789112092,8.936552469581367,8.18931724640686,7.043915245784287
2026-02-12 03:30:00,9.33,8.322111708819866,8.947557389289141,8.194703458686345,6.996458836387681
2026-02-12 03:45:00,9.28,8.252655026018619,8.878100706487894,8.127661377478761,6.952125515182445
2026-02-12 04:00:00,9.25,8.215388149023056,8.84083382949233,8.057278630182289,6.570295797542844
2026-02-12 04:15:00,9.22,8.228725365996361,8.854171046465636,8.066885853267214,6.544823305512994
2026-02-12 04:30:00,9.22,8.2279676258564,8.853413306325674,8.065273746483525,6.535176081417468
2026-02-12 04:45:00,9.22,8.268421468734742,8.893867149204016,8.102730361313414,6.544444471488763
2026-02-12 05:00:00,9.27,8.31737954735756,8.942825227826834,8.152411107758454,6.600921738808864
2026-02-12 05:15:00,9.21,8.432710638940334,9.058156319409608,8.261434198400922,6.65061956443706
2026-02-12 05:30:00,9.29,8.50280796945095,9.128253649920225,8.331282620662082,6.718127063162687
2026-02-12 05:45:00,9.29,8.609677275717258,9.235122956186533,8.435725673258197,6.7997517707176085
2026-02-12 06:00:00,9.36,8.719517050683498,9.344962731152773,8.544736783011105,6.900969479065831
2026-02-12 06:15:00,9.53,8.90112351924181,9.526569199711085,8.718119769208773,6.997012548069071
2026-02-12 06:30:00,9.54,9.057756754755975,9.68320243522525,8.86901109001118,7.0939025116764105
2026-02-12 06:45:00,9.93,9.222478919327258,9.847924599796533,9.027036879026012,7.188950463769382
2026-02-12 07:00:00,10.11,9.446067092418671,10.071512772887946,9.297950014003199,7.904943733044702
2026-02-12 07:15:00,10.27,9.636913604140283,10.262359284609557,9.479152344890226,7.995444811780414
2026-02-12 07:30:00,10.16,9.82563441067934,10.451080091148615,9.65851603366124,8.086807009015184
2026-02-12 07:45:00,10.06,10.075789476633073,10.701235157102348,9.893854987333683,8.182803911872057
2026-02-12 08:00:00,10.34,10.317483818531036,10.94292949900031,10.146569550631963,8.539161065156705
2026-02-12 08:15:00,10.99,10.507397128343582,11.132842808812857,10.329478080873042,8.656191291260486
2026-02-12 08:30:00,11.55,10.716374925374986,11.34182060584426,10.531000389734585,8.787596487636876
2026-02-12 08:45:00,12.1,10.870900143384933,11.496345823854208,10.684678569900843,8.933308476131709
2026-02-12 09:00:00,12.26,11.045689780712127,11.671135461181402,10.899168375932128,9.521169030165384
2026-02-12 09:15:00,12.5,11.101009763479233,11.726455443948508,10.964924204195631,9.685071530501478
2026-02-12 09:30:00,12.79,11.36508397102356,11.990529651492835,11.219292146645973,9.848154332944926
2026-02-12 09:45:00,13.06,11.427266772985458,12.052712453454733,11.290259938041356,10.00174288347159
2026-02-12 10:00:00,13.04,11.593100785017013,12.218546465486288,11.495124608154047,10.573681711666577
2026-02-12 10:15:00,13.16,11.749086297750473,12.374531978219748,11.646565702222214,10.682383617169988
2026-02-12 10:30:00,13.23,11.922843682169914,12.548289362639188,11.810962783437784,10.758749248574674
2026-02-12 10:45:00,13.43,12.074402322769163,12.699848003238438,11.951916000389355,10.799960950830677
2026-02-12 11:00:00,13.67,12.183897541761397,12.809343222230671,12.051432615018415,10.80563113868841
2026-02-12 11:15:00,13.86,12.358914996385574,12.984360676854848,12.207439801930581,10.782851229549085
2026-02-12 11:30:00,13.87,12.447461636662482,13.072907317131756,12.283204588627996,10.738405690003203
2026-02-12 11:45:00,13.38,12.588945375680922,13.214391056150196,12.40574967510295,10.682837204240634
2026-02-12 12:00:00,13.56,12.61250394821167,13.237949628680944,12.35608014788592,9.944474624321218
2026-02-12 12:15:00,13.25,12.665542220473288,13.290987900942563,12.399939541348443,9.902008821823346
2026-02-12 12:30:00,13.4,12.762542155981063,13.387987836450337,12.485694514765083,9.882007571922157
2026-02-12 12:45:00,13.39,12.872545365095137,13.497991045564412,12.586053688060908,9.8916668569112
2026-02-12 13:00:00,12.92,12.909631474018095,13.53507715448737,12.62064985097749,9.902845663347112
2026-02-12 13:15:00,13.16,13.053688416481016,13.67913409695029,12.758075618388698,9.977906789246427
2026-02-12 13:30:00,13.43,13.046571602225303,13.672017282694577,12.761504169960373,10.080512025841227
2026-02-12 13:45:00,13.79,13.116058000326156,13.74150368079543,12.836042897938302,10.202566727854913
2026-02-12 14:00:00,13.92,13.152473392486572,13.777919072955847,12.897708799071617,10.501707726208165
2026-02-12 14:15:00,13.58,13.225462658405302,13.850908338874577,12.976124863099677,10.631161549910257
2026-02-12 14:30:00,12.66,13.275955320000648,13.901401000469923,13.033057161452875,10.748657117177114
2026-02-12 14:45:00,12.44,13.324135848283767,13.949581528753042,13.085986739715894,10.846250393383373
2026-02-12 15:00:00,12.13,13.33294218957424,13.958387870043515,13.03934333240345,10.278115143889382
2026-02-12 15:15:00,11.98,12.800044986605643,13.425490667074918,12.562257748060071,10.325924704164706
2026-02-12 15:30:00,12.47,12.918986840844154,13.544432521313428,12.672249424132044,10.351742059928313
2026-02-12 15:45:00,12.81,12.880047063231467,13.505492743700742,12.63806373840934,10.362267490127168
2026-02-12 16:00:00,12.76,12.906178839206694,13.531624519675969,12.662896057098747,10.374878718714431
2026-02-12 16:15:00,12.88,12.95209039211273,13.577536072582005,12.70519890087916,10.383242502044007
2026-02-12 16:30:00,12.82,13.080617552995681,13.706063233464956,12.823493623155128,10.405303546194956
2026-02-12 16:45:00,12.76,13.105018059015272,13.730463739484547,12.849728818226026,10.448793560220015
2026-02-12 17:00:00,13.0,13.106203840970991,13.731649521440266,12.860450113142747,10.549194111498911
2026-02-12 17:15:00,12.72,13.215084236264227,13.840529916733502,12.968100162131394,10.64527304290692
2026-02-12 17:30:00,13.16,13.224200465679168,13.849646146148443,12.987787118250592,10.76437519713057
2026-02-12 17:45:00,12.86,13.30460228383541,13.930047964304684,13.073407271880448,10.899072568382179
2026-02-12 18:00:00,12.73,13.263178448677062,13.888624129146336,13.054018419589752,11.086917546678876
2026-02-12 18:15:00,12.74,13.415017969608305,14.04046365007758,13.204036699297369,11.219807481088324
2026-02-12 18:30:00,13.03,13.364408569335936,13.98985424980521,13.16920008914054,11.333310251739157
2026-02-12 18:45:00,13.09,13.373459000587463,13.998904681056738,13.185354153064583,11.416272309962663
2026-02-12 19:00:00,13.2,13.442487641572951,14.067933322042226,13.165910823682939,10.56477091051504
2026-02-12 19:15:00,13.1,13.423909211754797,14.049354892224072,13.149084792651143,10.564425777852668
2026-02-12 19:30:00,12.89,13.38273724913597,14.008182929605244,13.107488925293435,10.518843186140781
2026-02-12 19:45:00,12.65,13.29611573576927,13.921561416238545,13.020741841644218,10.430915143522348
2026-02-12 20:00:00,12.37,13.248382351994513,13.873828032463788,12.992703987655227,10.588109114194525
2026-02-12 20:15:00,11.93,13.252632347345351,13.878078027814626,12.981996971674814,10.436734924977296
2026-02-12 20:30:00,11.92,13.165120790004728,13.790566470474003,12.886664946300765,10.267853237355373
2026-02-12 20:45:00,11.63,13.144934196472168,13.770379876941442,12.851440821903694,10.091204672451786
2026-02-12 21:00:00,11.68,13.007950202822684,13.633395883291959,12.726794237109772,10.08258851581916
2026-02-12 21:15:00,11.3,11.485582340955734,12.111028021425009,11.334477973073849,9.91337693738299
2026-02-12 21:30:00,11.12,11.458640469312668,12.084086149781943,11.294838191705132,9.754316301970295
2026-02-12 21:45:00,11.13,11.282442185282708,11.907887865751983,11.121308203000234,9.60588100313524
2026-02-12 22:00:00,10.71,11.11126861691475,11.736714297384024,10.963814836090073,9.577046712945693
2026-02-12 22:15:00,10.76,10.990660583376885,11.61610626384616,10.841805328474358,9.441856671296147
2026-02-12 22:30:00,10.71,10.831722643375397,11.457168323844671,10.685141144755917,9.306576630564715
2026-02-12 22:45:00,10.51,10.679716150760651,11.305161831229926,10.534288096421768,9.166571454365204
2026-02-12 23:00:00,10.31,10.506461096405983,11.131906776875258,10.404380885484827,9.444340514070868
2026-02-12 23:15:00,9.98,10.38380199968815,11.009247680157424,10.27828846622764,9.285958503950564
2026-02-12 23:30:00,9.93,10.172309368550778,10.797755049020052,10.070965502566942,9.117850282078281
2026-02-12 23:45:00,9.8,10.039071978926659,10.664517659395933,9.933683235979775,8.942526899128922
2026-02-13 00:00:00,9.58,9.838251385390759,10.463697065860034,9.724081942683862,8.65034519007164
2026-02-13 00:15:00,9.48,9.765263180732727,10.390708861202002,9.641221903974472,8.474642874257992
2026-02-13 00:30:00,9.21,9.56316199928522,10.188607679754496,9.44245487590712,8.307232774439024
2026-02-13 00:45:00,9.18,9.404627692103386,10.03007337257266,9.284365297677663,8.153325767393198
2026-02-13 01:00:00,8.9,9.324288134574891,9.949733815044166,9.211497730672827,8.150730513629126
2026-02-13 01:15:00,8.95,9.121784735321999,9.747230415791273,9.017209718350443,8.03370628288502
2026-02-13 01:30:00,8.95,9.024735981822014,9.650181662291288,8.920113492433215,7.936163590050532
2026-02-13 01:45:00,8.8,8.852744535207748,9.478190215677023,8.756963307411347,7.856163390577669
2026-02-13 02:00:00,8.51,8.791139059066772,9.416584739536047,8.73405907297878,8.197235230730408
2026-02-13 02:15:00,8.54,8.66258925795555,9.288034938424826,8.61246868819671,8.141096519462451
2026-02-13 02:30:00,8.51,8.56135984480381,9.186805525273085,8.516092027695176,8.090358856124455
2026-02-13 02:45:00,8.5,8.486078963279724,9.111524643748998,8.443337342071619,8.041362448709007
2026-02-13 03:00:00,8.47,8.363441091775893,8.988886772245168,8.302681804245786,7.7312549974153715
2026-02-13 03:15:00,8.22,7.583999231755734,8.20944491222501,7.593282827697633,7.680592863753509
2026-02-13 03:30:00,8.27,7.58867939144373,8.214125071913005,7.592663688311345,7.6301350631262155
2026-02-13 03:45:00,8.27,7.561555690467358,8.187001370936633,7.563599364125427,7.582819634146773
2026-02-13 04:00:00,8.2,7.526471296101809,8.151916976571083,7.533234034565258,7.596835999016925
2026-02-13 04:15:00,8.18,7.538868412971497,8.164314093440773,7.5417092120601295,7.568426259248344
2026-02-13 04:30:00,8.15,7.561175759136677,8.186621439605952,7.560665565767541,7.55586731714345
2026-02-13 04:45:00,8.11,7.584808266162873,8.210253946632148,7.582640344525588,7.562251551486526
2026-02-13 05:00:00,8.11,7.649532433748245,8.27497811421752,7.64739148838807,7.6272564008896016
2026-02-13 05:15:00,8.17,7.738786227405072,8.364231907874347,7.732572243050123,7.674131181905633
2026-02-13 05:30:00,8.17,7.809998942911625,8.435444623380901,7.803160747234206,7.738849125434934
2026-02-13 05:45:00,8.35,7.902702895104885,8.52814857557416,7.894535174260473,7.81771968100947
2026-02-13 06:00:00,8.36,8.010563418865203,8.636009099334478,8.009359060186705,7.998032350116372
2026-02-13 06:15:00,8.55,8.17006842583418,8.795514106303454,8.162507395115375,8.091397679784162
2026-02-13 06:30:00,8.92,8.327034543454648,8.952480223923923,8.313446182317943,8.185650842213633
2026-02-13 06:45:00,9.29,8.490359027683734,9.115804708153009,8.469959304143687,8.278104702870813
2026-02-13 07:00:00,9.46,8.704757390618324,9.330203071087599,8.68925811371225,8.543491060301207
2026-02-13 07:15:00,9.7,8.871197028756141,9.496642709225416,8.848158698700132,8.631488623823325
2026-02-13 07:30:00,9.26,9.05476046204567,9.680206142514944,9.022624668585603,8.7203950903874
2026-02-13 07:45:00,9.43,9.279627100527287,9.905072780996562,9.234874388067839,8.813985654554797
2026-02-13 08:00:00,9.62,9.490517289340497,10.115962969809772,9.480621378001441,9.38755265967007
2026-02-13 08:15:00,10.12,9.662812610268594,10.288258290737868,9.647383848713279,9.502279975588806
2026-02-13 08:30:00,10.43,9.893360177278518,10.518805857747793,9.868186713327207,9.631436206412006
2026-02-13 08:45:00,10.89,10.033961654901505,10.65940733537078,10.009068534990325,9.774954597827305
2026-02-13 09:00:00,11.28,10.173966704010963,10.799412384480238,10.172150578146729,10.155070341600378
2026-02-13 09:15:00,11.65,10.319811517000199,10.945257197469473,10.319531120515563,10.316894057535153
2026-02-13 09:30:00,11.91,10.531432560682298,11.156878241151572,10.52629307481526,10.4779574191956
2026-02-13 09:45:00,11.9,10.62244132578373,11.247887006253004,10.623128104393773,10.629587095670491
2026-02-13 10:00:00,12.47,10.770652042627335,11.39609772309661,10.80013547961698,11.077420269123941
2026-02-13 10:15:00,12.88,10.885708975195884,11.511154655665159,10.914405339105963,11.18428789144258
2026-02-13 10:30:00,13.08,11.044959633350372,11.670405313819646,11.06551978319754,11.258883156151859
2026-02-13 10:45:00,13.24,11.153179924488068,11.778625604957343,11.167135981580303,11.298389415653352
2026-02-13 11:00:00,13.4,11.261792174577714,11.887237855046989,11.276947599392532,11.419480804769542
2026-02-13 11:15:00,13.44,11.395006570219994,12.020452250689269,11.39501825033006,11.3951280990177
2026-02-13 11:30:00,13.56,11.448257802128792,12.073703482598066,11.438735200417037,11.34917737131691
2026-02-13 11:45:00,13.63,11.553076398968697,12.178522079437972,11.528000934138507,11.29217208590517
2026-02-13 12:00:00,13.56,11.581068918704986,12.20651459917426,11.54949692948066,11.252569797496077
2026-02-13 12:15:00,13.34,11.606655914187431,12.232101594656706,11.568418640736208,11.208806078470623
2026-02-13 12:30:00,13.56,11.702839386463165,12.32828506693244,11.653317642391128,11.187577288379655
2026-02-13 12:45:00,13.59,11.782598788142204,12.408044468611479,11.72622857238899,11.196079953180112
2026-02-13 13:00:00,13.68,11.806173633337021,12.431619313806296,11.770408173357236,11.434042435346505
2026-02-13 13:15:00,13.85,11.923444355726241,12.548890036195516,11.883524742551856,11.508090170926236
2026-02-13 13:30:00,10.28,11.92660832762718,12.552054008096455,11.896155537118691,11.609754205787741
2026-02-13 13:45:00,14.39,11.98244903564453,12.607894716113805,11.958276568007767,11.730940195966827
2026-02-13 14:00:00,14.53,11.9915532374382,12.616998917907475,11.966023737565745,11.725924796562428
2026-02-13 14:15:00,14.6,12.071859542131422,12.697305222600697,12.050984106694113,11.854655546929068
2026-02-13 14:30:00,14.58,12.128441717624662,12.753887398093937,12.113358180966994,11.971501066797732
2026-02-13 14:45:00,14.83,12.179361006021498,12.804806686490773,12.168707845577206,12.068517377538594
2026-02-13 15:00:00,14.85,12.186806811094282,12.812252491563557,12.156723201640148,11.87379393128305
2026-02-13 15:15:00,15.26,13.169330457448957,13.794776137918232,13.049370239891676,11.92117261197392
2026-02-13 15:30:00,15.11,13.261730889081953,13.887176569551228,13.13533697739457,11.946631969579277
2026-02-13 15:45:00,15.43,13.289777179360389,13.915222859829663,13.161671920382913,11.956872093864053
2026-02-13 16:00:00,15.25,13.345066031813621,13.970511712282896,13.181424799742352,11.642417505393407
2026-02-13 16:15:00,15.42,13.365234937667845,13.99068061813712,13.200445591732846,11.650640556566032
2026-02-13 16:30:00,15.41,13.506719384193419,14.132165064662694,13.33044564849865,11.672632629110984
2026-02-13 16:45:00,15.35,13.508806530237196,14.134252210706471,13.336512243088809,11.716125001195293
2026-02-13 17:00:00,15.24,13.530031036734579,14.155476717203854,13.343354676987206,11.587707425391132
2026-02-13 17:15:00,15.25,13.61905312180519,14.244498802274464,13.433068784730262,11.683929843584274
2026-02-13 17:30:00,15.09,13.632567215561865,14.25801289603114,13.4567514148201,11.803245165945532
2026-02-13 17:45:00,15.11,13.689466354250907,14.314912034720182,13.521154847700021,11.938224720457637
2026-02-13 18:00:00,15.28,13.663490229845046,14.28893591031432,13.482129108510001,11.776470423879848
2026-02-13 18:15:00,15.19,13.760145609378814,14.385591289848088,13.582307156838205,11.909778343583312
2026-02-13 18:30:00,15.06,13.671130599379538,14.296576279848813,13.512802673446288,12.023765773477907
2026-02-13 18:45:00,15.47,13.679407725334165,14.30485340580344,13.528310657075313,12.107278272621986
2026-02-13 19:00:00,15.43,13.673630222082137,14.299075902551412,13.507079205466052,11.940706071940932
2026-02-13 19:15:00,15.12,13.640633504390715,14.26607918485999,13.477285894625224,11.941040048993424
2026-02-13 19:30:00,15.09,13.53778885245323,14.163234532922505,13.380015991508268,11.89619934718693
2026-02-13 19:45:00,14.72,13.411229976415633,14.036675656884908,13.257247148062332,11.80907486873725
2026-02-13 20:00:00,14.39,13.284805526733397,13.910251207202672,13.156311186645741,11.947852143809092
2026-02-13 20:15:00,13.86,13.29752084493637,13.922966525405645,13.153344639859492,11.797401345639926
2026-02-13 20:30:00,13.85,13.124202114939688,13.749647795408963,12.980546679610548,11.629501102367925
2026-02-13 20:45:00,13.45,13.037521170973777,13.662966851443052,12.885318744912114,11.453890730336358
2026-02-13 21:00:00,13.26,12.878497622609137,13.503943303078412,12.713153350194458,11.158129362021443
2026-02-13 21:15:00,13.11,12.864932588338851,13.490378268808126,12.684739450172964,10.990065372504395
2026-02-13 21:30:00,12.88,12.799671422839163,13.425117103308438,12.610578580909447,10.832204882816885
2026-02-13 21:45:00,12.79,12.563440451025961,13.188886131495236,12.382905889032958,10.685020800583382
2026-02-13 22:00:00,12.39,12.377610164880751,13.003055845350026,12.202969071757085,10.56051067170458
2026-02-13 22:15:00,12.25,12.186171469688414,12.811617150157689,12.017066050590808,10.426669362598341
2026-02-13 22:30:00,12.11,11.97781061887741,12.603256299346684,11.815863065290255,10.29278441868089
2026-02-13 22:45:00,11.78,11.774545234441756,12.399990914911031,11.6188159878879,10.154219056196071
2026-02-13 23:00:00,11.47,11.558302046656609,12.183747727125883,11.410596787099736,10.021463565634342
2026-02-13 23:15:00,11.3,11.417837117910386,12.04328279837966,11.26855633758716,9.864605713923508
2026-02-13 23:30:00,11.0,11.133052761554719,11.758498442023994,10.995135991228628,9.698061208435103
2026-02-13 23:45:00,11.0,10.95227336883545,11.577719049304724,10.815034893229678,9.524339312725695
2026-02-14 00:00:00,10.75,10.721421573758125,11.3468672542274,10.586040131908627,9.312809517052868
2026-02-14 00:15:00,10.48,10.56830853998661,11.193754220455885,10.430916698226474,9.138778745116968
2026-02-14 00:30:00,10.23,10.328617858290672,10.954063538759947,10.198336638936542,8.973072416925813
2026-02-14 00:45:00,10.28,10.125071947276592,10.750517627745866,9.999728177380154,8.820899506084164
2026-02-14 01:00:00,9.84,9.993282824754715,10.61872850522399,9.844971123979082,8.450134465504233
2026-02-14 01:15:00,9.91,9.76015427172184,10.385599952191114,9.62317327004897,8.33489917131841
2026-02-14 01:30:00,9.82,9.592117436230183,10.217563116699457,9.462085899639671,8.239169885287971
2026-02-14 01:45:00,9.47,9.396889686584473,10.022335367053747,9.278109094691551,8.161005568664098
2026-02-14 02:00:00,9.47,9.320269494056701,9.945715174525976,9.196239547001364,8.029767070475732
2026-02-14 02:15:00,9.24,9.155485422611237,9.780931103080512,9.042077545487729,7.975503138044399
2026-02-14 02:30:00,9.19,8.99502068221569,9.620466362684965,8.892340413631759,7.926656641050788
2026-02-14 02:45:00,8.96,8.83068021774292,9.456125898212195,8.73926878169726,7.879565728374416
2026-02-14 03:00:00,8.96,8.71300657004118,9.338452250510455,8.625633464148702,7.803909955981263
2026-02-14 03:15:00,8.95,7.867085217237473,8.492530897706748,7.856329619222133,7.755175749924171
2026-02-14 03:30:00,8.7,7.8738832995295525,8.499328979998827,7.857810919155409,7.706653962438141
2026-02-14 03:45:00,8.7,7.784057486355305,8.40950316682458,7.77225741649081,7.661280535142357
2026-02-14 04:00:00,8.82,7.760150820314885,8.38559650078416,7.743612309995831,7.588071510794295
2026-02-14 04:15:00,8.74,7.757493777275085,8.38293945774436,7.738667370139336,7.561609439558103
2026-02-14 04:30:00,8.75,7.7452273723483085,8.370673052817583,7.726560008164869,7.550997839138478
2026-02-14 04:45:00,8.75,7.792905216813088,8.418350897282362,7.770456056149993,7.559326980823384
2026-02-14 05:00:00,8.46,7.846238165795803,8.471683846265078,7.824216471252542,7.617107614230225
2026-02-14 05:15:00,8.62,7.994302074909211,8.619747755378485,7.962740962091489,7.665916120152571
2026-02-14 05:30:00,8.65,8.033690765798092,8.659136446267366,8.004749052712638,7.732559049095041
2026-02-14 05:45:00,8.67,8.154794761836529,8.780240442305804,8.121977969804169,7.813343760224653
2026-02-14 06:00:00,8.68,8.290698745846749,8.916144426316023,8.253794272775854,7.906716384572979
2026-02-14 06:15:00,8.91,8.450194908976554,9.075640589445829,8.407115902047464,8.001967975342144
2026-02-14 06:30:00,8.95,8.631394560933114,9.256840241402388,8.580138793394799,8.098090356576833
2026-02-14 06:45:00,9.47,8.8258843806386,9.451330061107875,8.764999771831159,8.192394347866696
2026-02-14 07:00:00,9.46,9.061542625427247,9.686988305896522,8.997287938519415,8.392987722763321
2026-02-14 07:15:00,9.71,9.287267823815347,9.912713504284621,9.20994972243998,8.48279116652007
2026-02-14 07:30:00,9.67,9.485691383183003,10.111137063652277,9.398018762353274,8.5734783866558
2026-02-14 07:45:00,10.14,9.782975268065929,10.408420948535204,9.675894263413094,8.668822603288012
2026-02-14 08:00:00,10.29,10.058826993107797,10.684272673577071,9.979632115196049,9.234822917425092
2026-02-14 08:15:00,11.04,10.283589274287223,10.909034954756498,10.193981729539512,9.351243849545034
2026-02-14 08:30:00,11.25,10.523799973726273,11.149245654195548,10.423678617150829,9.482060810077522
2026-02-14 08:45:00,11.91,10.673876386880874,11.299322067350149,10.573281011335514,9.627205167353496
2026-02-14 09:00:00,12.37,10.90091684103012,11.526362521499395,10.829805175634881,10.161016690169847
2026-02-14 09:15:00,12.67,10.803333212137222,11.428778892606497,10.757302196936424,10.324391326835753
2026-02-14 09:30:00,13.08,11.07920651614666,11.704652196615935,11.02228633195434,10.486965388944604
2026-02-14 09:45:00,13.35,11.137038149237632,11.762483829706907,11.089274036334473,10.640063790019195
2026-02-14 10:00:00,13.58,11.33082647562027,11.956272156089545,11.312935185584344,11.144671811359599
2026-02-14 10:15:00,13.76,11.469151195287704,12.094596875756979,11.448369166878443,11.252919078240065
2026-02-14 10:30:00,14.07,11.646797746419907,12.272243426889181,11.61623955527218,11.328846955722586
2026-02-14 10:45:00,13.94,11.803937910795211,12.429383591264486,11.762197349161422,11.369637185616282
2026-02-14 11:00:00,14.08,11.915606591701506,12.54105227217078,11.882302284232047,11.569083106644717
2026-02-14 11:15:00,14.0,12.127897644639013,12.753343325108288,12.071963152805937,11.545912414570738
2026-02-14 11:30:00,14.17,12.149099510908126,12.7745451913774,12.086819482869537,11.501090469280205
2026-02-14 11:45:00,14.31,12.296156991124152,12.921602671593426,12.214367760957446,11.445159290497354
2026-02-14 12:00:00,14.25,12.317334094643591,12.942779775112866,12.237813503688017,11.489941051357237
2026-02-14 12:15:00,14.07,12.335808520913123,12.961254201382397,12.250398556633524,11.447137933545955
2026-02-14 12:30:00,9.48,12.440504719018936,13.06595039948821,12.343078805625778,11.426811007633532
2026-02-14 12:45:00,9.13,12.538719444274902,13.164165124744176,12.432752233260679,11.436155540309375
2026-02-14 13:00:00,9.26,12.55448836326599,13.179934043735265,12.392577652273882,10.869845501604443
2026-02-14 13:15:00,9.43,12.710287801623343,13.335733482092618,12.540588984881385,10.944611531628547
2026-02-14 13:30:00,9.41,12.68048689365387,13.305932574123144,12.52348608249463,11.046930384798962
2026-02-14 13:45:00,9.81,12.749812687635421,13.375258368104696,12.597852882418609,11.168706659817037
2026-02-14 14:00:00,10.04,12.780750559568403,13.406196240037678,12.656165148461994,11.484468663197704
2026-02-14 14:15:00,10.06,12.851956200003622,13.477401880472897,12.732943559564415,11.61365767154385
2026-02-14 14:30:00,10.3,12.899978954195975,13.52542463466525,12.78761842361389,11.730894064025627
2026-02-14 14:45:00,15.29,12.916347131729125,13.5417928121984,12.811768687624749,11.828233020781306
2026-02-14 15:00:00,15.76,12.952769598960876,13.57821527943015,12.852665416632822,11.911209129316347
2026-02-14 15:15:00,15.93,11.1508267557621,11.776272436231375,11.228478193883142,11.958771703485423
2026-02-14 15:30:00,15.79,11.283968278169633,11.909413958638908,11.351281310202069,11.984344542441374
2026-02-14 15:45:00,16.02,11.248810126185417,11.874255806654691,11.320490458466457,11.994627122225078
2026-02-14 16:00:00,15.95,11.313820834159852,11.939266514629127,11.363217801553096,11.827784660251702
2026-02-14 16:15:00,15.9,11.329387406110763,11.954833086580038,11.378068862438704,11.835906507877594
2026-02-14 16:30:00,15.81,11.465828741788865,12.09127442225814,11.50349380472951,11.857724861744028
2026-02-14 16:45:00,15.99,11.503297612071037,12.128743292540312,11.541517890864274,11.90097062236915
2026-02-14 17:00:00,15.81,11.530594652295113,12.156040332764388,11.54815586214,11.713314909812654
2026-02-14 17:15:00,15.72,11.640711770057678,12.266157450526952,11.656899763912637,11.80914403822125
2026-02-14 17:30:00,15.66,11.64474951326847,12.270195193737745,11.67197193482665,11.92799240605871
2026-02-14 17:45:00,15.4,11.692199186682702,12.317644867151976,11.727782116879533,12.062431205218001
2026-02-14 18:00:00,15.25,11.65503737449646,12.280483054965735,11.690503192143206,12.024050864496454
2026-02-14 18:15:00,15.16,11.772438985705376,12.397884666174651,11.80936738200429,12.156670262539215
2026-02-14 18:30:00,15.4,11.703296436071396,12.32874211654067,11.757752149748164,12.269895327275826
2026-02-14 18:45:00,15.31,11.72403347015381,12.349479150623084,11.784442164578444,12.352571725721793
2026-02-14 19:00:00,15.26,11.721649171113969,12.347094851583243,11.79471848519285,12.481918196030378
2026-02-14 19:15:00,15.13,11.697523885369302,12.322969565838577,11.772849498270535,12.481269168783726
2026-02-14 19:30:00,15.24,11.594238456487655,12.21968413695693,11.675079684377478,12.435372416421764
2026-02-14 19:45:00,14.54,11.488348693847657,12.113794374316932,11.570884966162232,12.347119192296516
2026-02-14 20:00:00,14.24,11.371998438239098,11.997444118708373,11.456640959276848,12.25268395920028
2026-02-14 20:15:00,13.97,11.36390597164631,11.989351652115584,11.434744127484752,12.10096031990566
2026-02-14 20:30:00,13.68,11.258632447719574,11.884078128188849,11.323322377974803,11.931715955030981
2026-02-14 20:45:00,13.38,11.134516593813895,11.75996227428317,11.19412141828331,11.754690771591928
2026-02-14 21:00:00,13.4,11.006712505221367,11.632158185690642,11.05510364281393,11.510210908838195
2026-02-14 21:15:00,13.28,12.877825490832327,13.503271171301602,12.730082337670414,11.34059273576329
2026-02-14 21:30:00,13.11,12.829959095716475,13.45540477618575,12.67148846851217,11.18110949665706
2026-02-14 21:45:00,13.05,12.568095140457153,13.193540820926428,12.420483901578168,11.032234922471835
2026-02-14 22:00:00,12.95,12.378071459531784,13.003517140001058,12.240513187871237,10.946810000697624
2026-02-14 22:15:00,12.81,12.170569522380827,12.796015202850102,12.039915524817122,10.811145411433845
2026-02-14 22:30:00,12.75,11.9566236102581,12.582069290727375,11.83348278147302,10.675372253132112
2026-02-14 22:45:00,12.29,11.741558421850204,12.367004102319479,11.625582360863659,10.534854788301638
2026-02-14 23:00:00,12.24,11.530213305950165,12.15565898641944,11.402354990837285,10.19987761327644
2026-02-14 23:15:00,11.95,11.405449375510216,12.03089505597949,11.274306945237425,10.040943237119103
2026-02-14 23:30:00,11.64,11.09607843875885,11.721524119228125,10.978457647936285,9.872261778155844
2026-02-14 23:45:00,11.45,10.910096746087074,11.535542426556349,10.793443172804619,9.696343756470593
2026-02-15 00:00:00,11.06,10.669506822824479,11.294952503293754,10.556094261449557,9.489475799723564
2026-02-15 00:15:00,10.92,10.524797558784485,11.15024323925376,10.408344850947744,9.313134526881147
2026-02-15 00:30:00,10.63,10.251518683433533,10.876964363902808,10.145177395089368,9.145062592844052
2026-02-15 00:45:00,10.34,10.048347751200199,10.673793431669473,9.94667535861555,8.990470422725462
2026-02-15 01:00:00,10.34,9.894214138388634,10.519659818857908,9.787070284687314,8.77940754404521
2026-02-15 01:15:00,10.09,9.67690544486046,10.302351125329734,9.579329454827544,8.661650221340864
2026-02-15 01:30:00,9.85,9.477464136481284,10.10290981695056,9.389608785878742,8.56334987965142
2026-02-15 01:45:00,9.9,9.273022875189781,9.898468555659056,9.197052319021699,8.482567108793601
2026-02-15 02:00:00,9.57,9.202284896969795,9.82773057743907,9.126700282020563,8.41584475817092
2026-02-15 02:15:00,9.5,9.04021977543831,9.665665455907584,8.974735627886991,8.358872623984588
2026-02-15 02:30:00,9.45,8.878330469429493,9.503776149898767,8.823446497783817,8.307275654797573
2026-02-15 02:45:00,9.11,8.666141651272774,9.291587331742049,8.626856970149055,8.257393785105032
2026-02-15 03:00:00,9.1,8.569427194893361,9.194872875362636,8.520933359954052,8.064860249541093
2026-02-15 03:15:00,8.89,8.222839614152909,8.848285294622183,8.202696919637981,8.013259615885488
2026-02-15 03:30:00,8.94,8.217437089681626,8.8428827701509,8.192871363036154,7.9618364825245065
2026-02-15 03:45:00,8.66,8.094756767749786,8.72020244821906,8.07733897309789,7.913528711579767
2026-02-15 04:00:00,8.61,8.05523931056261,8.680684991031885,8.028806876442959,7.780216051241721
2026-02-15 04:15:00,8.58,8.034822423458099,8.660268103927374,8.007521190941363,7.750759521182762
2026-02-15 04:30:00,8.58,7.993652583360672,8.619098263829947,7.9689978997598985,7.737126400008963
2026-02-15 04:45:00,8.61,8.019738371372224,8.645184051841499,7.9930842963568045,7.742408990667401
2026-02-15 05:00:00,8.26,8.044218825697898,8.669664506167173,8.015965756409429,7.750252285712982
2026-02-15 05:15:00,8.48,8.178071746528149,8.803517426997423,8.141348054410193,7.795970368544658
2026-02-15 05:30:00,8.48,8.191903510987759,8.817349191457033,8.159956663286529,7.859504075504528
2026-02-15 05:45:00,8.58,8.289248709976674,8.914694390445948,8.25540980687623,7.93716288313229
2026-02-15 06:00:00,8.63,8.404533813595773,9.029979494065048,8.371751824001693,8.063444923167639
2026-02-15 06:15:00,8.73,8.560423812866212,9.185869493335487,8.521510857615798,8.15554366696925
2026-02-15 06:30:00,8.73,8.707992820739745,9.33343850120902,8.663831336858076,8.248502969044491
2026-02-15 06:45:00,8.97,8.880239677429199,9.505685357898473,8.828282342135104,8.339635825603622
2026-02-15 07:00:00,8.97,9.086475176811218,9.711920857280493,9.025003487718195,8.446876711766574
2026-02-15 07:15:00,9.14,9.300775903761387,9.926221584230662,9.227033109918889,8.533499480326983
2026-02-15 07:30:00,9.43,9.492171087265016,10.11761676773429,9.408443434593764,8.621004556452995
2026-02-15 07:45:00,9.53,9.76322803646326,10.388673716932535,9.662306901710254,8.71316736900858
2026-02-15 08:00:00,9.91,10.037470890283585,10.66291657075286,9.973832585681544,9.375329300519972
2026-02-15 08:15:00,10.93,10.25819330573082,10.883638986200095,10.184225621237152,9.488576947971968
2026-02-15 08:30:00,11.03,10.479435738921165,11.10488141939044,10.396473004783392,9.616228005518433
2026-02-15 08:45:00,11.35,10.62372686624527,11.249172546714545,10.540542783709252,9.758216054826503
2026-02-15 09:00:00,11.68,10.858609329462052,11.484055009931327,10.81097556585456,10.362991224003027
2026-02-15 09:15:00,12.16,10.923098604679108,11.548544285148383,10.884667823630942,10.523235367934834
2026-02-15 09:30:00,12.5,11.210828313231469,11.836273993700743,11.160069533096141,10.682695145897073
2026-02-15 09:45:00,12.61,11.261343615055084,11.886789295524359,11.220146532464979,10.832697661483264
2026-02-15 10:00:00,12.86,11.46750907123089,12.092954751700164,11.436251903832865,11.142285597069215
2026-02-15 10:15:00,12.83,11.623230683803559,12.248676364272834,11.587117384904762,11.24748030368278
2026-02-15 10:30:00,13.16,11.810962749123574,12.436408429592849,11.763812982854983,11.320380522125244
2026-02-15 10:45:00,13.27,11.99316352367401,12.618609204143285,11.932134427468872,11.358170133516817
2026-02-15 11:00:00,13.45,12.115558720231055,12.74100440070033,12.038264776069758,11.311333413065665
2026-02-15 11:15:00,13.41,12.344516518712043,12.969962199181317,12.242707971394772,11.285222532271991
2026-02-15 11:30:00,13.48,12.400925354957579,13.026371035426854,12.28910816043393,11.237493748666473
2026-02-15 11:45:00,13.53,12.564120365381239,13.189566045850514,12.430967021483822,11.178691143752522
2026-02-15 12:00:00,13.57,12.601409528851509,13.226855209320783,12.47437873019261,11.279683950224983
2026-02-15 12:15:00,13.33,12.6394323772192,13.264878057688474,12.504364829997327,11.234086320277026
2026-02-15 12:30:00,13.43,12.75413626372814,13.379581944197415,12.605826334046236,11.21100633229129
2026-02-15 12:45:00,13.33,12.867607672810554,13.493053353279828,12.70902970415385,11.217641211188852
2026-02-15 13:00:00,13.5,12.894868630170821,13.520314310640096,12.753926107165746,11.428394832173353
2026-02-15 13:15:00,13.82,13.056309022903442,13.681754703372716,12.906784715701582,11.500543779029144
2026-02-15 13:30:00,13.98,13.035653352141379,13.661099032610654,12.897701294931943,11.600294647301107
2026-02-15 13:45:00,14.24,13.118370133638381,13.743815814107656,12.983930163217718,11.719553865688086
2026-02-15 14:00:00,14.23,13.159808826446532,13.785254506915807,13.008468595827777,11.585149326578573
2026-02-15 14:15:00,14.39,13.225850372314452,13.851296052783727,13.080347621895626,11.71192848077793
2026-02-15 14:30:00,14.59,13.269472432136535,13.89491811260581,13.130818532096038,11.826811217733367
2026-02-15 14:45:00,14.54,13.2851309800148,13.910576660484075,13.154106722012816,11.921854396303793
2026-02-15 15:00:00,14.79,13.327146998643874,13.952592679113149,13.178434632401078,11.779829809455986
2026-02-15 15:15:00,14.85,12.834906693100928,13.460352373570203,12.73786562732338,11.825217230628356
2026-02-15 15:30:00,14.81,12.959850330352783,13.585296010822058,12.853055724538306,11.848677578118467
2026-02-15 15:45:00,14.87,12.908737892508505,13.53418357297778,12.807647086383575,11.856911834340702
2026-02-15 16:00:00,14.95,12.96053024470806,13.585975925177335,12.832712906815251,11.630620910370089
2026-02-15 16:15:00,14.96,12.973667944669723,13.599113625138997,12.845184420955391,11.636827103565526
2026-02-15 16:30:00,14.92,13.093252215385435,13.71869789585471,12.95519488889448,11.656798208433418
2026-02-15 16:45:00,14.8,13.124729915261268,13.750175595730543,12.987632776941792,11.698266440368704
2026-02-15 17:00:00,14.72,13.128285846114158,13.753731526583433,12.974962916854341,11.532996833275616
2026-02-15 17:15:00,14.71,13.25668353319168,13.882129213660955,13.100073369085043,11.627191615027307
2026-02-15 17:30:00,14.64,13.236609433293342,13.862055113762617,13.093201055266043,11.744478993832029
2026-02-15 17:45:00,14.64,13.315709438323973,13.941155118793247,13.177476791859915,11.877431268292298
2026-02-15 18:00:00,14.55,13.280481243133544,13.905926923602818,13.118546309950469,11.595586355272784
2026-02-15 18:15:00,14.64,13.388140481114386,14.01358616158366,13.228476206274587,11.72687125918908
2026-02-15 18:30:00,14.91,13.324030429720878,13.949476110190153,13.181288986016526,11.838839285007037
2026-02-15 18:45:00,15.27,13.320681090950965,13.94612677142024,13.186094280224003,11.92033698415485
2026-02-15 19:00:00,15.0,13.322838280200957,13.948283960670231,13.190470443175583,11.945582072801294
2026-02-15 19:15:00,14.94,13.304507477879524,13.929953158348798,13.1737410396915,11.943913448685876
2026-02-15 19:30:00,14.91,13.209681711792944,13.835127392262219,13.083527589580033,11.897077745366538
2026-02-15 19:45:00,14.58,13.112528954744338,13.737974635213613,12.987147736013705,11.807966867241197
2026-02-15 20:00:00,14.25,13.034471107721327,13.659916788190602,12.900813531573334,11.643795468135794
2026-02-15 20:15:00,14.11,13.026855500936508,13.652301181405782,12.87928109123472,11.491378481876609
2026-02-15 20:30:00,13.77,12.876510235071182,13.501955915540456,12.727060765495821,11.321523659096563
2026-02-15 20:45:00,13.76,12.773166083097458,13.398611763566732,12.616584478125024,11.143971316006509
2026-02-15 21:00:00,13.75,12.663321355581282,13.288767036050556,12.512977258077019,11.09902638644952
2026-02-15 21:15:00,13.39,12.69529784798622,13.320743528455495,12.5255439654463,10.92904863131675
2026-02-15 21:30:00,13.39,12.64313051700592,13.268576197475195,12.463036051385942,10.769289965800908
2026-02-15 21:45:00,13.16,12.366365046501159,12.991810726970433,12.198543783617701,10.620224282747591
2026-02-15 22:00:00,13.16,12.172883778214453,12.798329458683728,12.003327987926234,10.408695664826745
2026-02-15 22:15:00,13.01,11.969950214624404,12.595395895093679,11.806857495651993,10.273008837971231
2026-02-15 22:30:00,12.63,11.739472690820694,12.364918371289969,11.585487967936245,10.137297870991393
2026-02-15 22:45:00,12.44,11.532377570271493,12.157823250740767,11.384805696672268,9.99692693876219
2026-02-15 23:00:00,12.34,11.309855256676673,11.935300937145948,11.169110814544084,9.84544244356291
2026-02-15 23:15:00,12.01,11.191590486764907,11.817036167234182,11.046967542374755,9.686822770000205
2026-02-15 23:30:00,11.79,10.877997854948044,11.503443535417318,10.747340587165482,9.518539718143124
2026-02-15 23:45:00,11.55,10.69270881175995,11.318154492229224,10.56299849443603,9.343103471726298
2026-02-16 00:00:00,11.27,10.459046090841294,11.084491771310569,10.3307961984575,9.124636128774302
2026-02-16 00:15:00,11.02,10.322369862794876,10.94781554326415,10.19036997804366,8.948942112254525
2026-02-16 00:30:00,10.78,10.066251572966575,10.69169725343585,9.942783894809807,8.781599425012862
2026-02-16 00:45:00,10.78,9.859296538829804,10.48474221929908,9.740939357787859,8.627817911215024
2026-02-16 01:00:00,10.5,9.708007812201977,10.333453492671252,9.59292335972488,8.510581155461402
2026-02-16 01:15:00,10.17,9.484484729766846,10.109930410236121,9.379658774671352,8.393795325178383
2026-02-16 01:30:00,10.17,9.317413641512394,9.942859321981668,9.219298222231789,8.296545783560386
2026-02-16 01:45:00,9.93,9.124847887456417,9.750293567925691,9.037584445599828,8.216892301893681
2026-02-16 02:00:00,9.93,9.071142789721488,9.696588470190763,8.98447174584287,8.169350965769912
2026-02-16 02:15:00,9.87,8.887041297256946,9.51248697772622,8.812711996983227,8.11366241236944
2026-02-16 02:30:00,9.57,8.740694507956505,9.36614018842578,8.675602234346638,8.063424712683185
2026-02-16 02:45:00,9.54,8.547676656842231,9.173122337311506,8.49647896871401,8.014976755085964
2026-02-16 03:00:00,9.48,8.467441456615925,9.0928871370852,8.415205623141098,7.9239398967308805
2026-02-16 03:15:00,9.35,8.345931705236435,8.97137738570571,8.300566662155418,7.873919103184884
2026-02-16 03:30:00,9.4,8.335842299759388,8.961287980228663,8.286663358856512,7.824146988013489
2026-02-16 03:45:00,9.13,8.206688995063304,8.83213467553258,8.16544550211081,7.777560152587929
2026-02-16 04:00:00,9.18,8.158246689140796,8.78369236961007,8.116464502157083,7.723512861987433
2026-02-16 04:15:00,9.13,8.136196875572205,8.76164255604148,8.093881285612506,7.695913115925945
2026-02-16 04:30:00,9.1,8.088593673110008,8.714039353579283,8.049727723539537,7.684202610255722
2026-02-16 04:45:00,9.05,8.098135114312171,8.723580794781446,8.059050816391943,7.691472188240688
2026-02-16 05:00:00,9.04,8.111442262232304,8.736887942701578,8.059608807480416,7.572127358308
2026-02-16 05:15:00,9.12,8.240418690145017,8.865864370614291,8.180786195053926,7.619956606057386
2026-02-16 05:30:00,9.18,8.250326973795891,8.875772654265166,8.196057051019798,7.68566119320943
2026-02-16 05:45:00,9.2,8.335703628361225,8.9611493088305,8.280906169192397,7.7655489557005835
2026-02-16 06:00:00,9.23,8.447583500146866,9.07302918061614,8.381486265575823,7.7598573224691965
2026-02-16 06:15:00,9.38,8.603832205533982,9.229277886003256,8.53179442854329,7.854296081372004
2026-02-16 06:30:00,9.33,8.74551475405693,9.370960434526205,8.669024178067216,7.9496483037407835
2026-02-16 06:45:00,9.63,8.903658871054649,9.529104551523924,8.820962750063266,8.043225184724767
2026-02-16 07:00:00,9.88,9.099677259922029,9.725122940391303,9.021029794216744,8.281368879479942
2026-02-16 07:15:00,10.1,9.303573740720749,9.929019421190024,9.213899305052871,8.370532331688937
2026-02-16 07:30:00,9.95,9.496251280903817,10.121696961373091,9.396717295631138,8.460623577493159
2026-02-16 07:45:00,10.27,9.756491507291795,10.38193718776107,9.641056374705148,8.555416106501736
2026-02-16 08:00:00,10.34,10.025142224729061,10.650587905198336,9.930191989972178,9.03720736720091
2026-02-16 08:15:00,10.85,10.24237663000822,10.867822310477495,10.137692788594144,9.153165884845547
2026-02-16 08:30:00,11.19,10.451817136704921,11.077262817174196,10.339536676747194,9.283565362546023
2026-02-16 08:45:00,11.54,10.598968361616135,11.22441404208541,10.486459231539733,9.428337328662428
2026-02-16 09:00:00,11.87,10.833318071961402,11.458763752430677,10.719634230387706,9.650464442205408
2026-02-16 09:15:00,12.18,11.304389056563377,11.929834737032651,11.161105488912177,9.813557239706263
2026-02-16 09:30:00,12.41,11.576184996962548,12.201630677431822,11.422381411276264,9.975894867071302
2026-02-16 09:45:00,12.56,11.617667555212975,12.24311323568225,11.474572992099828,10.128802286114809
2026-02-16 10:00:00,12.86,11.806177170872688,12.431622851341963,11.66777692783751,10.36615519794219
2026-02-16 10:15:00,12.91,11.968079565763473,12.593525246232748,11.824512923175549,10.474302420777367
2026-02-16 10:30:00,12.98,12.135441793203352,12.760887473672627,11.983082163258445,10.550175683139807
2026-02-16 10:45:00,12.96,12.308079193830489,12.933524874299763,12.143046867872117,10.59095666274159
2026-02-16 11:00:00,13.3,12.413847972750663,13.039293653219937,12.267431307011682,10.890417007287974
2026-02-16 11:15:00,13.64,12.628166741132736,13.25361242160201,12.458932809351374,10.867327489798189
2026-02-16 11:30:00,13.56,12.705907624959945,13.33135330542922,12.524906329563656,10.822631723245735
2026-02-16 11:45:00,13.74,12.86036916732788,13.485814847797155,12.659163502209633,10.76687155132495
2026-02-16 12:00:00,13.73,12.897475086450576,13.522920766919851,12.696450626708415,10.805862869760938
2026-02-16 12:15:00,13.43,12.94589828968048,13.571343970149755,12.736131076155345,10.763319776434535
2026-02-16 12:30:00,13.37,13.065179747343063,13.690625427812337,12.842024030799003,10.743297009559035
2026-02-16 12:45:00,13.72,13.173334240317343,13.798779920786618,12.940715363888199,10.752989549945463
2026-02-16 13:00:00,13.87,13.210327665805815,13.83577334627509,12.968595214221349,10.695158369726544
2026-02-16 13:15:00,14.17,13.36490311682224,13.990348797291515,13.115541979438223,10.77035913949229
2026-02-16 13:30:00,14.29,13.363051570653914,13.988497251123189,13.12374813005657,10.87315556252008
2026-02-16 13:45:00,14.41,13.451986632347106,14.07743231281638,13.215889532466761,10.995451845147016
2026-02-16 14:00:00,14.47,13.50638261079788,14.131828291267155,13.298174985197067,11.34003124304306
2026-02-16 14:15:00,14.77,13.575496152639388,14.200941833108663,13.373120381027324,11.469823853812127
2026-02-16 14:30:00,14.91,13.623499096632003,14.248944777101277,13.427839301660484,11.587704954952308
2026-02-16 14:45:00,15.05,13.662311522960662,14.287757203429937,13.472342567942714,11.685729232343181
2026-02-16 15:00:00,15.17,13.70998618364334,14.335431864112614,13.489489973277859,11.415774982052538
2026-02-16 15:15:00,15.2,13.406456425786017,14.031902106255291,13.219777154469215,11.464102520247561
2026-02-16 15:30:00,15.09,13.512249967455864,14.137695647925138,13.31793796661327,11.490479306646403
2026-02-16 15:45:00,15.18,13.466045506596565,14.09149118706584,13.27724342189811,11.50160422717083
2026-02-16 16:00:00,15.17,13.507513207197189,14.132958887666463,13.294828545558934,11.29457933260473
2026-02-16 16:15:00,15.3,13.544606391191481,14.170052071660756,13.329225458056257,11.30361844591625
2026-02-16 16:30:00,15.19,13.666294788122176,14.29174046859145,13.44140702880572,11.326390552719309
2026-02-16 16:45:00,15.13,13.694061613082885,14.31950729355216,13.470756637927298,11.370625874555971
2026-02-16 17:00:00,14.97,13.686442468762397,14.311888149231672,13.448131615904174,11.206874102567992
2026-02-16 17:15:00,14.89,13.80426787674427,14.429713557213544,13.56394475139357,11.303762288611937
2026-02-16 17:30:00,14.79,13.79695508301258,14.422400763481855,13.568862303069317,11.423703361903865
2026-02-16 17:45:00,14.73,13.883932472467421,14.509378152936696,13.660509380358043,11.559267754820917
2026-02-16 18:00:00,14.82,13.838225389122961,14.463671069592236,13.623017621100422,11.599039186111632
2026-02-16 18:15:00,14.71,13.991634868383407,14.617080548852682,13.774543245754336,11.73284760132971
2026-02-16 18:30:00,15.11,13.929134395718574,14.554580076187849,13.729048929214622,11.84729218279338
2026-02-16 18:45:00,15.13,13.924087747335433,14.549533427804707,13.73255338545311,11.931217766524348
2026-02-16 19:00:00,15.01,13.968686167001723,14.594131847470997,13.727837056696147,11.462707829141207
2026-02-16 19:15:00,14.9,13.942003242969513,14.567448923438787,13.703781761683466,11.46336476696075
2026-02-16 19:30:00,14.79,13.892984318733214,14.518429999202489,13.655191027563504,11.41880106016189
2026-02-16 19:45:00,14.56,13.793817288875578,14.419262969344853,13.557203557256978,11.331907069966078
2026-02-16 20:00:00,14.1,13.73196560025215,14.357411280721426,13.52071036990321,11.533904621980277
2026-02-16 20:15:00,13.65,13.734969675540922,14.360415356010197,13.50897900061287,11.383589862637914
2026-02-16 20:30:00,13.61,13.603582770824431,14.229028451293706,13.374091281742219,11.21577781014291
2026-02-16 20:45:00,13.45,13.561021971702575,14.18646765217185,13.318746956518416,11.04020742899558
2026-02-16 21:00:00,13.1,13.437240061163902,14.062685741633176,13.191208285099517,10.877337305199996
2026-02-16 21:15:00,13.07,12.460130966901778,13.085576647371052,12.291850860423148,10.709216043474106
2026-02-16 21:30:00,12.78,12.4159004509449,13.041346131414175,12.236689178350986,10.55124931542284
2026-02-16 21:45:00,12.66,12.200688101053236,12.826133781522511,12.0280000806872,10.403909870499444
2026-02-16 22:00:00,12.57,12.044253321290014,12.66969900175929,11.899496428902225,10.538091907118439
2026-02-16 22:15:00,12.12,11.900313117504119,12.525758797973394,11.756502426662506,10.403996707845796
2026-02-16 22:30:00,12.0,11.729927712082864,12.355373392552139,11.589595933730171,10.269808568528152
2026-02-16 22:45:00,11.83,11.597485914230347,12.222931594699622,11.456531726086217,10.130890743205002
2026-02-16 23:00:00,11.5,11.394655646681786,12.02010132715106,11.249810464102746,9.887575593838744
2026-02-16 23:15:00,11.32,11.29567964375019,11.921125324219465,11.145228131913406,9.730267053755568
2026-02-16 23:30:00,11.11,11.07651162147522,11.701957301944494,10.93106973448827,9.563222999630483
2026-02-16 23:45:00,10.92,10.95049045085907,11.575936131328344,10.800411371036883,9.388952928369282
2026-02-17 00:00:00,10.92,10.73980119407177,11.365246874541045,10.592299833558796,9.205084234638123
2026-02-17 00:15:00,10.59,10.68122880101204,11.306674481481314,10.522568811074969,9.030408927261956
2026-02-17 00:30:00,10.25,10.47672421783209,11.102169898301364,10.321726596419232,8.864010427078533
2026-02-17 00:45:00,10.25,10.300054380297661,10.925500060766936,10.147340092023757,8.711098133747099
2026-02-17 01:00:00,9.97,10.214607328772544,10.840053009241819,10.089483539913472,8.912723738527822
2026-02-17 01:15:00,9.87,10.010105221867562,10.635550902336837,9.89348085406751,8.796656108425509
2026-02-17 01:30:00,9.87,9.931384440660477,10.556830121129751,9.813041005647008,8.700048837238514
2026-02-17 01:45:00,9.59,9.75572315454483,10.381168835014105,9.646661423704508,8.620961499711774
2026-02-17 02:00:00,9.59,9.724481762051582,10.349927442520857,9.584962000414365,8.27281146141092
2026-02-17 02:15:00,9.41,9.592003173828125,10.2174488542974,9.459903434434926,8.21753645922671
2026-02-17 02:30:00,9.35,9.464726885557175,10.09017256602645,9.34006371970098,8.16763596930518
2026-02-17 02:45:00,9.29,9.380016348958016,10.00546202942729,9.258863449949606,8.11944893353813
2026-02-17 03:00:00,9.07,9.29725428700447,9.922699967473745,9.170336826960204,7.976707970002568
2026-02-17 03:15:00,8.94,8.329149636030197,8.954595316499471,8.290479496724593,7.926795932921468
2026-02-17 03:30:00,8.9,8.356979782879353,8.982425463348628,8.310854476634603,7.877056821445642
2026-02-17 03:45:00,8.72,8.298990021944046,8.924435702413321,8.253956569247578,7.830427539843784
2026-02-17 04:00:00,8.67,8.2932829156518,8.918728596121074,8.239632705822853,7.7350651025055
2026-02-17 04:15:00,8.68,8.321998861432075,8.94744454190135,8.262917689572934,7.707273165885271
2026-02-17 04:30:00,8.63,8.341090233922005,8.96653591439128,8.279023099281682,7.695296298024209
2026-02-17 04:45:00,8.68,8.412884520292282,9.038330200761557,8.344583252010445,7.702225890308039
2026-02-17 05:00:00,8.67,8.478884323239326,9.1043300037086,8.407541872275793,7.736582902828585
2026-02-17 05:15:00,8.74,8.624794226884841,9.250239907354116,8.543978615761567,7.78392680338081
2026-02-17 05:30:00,8.68,8.71086742222309,9.336313102692365,8.628040658073932,7.849074424567689
2026-02-17 05:45:00,8.73,8.839679354727268,9.465125035196543,8.752090160154257,7.92833438877687
2026-02-17 06:00:00,8.73,8.974918282032013,9.600363962501287,8.87970350880513,7.984230963950834
2026-02-17 06:15:00,8.96,9.161938595175743,9.787384275645017,9.057752122164572,8.077902851249494
2026-02-17 06:30:00,9.3,9.345394487380982,9.970840167850257,9.23266013556445,8.172420075200067
2026-02-17 06:45:00,9.35,9.507825390100479,10.133271070569753,9.38838678943061,8.265094845639197
2026-02-17 07:00:00,9.53,9.734515274465084,10.359960954934358,9.597607602568809,8.310023153137795
2026-02-17 07:15:00,9.83,9.926066109538079,10.551511790007353,9.779218717145174,8.398153534561013
2026-02-17 07:30:00,9.83,10.123974957466126,10.749420637935401,9.966659821134371,8.487147969129808
2026-02-17 07:45:00,10.03,10.38290594190359,11.008351622372865,10.209704067069277,8.58078117648122
2026-02-17 08:00:00,10.33,10.625023019313812,11.250468699783086,10.445713932958643,8.759354154614611
2026-02-17 08:15:00,10.98,10.80428693175316,11.429732612222434,10.618770512160834,8.874032224870604
2026-02-17 08:30:00,11.3,10.99396181166172,11.619407492130994,10.80261975675276,9.003092739672153
2026-02-17 08:45:00,11.75,11.138820359706878,11.764266040176153,10.947335809445264,9.146468657092083
2026-02-17 09:00:00,12.11,11.322773629426957,11.948219309896231,11.169293923764359,9.725853394995939
2026-02-17 09:15:00,12.52,10.830478845834731,11.455924526304006,10.739843601508893,9.88744044872761
2026-02-17 09:30:00,12.71,11.081843395233154,11.707289075702429,10.982502025758782,10.048219813894905
2026-02-17 09:45:00,12.72,11.114518904685974,11.73996458515525,11.026578344624975,10.199518063484662
2026-02-17 10:00:00,12.71,11.262960976362228,11.888406656831503,11.21861346137383,10.801535514761499
2026-02-17 10:15:00,12.71,11.397852871418,12.023298551887274,11.350770969276473,10.9079767546981
2026-02-17 10:30:00,12.56,11.5488547039032,12.174300384372474,11.49438384292578,10.982098208598565
2026-02-17 10:45:00,12.51,11.694531837701797,12.319977518171072,11.629806826972919,11.02108332631402
2026-02-17 11:00:00,12.51,11.78000435948372,12.405450039952994,11.708618725702122,11.03725363200891
2026-02-17 11:15:00,12.53,11.96286806821823,12.588313748687504,11.871507765406308,11.01228560811872
2026-02-17 11:30:00,12.71,12.015769791603088,12.641215472072362,11.914845167020921,10.965672813296909
2026-02-17 11:45:00,12.52,12.152512525320052,12.777958205789327,12.032898718486022,10.907959001934355
2026-02-17 12:00:00,12.17,12.171131283044813,12.796576963514088,12.033192980075706,10.735915687839757
2026-02-17 12:15:00,12.07,12.228436530828475,12.85388221129775,12.080707583744662,10.691351586660378
2026-02-17 12:30:00,12.07,12.330890638828276,12.95633631929755,12.1711932728959,10.66927711186872
2026-02-17 12:45:00,11.64,12.418481436967848,13.043927117437123,12.251097338790556,10.676889269147802
2026-02-17 13:00:00,11.25,12.458857454061507,13.084303134530781,12.312574038807057,10.936812928545875
2026-02-17 13:15:00,11.36,12.588443045616149,13.213888726085424,12.436727851250337,11.009882136162695
2026-02-17 13:30:00,11.36,12.599542417526244,13.224988097995519,12.45643318700167,11.110524537462382
2026-02-17 13:45:00,11.6,12.667839496135711,13.293285176604986,12.529711140934712,11.230646452163732
2026-02-17 14:00:00,11.71,12.727167506814002,13.352613187283277,12.540615078042752,10.786133368124874
2026-02-17 14:15:00,12.06,12.792638801932334,13.418084482401609,12.612056009868141,10.913717328944172
2026-02-17 14:30:00,12.42,12.847332640886306,13.47277832135558,12.672609155450193,11.029375875080245
2026-02-17 14:45:00,12.69,12.892424900531768,13.517870581001043,12.72257396472732,11.12516586747471
2026-02-17 15:00:00,12.21,12.934316397905349,13.559762078374623,12.735962204386025,10.870487673138348
2026-02-17 15:15:00,12.43,11.810463249087334,12.435908929556609,11.724550762392521,10.916564034198071
2026-02-17 15:30:00,12.49,11.932000239491462,12.557445919960736,11.836725068637028,10.940684498302916
2026-02-17 15:45:00,12.53,11.877252629995345,12.50269831046462,11.78809131880348,10.949550160434324
2026-02-17 16:00:00,12.7,11.916493805646896,12.54193948611617,11.874344698007132,11.477942255377972
2026-02-17 16:15:00,12.78,11.944451657533644,12.569897338002919,11.900267210530583,11.484722879961927
2026-02-17 16:30:00,12.83,12.057562237977981,12.683007918447256,12.00447867065024,11.505240206765563
2026-02-17 16:45:00,13.0,12.10502606153488,12.730471742004156,12.051416066349462,11.547226672294801
2026-02-17 17:00:00,13.0,12.095183222293853,12.720628902763128,12.043138234532263,11.553667367162438
2026-02-17 17:15:00,13.07,12.210193459391594,12.835639139860868,12.156192403518915,11.64832517568965
2026-02-17 17:30:00,13.11,12.210938464403151,12.836384144872426,12.16818016483193,11.766048415387472
2026-02-17 17:45:00,13.05,12.276977180242538,12.902422860711813,12.240689241279428,11.899409711333115
2026-02-17 18:00:00,12.9,12.226932370662688,12.852378051131963,12.187526309233276,11.81692157096648
2026-02-17 18:15:00,13.19,12.375777013897896,13.00122269436717,12.334717545059902,11.948562899045953
2026-02-17 18:30:00,13.48,12.335349348783492,12.960795029252766,12.30896838645796,12.060861641372727
2026-02-17 18:45:00,13.8,12.335338028669357,12.960783709138632,12.31682023836879,12.142664776526592
2026-02-17 19:00:00,13.99,12.374035131335257,12.999480811804531,12.36449068329136,12.274727394576347
2026-02-17 19:15:00,13.7,12.348869810104368,12.974315490573643,12.341608253638064,12.273315023206381
2026-02-17 19:30:00,13.65,12.301058600544929,12.926504281014203,12.293913135476462,12.226711717333291
2026-02-17 19:45:00,13.27,12.221449190378188,12.846894870847462,12.213410634088461,12.137809903090927
2026-02-17 20:00:00,13.04,12.171650593280791,12.797096273750066,12.162923136829182,12.080843461858922
2026-02-17 20:15:00,12.82,12.150531505346297,12.775977185815572,12.129200799403428,11.92859052762675
2026-02-17 20:30:00,12.53,12.070522353649139,12.695968034118414,12.040570284749373,11.758878122363868
2026-02-17 20:45:00,12.44,12.015570982098579,12.641016662567854,11.973847423696103,11.581447171541818
2026-02-17 21:00:00,12.3,11.91092855453491,12.536374235004185,11.86707953001681,11.454689769017845
2026-02-17 21:15:00,12.07,11.84301211476326,12.468457795232535,11.789361805377716,11.284793265753962
2026-02-17 21:30:00,11.88,11.810495086908341,12.435940767377616,11.744621583237544,11.12509677661956
2026-02-17 21:45:00,11.8,11.629369723200798,12.254815403670072,11.566581678059116,10.976074883115917
2026-02-17 22:00:00,11.65,11.474453253746033,12.099898934215307,11.406914512779977,10.771728541113411
2026-02-17 22:15:00,11.42,11.332261300086975,11.95770698055625,11.265348645500653,10.636050868961341
2026-02-17 22:30:00,11.47,11.166587184667588,11.792032865136862,11.102553604323562,10.500332843789225
2026-02-17 22:45:00,11.2,11.037506753206253,11.662952433675528,10.972385881271798,10.359939399092758
2026-02-17 23:00:00,10.93,10.855979525446893,11.481425205916167,10.778457728819426,10.04938346696868
2026-02-17 23:15:00,10.69,10.737556273937226,11.363001954406501,10.65616629723216,9.89071271166251
2026-02-17 23:30:00,10.69,10.534921985864639,11.160367666333913,10.456827332984652,9.722365492831768
2026-02-17 23:45:00,10.56,10.402588082849979,11.028033763319254,10.320343525764777,9.546852812742646
2026-02-18 00:00:00,10.14,10.2084438803792,10.833889560848474,10.12569787824718,9.347491192514516
2026-02-18 00:15:00,9.88,10.124291920661927,10.749737601131201,10.032738365648008,9.1716987168593
2026-02-18 00:30:00,9.93,9.92445794582367,10.549903626292945,9.836016723941725,9.004247836145971
2026-02-18 00:45:00,9.76,9.756094595789909,10.381540276259184,9.669043580813165,8.850349261942835
2026-02-18 01:00:00,9.54,9.653073774576187,10.278519455045462,9.564161878821745,8.727966413971615
2026-02-18 01:15:00,9.57,9.453195226788521,10.078640907257796,9.372256655571084,8.61104843242858
2026-02-18 01:30:00,9.57,9.342631672024726,9.968077352494001,9.262959410712314,8.513660534352859
2026-02-18 01:45:00,9.37,9.178719249367713,9.804164929836988,9.107131292303052,8.433863395725066
2026-02-18 02:00:00,9.13,9.115844859182834,9.741290539652109,9.05113330867023,8.442536398179161
2026-02-18 02:15:00,9.08,8.986957577168942,9.612403257638217,8.92926658071221,8.386696329673622
2026-02-18 02:30:00,9.08,8.85887791454792,9.484323595017194,8.808653487929162,8.336304569857587
2026-02-18 02:45:00,8.94,8.7580588555336,9.383504536002874,8.712852843773302,8.28770093696521
2026-02-18 03:00:00,8.96,8.664307792782784,9.289753473252059,8.617825333051078,8.180668733330402
2026-02-18 03:15:00,8.96,8.056417309939862,8.681862990409137,8.06353659922911,8.130491840326052
2026-02-18 03:30:00,8.9,8.061732103526593,8.687177783995867,8.063542112677869,8.080564822977667
2026-02-18 03:45:00,8.75,8.00232272952795,8.627768409997225,8.005350428519023,8.03382522532527
2026-02-18 04:00:00,8.88,7.956857967376709,8.582303647845984,7.952963605995845,7.916338053278351
2026-02-18 04:15:00,8.59,7.953715574443341,8.579161254912616,7.947456622950601,7.888592656452794
2026-02-18 04:30:00,8.6,7.9490916615724565,8.574537342041731,7.942138098331787,7.876741471738021
2026-02-18 04:45:00,8.61,7.98447798460722,8.609923665076495,7.974809174034129,7.883876284985815
2026-02-18 05:00:00,8.61,8.012550098896027,8.637995779365301,7.999854954267737,7.880460105313995
2026-02-18 05:15:00,8.67,8.10445456802845,8.729900248497724,8.087511817700774,7.928169236307413
2026-02-18 05:30:00,8.7,8.156585462391376,8.782031142860651,8.140936571535216,7.993762434117242
2026-02-18 05:45:00,8.79,8.241008751094341,8.866454431563616,8.224914174223924,8.073548464680476
2026-02-18 06:00:00,8.84,8.328944458961487,8.954390139430762,8.315706514004994,8.191206755647261
2026-02-18 06:15:00,9.13,8.477106357812882,9.102552038282157,8.458697436950976,8.285565866570057
2026-02-18 06:30:00,9.35,8.618856473267078,9.244302153736353,8.595981797714341,8.380850854944386
2026-02-18 06:45:00,9.46,8.753565123975276,9.379010804444551,8.726732099939003,8.474373820802604
2026-02-18 07:00:00,9.79,8.949279638528823,9.574725318998098,8.933678910186995,8.786957729887074
2026-02-18 07:15:00,10.0,9.104380767345429,9.729826447814704,9.082440417296555,8.876096586109307
2026-02-18 07:30:00,10.0,9.27104150146246,9.896487181931734,9.241741244255854,8.966179217519056
2026-02-18 07:45:00,10.05,9.484576705694199,10.110022386163473,9.443864903573758,9.060979981256846
2026-02-18 08:00:00,10.44,9.691603905558587,10.317049586027862,9.61086125077341,8.851495575590983
2026-02-18 08:15:00,10.72,9.84865315526724,10.474098835736514,9.763965553849973,8.967498583561419
2026-02-18 08:30:00,11.06,10.04652132153511,10.671967002004385,9.955355455797099,9.09796193345225
2026-02-18 08:45:00,11.62,10.182363044917583,10.807808725386858,10.092063543325349,9.242817971976928
2026-02-18 09:00:00,11.35,10.334060003161431,10.959505683630706,10.317391384837473,10.160626950455088
2026-02-18 09:15:00,11.23,10.589415600299835,11.21486128076911,10.563891815091402,10.323846619158948
2026-02-18 09:30:00,11.45,10.822529295682907,11.447974976152182,10.790217598396987,10.486333686094437
2026-02-18 09:45:00,11.33,10.888480988144874,11.513926668614149,10.864543194008592,10.639413871037485
2026-02-18 10:00:00,11.44,11.029620878696441,11.655066559165716,10.968148208966262,10.390012210352866
2026-02-18 10:15:00,11.85,11.15460201382637,11.780047694295645,11.091532740249395,10.498381058025553
2026-02-18 10:30:00,11.81,11.312954845428466,11.938400525897741,11.24198222670084,10.574501442436793
2026-02-18 10:45:00,11.99,11.455441829562186,12.080887510031461,11.374720533136102,10.615555728296792
2026-02-18 11:00:00,11.94,11.544988884925843,12.170434565395118,11.49982831121081,11.075103738530087
2026-02-18 11:15:00,12.2,11.704874884486198,12.330320564955473,11.642160059165883,11.05234187941918
2026-02-18 11:30:00,12.28,11.770525886416435,12.39597156688571,11.697239848289621,11.008001898761242
2026-02-18 11:45:00,12.43,11.894163465499878,12.519609145969152,11.803672499157779,10.952626246875097
2026-02-18 12:00:00,12.39,11.917745385766029,12.543191066235304,11.846168192855787,11.173001530618071
2026-02-18 12:15:00,12.34,11.968686606884,12.594132287353276,11.888167299909751,11.13090215835103
2026-02-18 12:30:00,12.03,12.062721379995345,12.68816706046462,11.971285593978495,11.111353534904438
2026-02-18 12:45:00,12.4,12.143786132335661,12.769231812804936,12.04553931978702,11.121551158337336
2026-02-18 13:00:00,12.32,12.183860751390457,12.809306431859731,12.095608405173667,11.265615848579516
2026-02-18 13:15:00,12.77,12.296773229837417,12.922218910306691,12.204951049041126,11.341385037957968
2026-02-18 13:30:00,12.86,12.303076410889624,12.928522091358898,12.220585917278385,11.444782229080467
2026-02-18 13:45:00,12.82,12.35657880783081,12.982024488300084,12.280760970858555,11.567712048743122
2026-02-18 14:00:00,12.83,12.395887196660041,13.021332877129316,12.298003763772686,11.37743310255969
2026-02-18 14:15:00,13.08,12.45280826807022,13.078253948539494,12.361995804689652,11.50792594838582
2026-02-18 14:30:00,12.96,12.493698642849921,13.119144323319196,12.410356299224942,11.62654116202823
2026-02-18 14:45:00,13.12,12.538031747341154,13.16347742781043,12.459923494180615,11.725333746588316
2026-02-18 15:00:00,9.83,12.554994938373564,13.18044061884284,12.474879974019082,11.721417579685866
2026-02-18 15:15:00,10.79,12.230936861038208,12.856382541507482,12.18669230463995,11.770582659348982
2026-02-18 15:30:00,10.73,12.335582826137541,12.961028506606816,12.283899691980636,11.797831972644165
2026-02-18 15:45:00,12.69,12.31574574112892,12.941191421598194,12.26712560046473,11.809864614420151
2026-02-18 16:00:00,10.72,12.353793352246283,12.979239032715558,12.294344386537858,11.735240848213737
2026-02-18 16:15:00,12.88,12.374358462095259,12.999804142564534,12.313895790545379,11.745258587236108
2026-02-18 16:30:00,13.06,12.481220339536666,13.10666602000594,12.412773298061683,11.769044973767915
2026-02-18 16:45:00,12.75,12.528098347187042,13.153544027656316,12.459498235912994,11.814330326165594
2026-02-18 17:00:00,13.05,12.515589621067045,13.14103530153632,12.44116044553926,11.74117155765462
2026-02-18 17:15:00,12.95,12.612598754167555,13.23804443463683,12.538265761660494,11.83918145246064
2026-02-18 17:30:00,12.99,12.627999061942099,13.253444742411373,12.563824717574976,11.960280104515284
2026-02-18 17:45:00,12.88,12.692145196199416,13.31759087666869,12.634949547778787,12.097037928499182
2026-02-18 18:00:00,13.09,12.652901190519332,13.278346870988607,12.588798922504738,11.985932170586088
2026-02-18 18:15:00,12.9,12.767547768950461,13.392993449419736,12.70540871725329,12.121005552993177
2026-02-18 18:30:00,14.11,12.7338973146677,13.359342995136975,12.68611664898092,12.236750727629408
2026-02-18 18:45:00,14.43,12.731503818035124,13.356949498504399,12.692147674019385,12.322012397286118
2026-02-18 19:00:00,14.29,12.760912059545516,13.386357740014791,12.719103249766327,12.325901228467693
2026-02-18 19:15:00,14.07,12.733964527845382,13.359410208314657,12.694943962331285,12.32796472246794
2026-02-18 19:30:00,14.06,12.679042164087294,13.304487844556569,12.641155707168263,12.284842491865465
2026-02-18 19:45:00,13.78,12.605542078018187,13.230987758487462,12.56651020776192,12.199424649457672
2026-02-18 20:00:00,13.29,12.546477967500685,13.17192364796996,12.510289177679699,12.169942122092234
2026-02-18 20:15:00,13.05,12.526761158704756,13.152206839174031,12.47816907851603,12.021171994642513
2026-02-18 20:30:00,12.98,12.425719942450522,13.051165622919797,12.370862228209033,11.854938329932631
2026-02-18 20:45:00,12.83,12.382226648926734,13.007672329396009,12.31482993850694,11.68097973071815
2026-02-18 21:00:00,12.63,12.269465577006338,12.894911257475613,12.188261654548054,11.424557865403905
2026-02-18 21:15:00,12.31,11.976534983515739,12.601980663985014,11.907487674777501,11.258113978073528
2026-02-18 21:30:00,12.3,11.943318231105803,12.568763911575077,11.862445526901519,11.101856767523874
2026-02-18 21:45:00,12.33,11.796808361411095,12.42225404188037,11.716023272235066,10.956258511588487
2026-02-18 22:00:00,11.99,11.653886967897416,12.27933264836669,11.56924097064373,10.773165277727108
2026-02-18 22:15:00,11.93,11.517592793703079,12.143038474172354,11.433331426479853,10.640873088523316
2026-02-18 22:30:00,11.78,11.359510229825974,11.984955910295248,11.27772153085755,10.508518056192353
2026-02-18 22:45:00,11.44,11.246227017641068,11.871672698110343,11.162153597501442,10.371462857655407
2026-02-18 23:00:00,11.17,11.070516206026078,11.695961886495352,10.985886284090192,10.18996177575609
2026-02-18 23:15:00,10.94,10.938862571120263,11.564308251589537,10.851951475912442,10.03457306955556
2026-02-18 23:30:00,10.67,10.759167786836624,11.384613467305899,10.673659722058073,9.869476486854005
2026-02-18 23:45:00,10.41,10.627946438789367,11.253392119258642,10.538490731582483,9.697180847942775
2026-02-19 00:00:00,10.44,10.440820707082748,11.066266387552023,10.34558230351323,9.449887520845015
2026-02-19 00:15:00,9.92,10.3425281560421,10.967973836511375,10.240143360615344,9.277238443573546
2026-02-19 00:30:00,9.84,10.151412791609765,10.77685847207904,10.051600652616678,9.11289096416828
2026-02-19 00:45:00,9.83,9.986030169129371,10.611475849598646,9.887615983088129,8.962053713311757
2026-02-19 01:00:00,9.55,9.883384680449963,10.508830360919237,9.785670096822637,8.866687423181858
2026-02-19 01:15:00,9.6,9.676791536211967,10.302237216681242,9.58798116223708,8.752740485842754
2026-02-19 01:30:00,9.29,9.561626355051995,10.18707203552127,9.474805472412577,8.658275494040817
2026-02-19 01:45:00,9.0,9.397228228747846,10.02267390921712,9.318814436867859,8.58135116949095
2026-02-19 02:00:00,8.92,9.321130883991719,9.946576564460994,9.250630943334894,8.587595585138818
2026-02-19 02:15:00,8.93,9.190199260115623,9.815644940584898,9.127182282076891,8.534522427088778
2026-02-19 02:30:00,8.74,9.051686343550681,9.677132024019956,8.99739924387968,8.486841841413224
2026-02-19 02:45:00,8.67,8.952989452183246,9.57843513265252,8.903771846502924,8.440891842523133
2026-02-19 03:00:00,8.47,8.841216060221196,9.466661740690471,8.781057758486487,8.21528308169206
2026-02-19 03:15:00,8.48,7.939872136116028,8.565317816585303,7.961762814607534,8.167639496481943
2026-02-19 03:30:00,8.35,7.933903959691524,8.5593496401608,7.951807211856767,8.12018308709386
2026-02-19 03:45:00,8.42,7.859905788600445,8.48535146906972,7.880660123951341,8.07584976589001
2026-02-19 04:00:00,8.42,7.805374676287174,8.430820356756449,7.846931990430473,8.237768754432789
2026-02-19 04:15:00,8.37,7.7845145359635355,8.409960216432811,7.825628557845996,8.212296262410634
2026-02-19 04:30:00,8.32,7.764848313927651,8.390293994396925,7.806925259830226,8.202649038295704
2026-02-19 04:45:00,8.27,7.784865105748176,8.410310786217451,7.825909024765027,8.21191742836889
2026-02-19 05:00:00,8.27,7.801365587115288,8.426811267584563,7.82429685797249,8.039960066268026
2026-02-19 05:15:00,8.32,7.876589868068695,8.50203554853797,7.8970677960690985,8.089657891895598
2026-02-19 05:30:00,8.34,7.906069214046002,8.531514894515277,7.930202020709231,8.157165390623529
2026-02-19 05:45:00,8.38,7.975511392951012,8.600957073420288,8.000815060168351,8.23879009817284
2026-02-19 06:00:00,8.42,8.047706128358842,8.673151808828116,8.045498084377687,8.024731950132493
2026-02-19 06:15:00,9.05,8.164448696672917,8.789894377142192,8.160251227675786,8.120775019127224
2026-02-19 06:30:00,9.12,8.297323842644692,8.922769523113967,8.289667844488042,8.217664982743042
2026-02-19 06:45:00,9.43,8.426843989789486,9.05228967025876,8.415874875400618,8.312712934835032
2026-02-19 07:00:00,9.27,8.61180298089981,9.237248661369085,8.553884819739809,8.009178138102877
2026-02-19 07:15:00,9.5,8.762332906126977,9.387778586596252,8.698645383735073,8.099679216837336
2026-02-19 07:30:00,9.42,8.910108859837056,9.53555454030633,8.840999421839951,8.191041414070995
2026-02-19 07:45:00,9.7,9.124477507472038,9.749923187941313,9.04399138317926,8.28703831693425
2026-02-19 08:00:00,9.91,9.314494820833206,9.93994050130248,9.277788122587284,8.932570260090758
2026-02-19 08:15:00,10.5,9.478955561518669,10.104401241987944,9.437690325369703,9.049600486198658
2026-02-19 08:30:00,10.93,9.682916425466537,10.308362105935812,9.634677877649002,9.18100568256522
2026-02-19 08:45:00,11.31,9.823370034098625,10.4488157145679,9.775636868188386,9.326717671061866
2026-02-19 09:00:00,11.58,9.976361022889614,10.60180670335889,9.978923470134172,10.003022683705478
2026-02-19 09:15:00,11.58,10.115058598816395,10.74050427928567,10.120043486645756,10.166925184087109
2026-02-19 09:30:00,11.73,10.350730993747712,10.976176674216987,10.348739309392137,10.330007986531305
2026-02-19 09:45:00,12.28,10.443078362345696,11.068524042814971,10.446972556554535,10.483596537058443
2026-02-19 10:00:00,12.01,10.595477521419525,11.2209232018888,10.591148314646436,10.550433143303637
2026-02-19 10:15:00,12.12,10.720653221011162,11.346098901480437,10.714740720963091,10.65913504880672
2026-02-19 10:30:00,12.33,10.896853627562523,11.522299308031798,10.881346025908263,10.735500680198754
2026-02-19 10:45:00,12.69,11.028392646312714,11.653838326781988,11.004203703129786,10.776712382452681
2026-02-19 11:00:00,12.72,11.14164755821228,11.767093238681555,11.131571802609226,11.036811691279684
2026-02-19 11:15:00,12.38,11.301490399837494,11.926936080306769,11.273862805746218,11.014031782149004
2026-02-19 11:30:00,12.36,11.358939271569252,11.984384952038527,11.32151862462768,10.969586242590522
2026-02-19 11:45:00,12.71,11.47485087275505,12.100296553224325,11.420949306663863,10.914017756826585
2026-02-19 12:00:00,12.85,11.513835223317146,12.139280903786421,11.369031336870425,10.007184847016777
2026-02-19 12:15:00,12.82,11.541116698384284,12.166562378853559,11.389609414107133,9.964719044496707
2026-02-19 12:30:00,12.75,11.650487396121026,12.2759330765903,11.486546198104133,9.944717794597508
2026-02-19 12:45:00,12.79,11.73373480796814,12.359180488437415,11.562721068815565,9.954377079599698
2026-02-19 13:00:00,12.89,11.764545328617096,12.389991009086371,11.700061317402373,11.093604360483852
2026-02-19 13:15:00,13.22,11.880502210259436,12.505947890728711,11.812087715595846,11.168665486407262
2026-02-19 13:30:00,13.18,11.881415601968763,12.506861282438038,11.82277469153626,11.271270723003555
2026-02-19 13:45:00,13.46,11.940031152963638,12.565476833432912,11.887487367494609,11.393325425018368
2026-02-19 14:00:00,13.39,11.959347512722013,12.584793193191288,11.924792344450687,11.599809115261445
2026-02-19 14:15:00,13.36,12.022495354413985,12.64794103488326,11.994312841697516,11.729262938963709
2026-02-19 14:30:00,13.24,12.071948688030242,12.697394368499516,12.050305701687561,11.846758506208282
2026-02-19 14:45:00,13.34,12.111562012434005,12.73700769290328,12.095491468439038,11.944351782435932
2026-02-19 15:00:00,13.34,12.123891031742096,12.74933671221137,12.104302570684528,11.920077702226326
2026-02-19 15:15:00,13.43,12.64134972155094,13.266795402020215,12.576623370314456,11.967887262496854
2026-02-19 15:30:00,13.79,12.729428699612617,13.354874380081892,12.658718395479601,11.993704618273693
2026-02-19 15:45:00,13.79,12.759313093423842,13.384758773893116,12.68674220291079,12.004230048465828
2026-02-19 16:00:00,13.72,12.80540364563465,13.430849326103925,12.716779702571543,11.883292365048401
2026-02-19 16:15:00,13.77,12.828597851991653,13.454043532460927,12.738548559739954,11.891656148382605
2026-02-19 16:30:00,13.78,12.958994246721266,13.584439927190541,12.858532864146227,11.913717192530962
2026-02-19 16:45:00,13.91,12.973793880939482,13.599239561408757,12.876089925412666,11.957207206557138
2026-02-19 17:00:00,13.8,12.982311559319495,13.60775723978877,12.872899639256563,11.8439062680001
2026-02-19 17:15:00,13.78,13.059993720054626,13.6854394005239,12.95234991018848,11.939985199420711
2026-02-19 17:30:00,13.8,13.091344776153564,13.716790456622839,12.992134707947438,12.059087353625472
2026-02-19 17:45:00,13.91,13.136577122211456,13.76202280268073,13.045965520877719,12.193784724875604
2026-02-19 18:00:00,14.09,13.109345880150794,13.734791560620069,13.005868123405449,12.032684162259317
2026-02-19 18:15:00,14.31,13.214868446588515,13.84031412705779,13.114020962469105,12.165574096651602
2026-02-19 18:30:00,14.47,13.1452476221323,13.770693302601575,13.062000112559572,12.279076867316494
2026-02-19 18:45:00,14.62,13.154430357217787,13.779876037687062,13.078273764620581,12.362038925537869
2026-02-19 19:00:00,14.69,13.159975798130034,13.785421478599309,13.086755577138772,12.398136622288098
2026-02-19 19:15:00,14.93,13.123433054685592,13.748878735154866,13.053691779309657,12.397791489619719
2026-02-19 19:30:00,14.45,13.050574677586555,13.67602035805583,12.983454872853153,12.352208897908435
2026-02-19 19:45:00,14.3,12.940168896913526,13.565614577382801,12.875209423390736,12.264280855307698
2026-02-19 20:00:00,13.73,12.832549986839293,13.457995667308568,12.775564051141377,12.23962473068822
2026-02-19 20:15:00,13.43,12.82695643544197,13.452402115911244,12.75595954985348,12.088250541471321
2026-02-19 20:30:00,13.43,12.696708617210387,13.322154297679662,12.621998637645975,11.919368853850308
2026-02-19 20:45:00,13.2,12.63153872013092,13.256984400600194,12.546114546613083,11.742720288982332
2026-02-19 21:00:00,12.91,12.477283062338827,13.102728742808102,12.390444096106952,11.573744045801947
2026-02-19 21:15:00,12.97,12.548999522924422,13.174445203393697,12.43900500783203,11.404532467367158
2026-02-19 21:30:00,12.71,12.502671955823898,13.128117636293172,12.381842686577992,11.2454718319555
2026-02-19 21:45:00,12.71,12.334858338832854,12.960304019302129,12.215891516127968,11.097036533121017
2026-02-19 22:00:00,12.53,12.175137188434599,12.800582868903874,12.056811411023219,10.943985308208777
2026-02-19 22:15:00,12.24,12.0247544246912,12.650200105160474,11.907888816964489,10.808795266559047
2026-02-19 22:30:00,12.25,11.85780255138874,12.483248231858015,11.743980917578122,10.673515225820397
2026-02-19 22:45:00,12.01,11.696335273385047,12.321780953854322,11.584576358173354,10.533510049625798
2026-02-19 23:00:00,11.94,11.515009685158729,12.140455365628004,11.411110424338869,10.433962316522209
2026-02-19 23:15:00,11.56,11.374171192646028,11.999616873115302,11.268585827623697,10.27558030640463
2026-02-19 23:30:00,11.57,11.163442315459251,11.788887995928526,11.061953213663498,10.107472084527522
2026-02-19 23:45:00,11.3,11.002859421372413,11.628305101841688,10.89995361394446,9.932148701588913
2026-02-20 00:00:00,10.99,10.801585669517518,11.427031349986793,10.703960603313162,9.785819819978267
2026-02-20 00:15:00,10.71,10.689619128108024,11.315064808577299,10.585868428521549,9.610117504158843
2026-02-20 00:30:00,10.48,10.471446922123432,11.096892602592707,10.372574959085851,9.442707404341675
2026-02-20 00:45:00,10.43,10.29281445980072,10.918260140269995,10.196318855658168,9.288800397331487
2026-02-20 01:00:00,10.19,10.186019795536994,10.81146547600627,10.05610219798675,8.834257753506904
2026-02-20 01:15:00,10.05,9.96571976184845,10.591165442317724,9.845727982442686,8.717233522764255
2026-02-20 01:30:00,9.83,9.832986471056937,10.458432151526212,9.716376853452548,8.61969082993106
2026-02-20 01:45:00,9.85,9.644948408901692,10.270394089370967,9.538722290114299,8.53969063045913
2026-02-20 02:00:00,9.62,9.563773639202118,10.189219319671393,9.462513050855044,8.51018103695073
2026-02-20 02:15:00,9.54,9.423427925407887,10.048873605877162,9.330260456356266,8.4540423256835
2026-02-20 02:30:00,9.54,9.281304953694343,9.906750634163618,9.19692050957255,8.403304662336325
2026-02-20 02:45:00,9.27,9.156381126642227,9.781826807111502,9.07929405264972,8.354308254921074
2026-02-20 03:00:00,9.27,9.027994405925273,9.653440086394548,8.952833159812515,8.245959320280953
2026-02-20 03:15:00,9.19,8.26276353418827,8.888209214657545,8.256279356115913,8.195297186616786
2026-02-20 03:30:00,9.19,8.256778731346131,8.882224411815406,8.246020261759119,8.144839386005064
2026-02-20 03:45:00,8.9,8.179682386517525,8.8051280669868,8.17178615519235,8.097523957007375
2026-02-20 04:00:00,8.9,8.134762051105499,8.760207731574774,8.118997307550428,7.970733602751205
2026-02-20 04:15:00,8.86,8.123723524808884,8.749169205278159,8.106289237171527,7.942323863004782
2026-02-20 04:30:00,8.62,8.106895467638969,8.732341148108244,8.08987148385175,7.929764920879903
2026-02-20 04:45:00,8.63,8.127231345176696,8.752677025645971,8.108866471566325,7.936149155224873
2026-02-20 05:00:00,8.67,8.162210144102573,8.787655824571848,8.136626373776856,7.896017031926638
2026-02-20 05:15:00,8.72,8.251036249697208,8.876481930166483,8.221420545396006,7.942891812937045
2026-02-20 05:30:00,8.67,8.294853227734565,8.92029890820384,8.26724631132553,8.007609756465792
2026-02-20 05:45:00,8.7,8.374391887187958,8.999837567657233,8.34672075944023,8.08648031204449
2026-02-20 06:00:00,8.73,8.471669165492058,9.097114845961332,8.4394927165947,8.136880783572137
2026-02-20 06:15:00,8.81,8.606781095266342,9.232226775735617,8.570592388421096,8.23024611320096
2026-02-20 06:30:00,9.05,8.749272324442863,9.374718004912138,8.70844746601003,8.32449927566929
2026-02-20 06:45:00,9.28,8.903339077830315,9.52878475829959,8.856592615776064,8.416953136313056
2026-02-20 07:00:00,9.5,9.108687717020512,9.734133397489787,9.02894561031172,8.278989854429032
2026-02-20 07:15:00,9.87,9.286351248323918,9.911796928793192,9.197991362187834,8.366987417949307
2026-02-20 07:30:00,9.77,9.45367951542139,10.079125195890665,9.357782524673532,8.45589388451228
2026-02-20 07:45:00,10.2,9.695518542528152,10.320964222997427,9.585373419676015,8.549484448658173
2026-02-20 08:00:00,10.43,9.905522932410241,10.530968612879516,9.849742433142133,9.325139958756836
2026-02-20 08:15:00,11.06,10.103500762283803,10.728946442753077,10.039719071657826,9.439867274669783
2026-02-20 08:30:00,11.39,10.317112377285957,10.942558057755232,10.245213695450415,9.56902350549399
2026-02-20 08:45:00,11.67,10.475292577147483,11.100738257616758,10.401984751638953,9.712541896910553
2026-02-20 09:00:00,11.67,10.64525135576725,11.270697036236525,10.609475175147804,10.27300861204288
2026-02-20 09:15:00,12.27,10.723651636242867,11.349097316712141,10.69589326643549,10.434832327990694
2026-02-20 09:30:00,12.72,10.973566503524781,11.599012183994056,10.937268632095444,10.595895689640695
2026-02-20 09:45:00,12.24,11.068107851743699,11.693553532212974,11.037296728885451,10.747525366095452
2026-02-20 10:00:00,12.43,11.253581554293632,11.879027234762907,11.244639466037302,11.16054122943143
2026-02-20 10:15:00,12.6,11.395802515745164,12.021248196214438,11.383462624663494,11.26740885174953
2026-02-20 10:30:00,12.55,11.579386466741562,12.204832147210837,11.556571693362635,11.342004116446597
2026-02-20 10:45:00,12.54,11.726774352788926,12.3522200332582,11.693591096419846,11.381510375956788
2026-02-20 11:00:00,12.74,11.852501200437546,12.47794688090682,11.804841325124587,11.356611408825367
2026-02-20 11:15:00,12.61,12.041226605772971,12.666672286242246,11.973087832975752,11.332258703082413
2026-02-20 11:30:00,12.6,12.105969168543815,12.73141484901309,12.027191684259256,11.286307975368603
2026-02-20 11:45:00,12.62,12.23848808467388,12.863933765143155,12.141495464754104,11.229302689955526
2026-02-20 12:00:00,12.48,12.287007508873938,12.912453189343212,12.190032465981393,11.278004998989282
2026-02-20 12:15:00,12.14,12.302136133909224,12.927581814378499,12.199500958819232,11.234241279941447
2026-02-20 12:30:00,12.24,12.428594543933867,13.054040224403142,12.311765179607072,11.213012489852309
2026-02-20 12:45:00,12.46,12.530856917500495,13.15630259796977,12.405016325064615,11.221515154652588
2026-02-20 13:00:00,12.4,12.563971788883208,13.189417469352483,12.453322530924787,11.412692287819905
2026-02-20 13:15:00,12.6,12.712586492300032,13.338032172769307,12.594770616981013,11.486740023401092
2026-02-20 13:30:00,12.57,12.700413124561308,13.325858805030583,12.593538140758342,11.588404058264052
2026-02-20 13:45:00,12.5,12.789524355530737,13.414970036000012,12.68573207084998,11.709590048457596
2026-02-20 14:00:00,12.77,12.805983093976973,13.431428774446248,12.689475434358831,11.593748301714452
2026-02-20 14:15:00,12.9,12.880582646131515,13.50602832660079,12.769277525873283,11.722479052116977
2026-02-20 14:30:00,12.91,12.937715262174605,13.56316094264388,12.832149137957483,11.839324571985376
2026-02-20 14:45:00,12.89,12.984753166437148,13.610198846906423,12.883990457537712,11.936340882722394
2026-02-20 15:00:00,13.14,13.006404299736023,13.631849980205297,12.903810579999458,11.938940778969116
2026-02-20 15:15:00,12.87,12.228962916135787,12.854408596605062,12.205642498824039,11.986319459662306
2026-02-20 15:30:00,13.12,12.323591287732123,12.949036968201398,12.29362304939681,12.011778817273512
2026-02-20 15:45:00,12.97,12.343977398276328,12.969423078745603,12.313034031094771,12.022018941551847
2026-02-20 16:00:00,12.87,12.411990766525268,13.037436446994542,12.358864305784147,11.85922243943643
2026-02-20 16:15:00,13.08,12.432700915336607,13.058146595805882,12.378374321972585,11.867445490613353
2026-02-20 16:30:00,12.97,12.581510890722274,13.206956571191549,12.514995852386832,11.889437563155887
2026-02-20 16:45:00,13.25,12.604493552446364,13.229939232915639,12.539949698544996,11.932929935235366
2026-02-20 17:00:00,13.09,12.62692506611347,13.252370746582745,12.536921988653983,11.690464216546301
2026-02-20 17:15:00,13.09,12.71127406656742,13.336719747036694,12.622412141070749,11.786686634740487
2026-02-20 17:30:00,13.71,12.738709778189659,13.364155458658933,12.658678384929745,11.90600195708254
2026-02-20 17:45:00,13.99,12.787907701730727,13.413353382200002,12.716120765014011,12.040981511614376
2026-02-20 18:00:00,14.09,12.762547108530997,13.387992789000272,12.684409005068153,11.94953852240435
2026-02-20 18:15:00,14.15,12.883472105264662,13.508917785733937,12.8065241222182,12.082846442118782
2026-02-20 18:30:00,14.43,12.808201836347578,13.433647516816853,12.74944337540995,12.196833872027904
2026-02-20 18:45:00,14.44,12.828185375332831,13.453631055802106,12.775532670898047,12.280346371169857
2026-02-20 19:00:00,14.6,12.841069787740706,13.46651546820998,12.775553128643766,12.159384361302475
2026-02-20 19:15:00,14.35,12.81219076156616,13.437636442035435,12.749481758756778,12.159718338355756
2026-02-20 19:30:00,14.41,12.71958232283592,13.345028003305195,12.661464268307506,12.114877636561522
2026-02-20 19:45:00,13.84,12.605406236648559,13.230851917117834,12.549888107088519,12.02775315809045
2026-02-20 20:00:00,13.76,12.480652918815611,13.106098599284886,12.428453628290066,11.937531579721849
2026-02-20 20:15:00,13.42,12.482026897668838,13.107472578138113,12.41523575616212,11.787080781553014
2026-02-20 20:30:00,13.25,12.350891157984732,12.976336838454007,12.280566586900425,11.619180538281748
2026-02-20 20:45:00,13.2,12.277836093902586,12.90328177437186,12.19765495131357,11.443570166251664
2026-02-20 21:00:00,12.75,12.120698759555815,12.74614444002509,12.038230200528485,11.262632801932565
2026-02-20 21:15:00,12.8,12.170746399164198,12.796192079633473,12.067315172172048,11.094568812409536
2026-02-20 21:30:00,12.54,12.112902738451957,12.738348418921232,11.999858912695432,10.936708322722883
2026-02-20 21:45:00,12.3,11.978583924174307,12.604029604643582,11.864303619915264,10.789524240483038
2026-02-20 22:00:00,12.04,11.828313654065132,12.453759334534407,11.714578866290537,10.644929941072851
2026-02-20 22:15:00,12.04,11.676745108366013,12.302190788835288,11.564714081991498,10.511088631966244
2026-02-20 22:30:00,11.76,11.515644319057465,12.14108999952674,11.406229002502842,10.377203688040987
2026-02-20 22:45:00,11.76,11.344403537511825,11.9698492179811,11.238128649384755,10.238638325561922
2026-02-20 23:00:00,11.41,11.185792465806008,11.811238146275283,11.070655349854185,9.98781785799893
2026-02-20 23:15:00,11.22,11.014729268550873,11.640174949020148,10.900957425708066,9.83096000629029
2026-02-20 23:30:00,10.94,10.824886001944542,11.450331682413816,10.713353398686369,9.664415500826372
2026-02-20 23:45:00,10.95,10.652150257825852,11.277595938295127,10.54052287572063,9.490693605098949
2026-02-21 00:00:00,10.52,10.469202355742455,11.09464803621173,10.350301570041545,9.2320676495231
2026-02-21 00:15:00,10.57,10.343800253868103,10.969245934337378,10.220225775764318,9.058036877588199
2026-02-21 00:30:00,9.95,10.12380940079689,10.749255081266165,10.005452198247205,8.892330549399144
2026-02-21 00:45:00,9.67,9.95492815554142,10.580373836010695,9.838176787893804,8.740157638559591
2026-02-21 01:00:00,9.6,9.835650942921639,10.461096623390914,9.686762333518102,8.28649998510387
2026-02-21 01:15:00,9.36,9.61031982600689,10.235765506476165,9.472012505577245,8.171264690928814
2026-02-21 01:30:00,9.4,9.470888565182687,10.096334245651962,9.33678143339356,8.075535404899991
2026-02-21 01:45:00,9.37,9.289373365044593,9.914819045513868,9.165199267379409,7.997371088276681
2026-02-21 02:00:00,9.13,9.18268588811159,9.808131568580865,9.067981970746857,7.9892186097019975
2026-02-21 02:15:00,9.15,9.05280597358942,9.678251654058695,8.945369494150501,7.934954677280531
2026-02-21 02:30:00,8.91,8.913569277226925,9.5390149576962,8.814820182978572,7.886108180294689
2026-02-21 02:45:00,8.87,8.800969870686531,9.426415551155806,8.708516785555496,7.839017267611512
2026-02-21 03:00:00,8.58,8.659858987927437,9.285304668396712,8.57571381272708,7.784348233413802
2026-02-21 03:15:00,8.66,7.569482246637344,8.194927927106619,7.5854491410732106,7.735614027354407
2026-02-21 03:30:00,8.61,7.566184202134609,8.191629882603884,7.577804651074884,7.687092239883201
2026-02-21 03:45:00,8.33,7.480944450199604,8.10639013066888,7.496396444158136,7.641718812569902
2026-02-21 04:00:00,8.42,7.433027645200491,8.058473325669766,7.444430012109949,7.5516665907178115
2026-02-21 04:15:00,8.46,7.412480753660202,8.037926434129478,7.423314613753176,7.525204519481702
2026-02-21 04:30:00,8.16,7.394449757486582,8.019895437955856,7.405996694318729,7.5145929190423395
2026-02-21 04:45:00,8.17,7.404304447472096,8.029750127941371,7.415704764143208,7.522922060741708
2026-02-21 05:00:00,8.18,7.431464231312275,8.05690991178155,7.4513955724904335,7.6388451478271815
2026-02-21 05:15:00,8.16,7.518253246992827,8.143698927462102,7.534534288467523,7.687653653752191
2026-02-21 05:30:00,8.26,7.530855894684792,8.156301575154068,7.55233073750357,7.754296582692893
2026-02-21 05:45:00,8.26,7.591547271609307,8.216992952078582,7.614953281028541,7.835081293827367
2026-02-21 06:00:00,8.42,7.669594506025314,8.295040186494589,7.688509086947711,7.8663962712512525
2026-02-21 06:15:00,8.46,7.791485249996185,8.41693093046546,7.807839546875825,7.961647862012143
2026-02-21 06:30:00,8.6,7.9249890160560605,8.550434696525336,7.937750595016968,8.057770243241634
2026-02-21 06:45:00,8.94,8.06071506202221,8.686160742491484,8.069495575039673,8.152074234531291
2026-02-21 07:00:00,9.05,8.249624419212342,8.875070099681617,8.248578913009673,8.238746173107698
2026-02-21 07:15:00,9.38,8.406457171738149,9.031902852207423,8.398969491178539,8.328549616840409
2026-02-21 07:30:00,9.23,8.5619375243783,9.187383204847574,8.548222587949564,8.419236836997975
2026-02-21 07:45:00,9.51,8.772199800610542,9.397645481079817,8.747440110923247,8.51458105362913
2026-02-21 08:00:00,9.9,8.971831074655055,9.59727675512433,8.98595299726143,9.11876635747846
2026-02-21 08:15:00,10.47,9.148889333605766,9.77433501407504,9.157183414048566,9.235187289598867
2026-02-21 08:30:00,10.84,9.380723148584366,10.00616882905364,9.379308518001459,9.366004250132356
2026-02-21 08:45:00,11.37,9.515393593907357,10.140839274376631,9.51498560904737,9.511148607409353
2026-02-21 09:00:00,11.77,9.67852422118187,10.303969901651145,9.724693685043949,10.158906632236695
2026-02-21 09:15:00,12.14,9.883991367816925,10.5094370482862,9.926115328404913,10.322281268927439
2026-02-21 09:30:00,12.53,10.118258299827575,10.74370398029685,10.1534918720699,10.484855331025598
2026-02-21 09:45:00,12.7,10.220805091261864,10.846250771731139,10.26089716926916,10.637953732079456
2026-02-21 10:00:00,13.07,10.39029903769493,11.015744718164205,10.455392009951911,11.067576102227102
2026-02-21 10:15:00,13.42,10.508230925500394,11.133676605969669,10.572393110647852,11.175823369106784
2026-02-21 10:30:00,13.49,10.685682558417321,11.311128238886596,10.740087314378368,11.251751246576429
2026-02-21 10:45:00,13.34,10.820658646821975,11.44610432729125,10.866011217502413,11.292541476479373
2026-02-21 11:00:00,13.45,10.941669251918793,11.567114932388067,10.991556908325787,11.460738581774072
2026-02-21 11:15:00,13.63,11.11492006123066,11.740365741699934,11.145929683804473,11.437567889726312
2026-02-21 11:30:00,13.74,11.148217469453812,11.773663149923086,11.171719055540882,11.392745944418234
2026-02-21 11:45:00,13.75,11.26369466125965,11.889140341728925,11.27072222084308,11.336814765634347
2026-02-21 12:00:00,13.76,11.308228697776794,11.933674378246069,11.31135469515735,11.340753965193969
2026-02-21 12:15:00,13.61,11.314843889474869,11.940289569944143,11.313220302352484,11.297950847382378
2026-02-21 12:30:00,13.7,11.432102584242822,12.057548264712096,11.417255668797557,11.277623921470596
2026-02-21 12:45:00,13.8,11.51055592775345,12.136001608222724,11.48906697739785,11.286968454143238
2026-02-21 13:00:00,13.86,11.522488743066788,12.147934423536062,11.524800935701283,11.546546563532257
2026-02-21 13:15:00,14.16,11.638054373264312,12.263500053733587,11.63644532394174,11.621312593559153
2026-02-21 13:30:00,14.08,11.640777568221093,12.266223248690368,11.648740639020968,11.72363144674287
2026-02-21 13:45:00,14.31,11.696551063060761,12.321996743530036,11.710857648744156,11.84540772176231
2026-02-21 14:00:00,14.29,11.708844707012176,12.33429038748145,11.705404880145077,11.673054117609516
2026-02-21 14:15:00,14.46,11.777076694965363,12.402522375434637,11.779495435951347,11.802243125964758
2026-02-21 14:30:00,14.73,11.825414997339248,12.450860677808523,11.8344555209055,11.919479518446263
2026-02-21 14:45:00,14.68,11.848015605211257,12.473461285680532,11.864239217538266,12.01681847519797
2026-02-21 15:00:00,14.55,11.87318587899208,12.498631559461355,11.900627827544652,12.158712898519672
2026-02-21 15:15:00,14.91,13.019117495417595,13.64456317588687,12.940995400331733,12.20627547268782
2026-02-21 15:30:00,14.81,13.123900716900824,13.749346397370099,13.038165726735635,12.231848311649822
2026-02-21 15:45:00,14.8,13.156910877227782,13.782356557697057,13.068991543538106,12.242130891427031
2026-02-21 16:00:00,14.95,13.223184485435485,13.84863016590476,13.106951328477807,12.0138058287839
2026-02-21 16:15:00,15.11,13.236548587679861,13.861994268149136,13.119811598608784,12.02192767640464
2026-02-21 16:30:00,14.89,13.381084512472151,14.006530192941426,13.252553160565007,12.043746030272342
2026-02-21 16:45:00,14.97,13.395272860527037,14.020718540996311,13.269534211116088,12.08699179087353
2026-02-21 17:00:00,14.65,13.413215241432189,14.038660921901464,13.2557157411046,11.77446998908712
2026-02-21 17:15:00,14.44,13.520171924829482,14.145617605298757,13.361602957269035,11.870299117497009
2026-02-21 17:30:00,14.65,13.512968794703482,14.138414475172757,13.366514613082687,11.989147485315367
2026-02-21 17:45:00,14.61,13.570842878222464,14.19628855869174,13.431747317133597,12.123586284502801
2026-02-21 18:00:00,14.52,13.535254561901091,14.160700242370366,13.379083626002773,11.910332709924731
2026-02-21 18:15:00,14.52,13.637487927675245,14.26293360814452,13.484237387665443,12.042952107954983
2026-02-21 18:30:00,14.33,13.516333698630332,14.141779379099606,13.385609308798283,12.156177172689604
2026-02-21 18:45:00,14.5,13.529143115282057,14.154588795751332,13.405133628029228,12.23885357113344
2026-02-21 19:00:00,14.75,13.491969275474547,14.117414955943822,13.376190259182831,12.287315845624919
2026-02-21 19:15:00,14.49,13.457244117856025,14.0826897983253,13.344740152093774,12.286666818376274
2026-02-21 19:30:00,14.46,13.326481234431265,13.95192691490054,13.22213373668486,12.240770066012683
2026-02-21 19:45:00,14.25,13.174301402568815,13.79974708303809,13.076097879159896,12.152516841886396
2026-02-21 20:00:00,14.03,13.02795072197914,13.653396402448415,12.94349027724471,12.149159662124223
2026-02-21 20:15:00,13.51,13.02553812265396,13.650983803123236,12.926727421739368,11.997436022851211
2026-02-21 20:30:00,13.61,12.827086616754531,13.452532297223806,12.73108300870911,11.82819165794383
2026-02-21 20:45:00,13.29,12.690022674798964,13.315468355268239,12.590178399294725,11.651166474518408
2026-02-21 21:00:00,13.09,12.533182493448257,13.158628173917531,12.41443661026774,11.297659511515928
2026-02-21 21:15:00,12.79,12.428804673552513,13.054250354021788,12.303788552204596,11.128041338434764
2026-02-21 21:30:00,12.51,12.372621532082556,12.998067212551831,12.237677257632107,10.968558099329645
2026-02-21 21:45:00,12.64,12.142834535241127,12.768280215710401,12.015666738629086,10.81968352513815
2026-02-21 22:00:00,12.1,11.961044114828109,12.586489795297384,11.834782728518274,10.647324090704917
2026-02-21 22:15:00,12.12,11.768970078229904,12.394415758699179,11.648130193374753,10.511659501444436
2026-02-21 22:30:00,12.09,11.552911549806595,12.17835723027587,11.439787876887305,10.37588634313139
2026-02-21 22:45:00,11.86,11.362573735713958,11.988019416183233,11.254238287263677,10.235368878306081
2026-02-21 23:00:00,11.43,11.155516820549964,11.78096250101924,11.046439389038161,10.02059180392342
2026-02-21 23:15:00,11.15,11.012241673469543,11.637687353938817,10.901659236371065,9.861657427735706
2026-02-21 23:30:00,10.85,10.732050453424455,11.35749613389373,10.63218519864997,9.692975968771927
2026-02-21 23:45:00,10.86,10.553033460974694,11.178479141443969,10.453466047701951,9.51705794708664
2026-02-22 00:00:00,10.36,10.335563455820084,10.96100913628936,10.236242889088281,9.302156322124855
2026-02-22 00:15:00,10.12,10.182460327148437,10.807906007617712,10.080906346717954,9.125815049283716
2026-02-22 00:30:00,9.84,9.942896996736527,10.568342677205802,9.848214041071301,8.957743115285089
2026-02-22 00:45:00,9.66,9.749618075489998,10.375063755959273,9.65865329625087,8.803150945126498
2026-02-22 01:00:00,9.41,9.606900090277195,10.23234577074647,9.506082801025883,8.557919910840113
2026-02-22 01:15:00,9.46,9.37466405749321,10.000109737962484,9.28484929569949,8.440162588130887
2026-02-22 01:30:00,9.18,9.208578880429268,9.834024560898543,9.125278906512884,8.341862246458899
2026-02-22 01:45:00,9.13,9.030604753494263,9.656050433963538,8.956645822669536,8.26107947560164
2026-02-22 02:00:00,8.88,8.95074594706297,9.576191627532245,8.870456644433817,8.115354639636873
2026-02-22 02:15:00,8.88,8.771795460283757,9.397241140753032,8.703229474356567,8.05838250546906
2026-02-22 02:30:00,8.6,8.626210656166077,9.251656336635351,8.566677823510894,8.00678553628049
2026-02-22 02:45:00,8.55,8.46185356527567,9.087299245744944,8.413322924762209,7.956903666582133
2026-02-22 03:00:00,8.39,8.354346087574958,8.979791768044233,8.297257551334337,7.760353296911719
2026-02-22 03:15:00,8.39,7.518579054027796,8.144024734497071,7.536856604115259,7.708752663264843
2026-02-22 03:30:00,8.39,7.520969720631838,8.146415401101113,7.534075236447909,7.657329529891228
2026-02-22 03:45:00,8.21,7.408208294957876,8.033653975427152,7.42750843949942,7.609021758945025
2026-02-22 04:00:00,8.16,7.368443387150765,7.9938890676200405,7.3721468499111875,7.40697704600845
2026-02-22 04:15:00,8.11,7.348754348009825,7.9742000284791,7.351519059039128,7.377520515927513
2026-02-22 04:30:00,7.88,7.322583659142256,7.948029339611532,7.326553353463777,7.363887394767586
2026-02-22 04:45:00,7.94,7.353245780169964,7.97869146063924,7.354776252565119,7.369169985428953
2026-02-22 05:00:00,7.86,7.379421421587467,8.004867102056743,7.380314022949826,7.388708728796442
2026-02-22 05:15:00,7.9,7.528438696563244,8.153884377032519,7.519403231849479,7.434426811626357
2026-02-22 05:30:00,7.84,7.5305757218599325,8.156021402329207,7.5274410807609495,7.49796051858576
2026-02-22 05:45:00,7.9,7.640288499295711,8.265734179764987,7.634073157141826,7.575619326217729
2026-02-22 06:00:00,8.03,7.750022501945495,8.375468182414771,7.742125871260762,7.667859917193068
2026-02-22 06:15:00,7.92,7.901288942098618,8.526734622567893,7.887705715163046,7.759958661012669
2026-02-22 06:30:00,7.96,8.065112572610378,8.690558253079653,8.044718588295673,7.852917963087106
2026-02-22 06:45:00,8.29,8.239145884811878,8.864591565281152,8.210784353178838,7.944050819645259
2026-02-22 07:00:00,8.43,8.45049736827612,9.075943048745394,8.406324342121165,7.990887421942421
2026-02-22 07:15:00,8.65,8.663545100092888,9.288990780562163,8.607221394316726,8.077510190501513
2026-02-22 07:30:00,8.65,8.853291791975499,9.478737472444774,8.787141663593088,8.165015266632734
2026-02-22 07:45:00,9.04,9.123322148323059,9.748767828792333,9.040077203505664,8.257178079183184
2026-02-22 08:00:00,9.54,9.403525395989417,10.028971076458692,9.359661114102842,8.947127861142366
2026-02-22 08:15:00,10.11,9.612335160076618,10.237780840545893,9.559286420997527,9.060375508598737
2026-02-22 08:30:00,10.4,9.849878911375999,10.475324591845274,9.786268406011704,9.188026566141929
2026-02-22 08:45:00,10.85,9.984484973549844,10.609930654019118,9.921583949591325,9.330014615451754
2026-02-22 09:00:00,11.4,10.221480760574341,10.846926441043616,10.177389916032933,9.76272589459804
2026-02-22 09:15:00,11.96,10.06838895201683,10.693834632486105,10.054412767385562,9.922970038542497
2026-02-22 09:30:00,12.31,10.35404920220375,10.979494882673025,10.32794391374345,10.082429816514036
2026-02-22 09:45:00,12.41,10.409750531315805,11.03519621178508,10.392708512283308,10.23243233207204
2026-02-22 10:00:00,12.76,10.606218894720078,11.231664575189352,10.630051371815096,10.854190212786806
2026-02-22 10:15:00,13.11,10.745652985572814,11.371098666042089,10.766194721840508,10.959384919411267
2026-02-22 10:30:00,13.19,10.940202589631081,11.565648270100356,10.949052626153222,11.032285137852323
2026-02-22 10:45:00,13.13,11.101653594970703,11.727099275439977,11.098618558002013,11.070074749242389
2026-02-22 11:00:00,13.31,11.2235089635849,11.848954644054174,11.241470413522983,11.410393625123806
2026-02-22 11:15:00,13.42,11.449566690325737,12.075012370795012,11.443292262461249,11.384282744327653
2026-02-22 11:30:00,13.44,11.462244510650635,12.08769019111991,11.45016441535724,11.336553960720302
2026-02-22 11:45:00,13.73,11.615274058580399,12.240719739049673,11.582834814616024,11.277751355805384
2026-02-22 12:00:00,13.36,11.65091473042965,12.276360410898924,11.605041827492933,11.173617966043265
2026-02-22 12:15:00,13.36,11.670137699246407,12.295583379715682,11.618034900661673,11.128020336098997
2026-02-22 12:30:00,13.4,11.78805083811283,12.413496518582106,11.722397216425168,11.104940348135814
2026-02-22 12:45:00,13.46,11.886611534357069,12.512057214826344,11.812122939520702,11.111575227016033
2026-02-22 13:00:00,13.6,11.895728471279144,12.521174151748419,11.865137549219423,11.577437123141802
2026-02-22 13:15:00,13.85,12.043634252548216,12.66907993301749,12.005762355273557,11.64958607000122
2026-02-22 13:30:00,14.07,12.029344023466109,12.654789703935384,12.002432594772046,11.749336938272233
2026-02-22 13:45:00,14.02,12.091300423145293,12.716746103614568,12.069896357661685,11.868596156660686
2026-02-22 14:00:00,14.13,12.12472872018814,12.750174400657414,12.087471637285873,11.737077536563255
2026-02-22 14:15:00,14.37,12.198370307683943,12.823815988153218,12.166220266400133,11.86385669077113
2026-02-22 14:30:00,14.53,12.244216769933699,12.869662450402974,12.218701792125465,11.97873942772012
2026-02-22 14:45:00,14.65,12.249590994119643,12.875036674588918,12.232694082780645,12.073782606293108
2026-02-22 15:00:00,14.78,12.298546242713927,12.923991923183202,12.27592629284852,12.063190985248859
2026-02-22 15:15:00,14.73,13.346641650199889,13.972087330669163,13.227651622927795,12.108578406424641
2026-02-22 15:30:00,14.96,13.481910646557807,14.107356327027082,13.352174710911907,12.13203875391014
2026-02-22 15:45:00,14.9,13.421166206598281,14.046611887067556,13.298059800567346,12.140273010131938
2026-02-22 16:00:00,15.03,13.466252806186676,14.09169848665595,13.320966175490089,11.954579589522268
2026-02-22 16:15:00,15.1,13.458815491199493,14.084261171668768,13.314840135526262,11.96078578270224
2026-02-22 16:30:00,14.92,13.56806166768074,14.193507348150014,13.415506101538107,11.980756887569875
2026-02-22 16:45:00,15.06,13.555800569057464,14.181246249526739,13.408408918846739,12.022225119511615
2026-02-22 17:00:00,14.9,13.57096173942089,14.196407419890164,13.400856638527275,11.801058178398213
2026-02-22 17:15:00,14.87,13.694849068522451,14.320294748991726,13.521890222445343,11.895252960151211
2026-02-22 17:30:00,14.77,13.63662972152233,14.262075401991606,13.480538794103678,12.012540338956528
2026-02-22 17:45:00,14.73,13.700896839499473,14.326342519968748,13.55140722964722,12.145492613385972
2026-02-22 18:00:00,14.58,13.65224228143692,14.277687961906194,13.474024508231969,11.797928273356456
2026-02-22 18:15:00,14.58,13.712759611606597,14.338205292075871,13.541343296705415,11.929213177271706
2026-02-22 18:30:00,14.67,13.585520113706588,14.210965794175863,13.437093989261172,12.041181203087858
2026-02-22 18:45:00,14.87,13.57929829597473,14.204743976444005,13.43930287792336,12.122678902233327
2026-02-22 19:00:00,15.05,13.49982118964195,14.125266870111226,13.360558021733588,12.050820686391551
2026-02-22 19:15:00,15.09,13.471982198953627,14.097427879422902,13.335234260090711,12.049152062264463
2026-02-22 19:30:00,14.91,13.30930366873741,13.934749349206685,13.183689362346708,12.002316358960382
2026-02-22 19:45:00,14.43,13.170886973142622,13.796332653611897,13.050011439664134,11.913205480816945
2026-02-22 20:00:00,14.16,13.04023729085922,13.665682971328495,12.92210434029667,11.811091728636866
2026-02-22 20:15:00,13.93,13.046429393291472,13.671875073760747,12.913052552821604,11.658674742399446
2026-02-22 20:30:00,13.6,12.820455152392386,13.44590083286166,12.692471938721155,11.48881991959886
2026-02-22 20:45:00,13.64,12.614447470307349,13.239893150776624,12.489199093954495,11.311267576496514
2026-02-22 21:00:00,13.35,12.497977645993231,13.123423326462506,12.35912893688654,11.053289489081187
2026-02-22 21:15:00,13.2,12.623316779732702,13.248762460201977,12.456085219557421,10.883311733942104
2026-02-22 21:30:00,12.84,12.548684682250022,13.174130362719296,12.373271623510218,10.723553068427211
2026-02-22 21:45:00,12.87,12.240529242753981,12.865974923223256,12.080406270814574,10.574487385406448
2026-02-22 22:00:00,12.67,12.03973588824272,12.665181568711995,11.877553619075814,10.352267527650959
2026-02-22 22:15:00,12.47,11.795179679989815,12.42062536045909,11.643460826748257,10.216580700794884
2026-02-22 22:30:00,12.18,11.554636452198029,12.180082132667303,11.412993007975835,10.080869733813959
2026-02-22 22:45:00,11.91,11.33165708899498,11.957102769464255,11.197953125654522,9.94049880158348
2026-02-22 23:00:00,11.58,11.097496283054351,11.722941963523626,10.960958029625607,9.676847873983496
2026-02-22 23:15:00,11.3,10.988689468502999,11.614135148972274,10.847363710493541,9.518228200433198
2026-02-22 23:30:00,10.97,10.657024274468423,11.282469954937698,10.531401143647871,9.349945148574573
2026-02-22 23:45:00,10.68,10.460364884138107,11.085810564607382,10.336781505717218,9.174508902152368
2026-02-23 00:00:00,10.44,10.232377431690693,10.857823112159968,10.088944909292717,8.739995775731948
2026-02-23 00:15:00,10.3,10.08627614736557,10.711721827834845,9.939999473000036,8.564301759213459
2026-02-23 00:30:00,9.92,9.832975858449936,10.458421538919211,9.69496055313724,8.396959071973065
2026-02-23 00:45:00,9.87,9.62189959526062,10.247345275729895,9.489390877618005,8.243177558177866
2026-02-23 01:00:00,9.51,9.46778720766306,10.093232888132334,9.349836367276202,8.240536458981055
2026-02-23 01:15:00,9.51,9.265523299574852,9.890968980044127,9.155787741289814,8.123750628683773
2026-02-23 01:30:00,9.17,9.088158690035343,9.713604370504617,8.986122975976295,8.026501087083483
2026-02-23 01:45:00,9.22,8.915864784121514,9.541310464590788,8.82273272394687,7.94684760543286
2026-02-23 02:00:00,9.06,8.879636173844338,9.505081854313612,8.775321923558604,7.794270937433253
2026-02-23 02:15:00,8.98,8.695493292212486,9.32093897268176,8.603524763438639,7.7385823840519565
2026-02-23 02:30:00,8.73,8.558324639201164,9.183770319670439,8.474711028124322,7.688344684353021
2026-02-23 02:45:00,8.73,8.37008316874504,8.995528849214315,8.299905086097105,7.639896726764066
2026-02-23 03:00:00,8.53,8.323694048523903,8.949139728993178,8.217537187787347,7.219156883808753
2026-02-23 03:15:00,8.5,7.809074584841729,8.434520265311004,7.747570215576205,7.16913609028957
2026-02-23 03:30:00,8.43,7.79575081050396,8.421196490973236,7.730743398001088,7.119363975087071
2026-02-23 03:45:00,8.43,7.660593600273132,8.286039280742408,7.604098669962047,7.072777139672978
2026-02-23 04:00:00,8.25,7.606658916473389,8.232104596942664,7.561991666495086,7.141906687513885
2026-02-23 04:15:00,8.17,7.584051587283612,8.209497267752887,7.53890451704956,7.114306941431034
2026-02-23 04:30:00,8.23,7.534858439415694,8.16030411988497,7.493313818927156,7.102596435761938
2026-02-23 04:45:00,8.1,7.533090202212334,8.158535882681608,7.492414204454801,7.1098660137488
2026-02-23 05:00:00,8.04,7.544604173302651,8.170049853771927,7.505055350256842,7.133107972569602
2026-02-23 05:15:00,8.37,7.698133928775787,8.323579609245062,7.648426249661718,7.18093722031738
2026-02-23 05:30:00,8.13,7.692853803038597,8.318299483507872,7.649968451431041,7.246641807471267
2026-02-23 05:45:00,8.39,7.785950775444507,8.411396455913783,7.741795889137721,7.326529569963977
2026-02-23 06:00:00,8.36,7.91037014991045,8.535815830379725,7.861677441302973,7.403733970821905
2026-02-23 06:15:00,8.55,8.071107634305955,8.69655331477523,8.016042967564928,7.498172729711758
2026-02-23 06:30:00,8.62,8.230535876750947,8.855981557220222,8.16931287568152,7.593524952093
2026-02-23 06:45:00,9.0,8.399753541648389,9.025199222117664,8.331260718955111,7.687101833072385
2026-02-23 07:00:00,9.2,8.60598868727684,9.231434367746115,8.524126801622659,7.754235023393594
2026-02-23 07:15:00,9.45,8.830200527906419,9.455646208375693,8.735359166848054,7.843398475601011
2026-02-23 07:30:00,9.5,9.029206365644932,9.654652046114206,8.923897243485376,7.933489721410164
2026-02-23 07:45:00,9.74,9.30763341665268,9.933079097121954,9.184675214858911,8.028282250412019
2026-02-23 08:00:00,10.04,9.61423835426569,10.239684034734966,9.539232545069652,8.833820553176464
2026-02-23 08:15:00,10.66,9.834998621344566,10.46044430181384,9.7499203355722,8.949779070824524
2026-02-23 08:30:00,11.05,10.063572950959205,10.68901863142848,9.969059098493702,9.080178548522756
2026-02-23 08:45:00,11.5,10.197361134886743,10.822806815356017,10.103902931677425,9.224950514640852
2026-02-23 09:00:00,11.96,10.46567614018917,11.091121820658445,10.41306263318479,9.918244976069166
2026-02-23 09:15:00,12.31,11.056462991833687,11.681908672302962,10.962743889116819,10.08133777358304
2026-02-23 09:30:00,12.77,11.35120763361454,11.976653314083816,11.244762917452974,10.243675400914295
2026-02-23 09:45:00,13.23,11.39882993876934,12.024275619238615,11.302504155255368,10.396582819993622
2026-02-23 10:00:00,13.37,11.60536400616169,12.230809686630964,11.523753105202738,10.756221778993242
2026-02-23 10:15:00,13.6,11.77433864235878,12.399784322828054,11.686881630055074,10.864369001827301
2026-02-23 10:30:00,13.64,11.965716491937636,12.59116217240691,11.867158355315635,10.940242264188676
2026-02-23 10:45:00,13.7,12.14503275990486,12.770478440374134,12.033160022574727,10.981023243777585
2026-02-23 11:00:00,13.75,12.267755532264708,12.893201212733983,12.192529422977957,11.485045560552745
2026-02-23 11:15:00,13.9,12.496527256369589,13.121972936838864,12.397094810162653,11.461956043052963
2026-02-23 11:30:00,13.93,12.574024050235748,13.199469730705022,12.462847699854338,11.417260276499036
2026-02-23 11:45:00,13.92,12.736893607378004,13.362339287847279,12.60470479454589,11.361500104597399
2026-02-23 12:00:00,14.0,12.784507422447204,13.409953102916479,12.664690177837603,11.537837176861304
2026-02-23 12:15:00,13.83,12.821614049077033,13.447059729546307,12.694141684749889,11.49529408354179
2026-02-23 12:30:00,13.84,12.947725073099136,13.57317075356841,12.806207817406833,11.475271316685276
2026-02-23 12:45:00,14.18,13.067002285718917,13.692447966188192,12.914952867630884,11.484963857055098
2026-02-23 13:00:00,14.17,13.089338285923002,13.714783966392277,12.972431174015757,11.872947286555409
2026-02-23 13:15:00,14.58,13.253483478426933,13.878929158896208,13.12802793465225,11.948148056323898
2026-02-23 13:30:00,14.69,13.240374078750609,13.865819759219884,13.126058221961994,12.05094447935214
2026-02-23 13:45:00,14.87,13.327507119774817,13.952952800244091,13.216570795572771,12.173240761973114
2026-02-23 14:00:00,14.8,13.369961085319519,13.995406765788793,13.240493783332104,12.022884262697769
2026-02-23 14:15:00,14.93,13.444909438490866,14.07035511896014,13.320713207864424,12.152676873467392
2026-02-23 14:30:00,15.03,13.485995792746543,14.111441473215818,13.369180290908577,12.270557974600381
2026-02-23 14:45:00,15.33,13.510896506309509,14.136342186778784,13.401108896542944,12.368582251997193
2026-02-23 15:00:00,15.48,13.555373942255972,14.180819622725247,13.432237628937118,12.274169567493901
2026-02-23 15:15:00,15.42,13.871537654995917,14.496983335465192,13.722659656935477,12.322497105706956
2026-02-23 15:30:00,15.45,13.983988838791847,14.609434519261121,13.826838246463199,12.34887389210223
2026-02-23 15:45:00,15.58,13.919577389359473,14.545023069828748,13.7696865834483,12.359998812626158
2026-02-23 16:00:00,15.37,13.958374250531195,14.58381993100047,13.783527504857341,12.139134990945921
2026-02-23 16:15:00,15.76,13.98640214562416,14.611847826093435,13.809730391675883,12.148174104239686
2026-02-23 16:30:00,15.79,14.108002811670302,14.733448492139576,13.92183266334108,12.170946211056776
2026-02-23 16:45:00,15.55,14.125482482910154,14.75092816337943,13.941883815165884,12.215181532894377
2026-02-23 17:00:00,15.73,14.118023235201834,14.743468915671109,13.906446051210976,11.91661240501887
2026-02-23 17:15:00,15.43,14.24247373998165,14.867919420450924,14.028247546681786,12.01350059106421
2026-02-23 17:30:00,15.64,14.211890329122543,14.837336009591818,14.012131015898776,12.133441664356729
2026-02-23 17:45:00,15.64,14.30743279993534,14.932878480404614,14.111519986174802,12.269006057273437
2026-02-23 18:00:00,15.55,14.257015841603279,14.882461522072553,14.033937120638225,11.93593422470715
2026-02-23 18:15:00,15.02,14.393128186464308,15.018573866933583,14.169828035253152,12.069742639944472
2026-02-23 18:30:00,15.26,14.310055528879165,14.93550120934844,14.105738722645771,12.184187221406004
2026-02-23 18:45:00,15.53,14.29665534377098,14.922101024240254,14.10169249901405,12.268112805130674
2026-02-23 19:00:00,15.36,14.32245671391487,14.947902394384144,14.12526582122769,12.2707318606634
2026-02-23 19:15:00,15.36,14.295004022121429,14.920449702590703,14.100514740689281,12.271388798479304
2026-02-23 19:30:00,15.62,14.209664511680602,14.835110192149877,14.019094185126981,12.226825091694888
2026-02-23 19:45:00,15.51,14.09628083348274,14.721726513952015,13.908256425896967,12.139931101481666
2026-02-23 20:00:00,15.14,14.019809217453002,14.645254897922277,13.83038442417781,12.048888801765871
2026-02-23 20:15:00,14.85,14.026125841140747,14.651571521610022,13.82164723488016,11.898574042444817
2026-02-23 20:30:00,14.57,13.851743727922438,14.477189408391713,13.647896568972548,11.730761989959127
2026-02-23 20:45:00,14.34,13.770524739027023,14.395970419496297,13.557609485374696,11.555191608770242
2026-02-23 21:00:00,14.16,13.645847124457358,14.271292804926633,13.434441252639704,11.446218757138887
2026-02-23 21:15:00,13.95,12.996387413740157,13.621833094209432,12.831242890412343,11.278097495414368
2026-02-23 21:30:00,13.81,12.929502519369125,13.5549481998384,12.755604138006998,11.120130767363902
2026-02-23 21:45:00,13.76,12.703901842236517,13.329347522705792,12.537525133294471,10.972791322441335
2026-02-23 22:00:00,13.4,12.53423526406288,13.159680944532155,12.373025551537758,10.85688612655465
2026-02-23 22:15:00,13.09,12.354401100873947,12.979846781343221,12.197587351633521,10.722790927281775
2026-02-23 22:30:00,13.06,12.165684185624121,12.791129866093396,12.014111186860514,10.588602787962975
2026-02-23 22:45:00,12.76,12.012441678047178,12.637887358516453,11.86224542182115,10.44968496263876
2026-02-23 23:00:00,12.38,11.790787475705146,12.416233156174421,11.626906768291956,10.08564726468397
2026-02-23 23:15:00,12.04,11.671948210000991,12.297393890470266,11.504370227808765,9.928338724612859
2026-02-23 23:30:00,11.92,11.434848419427873,12.060294099897147,11.274003480988242,9.76129467047349
2026-02-23 23:45:00,11.75,11.275648701786995,11.90109438225627,11.113355354474525,9.587024599219506
2026-02-24 00:00:00,11.2,11.060045100450516,11.68549078091979,10.904123718874803,9.437719802498293
2026-02-24 00:15:00,10.93,10.969467914700509,11.594913595169784,10.805463878352507,9.263044495123243
2026-02-24 00:30:00,10.93,10.744206840991975,11.36965252146125,10.585860075598717,9.096645994940548
2026-02-24 00:45:00,10.71,10.548466502428054,11.173912182897329,10.394235932468451,8.943733701612297
2026-02-24 01:00:00,10.5,10.44034384727478,11.065789527744055,10.270610364816234,8.674306888653296
2026-02-24 01:15:00,10.22,10.213691107034684,10.839136787503959,10.054585938870225,8.558239258547777
2026-02-24 01:30:00,10.24,10.116499437093735,10.74194511756301,9.957450435386157,8.461631987378674
2026-02-24 01:45:00,9.94,9.92660876750946,10.552054447978735,9.778209053362284,8.382544649831413
2026-02-24 02:00:00,9.84,9.88885512560606,10.514300806075335,9.739175743427595,8.331476363078425
2026-02-24 02:15:00,9.85,9.731146125495433,10.356591805964708,9.591311655738048,8.27620136089312
2026-02-24 02:30:00,9.38,9.588319184184074,10.21376486465335,9.457415858323628,8.226300870958934
2026-02-24 02:45:00,9.44,9.474502157866954,10.099947838336229,9.349906518150108,8.17811383521073
2026-02-24 03:00:00,9.27,9.386310332417489,10.011756012886764,9.253103753611942,8.000327214092117
2026-02-24 03:15:00,9.22,8.545837138295173,9.171282818764448,8.488611244733745,7.950415177019472
2026-02-24 03:30:00,9.0,8.562587369680404,9.188033050149679,8.498971197786771,7.9006760655415125
2026-02-24 03:45:00,8.68,8.481704446673394,9.107150127142669,8.421380385861791,7.854046783940658
2026-02-24 04:00:00,8.78,8.461988345384597,9.087434025853872,8.38747661527385,7.686711320955732
2026-02-24 04:15:00,8.84,8.47896427154541,9.104409952014684,8.400149910500572,7.658919384354013
2026-02-24 04:30:00,8.78,8.477801837325096,9.10324751779437,8.397948103079976,7.64694251647624
2026-02-24 04:45:00,8.5,8.541158393621444,9.166604074090719,8.455881474397476,7.653872108761959
2026-02-24 05:00:00,8.7,8.59015467762947,9.215600358098746,8.491641006382707,7.565143101650292
2026-02-24 05:15:00,8.65,8.72548876464367,9.350934445112944,8.61851837299982,7.612487002204763
2026-02-24 05:30:00,8.71,8.801017627418041,9.426463307887316,8.693049496583093,7.67763462339368
2026-02-24 05:45:00,8.7,8.917964665293693,9.543410345762968,8.806374436843189,7.756894587604478
2026-02-24 06:00:00,8.66,9.043525248765945,9.66897092923522,8.927652482832169,7.837896375943395
2026-02-24 06:15:00,8.89,9.235221476554871,9.860667157024146,9.109927609552601,7.93156826323761
2026-02-24 06:30:00,9.11,9.401755920648576,10.02720160111785,9.269540492061736,8.026085487200879
2026-02-24 06:45:00,9.13,9.56488194912672,10.190327629595995,9.425895463279232,8.11876025763587
2026-02-24 07:00:00,9.8,9.789702245891094,10.415147926360369,9.661848207753925,8.45941105414354
2026-02-24 07:15:00,9.86,9.9853842151165,10.610829895585775,9.847193413950256,8.54754143556532
2026-02-24 07:30:00,10.05,10.182704770863056,10.808150451332331,10.034102766410232,8.636535870139449
2026-02-24 07:45:00,10.11,10.446836640238763,11.072282320708037,10.281848041202052,8.730169077483872
2026-02-24 08:00:00,10.56,10.695507709980012,11.320953390449287,10.571245753298566,9.402591280814946
2026-02-24 08:15:00,11.17,10.88749118566513,11.512936866134405,10.755799420893673,9.517269351035186
2026-02-24 08:30:00,11.51,11.08232591509819,11.707771595567465,10.944312602838359,9.646329865867557
2026-02-24 08:45:00,12.12,11.24016934156418,11.865615022033454,11.100765559710473,9.78970578328905
2026-02-24 09:00:00,12.38,11.431171504855156,12.05661718532443,11.321574107334534,10.29083636421831
2026-02-24 09:15:00,12.76,11.08897860467434,11.714424285143615,11.027799404492786,10.452423417951433
2026-02-24 09:30:00,13.29,11.3458546346426,11.971300315111876,11.275439601943804,10.613202783120096
2026-02-24 09:45:00,13.62,11.392336438298226,12.017782118767501,11.331995294653998,10.7645010327104
2026-02-24 10:00:00,13.62,11.559712815880776,12.18515849635005,11.525560881545715,11.204369972674458
2026-02-24 10:15:00,14.16,11.707583221793175,12.33302890226245,11.669449538047404,11.310811212594198
2026-02-24 10:30:00,14.19,11.869498351812362,12.494944032281637,11.822926834242375,11.38493266650171
2026-02-24 10:45:00,14.09,12.030657864212989,12.656103544682264,11.972344188373441,11.423917784212176
2026-02-24 11:00:00,14.39,12.128455160260199,12.753900840729473,12.082623376970162,11.65158623612495
2026-02-24 11:15:00,14.38,12.318398892879484,12.943844573348759,12.251911980784481,11.626618212228747
2026-02-24 11:30:00,14.23,12.396973927617072,13.022419608086347,12.31845523658954,11.58000541740537
2026-02-24 11:45:00,14.28,12.538870143294334,13.164315823763609,12.441166969827522,11.522291606062375
2026-02-24 12:00:00,14.25,12.573489174842834,13.198934855312109,12.479671056385632,11.597333721105452
2026-02-24 12:15:00,14.26,12.624688636064528,13.250134316533803,12.521666699500798,11.552769619940305
2026-02-24 12:30:00,14.34,12.73691483259201,13.362360513061285,12.620985283575799,11.530695145153775
2026-02-24 12:45:00,14.5,12.83729735970497,13.462743040174244,12.71245166775812,11.538307302415271
2026-02-24 13:00:00,14.56,12.876036205291747,13.501481885761022,12.766376069537115,11.735048288087931
2026-02-24 13:15:00,14.77,13.015669105648993,13.641114786118267,12.89961154580876,11.808117495698776
2026-02-24 13:30:00,14.89,13.020122863054274,13.645568543523549,12.913309975825058,11.908759896999914
2026-02-24 13:45:00,15.06,13.101050359010696,13.72649603947997,12.998004440048742,12.02888181167431
2026-02-24 14:00:00,15.27,13.15199794769287,13.777443628162144,13.007107599492254,11.644447957181633
2026-02-24 14:15:00,15.39,13.21872577548027,13.844171455949544,13.079684298866475,11.77203191800145
2026-02-24 14:30:00,15.47,13.266783905029296,13.892229585498571,13.134239491835299,11.887690464131053
2026-02-24 14:45:00,15.61,13.311508260965347,13.936953941434622,13.183871756560485,11.983480456532067
2026-02-24 15:00:00,15.72,13.349362015128134,13.97480769559741,13.22601279149079,12.065942358585005
2026-02-24 15:15:00,15.56,13.901809762716292,14.527255443185567,13.72979327963526,12.112018719647446
2026-02-24 15:30:00,15.76,14.002781643271446,14.62822732374072,13.823378984899772,12.136139183751435
2026-02-24 15:45:00,15.76,13.970523563027381,14.595969243496656,13.795073299859569,12.145004845882713
2026-02-24 16:00:00,15.72,14.011252626180648,14.636698306649922,13.817252135317169,11.992723153427455
2026-02-24 16:15:00,15.64,14.058986717462538,14.684432397931813,13.86105019655888,11.99950377801254
2026-02-24 16:30:00,15.88,14.185130994319914,14.81057667478919,13.97704268696216,12.020021104816921
2026-02-24 16:45:00,15.89,14.224747148752211,14.850192829221486,14.016886651551683,12.062007570347458
2026-02-24 17:00:00,15.83,14.207498832345008,14.832944512814283,13.976310660166721,11.802040283159144
2026-02-24 17:15:00,15.88,14.330647523999213,14.956093204468488,14.096721098360039,11.89669809167141
2026-02-24 17:30:00,15.74,14.321125892996786,14.946571573466061,14.099428948132104,12.014421331390217
2026-02-24 17:45:00,15.76,14.418611885905264,15.044057566374539,14.200362909718823,12.147782627331086
2026-02-24 18:00:00,15.65,14.362461997270582,14.987907677739857,14.140822796662798,12.056358251073876
2026-02-24 18:15:00,15.67,14.535999346971511,15.161445027440786,14.310333527547419,12.187999579171537
2026-02-24 18:30:00,15.93,14.461151459813117,15.086597140282391,14.253472268017315,12.300298321496133
2026-02-24 18:45:00,15.95,14.452451244592666,15.07789692506194,14.25347031290816,12.382101456644401
2026-02-24 19:00:00,15.86,14.51519156217575,15.140637242645024,14.283090468581088,12.10023428039876
2026-02-24 19:15:00,15.82,14.484934312105178,15.110379992574453,14.255605494418853,12.098821909032742
2026-02-24 19:30:00,15.64,14.430533381104468,15.055979061573742,14.20195399171459,12.052218603168743
2026-02-24 19:45:00,15.31,14.318341852426528,14.943787532895803,14.092000833142238,11.963316788908287
2026-02-24 20:00:00,14.97,14.256171785593033,14.881617466062307,14.028388422172211,11.886139470616389
2026-02-24 20:15:00,14.7,14.254374717473983,14.879820397943258,14.012131068840173,11.733886536345045
2026-02-24 20:30:00,14.61,14.106437098383902,14.731882778853176,13.862100679115423,11.564174131083071
2026-02-24 20:45:00,14.39,14.070312491655349,14.695758172124624,13.812395146031324,11.386743180262595
2026-02-24 21:00:00,14.12,13.937158941626548,14.562604622095822,13.663982722506374,11.094824640846896
2026-02-24 21:15:00,14.12,13.135970081090926,13.761415761560201,12.923467252596181,10.924928137584127
2026-02-24 21:30:00,13.81,13.091576130986212,13.717021811455487,12.867991596986599,10.76523164844774
2026-02-24 21:45:00,13.51,12.906782342791557,13.532228023260831,12.686635838913713,10.616209754943235
2026-02-24 22:00:00,13.44,12.761347883939742,13.386793564409016,12.526197020812997,10.31465846757786
2026-02-24 22:15:00,13.05,12.627941753864286,13.253387434333561,12.392572573251728,10.178980795417276
2026-02-24 22:30:00,12.8,12.47009266734123,13.095538347810505,12.236850498904987,10.04326277025229
2026-02-24 22:45:00,12.63,12.350420665740966,12.97586634621024,12.115186963276347,9.902869325554759
2026-02-24 23:00:00,12.33,12.143953811526297,12.769399491995571,11.90023840948844,9.608152382428383
2026-02-24 23:15:00,12.08,12.032870946526526,12.6583166269958,11.784581881233503,9.449481627120136
2026-02-24 23:30:00,11.8,11.831999766230583,12.457445446699857,11.58683657280325,9.28113440828875
2026-02-24 23:45:00,11.56,11.69920704483986,12.324652725309134,11.449938044156548,9.105621728207456
2026-02-25 00:00:00,11.07,11.48043734908104,12.105883029550315,11.230222562644459,8.877011354162777
2026-02-25 00:15:00,10.79,11.424445234537124,12.049890915006399,11.16271645775256,8.70121887848083
2026-02-25 00:30:00,10.79,11.209733799695968,11.835179480165243,10.952547225947177,8.533767997765757
2026-02-25 00:45:00,10.55,11.021836885213853,11.647282565683128,10.767917885603614,8.379869423564713
2026-02-25 01:00:00,10.13,10.936104000806809,11.561549681276084,10.682855547434608,8.301113415032052
2026-02-25 01:15:00,9.84,10.706389169692994,11.331834850162268,10.46398160048053,8.184195433502147
2026-02-25 01:30:00,9.89,10.625648455619812,11.251094136089087,10.381640928660866,8.086807535434438
2026-02-25 01:45:00,9.55,10.42138619363308,11.046831874102354,10.189340986445922,8.007010396780025
2026-02-25 02:00:00,9.46,10.385182346105577,11.010628026574851,10.16577138020738,8.102262857915115
2026-02-25 02:15:00,9.39,10.235829005241394,10.861274685710669,10.025405582495289,8.046422789411169
2026-02-25 02:30:00,9.22,10.085778062343598,10.711223742812873,9.884932865081604,7.99603102959222
2026-02-25 02:45:00,9.17,9.982578949332238,10.608024629801513,9.786980913474894,7.947427396707933
2026-02-25 03:00:00,8.96,9.87218731880188,10.497632999271154,9.671838383049211,7.787603770319599
2026-02-25 03:15:00,8.75,8.423753952383995,9.04919963285327,8.357791185303329,7.737426877312954
2026-02-25 03:30:00,8.82,8.439165226519108,9.064610906988383,8.366922808439334,7.687499859962902
2026-02-25 03:45:00,8.78,8.36222983956337,8.987675520032644,8.2928895331573,7.640760262309138
2026-02-25 04:00:00,8.73,8.334050184190273,8.959495864659548,8.278724440536775,7.758398835734868
2026-02-25 04:15:00,8.69,8.352464118599892,8.977909799069167,8.292702010237184,7.7306534389099895
2026-02-25 04:30:00,8.69,8.34993442684412,8.975380107313395,8.289276431534882,7.718802254214797
2026-02-25 04:45:00,8.69,8.398769045472145,9.02421472594142,8.334103289650336,7.725937067453913
2026-02-25 05:00:00,8.74,8.447510626912116,9.072956307381391,8.395604175211199,7.907436206904212
2026-02-25 05:15:00,8.75,8.576628556251526,9.2020742367208,8.516897920137113,7.955145337901913
2026-02-25 05:30:00,8.75,8.648324852883816,9.27377053335309,8.588007649078827,8.020738535691915
2026-02-25 05:45:00,8.69,8.759076604545116,9.384522285014391,8.695783291067272,8.10052456627661
2026-02-25 06:00:00,8.71,8.878231064677239,9.503676745146514,8.798425599405979,8.047873971147084
2026-02-25 06:15:00,8.95,9.058340448141099,9.683786128610373,8.97029354018224,8.142233082078755
2026-02-25 06:30:00,9.23,9.222296028733254,9.847741709202529,9.12764920297251,8.237518070439108
2026-02-25 06:45:00,9.42,9.382581062316895,10.00802674278617,9.281517746689223,8.331041036306495
2026-02-25 07:00:00,9.67,9.604040346443654,10.229486026912928,9.48416961919225,8.35681362655051
2026-02-25 07:15:00,9.85,9.795092388987541,10.420538069456816,9.665426804422534,8.4459524827879
2026-02-25 07:30:00,9.87,9.98721595108509,10.612661631554365,9.847743231717748,8.536035114196725
2026-02-25 07:45:00,9.87,10.245139799118043,10.870585479587318,10.089989350566299,8.63083587793384
2026-02-25 08:00:00,10.58,10.484618582427501,11.110064262896776,10.367829813555932,9.269458914508327
2026-02-25 08:15:00,11.09,10.67545554280281,11.300901223272085,10.55147449673357,9.385461922479227
2026-02-25 08:30:00,11.74,10.875219474434854,11.500665154904128,10.744577962389686,9.515925272371296
2026-02-25 08:45:00,11.79,11.03158208847046,11.657027768939734,10.8998346816008,9.660781310897368
2026-02-25 09:00:00,12.3,11.220216225385666,11.845661905854941,11.117602931415004,10.152549039317424
2026-02-25 09:15:00,12.51,11.13373975098133,11.759185431450605,11.055124706718457,10.315768708021047
2026-02-25 09:30:00,12.9,11.390093640685082,12.015539321154357,11.302457073603529,10.478255774926733
2026-02-25 09:45:00,12.83,11.443555002212525,12.0690006826818,11.365492781657338,10.631335959890128
2026-02-25 10:00:00,13.13,11.606998347640038,12.232444028109313,11.55203605102725,11.035128580149665
2026-02-25 10:15:00,13.3,11.757139143943787,12.382584824413062,11.698162153143269,11.143497427805471
2026-02-25 10:30:00,13.43,11.918477655649184,12.543923336118459,11.851310366542013,11.21961781223174
2026-02-25 10:45:00,13.73,12.069366286993025,12.6948119674623,11.991642839442038,11.260672098089865
2026-02-25 11:00:00,13.64,12.170257511734961,12.795703192204236,12.102919254294113,11.469618783022417
2026-02-25 11:15:00,13.8,12.353366725444793,12.978812405914068,12.266242237620887,11.446856923905983
2026-02-25 11:30:00,13.79,12.432671200037001,13.058116880506276,12.33366326669892,11.402516943262777
2026-02-25 11:45:00,13.95,12.568092310428618,13.193537990897893,12.450746935880879,11.347141291379083
2026-02-25 12:00:00,13.82,12.600283885002135,13.22572956547141,12.485005519028375,11.400839603943023
2026-02-25 12:15:00,13.78,12.647008363604545,13.27245404407382,12.523193153904929,11.35874023169725
2026-02-25 12:30:00,13.8,12.75677385032177,13.382219530791044,12.620530285629096,11.339191608230191
2026-02-25 12:45:00,13.87,12.85683375418186,13.482279434651135,12.711953542490411,11.349389231664071
2026-02-25 13:00:00,13.97,12.896447786092757,13.521893466562032,12.771751209085057,11.599009234668634
2026-02-25 13:15:00,14.19,13.037527538537978,13.662973219007252,12.906553975502556,11.67477842402908
2026-02-25 13:30:00,14.58,13.035935647487639,13.661381327956914,12.915052565546027,11.778175615178789
2026-02-25 13:45:00,14.48,13.116390528678894,13.741836209148168,12.999589705143851,11.901105434821886
2026-02-25 14:00:00,14.62,13.16338456749916,13.788830247968434,13.018661815018532,11.657578371030892
2026-02-25 14:15:00,14.71,13.229512429237365,13.85495810970664,13.090975783363584,11.788071216857208
2026-02-25 14:30:00,15.21,13.28360983967781,13.909055520147085,13.15127398782736,11.906686430499354
2026-02-25 14:45:00,15.56,13.328010157346725,13.953455837816,13.20090193611467,12.005479015058588
2026-02-25 15:00:00,15.57,13.358824215531348,13.984269896000622,13.22330671412037,11.948796491094146
2026-02-25 15:15:00,15.6,13.806359267830848,14.431804948300123,13.632554502706324,11.997961570756544
2026-02-25 15:30:00,15.57,13.913985252976417,14.539430933445692,13.732455500922754,12.02521088405096
2026-02-25 15:45:00,15.85,13.879346411228179,14.504792091697453,13.702302246744685,12.037243525826817
2026-02-25 16:00:00,15.71,13.914198920130728,14.539644600600003,13.727349858044217,11.970078381573314
2026-02-25 16:15:00,15.9,13.956259511709213,14.581705192178488,13.766330817045773,11.980096120609957
2026-02-25 16:30:00,15.77,14.078552119731903,14.703997800201178,13.879156010507344,12.003882507141482
2026-02-25 16:45:00,14.83,14.107694338560103,14.733140019029378,13.909849742889987,12.049167859541559
2026-02-25 17:00:00,14.56,14.099481595754622,14.724927276223896,13.880223703599588,11.818154803854268
2026-02-25 17:15:00,14.53,14.22034008681774,14.845785767287015,13.9988862203369,11.916164698615784
2026-02-25 17:30:00,14.52,14.212292900681495,14.83773858115077,14.003251216608238,12.03726335071625
2026-02-25 17:45:00,15.4,14.303600941300392,14.929046621769666,14.098927427423904,12.174021174709068
2026-02-25 18:00:00,15.61,14.251693265438078,14.877138945907353,14.02550052176137,11.89821097473787
2026-02-25 18:15:00,15.55,14.406027456521986,15.031473136991261,14.177983560120236,12.033284357163863
2026-02-25 18:30:00,15.85,14.335775535702703,14.961221216171978,14.125607785428192,12.149029531797629
2026-02-25 18:45:00,15.75,14.329649231433867,14.955094911903142,14.128264762273457,12.23429120143225
2026-02-25 19:00:00,15.57,14.387129940986632,15.012575621455907,14.175318195340463,12.183278551956027
2026-02-25 19:15:00,15.46,14.360424376726149,14.985870057195424,14.15137761989935,12.18534204595356
2026-02-25 19:30:00,15.49,14.300277072787283,14.925722753256558,14.092866592580922,12.142219815349463
2026-02-25 19:45:00,15.11,14.196741186380386,14.82218686684966,13.991072028000943,12.056801972940999
2026-02-25 20:00:00,14.73,14.131064714193343,14.756510394662618,13.932541692270188,12.065479369597952
2026-02-25 20:15:00,14.46,14.13532673716545,14.760772417634724,13.922095823828046,11.916709242137982
2026-02-25 20:30:00,14.23,13.99322958946228,14.618675269931554,13.777678919980346,11.750475577426561
2026-02-25 20:45:00,14.19,13.945584644079208,14.571030324548483,13.71789399290687,11.57651697823934
2026-02-25 21:00:00,13.89,13.815181174278258,14.440626854747533,13.582296232693365,11.392068138547243
2026-02-25 21:15:00,13.93,13.095722830295562,13.721168510764837,12.915988004918292,11.22562425121787
2026-02-25 21:30:00,13.49,13.040849284529685,13.66629496499896,12.851370494053308,11.069367040665977
2026-02-25 21:45:00,13.53,12.830104842185973,13.455550522655248,12.646887239526034,10.923768784734845
2026-02-25 22:00:00,13.27,12.659713069200514,13.285158749669788,12.46719924591782,10.656652022916983
2026-02-25 22:15:00,13.1,12.502240376472471,13.127686056941746,12.312146646682557,10.524359833703404
2026-02-25 22:30:00,13.35,12.319219601154327,12.944665281623601,12.13399534646683,10.392004801380656
2026-02-25 22:45:00,12.83,12.163178902864455,12.78862458333373,11.979779341016917,10.254949602868546
2026-02-25 23:00:00,12.42,11.94748261809349,12.572928298562765,11.761697153886843,10.014428565286218
2026-02-25 23:15:00,12.17,11.826188302636147,12.451633983105422,11.63712603289886,9.859039859084623
2026-02-25 23:30:00,11.79,11.589661592841148,12.215107273310423,11.407464459286773,9.693943276388733
2026-02-25 23:45:00,11.56,11.432227813005447,12.057673493474722,11.248602308948746,9.521647637471524
2026-02-26 00:00:00,11.4,11.205301267504693,11.830746947973967,11.01721871290924,9.248346529545815
2026-02-26 00:15:00,11.07,11.118498632311821,11.743944312781096,10.922165392192046,9.07569745227881
2026-02-26 00:30:00,11.15,10.890082076787948,11.515527757257223,10.699906503615203,8.911349972872532
2026-02-26 00:45:00,10.8,10.693010209798812,11.318455890268087,10.507278236952446,8.760512722012505
2026-02-26 01:00:00,10.57,10.592091392278672,11.217537072747946,10.414679014509428,8.746157334253802
2026-02-26 01:15:00,10.23,10.358117014467716,10.98356269493699,10.1922404516002,8.632210396928803
2026-02-26 01:30:00,10.18,10.253618210852146,10.87906389132142,10.08870599576533,8.537745405128158
2026-02-26 01:45:00,9.9,10.048907743096352,10.674353423565627,9.896277030381558,8.460821080578848
2026-02-26 02:00:00,9.83,10.001532711684703,10.626978392153978,9.840208548154031,8.322992738386016
2026-02-26 02:15:00,9.83,9.838964906334876,10.464410586804151,9.688164252919849,8.269919580347121
2026-02-26 02:30:00,9.5,9.691887262165547,10.317332942634822,9.55063964148951,8.22223899466977
2026-02-26 02:45:00,9.55,9.561879288852214,10.18732496932149,9.428710464408146,8.176288995777083
2026-02-26 03:00:00,9.34,9.44905843257904,10.074504113048315,9.320051348999002,8.106770074229004
2026-02-26 03:15:00,9.29,8.671943917274476,9.29738959774375,8.613046148629008,8.059126489024052
2026-02-26 03:30:00,9.34,8.673747706711293,9.299193387180567,8.610115549550418,8.011670079626949
2026-02-26 03:45:00,9.01,8.598603020310403,9.224048700779678,8.537932137709419,7.967336758441934
2026-02-26 04:00:00,9.05,8.5667899620533,9.192235642522574,8.500812288123408,7.880307784722605
2026-02-26 04:15:00,9.07,8.575737097263337,9.201182777732612,8.506451359384734,7.854835292701257
2026-02-26 04:30:00,8.82,8.561895427703858,9.187341108173133,8.493012817195842,7.8451880686051805
2026-02-26 04:45:00,8.71,8.604261662364006,9.229707342833281,8.532198024188986,7.854456458662417
2026-02-26 05:00:00,8.74,8.653141207695008,9.278586888164282,8.572217942845713,7.811153672495103
2026-02-26 05:15:00,8.73,8.765781649649144,9.391227330118419,8.678808981693475,7.860851498126809
2026-02-26 05:30:00,8.74,8.840707716345786,9.466153396815061,8.75302205120739,7.9283589968553
2026-02-26 05:45:00,8.74,8.941777940392495,9.56722362086177,8.852223370293169,8.009983704405544
2026-02-26 06:00:00,8.66,9.066318298578263,9.691763979047538,8.96327150434798,7.994140644280786
2026-02-26 06:15:00,9.0,9.233767195641995,9.85921287611127,9.12385760060496,8.090183713285
2026-02-26 06:30:00,9.04,9.393650718927384,10.019096399396659,9.277686824625283,8.187073676868492
2026-02-26 06:45:00,9.32,9.561708072125912,10.187153752595187,9.438727257913731,8.28212162899077
2026-02-26 07:00:00,9.53,9.784683897793293,10.410129578262568,9.641913793095153,8.299194542181016
2026-02-26 07:15:00,9.6,9.980965125560761,10.606410806030036,9.828028510483058,8.389695620914527
2026-02-26 07:30:00,9.84,10.174120940566063,10.799566621035337,10.011400959884197,8.481057818146883
2026-02-26 07:45:00,10.17,10.44197040617466,11.067416086643934,10.262733707764099,8.577054721011308
2026-02-26 08:00:00,10.55,10.678695217967034,11.304140898436309,10.547910394959061,9.317909899046477
2026-02-26 08:15:00,11.12,10.885496723055839,11.510942403525114,10.746083999180463,9.434940125148675
2026-02-26 08:30:00,11.44,11.089838225841522,11.715283906310797,10.943415607170003,9.56634532151608
2026-02-26 08:45:00,11.98,11.253705368041992,11.879151048511266,11.105537860936243,9.71205731000802
2026-02-26 09:00:00,12.23,11.440464611053468,12.065910291522743,11.335992808674838,10.353460082176728
2026-02-26 09:15:00,12.65,11.313886632323266,11.93933231279254,11.237332854572148,10.517362582546658
2026-02-26 09:30:00,12.84,11.578978235125541,12.204423915594816,11.49262041061036,10.680445384972046
2026-02-26 09:45:00,12.84,11.64909714460373,12.274542825073004,11.570761571711948,10.834033935519683
2026-02-26 10:00:00,13.06,11.832675435543061,12.458121116012336,11.787268553714533,11.360227511165355
2026-02-26 10:15:00,13.13,11.996761904954909,12.622207585424183,11.946032023025094,11.468929416651145
2026-02-26 10:30:00,13.57,12.169728296399116,12.79517397686839,12.109714133452696,11.54529504805641
2026-02-26 10:45:00,13.75,12.3297543823719,12.955200062841175,12.258320991182842,11.586506750306395
2026-02-26 11:00:00,13.7,12.448447901606558,13.073893582075833,12.407595762432022,12.0233910031328
2026-02-26 11:15:00,13.78,12.644624064564704,13.270069745033979,12.582728098170122,12.000611093999964
2026-02-26 11:30:00,13.78,12.737698042988775,13.36314372345805,12.662585101390626,11.956165554456314
2026-02-26 11:45:00,14.0,12.881214450001716,13.50666013047099,12.786967496516674,11.900597068674395
2026-02-26 12:00:00,14.0,12.924503273963927,13.549948954433201,12.83505632940721,11.993828856431092
2026-02-26 12:15:00,13.89,12.958121182918548,13.583566863387823,12.861361847054061,11.951363053920119
2026-02-26 12:30:00,13.93,13.082263214588163,13.707708895057438,12.971650294834763,11.931361804000263
2026-02-26 12:45:00,14.0,13.197206238508222,13.822651918977497,13.076474518258971,11.941021089003604
2026-02-26 13:00:00,14.1,13.238615216016768,13.864060896486043,13.143601195820239,12.250016685993307
2026-02-26 13:15:00,14.52,13.3979196447134,14.023365325182676,13.294809016412096,12.32507781192263
2026-02-26 13:30:00,14.57,13.388109350800512,14.013555031269787,13.295802958152835,12.427683048508394
2026-02-26 13:45:00,14.77,13.48714266180992,14.112588342279194,13.397048850754887,12.549737750524322
2026-02-26 14:00:00,14.9,13.52335995197296,14.148805632442235,13.396086729668344,12.199112012337986
2026-02-26 14:15:00,14.78,13.598071290254591,14.223516970723866,13.476059358005969,12.32856583604043
2026-02-26 14:30:00,15.08,13.657579715251922,14.283025395721197,13.541140916421222,12.446061403284636
2026-02-26 14:45:00,15.08,13.704024728536604,14.329470409005879,13.592501779710362,12.543654679511674
2026-02-26 15:00:00,15.3,13.731625996828079,14.357071677297354,13.612651839152043,12.493727872466836
2026-02-26 15:15:00,15.6,13.996484829783439,14.621930510252714,13.856650107022261,12.54153743273618
2026-02-26 15:30:00,15.55,14.109739741683006,14.73518542215228,13.961501411723217,12.567354788512384
2026-02-26 15:45:00,13.22,14.077018951773642,14.702464632242917,13.932937007956522,12.577880218711933
2026-02-26 16:00:00,13.57,14.109940673708914,14.735386354178189,13.95070216520229,12.4531014503274
2026-02-26 16:15:00,13.44,14.142469729185104,14.767915409654378,13.980908700884207,12.461465233669877
2026-02-26 16:30:00,13.8,14.272805278301238,14.898250958770513,14.100838007537638,12.483526277819056
2026-02-26 16:45:00,13.66,14.286414885520934,14.911860565990208,14.117319415078445,12.527016291847149
2026-02-26 17:00:00,13.59,14.29034579515457,14.915791475623845,14.089291232547295,12.198420365234496
2026-02-26 17:15:00,16.04,14.40811389505863,15.033559575527905,14.204974790515267,12.294499296639788
2026-02-26 17:30:00,15.99,14.392323750853537,15.017769431322812,14.202149119934052,12.41360145086163
2026-02-26 17:45:00,14.71,14.487258473038672,15.112704153507947,14.300905422899886,12.548298822120568
2026-02-26 18:00:00,14.52,14.440773839354513,15.066219519823788,14.232347413658314,12.272145908075482
2026-02-26 18:15:00,13.33,14.565812990069388,15.191258670538662,14.358141101726911,12.405035842466248
2026-02-26 18:30:00,13.58,14.482881833910941,15.108327514380216,14.294089173610503,12.518538613129657
2026-02-26 18:45:00,13.53,14.477535202503203,15.102980882972478,14.297229873879832,12.601500671349152
2026-02-26 19:00:00,13.52,14.516808923482893,15.142254603952168,14.326248646896056,12.534074071037537
2026-02-26 19:15:00,14.92,14.490409002304077,15.115854682773351,14.30235284657666,12.533728938357333
2026-02-26 19:30:00,14.42,14.397069001197814,15.022514681667088,14.213602801173172,12.488146346644424
2026-02-26 19:45:00,15.46,14.282881594896315,14.90832727536559,14.101939177415513,12.40021830404293
2026-02-26 20:00:00,14.83,14.195268156528472,14.820713836997747,14.011022027823358,12.278230527517177
2026-02-26 20:15:00,14.57,14.207659436464308,14.833105116933583,14.007673839083019,12.12685633826824
2026-02-26 20:30:00,14.04,14.034726297855377,14.660171978324652,13.835130084673361,11.957974650657999
2026-02-26 20:45:00,14.03,13.956805707216262,14.582251387685536,13.747720766860358,11.781326085805242
2026-02-26 21:00:00,13.85,13.81532762825489,14.440773308724165,13.598590869860136,11.56023264008463
2026-02-26 21:15:00,13.84,12.884190932512283,13.509636612981557,12.740682654927165,11.391021061651214
2026-02-26 21:30:00,13.79,12.814668451547622,13.440114132016896,12.662554678650938,11.231960426237961
2026-02-26 21:45:00,13.56,12.616182277798652,13.241627958267927,12.468878885148238,11.083525127407034
2026-02-26 22:00:00,13.34,12.438088582158088,13.063534262627362,12.288204988516245,10.878585047390613
2026-02-26 22:15:00,12.78,12.268351253271101,12.893796933740376,12.121787992960606,10.743395005775213
2026-02-26 22:30:00,12.67,12.07287835240364,12.698324032872915,11.932100216642382,10.608114965009337
2026-02-26 22:45:00,12.45,11.898466523885725,12.523912204355,11.760995205056773,10.468109788810434
2026-02-26 23:00:00,12.0,11.691229901909828,12.316675582379103,11.556730602989111,10.291796334872304
2026-02-26 23:15:00,12.11,11.545844968557358,12.171290649026632,11.410096523014607,10.133414324753982
2026-02-26 23:30:00,11.76,11.312061263918876,11.93750694438815,11.18262487676643,9.965306102882899
2026-02-26 23:45:00,11.77,11.138917288184166,11.76436296865344,11.009271438615079,9.789982719974818
2026-02-27 00:00:00,11.68,10.925782179236412,11.551227859705687,10.802482495838627,9.642877977232557
2026-02-27 00:15:00,11.33,10.804482911229133,11.429928591698408,10.675954561061102,9.467175661418695
2026-02-27 00:30:00,11.23,10.583739978075027,11.209185658544301,10.46033743656399,9.299765561598072
2026-02-27 00:45:00,11.15,10.390310357809067,11.015756038278342,10.270706327280818,9.145858554585356
2026-02-27 01:00:00,10.91,10.28086890935898,10.906314589828254,10.137258765669387,8.786639145642777
2026-02-27 01:15:00,10.72,10.043302164077758,10.668747844547033,9.911277338961161,8.669614914902334
2026-02-27 01:30:00,10.7,9.929627700448036,10.55507338091731,9.79915329681179,8.572072222070432
2026-02-27 01:45:00,10.42,9.739766746163369,10.365212426632644,9.619851039166448,8.492072022598686
2026-02-27 02:00:00,10.48,9.676589542925358,10.302035223394633,9.569195902169016,8.559183973031761
2026-02-27 02:15:00,10.08,9.51052452981472,10.135970210283995,9.413695885410501,8.503045261763809
2026-02-27 02:30:00,10.08,9.372709215283393,9.998154895752668,9.284249587681082,8.45230759841484
2026-02-27 02:45:00,9.97,9.246153523027896,9.871599203497171,9.16514810381472,8.403311190996948
2026-02-27 03:00:00,9.9,9.128056786060334,9.753502466529609,9.039791870938936,8.209681106753543
2026-02-27 03:15:00,9.81,8.74058979690075,9.366035477370025,8.684695133575751,8.159018973090188
2026-02-27 03:30:00,9.89,8.731234430074691,9.356680110543966,8.671389419509484,8.108561172468846
2026-02-27 03:45:00,9.94,8.656220986247062,9.281666666716337,8.599038026721397,8.06124574351411
2026-02-27 04:00:00,9.71,8.622788797914982,9.248234478384257,8.549679355192108,7.862102243897272
2026-02-27 04:15:00,9.65,8.621952524483204,9.247398204952479,8.546193001059539,7.833692504151507
2026-02-27 04:30:00,9.42,8.598797938525676,9.22424361899495,8.524056760454934,7.821133562046061
2026-02-27 04:45:00,9.43,8.634326824247838,9.259772504717112,8.55678455917155,7.827517796374437
2026-02-27 05:00:00,9.47,8.68118891298771,9.306634593456984,8.605038412250645,7.888860865679586
2026-02-27 05:15:00,9.6,8.786064817905427,9.411510498374701,8.704339839974361,7.935735646676433
2026-02-27 05:30:00,9.6,8.854716003835202,9.480161684304477,8.772613002712413,8.000453590218616
2026-02-27 05:45:00,9.54,8.95084676682949,9.576292447298766,8.867084890393814,8.07932414579908
2026-02-27 06:00:00,9.78,9.076760750114918,9.702206430584193,8.99699197276738,8.246785385801026
2026-02-27 06:15:00,9.85,9.227635585069656,9.85308126553893,9.142339579899506,8.340150715429711
2026-02-27 06:30:00,10.08,9.387802464962006,10.01324814543128,9.296171504713122,8.43440387789758
2026-02-27 06:45:00,10.38,9.55906447172165,10.184510152190924,9.459859275259186,8.526857738540377
2026-02-27 07:00:00,10.34,9.778885876834392,10.404331557303667,9.67811751700169,8.730414796488276
2026-02-27 07:15:00,10.45,9.977007330656052,10.602453011125327,9.865654984281582,8.818412360011052
2026-02-27 07:30:00,10.72,10.17401163071394,10.799457311183215,10.052270021738252,8.90731882656661
2026-02-27 07:45:00,10.79,10.448155433535575,11.07360111400485,10.309060886491796,9.00090939071653
2026-02-27 08:00:00,11.12,10.680169662833213,11.305615343302488,10.568977051267721,9.523236695301245
2026-02-27 08:15:00,11.6,10.90084750533104,11.526293185800315,10.779472008430746,9.637964011207735
2026-02-27 08:30:00,12.11,11.110664405822755,11.73611008629203,10.9815366270163,9.767120242032947
2026-02-27 08:45:00,12.4,11.279479852914811,11.904925533384086,11.147920778808736,9.910638633445366
2026-02-27 09:00:00,12.54,11.468653817772866,12.09409949824214,11.353612350811897,10.271674415216147
2026-02-27 09:15:00,13.03,11.680731911063194,12.30617759153247,11.560860505271766,10.43349813112069
2026-02-27 09:30:00,13.26,11.93534674823284,12.560792428702115,11.806484127593338,10.594561492797096
2026-02-27 09:45:00,13.62,12.004745415449142,12.630191095918416,11.883786001760878,10.746191169271878
2026-02-27 10:00:00,13.92,12.189177667498587,12.814623347967862,12.090862179067738,11.166228137100504
2026-02-27 10:15:00,14.1,12.34286873459816,12.968314415067434,12.240053053630847,11.273095759437195
2026-02-27 10:30:00,14.41,12.50231112718582,13.127756807655095,12.391340804593725,11.347691024133084
2026-02-27 10:45:00,14.24,12.66172663450241,13.287172314971684,12.53923185648443,11.387197283637759
2026-02-27 11:00:00,14.44,12.765607784390449,13.391053464859723,12.680610744432773,11.881233577460819
2026-02-27 11:15:00,14.51,12.957267221808433,13.582712902277708,12.851509295090484,11.856880871715763
2026-02-27 11:30:00,14.9,13.030340681076048,13.655786361545323,12.913143361964899,11.810930144017195
2026-02-27 11:45:00,14.67,13.173777847290038,13.799223527759313,13.037316041563269,11.753924858575466
2026-02-27 12:00:00,14.7,13.196896350383758,13.822342030853033,13.0649183565092,11.823696369265635
2026-02-27 12:15:00,14.48,13.222765641212462,13.848211321681736,13.084095231756502,11.779932650224913
2026-02-27 12:30:00,14.54,13.335337808728218,13.960783489197492,13.183807814211162,11.758703860136572
2026-02-27 12:45:00,14.55,13.441469538807867,14.066915219277142,13.280556433049595,11.767206524938006
2026-02-27 13:00:00,14.74,13.478614370822905,14.10406005129218,13.360210267234324,12.246647525147948
2026-02-27 13:15:00,15.06,13.638812381029128,14.264258061498403,13.51212839062662,12.320695260730723
2026-02-27 13:30:00,15.06,13.619421025514601,14.244866705983876,13.504371646086176,12.422359295595248
2026-02-27 13:45:00,15.24,13.714101045131683,14.339546725600957,13.601599149588074,12.543545285789913
2026-02-27 14:00:00,15.53,13.748064217567443,14.373509898036717,13.62445745993135,12.461964980346986
2026-02-27 14:15:00,15.56,13.820344561338423,14.445790241807698,13.702163241746325,12.590695730741464
2026-02-27 14:30:00,15.53,13.877083095908164,14.502528776377439,13.764678647455337,12.707541250623539
2026-02-27 14:45:00,16.03,13.92903605222702,14.554481732696294,13.820962634355546,12.804557561354262
2026-02-27 15:00:00,15.87,13.955522289276121,14.580967969745396,13.83016908856226,12.651251722646801
2026-02-27 15:15:00,16.1,14.46136512696743,15.086810807436704,14.29194902169769,12.698630403338948
2026-02-27 15:30:00,16.01,14.546389089226722,15.171834769695996,14.371248240921242,12.724089760941046
2026-02-27 15:45:00,15.92,14.559634330272674,15.185080010741949,14.38420466075708,12.734329885235095
2026-02-27 16:00:00,15.87,14.606319188475608,15.231764868944882,14.415658996147194,12.622544736242268
2026-02-27 16:15:00,15.91,14.649728288650511,15.275173969119786,14.455686371719288,12.630767787407088
2026-02-27 16:30:00,15.9,14.795054498910902,15.420500179380177,14.589158961025467,12.652759859962842
2026-02-27 16:45:00,16.02,14.796537433862685,15.42198311433196,14.594679415138643,12.696252232044413
2026-02-27 17:00:00,15.78,14.802822219729423,15.428267900198698,14.593487581815076,12.624744553959081
2026-02-27 17:15:00,15.58,14.909398971796035,15.53484465226531,14.699069180787884,12.720966972174235
2026-02-27 17:30:00,15.7,14.901438101530074,15.526883781999349,14.703340801637168,12.840282294516934
2026-02-27 17:45:00,15.66,14.991401878595351,15.616847559064626,14.797631036672465,12.975261849048783
2026-02-27 18:00:00,15.86,14.947181975245474,15.572627655714749,14.727621350656538,12.662705323582026
2026-02-27 18:15:00,15.7,15.08588874876499,15.711334429234265,14.865809241344431,12.796013243295171
2026-02-27 18:30:00,15.9,14.981616347432135,15.60706202790141,14.78251375165237,12.91000067319169
2026-02-27 18:45:00,15.97,14.977984713315962,15.603430393785237,14.78725752392002,12.993513172354715
2026-02-27 19:00:00,15.78,15.014876965284346,15.64032264575362,14.833621238698617,13.128953766893805
2026-02-27 19:15:00,15.7,14.977988958358763,15.603434638828038,14.800310629705564,13.129287743945877
2026-02-27 19:30:00,15.44,14.887890754938125,15.5133364354074,14.714562116317662,13.084447042139486
2026-02-27 19:45:00,15.43,14.741636295318603,15.367081975787878,14.573990628149481,12.997322563667389
2026-02-27 20:00:00,15.05,14.630748702287672,15.256194382756947,14.417347712345185,12.410361600191383
2026-02-27 20:15:00,14.65,14.649333499670028,15.274779180139303,14.419686530187883,12.259910802000833
2026-02-27 20:30:00,14.36,14.45193051934242,15.077376199811695,14.225119052412117,12.092010558730644
2026-02-27 20:45:00,14.42,14.39009864091873,15.015544321388004,14.15235194420628,11.916400186714805
2026-02-27 21:00:00,14.1,14.218417082428932,14.843862762898206,13.863698486445013,10.527653531572575
