datetime,actual,lstm,lstm_margin,hybrid,prophet
2025-12-28 09:15:00,48.44,42.62362260401249,45.071039857566355,42.62362260401249,45.47253195934915
2025-12-28 09:30:00,49.53,43.252930309474465,45.70034756302833,43.252930309474465,46.352831155917094
2025-12-28 09:45:00,50.75,43.809670902490616,46.25708815604448,43.809670902490616,47.13292444045291
2025-12-28 10:00:00,50.93,44.197244528532025,46.64466178208589,44.197244528532025,48.59293754173269
2025-12-28 10:15:00,52.19,44.63363013744354,47.081047390997405,44.63363013744354,49.0447909846494
2025-12-28 10:30:00,52.59,44.915780081748956,47.36319733530282,44.915780081748956,49.29653096345871
2025-12-28 10:45:00,52.99,45.178983304500576,47.62640055805444,45.178983304500576,49.348695809774696
2025-12-28 11:00:00,53.59,45.39269977331161,47.84011702686548,45.39269977331161,50.07092991530855
2025-12-28 11:15:00,53.45,45.51558249235153,47.96299974590539,45.51558249235153,49.802268614451904
2025-12-28 11:30:00,53.23,45.81683323979377,48.26425049334764,45.81683323979377,49.443801135721905
2025-12-28 11:45:00,53.73,45.74705553531646,48.19447278887033,45.74705553531646,49.054990107713834
2025-12-28 12:00:00,53.17,45.860467550158496,48.30788480371236,45.860467550158496,49.03729873714737
2025-12-28 12:15:00,52.32,45.92081705570221,48.368234309256074,45.92081705570221,48.763175500713764
2025-12-28 12:30:00,52.02,46.117244508266445,48.56466176182031,46.117244508266445,48.61591459721418
2025-12-28 12:45:00,52.11,46.14345166027545,48.59086891382932,46.14345166027545,48.62098632185455
2025-12-28 13:00:00,52.27,46.48596173644066,48.93337898999452,46.48596173644066,48.97100764645317
2025-12-28 13:15:00,53.04,46.44304735898971,48.890464612543575,46.44304735898971,49.280074596528394
2025-12-28 13:30:00,53.33,46.70383840799332,49.15125566154718,46.70383840799332,49.704734940078254
2025-12-28 13:45:00,53.31,46.72526637434959,49.17268362790345,46.72526637434959,50.20284788279848
2025-12-28 14:00:00,53.72,46.915264905691146,49.36268215924501,46.915264905691146,50.306263234224524
2025-12-28 14:15:00,53.8,47.09036268532276,49.537779938876625,47.09036268532276,50.80636349371809
2025-12-28 14:30:00,55.31,47.15518586993217,49.602603123486034,47.15518586993217,51.24203062364088
2025-12-28 14:45:00,54.78,47.117741388678546,49.56515864223241,47.117741388678546,51.58380770396252
2025-12-28 15:00:00,55.73,47.1683385926485,49.61575584620237,47.1683385926485,51.21779696736762
2025-12-28 15:15:00,55.39,51.24726595580577,53.69468320935964,51.24726595580577,51.346159429431275
2025-12-28 15:30:00,55.06,51.33657217264175,53.78398942619562,51.33657217264175,51.38711945177161
2025-12-28 15:45:00,54.74,51.36946593403816,53.816883187592026,51.36946593403816,51.371026643788255
2025-12-28 16:00:00,53.91,51.33664390027523,53.78406115382909,51.33664390027523,50.8028713041799
2025-12-28 16:15:00,54.17,51.434817777872084,53.88223503142595,51.434817777872084,50.78793513162938
2025-12-28 16:30:00,54.18,51.31878637611866,53.766203629672525,51.31878637611866,50.828896342197254
2025-12-28 16:45:00,54.72,51.30508639812469,53.75250365167856,51.30508639812469,50.95209996778017
2025-12-28 17:00:00,54.54,51.15347543358802,53.60089268714189,51.15347543358802,50.58012076983188
2025-12-28 17:15:00,54.68,51.097397707104676,53.54481496065854,51.097397707104676,50.89342257052735
2025-12-28 17:30:00,55.67,51.04353025436401,53.49094750791787,51.04353025436401,51.28530348102868
2025-12-28 17:45:00,55.81,51.03025798559189,53.47767523914575,51.03025798559189,51.72757208687389
2025-12-28 18:00:00,55.3,51.000339592695234,53.4477568462491,51.000339592695234,50.31592175723569
2025-12-28 18:15:00,55.38,51.09127429246902,53.53869154602289,51.09127429246902,50.74470309699705
2025-12-28 18:30:00,55.24,50.93510463833808,53.38252189189195,50.93510463833808,51.1069766086233
2025-12-28 18:45:00,55.11,50.818209848403924,53.26562710195779,50.818209848403924,51.36918672428273
2025-12-28 19:00:00,54.69,50.664664894342415,53.11208214789628,50.664664894342415,51.857037991186196
2025-12-28 19:15:00,53.32,50.33915692389011,52.786574177443974,50.33915692389011,51.85865522020002
2025-12-28 19:30:00,52.31,49.993783055543894,52.44120030909776,49.993783055543894,51.72352198483796
2025-12-28 19:45:00,51.71,49.481908097267144,51.92932535082101,49.481908097267144,51.462287768683844
2025-12-28 20:00:00,51.02,49.10056680560112,51.547984059154984,49.10056680560112,51.1826764715818
2025-12-28 20:15:00,50.64,48.61045188605785,51.05786913961172,48.61045188605785,50.731038248243465
2025-12-28 20:30:00,50.15,47.97802402853966,50.42544128209352,47.97802402853966,50.22097073500489
2025-12-28 20:45:00,49.61,47.4062060213089,49.85362327486276,47.4062060213089,49.674803111548314
2025-12-28 21:00:00,49.59,46.737693850994106,49.18511110454797,46.737693850994106,48.12876839023029
2025-12-28 21:15:00,48.5,46.577975007295606,49.02539226084947,46.577975007295606,47.55458340393576
2025-12-28 21:30:00,48.8,46.135027648210524,48.58244490176439,46.135027648210524,46.974378627014104
2025-12-28 21:45:00,48.37,45.49095334827899,47.93837060183286,45.49095334827899,46.38488963446923
2025-12-28 22:00:00,49.34,44.71333282113075,47.160750074684614,44.71333282113075,44.99543304529023
2025-12-28 22:15:00,49.32,44.178890224099156,46.62630747765302,44.178890224099156,44.36359841163384
2025-12-28 22:30:00,48.05,43.453207145035265,45.90062439858913,43.453207145035265,43.698499484129364
2025-12-28 22:45:00,47.53,42.632403925955295,45.07982117950916,42.632403925955295,42.99625419875261
2025-12-28 23:00:00,46.34,41.83634009897709,44.283757352530955,41.83634009897709,41.52799181020855
2025-12-28 23:15:00,44.92,41.020157999098295,43.46757525265216,41.020157999098295,40.7621710104859
2025-12-28 23:30:00,44.13,40.30837148487568,42.755788738429544,40.30837148487568,39.98159510136933
2025-12-28 23:45:00,43.25,39.50957669466734,41.9569939482212,39.50957669466734,39.203585077867686
2025-12-29 00:00:00,42.1,38.82075099289417,41.268168246448035,38.82075099289417,38.916875235889506
2025-12-29 00:15:00,41.46,38.1821372911334,40.62955454468727,38.1821372911334,38.20079269764086
2025-12-29 00:30:00,40.57,37.460687470734115,39.90810472428798,37.460687470734115,37.54010837938922
2025-12-29 00:45:00,40.05,36.824707767069334,39.2721250206232,36.824707767069334,36.9448453589865
2025-12-29 01:00:00,39.01,36.39734257221222,38.84475982576608,36.39734257221222,36.23514224032973
2025-12-29 01:15:00,38.04,35.76077842116356,38.20819567471742,35.76077842116356,35.77555396371481
2025-12-29 01:30:00,37.79,35.25833697497845,37.705754228532314,35.25833697497845,35.37449614802253
2025-12-29 01:45:00,37.48,34.70367117017507,37.151088423728936,34.70367117017507,35.02046375237961
2025-12-29 02:00:00,37.11,34.31127983808517,36.758697091639036,34.31127983808517,34.19329295339369
2025-12-29 02:15:00,36.6,33.898066239655016,36.34548349320888,33.898066239655016,33.896903884428326
2025-12-29 02:30:00,36.37,33.62799044698477,36.07540770053863,33.62799044698477,33.616207928737964
2025-12-29 02:45:00,35.35,33.30453202724457,35.751949280798435,33.30453202724457,33.348836455712046
2025-12-29 03:00:00,34.8,32.92369017243385,35.37110742598772,32.92369017243385,33.08267996465229
2025-12-29 03:15:00,34.67,33.35615732729435,35.80357458084821,33.35615732729435,32.857178470259264
2025-12-29 03:30:00,34.23,33.13407263457775,35.581489888131614,33.13407263457775,32.66906207451782
2025-12-29 03:45:00,33.7,33.03047003775835,35.477887291312214,33.03047003775835,32.53190454525833
2025-12-29 04:00:00,33.69,32.834495531916616,35.28191278547048,32.834495531916616,32.09637319047844
2025-12-29 04:15:00,33.63,32.81364138662815,35.261058640182014,32.81364138662815,32.09443855675717
2025-12-29 04:30:00,33.82,32.6989927342534,35.14640998780727,32.6989927342534,32.16737243267752
2025-12-29 04:45:00,33.57,32.589144520163536,35.0365617737174,32.589144520163536,32.31147074563966
2025-12-29 05:00:00,34.01,32.56747281268239,35.014890066236255,32.56747281268239,32.51412734645259
2025-12-29 05:15:00,34.23,32.55849556803703,35.0059128215909,32.55849556803703,32.76490347509198
2025-12-29 05:30:00,34.82,32.72323667436838,35.170653927922245,32.72323667436838,33.043375978860624
2025-12-29 05:45:00,34.85,32.82369786649942,35.27111512005329,32.82369786649942,33.33188969802781
2025-12-29 06:00:00,35.1,32.97151656448841,35.41893381804228,32.97151656448841,33.73989784350353
2025-12-29 06:15:00,36.28,33.268075793385506,35.71549304693937,33.268075793385506,34.01265107166436
2025-12-29 06:30:00,36.76,33.671660621166225,36.11907787472009,33.671660621166225,34.27438268465048
2025-12-29 06:45:00,36.75,34.13916805326939,36.58658530682325,34.13916805326939,34.53480204140426
2025-12-29 07:00:00,37.34,34.807138281464574,37.25455553501844,34.807138281464574,35.51482476699131
2025-12-29 07:15:00,38.19,35.26134422242641,37.708761475980275,35.26134422242641,35.83200616171091
2025-12-29 07:30:00,39.01,36.09946568012237,38.54688293367624,36.09946568012237,36.21526416837909
2025-12-29 07:45:00,40.67,36.87031990051269,39.317737154066556,36.87031990051269,36.68831169104409
2025-12-29 08:00:00,42.39,37.671382080912586,40.11879933446645,37.671382080912586,40.09757006356455
2025-12-29 08:15:00,44.19,38.49373807042837,40.94115532398224,38.49373807042837,40.79075994654654
2025-12-29 08:30:00,46.3,39.44310510277748,41.890522356331346,39.44310510277748,41.59029539471625
2025-12-29 08:45:00,48.23,40.293409631848334,42.7408268854022,40.293409631848334,42.47474760286375
2025-12-29 09:00:00,49.05,41.147649882733816,43.59506713628768,41.147649882733816,44.312675091990066
2025-12-29 09:15:00,50.87,46.513877068758006,48.96129432231187,46.513877068758006,45.2511600268477
2025-12-29 09:30:00,52.02,47.37940910875797,49.826826362311834,47.37940910875797,46.14188585174064
2025-12-29 09:45:00,52.81,48.18316506028175,50.63058231383562,48.18316506028175,46.932556232042764
2025-12-29 10:00:00,54.0,48.81096781373024,51.2583850672841,48.81096781373024,48.63601491920037
2025-12-29 10:15:00,54.05,49.425160912871355,51.87257816642522,49.425160912871355,49.09872872803443
2025-12-29 10:30:00,54.51,49.937479519844054,52.38489677339792,49.937479519844054,49.36146159779663
2025-12-29 10:45:00,54.55,50.38740305542945,52.83482030898332,50.38740305542945,49.424745608616945
2025-12-29 11:00:00,54.87,50.74377250432968,53.19118975788354,50.74377250432968,49.88530126861528
2025-12-29 11:15:00,55.16,51.04297768592834,53.49039493948221,51.04297768592834,49.627992417216355
2025-12-29 11:30:00,55.37,51.271602876186364,53.71902012974023,51.271602876186364,49.280984156292675
2025-12-29 11:45:00,55.27,51.29256328463554,53.73998053818941,51.29256328463554,48.90373237769297
2025-12-29 12:00:00,54.99,51.36934904456138,53.81676629811525,51.36934904456138,48.78439700840727
2025-12-29 12:15:00,53.91,51.48509619235992,53.932513445913784,51.48509619235992,48.52201243970052
2025-12-29 12:30:00,54.72,51.58729213058948,54.03470938414335,51.58729213058948,48.38656938568883
2025-12-29 12:45:00,53.54,51.62707971453666,54.07449696809053,51.62707971453666,48.4035309953397
2025-12-29 13:00:00,55.15,51.899219669103616,54.34663692265748,51.899219669103616,49.9755246433535
2025-12-29 13:15:00,56.14,51.91398759186267,54.36140484541654,51.91398759186267,50.296603756443936
2025-12-29 13:30:00,56.1,52.133954991102215,54.58137224465608,52.133954991102215,50.7333263418024
2025-12-29 13:45:00,55.6,52.24992263495922,54.697339888513085,52.24992263495922,51.2435441313299
2025-12-29 14:00:00,56.15,52.439392507076256,54.88680976063012,52.439392507076256,51.318007782661354
2025-12-29 14:15:00,56.57,52.60081687450408,55.04823412805795,52.60081687450408,51.83027541027367
2025-12-29 14:30:00,57.74,52.70950814843177,55.15692540198564,52.70950814843177,52.27812970471368
2025-12-29 14:45:00,58.45,52.71789762496948,55.16531487852335,52.71789762496948,52.63210603207108
2025-12-29 15:00:00,59.28,52.830722535848615,55.27813978940248,52.830722535848615,52.18063972718661
2025-12-29 15:15:00,59.0,54.18900482177734,56.636422075331204,54.18900482177734,52.321202283075465
2025-12-29 15:30:00,59.05,54.18257058739662,56.629987840950484,54.18257058739662,52.374351089235404
2025-12-29 15:45:00,59.62,54.27186617791652,56.71928343147039,54.27186617791652,52.37042789308964
2025-12-29 16:00:00,59.52,54.272381554245946,56.71979880779981,54.272381554245946,51.691119681691696
2025-12-29 16:15:00,58.88,54.333012657165526,56.78042991071939,54.333012657165526,51.68829110693286
2025-12-29 16:30:00,59.19,54.22473049640655,56.672147749960416,54.22473049640655,51.74131704613451
2025-12-29 16:45:00,59.78,54.231366630792614,56.67878388434648,54.231366630792614,51.8765346153477
2025-12-29 17:00:00,59.18,54.05670984327793,56.504127096831795,54.05670984327793,50.928239607958396
2025-12-29 17:15:00,58.44,54.01534425139427,56.46276150494813,54.01534425139427,51.25343004618792
2025-12-29 17:30:00,58.34,53.87797786355018,56.325395117104044,53.87797786355018,51.65712509439603
2025-12-29 17:45:00,58.35,53.890283137559884,56.33770039111375,53.890283137559884,52.11112546411386
2025-12-29 18:00:00,58.58,53.86483842372894,56.312255677282806,53.86483842372894,51.17809067705697
2025-12-29 18:15:00,59.63,54.035964617729185,56.48338187128305,54.035964617729185,51.61841552110557
2025-12-29 18:30:00,59.76,53.9229670292139,56.370384282767766,53.9229670292139,51.992126720736934
2025-12-29 18:45:00,60.24,53.81491067767143,56.26232793122529,53.81491067767143,52.265660973502335
2025-12-29 19:00:00,59.43,53.71202137231826,56.15943862587213,53.71202137231826,52.35100732297851
2025-12-29 19:15:00,58.31,53.39638259291648,55.84379984647035,53.39638259291648,52.36369858910468
2025-12-29 19:30:00,57.86,53.122622125148766,55.57003937870263,53.122622125148766,52.239502959562564
2025-12-29 19:45:00,56.93,52.64780113101005,55.095218384563914,52.64780113101005,51.989062418896395
2025-12-29 20:00:00,57.34,52.31733864068985,54.76475589424371,52.31733864068985,51.97124265337645
2025-12-29 20:15:00,56.82,51.817875219583506,54.26529247313737,51.817875219583506,51.53008804785704
2025-12-29 20:30:00,55.01,51.23936794638633,53.686785199940196,51.23936794638633,51.03033819057262
2025-12-29 20:45:00,54.48,50.69037792265415,53.137795176208016,50.69037792265415,50.49431509172021
2025-12-29 21:00:00,53.75,50.03495206058025,52.48236931413412,50.03495206058025,49.573273168538364
2025-12-29 21:15:00,53.89,49.40783736109733,51.855254614651194,49.40783736109733,49.00886533002678
2025-12-29 21:30:00,53.02,48.92832484841346,51.375742101967326,48.92832484841346,48.4382436661426
2025-12-29 21:45:00,52.65,48.30032550811767,50.74774276167154,48.30032550811767,47.85813700358065
2025-12-29 22:00:00,52.17,47.566602292656896,50.01401954621076,47.566602292656896,47.012549616061655
2025-12-29 22:15:00,51.05,46.95126420795917,49.398681461513036,46.95126420795917,46.38967598534032
2025-12-29 22:30:00,50.73,46.25242718815803,48.699844441711896,46.25242718815803,45.7333177709331
2025-12-29 22:45:00,49.66,45.44659379184246,47.894011045396326,45.44659379184246,45.039586669011356
2025-12-29 23:00:00,48.38,44.63765751123428,47.085074764788146,44.63765751123428,43.83877639908047
2025-12-29 23:15:00,46.95,43.86789780139923,46.315315054953096,43.86789780139923,43.08099857210947
2025-12-29 23:30:00,45.66,43.083760685920716,45.53117793947458,43.083760685920716,42.30822125002926
2025-12-29 23:45:00,44.91,42.24151356101036,44.68893081456422,42.24151356101036,41.53775977869368
2025-12-30 00:00:00,43.78,41.59167714118957,44.03909439474344,41.59167714118957,41.13761500714332
2025-12-30 00:15:00,42.85,40.99696207940578,43.44437933295965,40.99696207940578,40.42856464878919
2025-12-30 00:30:00,41.75,40.26417530804872,42.711592561602586,40.26417530804872,39.77464650646579
2025-12-30 00:45:00,41.05,39.68637734144926,42.133794595003124,39.68637734144926,39.18587867482315
2025-12-30 01:00:00,40.47,39.21417573422193,41.6615929877758,39.21417573422193,36.993618805478775
2025-12-30 01:15:00,39.3,38.63630869656801,41.083725950121874,38.63630869656801,36.539969510554485
2025-12-30 01:30:00,38.83,38.1380845695734,40.58550182312727,38.1380845695734,36.14456582341944
2025-12-30 01:45:00,38.14,37.62568626523018,40.073103518784045,37.62568626523018,35.79589845487301
2025-12-30 02:00:00,37.96,37.28198072850704,39.7293979820609,37.28198072850704,35.352418116639335
2025-12-30 02:15:00,37.18,36.86556728065014,39.312984534204006,36.86556728065014,35.060803904267466
2025-12-30 02:30:00,36.48,36.59946440190077,39.046881655454634,36.59946440190077,34.78458213336316
2025-12-30 02:45:00,36.23,36.260463666617866,38.70788092017173,36.260463666617866,34.52138071945669
2025-12-30 03:00:00,35.72,35.900615427494046,38.34803268104791,35.900615427494046,33.45204164276702
2025-12-30 03:15:00,35.36,34.72937224388122,37.17678949743509,34.72937224388122,33.23009242540755
2025-12-30 03:30:00,34.72,34.54660226404667,36.994019517600535,34.54660226404667,33.04521507310238
2025-12-30 03:45:00,34.8,34.44416192054749,36.89157917410135,34.44416192054749,32.910980745242284
2025-12-30 04:00:00,34.3,34.29041240990162,36.737829663455486,34.29041240990162,32.5000252204804
2025-12-30 04:15:00,34.12,34.26016194462776,36.70757919818163,34.26016194462776,32.500375153286726
2025-12-30 04:30:00,34.46,34.192528099417686,36.63994535297155,34.192528099417686,32.57527124663352
2025-12-30 04:45:00,34.23,34.10821890771389,36.555636161267756,34.10821890771389,32.7210077058141
2025-12-30 05:00:00,34.5,34.12472556143999,36.57214281499385,34.12472556143999,32.58508758734
2025-12-30 05:15:00,34.8,34.20495424777269,36.652371501326556,34.20495424777269,32.83684946294973
2025-12-30 05:30:00,35.1,34.380200795829296,36.82761804938316,34.380200795829296,33.11597984453
2025-12-30 05:45:00,35.43,34.50467214912176,36.952089402675625,34.50467214912176,33.40482276787458
2025-12-30 06:00:00,35.78,34.75519153535366,37.202608788907526,34.75519153535366,33.58251065516996
2025-12-30 06:15:00,36.62,35.19897306025028,37.64639031380415,35.19897306025028,33.85493425905237
2025-12-30 06:30:00,36.88,35.666437987089154,38.11385524064302,35.666437987089154,34.1160065617763
2025-12-30 06:45:00,37.23,36.23744573771953,38.6848629912734,36.23744573771953,34.37543705527358
2025-12-30 07:00:00,37.04,36.99222632676363,39.439643580317494,36.99222632676363,35.838995298553264
2025-12-30 07:15:00,37.84,37.58165346801281,40.029070721566676,37.58165346801281,36.15453006801516
2025-12-30 07:30:00,38.75,38.46129592746496,40.908713181018825,38.46129592746496,36.53581371368867
2025-12-30 07:45:00,40.65,39.31565572440624,41.76307297796011,39.31565572440624,37.00656021931396
2025-12-30 08:00:00,42.87,40.203999808430666,42.65141706198453,40.203999808430666,40.61763226661918
2025-12-30 08:15:00,45.65,41.06831247866153,43.5157297322154,41.06831247866153,41.30787200473276
2025-12-30 08:30:00,46.74,42.036032487154,44.48344974070787,42.036032487154,42.104135308616456
2025-12-30 08:45:00,48.35,42.89416196972132,45.34157922327518,42.89416196972132,42.984995397285715
2025-12-30 09:00:00,49.34,43.74910621404648,46.19652346760034,43.74910621404648,45.223106551059175
2025-12-30 09:15:00,51.0,45.93065702438354,48.37807427793741,45.93065702438354,46.15736642250713
2025-12-30 09:30:00,51.98,46.78997001290321,49.23738726645708,46.78997001290321,47.04355468138212
2025-12-30 09:45:00,52.92,47.616721312403676,50.06413856595754,47.616721312403676,47.82937794742381
2025-12-30 10:00:00,54.44,48.256917006969445,50.70433426052331,48.256917006969445,49.38999161815198
2025-12-30 10:15:00,54.66,48.88369166433811,51.331108917891974,48.88369166433811,49.84724899402846
2025-12-30 10:30:00,54.9,49.40059552669525,51.848012780249114,49.40059552669525,50.10422611367338
2025-12-30 10:45:00,55.17,49.8576811993122,52.30509845286607,49.8576811993122,50.161458917134986
2025-12-30 11:00:00,55.18,50.199986718893044,52.64740397244691,50.199986718893044,50.041917100273984
2025-12-30 11:15:00,55.92,50.50129591107368,52.94871316462755,50.50129591107368,49.77797859048856
2025-12-30 11:30:00,55.49,50.7269988644123,53.17441611796617,50.7269988644123,49.42405811242388
2025-12-30 11:45:00,55.18,50.74199259638786,53.189409849941725,50.74199259638786,49.03961628796091
2025-12-30 12:00:00,54.48,50.79098788321018,53.238405136764044,50.79098788321018,49.044357928287184
2025-12-30 12:15:00,54.22,50.88528315544128,53.332700408995144,50.88528315544128,48.77424268630654
2025-12-30 12:30:00,54.74,50.959497346878045,53.40691460043191,50.959497346878045,48.63080657216999
2025-12-30 12:45:00,54.99,50.98691855549812,53.43433580905199,50.98691855549812,48.63951828867436
2025-12-30 13:00:00,55.7,51.25537117838859,53.70278843194246,51.25537117838859,49.679105487233755
2025-12-30 13:15:00,56.42,51.231716998815536,53.6791342523694,51.231716998815536,49.99143848793532
2025-12-30 13:30:00,56.79,51.463285678625105,53.91070293217897,51.463285678625105,50.41917595860216
2025-12-30 13:45:00,56.86,51.56270549178123,54.010122745335096,51.56270549178123,50.92017595163394
2025-12-30 14:00:00,57.48,51.7411107122898,54.18852796584367,51.7411107122898,50.79989694042471
2025-12-30 14:15:00,58.32,51.919855974912636,54.3672732284665,51.919855974912636,51.30250109274802
2025-12-30 14:30:00,58.67,52.02885009884834,54.4762673524022,52.02885009884834,51.74047926542782
2025-12-30 14:45:00,59.13,52.03690750300884,54.48432475656271,52.03690750300884,52.084373845996055
2025-12-30 15:00:00,59.22,52.14636918485164,54.59378643840551,52.14636918485164,51.74486357019222
2025-12-30 15:15:00,59.63,53.92240649104118,56.369823744595045,53.92240649104118,51.874954844473336
2025-12-30 15:30:00,59.93,53.908974827528,56.356392081081864,53.908974827528,51.91744877227037
2025-12-30 15:45:00,60.42,54.018529489636414,56.46594674319028,54.018529489636414,51.90269474837821
2025-12-30 16:00:00,60.32,54.035868980884544,56.48328623443841,54.035868980884544,51.1284547574829
2025-12-30 16:15:00,59.65,54.09459531664848,56.542012570202346,54.09459531664848,51.114466968913284
2025-12-30 16:30:00,59.57,53.99212043762206,56.43953769117593,53.99212043762206,51.15618152915496
2025-12-30 16:45:00,59.3,54.002443903684615,56.44986115723848,54.002443903684615,51.27994374508614
2025-12-30 17:00:00,59.18,53.81488411188125,56.262301365435114,53.81488411188125,50.461840556224445
2025-12-30 17:15:00,58.99,53.76426034212112,56.211677595674985,53.76426034212112,50.77531274671732
2025-12-30 17:30:00,58.78,53.623307572603224,56.07072482615709,53.623307572603224,51.16717085411622
2025-12-30 17:45:00,58.96,53.62001341462135,56.06743066817521,53.62001341462135,51.60922423376522
2025-12-30 18:00:00,59.3,53.57734875559807,56.02476600915193,53.57734875559807,50.55605714901159
2025-12-30 18:15:00,60.28,53.7403405046463,56.18775775820016,53.7403405046463,50.984241225756975
2025-12-30 18:30:00,60.53,53.599594948291774,56.04701220184564,53.599594948291774,51.345728108859085
2025-12-30 18:45:00,61.06,53.50392888128757,55.95134613484144,53.50392888128757,51.60696349755055
2025-12-30 19:00:00,59.91,53.410797190666194,55.85821444422006,53.410797190666194,51.52401046407387
2025-12-30 19:15:00,58.87,53.09434549808502,55.541762751638885,53.09434549808502,51.524281066374684
2025-12-30 19:30:00,58.35,52.859565014243124,55.30698226779699,52.859565014243124,51.387617649326586
2025-12-30 19:45:00,57.76,52.40862400889396,54.856041262447825,52.40862400889396,51.124671456792534
2025-12-30 20:00:00,56.37,52.09803007304668,54.545447326600545,52.09803007304668,50.50586445581414
2025-12-30 20:15:00,55.92,51.64806934535503,54.0954865989089,51.64806934535503,50.052156433339974
2025-12-30 20:30:00,55.35,51.10137991905212,53.54879717260599,51.10137991905212,49.539843334901285
2025-12-30 20:45:00,54.88,50.588192610740656,53.03560986429452,50.588192610740656,48.991256583388456
2025-12-30 21:00:00,54.5,49.967025991678234,52.4144432452321,49.967025991678234,47.95348535229597
2025-12-30 21:15:00,53.44,49.01076912164688,51.45818637520075,49.01076912164688,47.37654135574454
2025-12-30 21:30:00,52.93,48.53583920776844,50.983256461322306,48.53583920776844,46.79341146289584
2025-12-30 21:45:00,52.88,47.970760941505425,50.41817819505929,47.970760941505425,46.20083396025282
2025-12-30 22:00:00,51.99,47.26611929655075,49.713536550104614,47.26611929655075,45.025268082733795
2025-12-30 22:15:00,51.22,46.6746638572216,49.12208111077547,46.6746638572216,44.39002673922742
2025-12-30 22:30:00,50.67,46.00890921592712,48.456326469480985,46.00890921592712,43.72136652046389
2025-12-30 22:45:00,49.55,45.22586395442485,47.67328120797872,45.22586395442485,43.01540852112039
2025-12-30 23:00:00,48.62,44.42432890295982,46.87174615651369,44.42432890295982,41.923570906712015
2025-12-30 23:15:00,47.16,43.673636789023874,46.12105404257774,43.673636789023874,41.15374445579526
2025-12-30 23:30:00,46.26,42.91650911241769,45.36392636597156,42.91650911241769,40.36902159193032
2025-12-30 23:45:00,45.42,42.06342580169439,44.51084305524826,42.06342580169439,39.5867268913134
2025-12-31 00:00:00,44.07,41.424806786775584,43.87222404032945,41.424806786775584,38.5903266713959
2025-12-31 00:15:00,42.75,40.85354001969099,43.300957273244855,40.85354001969099,37.869695156927484
2025-12-31 00:30:00,42.14,40.095178362131115,42.54259561568498,40.095178362131115,37.20433548155242
2025-12-31 00:45:00,41.12,39.52990882217884,41.977326075732705,39.52990882217884,36.60427469593683
2025-12-31 01:00:00,40.61,39.077842755615706,41.52526000916957,39.077842755615706,35.710082507281044
2025-12-31 01:15:00,39.55,38.46923245728016,40.91664971083402,38.46923245728016,35.245463936363876
2025-12-31 01:30:00,39.29,38.00542696803808,40.452844221591945,38.00542696803808,34.839265883621
2025-12-31 01:45:00,38.47,37.492659399211405,39.94007665276527,37.492659399211405,34.47998763757735
2025-12-31 02:00:00,38.23,37.15085995793342,39.598277211487286,37.15085995793342,33.905155269757
2025-12-31 02:15:00,37.55,36.75533784747123,39.2027551010251,36.75533784747123,33.60332244209181
2025-12-31 02:30:00,36.84,36.49545003533363,38.9428672888875,36.49545003533363,33.317090591435935
2025-12-31 02:45:00,36.57,36.168608462214465,38.61602571576833,36.168608462214465,33.04409573376019
2025-12-31 03:00:00,36.14,35.80747576713562,38.25489302068949,35.80747576713562,32.41688846678936
2025-12-31 03:15:00,35.73,34.05369793653488,36.50111519008875,34.05369793653488,32.185602835953596
2025-12-31 03:30:00,35.42,33.87423938244581,36.32165663599967,33.87423938244581,31.99162917849449
2025-12-31 03:45:00,35.22,33.799359717965125,36.24677697151899,33.799359717965125,31.84854618274268
2025-12-31 04:00:00,34.73,33.65960108071565,36.10701833426952,33.65960108071565,30.963144133778457
2025-12-31 04:15:00,34.52,33.64774609684944,36.095163350403304,33.64774609684944,30.95516262643797
2025-12-31 04:30:00,34.49,33.563439561724664,36.01085681527853,33.563439561724664,31.021996540098524
2025-12-31 04:45:00,34.79,33.52381402909756,35.971231282651424,33.52381402909756,31.159946949165274
2025-12-31 05:00:00,34.93,33.53200160562992,35.97941885918379,33.53200160562992,31.603491547199624
2025-12-31 05:15:00,35.4,33.62224028170109,36.069657535254954,33.62224028170109,31.84803952312696
2025-12-31 05:30:00,35.6,33.82162849158048,36.26904574513435,33.82162849158048,32.12025165524237
2025-12-31 05:45:00,35.59,33.99459967970848,36.442016933262344,33.99459967970848,32.40247810794667
2025-12-31 06:00:00,35.63,34.18222588598728,36.629643139541145,34.18222588598728,32.447711696326635
2025-12-31 06:15:00,36.45,34.61292375922203,37.06034101277589,34.61292375922203,32.71413998146947
2025-12-31 06:30:00,36.48,35.04869171351194,37.49610896706581,35.04869171351194,32.96953593194369
2025-12-31 06:45:00,37.09,35.5975422668457,38.044959520399566,35.5975422668457,33.22361435527202
2025-12-31 07:00:00,36.98,36.33278238892555,38.78019964247942,36.33278238892555,34.09145461606956
2025-12-31 07:15:00,37.94,36.88390166074037,39.331318914294236,36.88390166074037,34.40230096824998
2025-12-31 07:30:00,38.55,37.76602005183697,40.21343730539083,37.76602005183697,34.77923512909737
2025-12-31 07:45:00,39.82,38.5762753239274,41.02369257748126,38.5762753239274,35.24597552165102
2025-12-31 08:00:00,41.93,39.40258297473192,41.850000228285786,39.40258297473192,39.09804344239105
2025-12-31 08:15:00,43.4,40.28075501769781,42.72817227125167,40.28075501769781,39.78497621401279
2025-12-31 08:30:00,45.49,41.19762677550315,43.64504402905702,41.19762677550315,40.57828786089127
2025-12-31 08:45:00,47.15,42.01025171607733,44.45766896963119,42.01025171607733,41.456555111491355
2025-12-31 09:00:00,48.65,42.8430586874485,45.29047594100236,42.8430586874485,43.521268446690236
2025-12-31 09:15:00,50.14,44.166032381653785,46.61344963520765,44.166032381653785,44.453662685559095
2025-12-31 09:30:00,51.04,44.98887319684028,47.43629045039415,44.98887319684028,45.33835321103434
2025-12-31 09:45:00,52.63,45.74243308782577,48.18985034137964,45.74243308782577,46.1230491803886
2025-12-31 10:00:00,53.15,46.352096719741816,48.79951397329568,46.352096719741816,47.688120710117225
2025-12-31 10:15:00,54.68,46.92989999949932,49.377317253053185,46.92989999949932,48.144998275419965
2025-12-31 10:30:00,54.94,47.367483725547785,49.81490097910165,47.367483725547785,48.401972131979186
2025-12-31 10:45:00,55.2,47.80083552122116,50.248252774775025,47.80083552122116,48.45957975208123
2025-12-31 11:00:00,55.95,48.08585988402366,50.53327713757753,48.08585988402366,49.03175275949426
2025-12-31 11:15:00,56.6,48.35552125036716,50.80293850392103,48.35552125036716,48.76894880175032
2025-12-31 11:30:00,56.28,48.55960230708122,51.00701956063509,48.55960230708122,48.416544018954795
2025-12-31 11:45:00,56.4,48.57732168912887,51.02473894268274,48.57732168912887,48.03399954010478
2025-12-31 12:00:00,54.8,48.56211277425289,51.009530027806754,48.56211277425289,47.75633362363661
2025-12-31 12:15:00,54.85,48.62140761792659,51.06882487148046,48.62140761792659,47.488879517410204
2025-12-31 12:30:00,54.71,48.687867255210875,51.13528450876474,48.687867255210875,47.34848616190665
2025-12-31 12:45:00,55.6,48.72003045737743,51.1674477109313,48.72003045737743,47.36062173358801
2025-12-31 13:00:00,56.36,49.00352728724479,51.45094454079866,49.00352728724479,48.91488749469231
2025-12-31 13:15:00,56.87,48.99364481329918,51.44106206685304,48.99364481329918,49.231403932238656
2025-12-31 13:30:00,56.48,49.243243694901466,51.69066094845533,49.243243694901466,49.66370280925454
2025-12-31 13:45:00,56.85,49.33627709209919,51.78369434565305,49.33627709209919,50.16964062216043
2025-12-31 14:00:00,57.05,49.505477266311644,51.95289451986551,49.505477266311644,50.018774256847706
2025-12-31 14:15:00,57.34,49.76052479147911,52.20794204503297,49.76052479147911,50.527063364555886
2025-12-31 14:30:00,57.7,49.875103044509885,52.32252029806375,49.875103044509885,50.97109670717038
2025-12-31 14:45:00,57.42,49.87523587346077,52.32265312701463,49.87523587346077,51.32141410077619
2025-12-31 15:00:00,56.89,50.01075859546661,52.45817584902048,50.01075859546661,51.333611216977374
2025-12-31 15:15:00,58.13,52.7562001812458,55.20361743479967,52.7562001812458,51.470851876839006
2025-12-31 15:30:00,58.77,52.77874922394752,55.22616647750139,52.77874922394752,51.520853625397095
2025-12-31 15:45:00,59.17,52.937078676819795,55.38449593037366,52.937078676819795,51.51396229725789
2025-12-31 16:00:00,58.82,53.009034776091575,55.45645202964544,53.009034776091575,50.45212914420427
2025-12-31 16:15:00,59.19,53.100737227201456,55.54815448075532,53.100737227201456,50.44670215700562
2025-12-31 16:30:00,59.58,53.01340484857559,55.460822102129455,53.01340484857559,50.4973202738542
2025-12-31 16:45:00,59.48,53.095081370472904,55.54249862402677,53.095081370472904,50.63032429094573
2025-12-31 17:00:00,59.82,52.92299880802631,55.37041606158017,52.92299880802631,48.98011314000421
2025-12-31 17:15:00,59.9,52.88619190573692,55.33360915929079,52.88619190573692,49.303489170151494
2025-12-31 17:30:00,60.11,52.80859323263168,55.256010486185545,52.80859323263168,49.70557446010569
2025-12-31 17:45:00,60.44,52.836179149150844,55.28359640270471,52.836179149150844,50.1581729532051
2025-12-31 18:00:00,60.46,52.757804754972454,55.20522200852632,52.757804754972454,48.74897266467673
2025-12-31 18:15:00,60.07,52.93696444392204,55.3843816974759,52.93696444392204,49.18832061665708
2025-12-31 18:30:00,60.9,52.76586215913295,55.213279412686816,52.76586215913295,49.56127178483471
2025-12-31 18:45:00,60.26,52.71874241709709,55.166159670650956,52.71874241709709,49.83426561364184
2025-12-31 19:00:00,59.11,52.632972106933586,55.08038936048745,52.632972106933586,50.1196425030233
2025-12-31 19:15:00,57.72,52.36977951049804,54.81719676405191,52.36977951049804,50.13224029412045
2025-12-31 19:30:00,56.81,52.183930555582045,54.63134780913591,52.183930555582045,50.00817827259029
2025-12-31 19:45:00,55.5,51.76634289979934,54.213760153353206,51.76634289979934,49.75810065365817
2025-12-31 20:00:00,54.06,51.47813064217567,53.92554789572954,51.47813064217567,49.200273240078005
2025-12-31 20:15:00,53.14,51.14472466230392,53.59214191585779,51.14472466230392,48.75994633966995
2025-12-31 20:30:00,51.97,50.61014392316341,53.05756117671728,50.61014392316341,48.26125938571303
2025-12-31 20:45:00,51.09,50.131109594702714,52.57852684825658,50.131109594702714,47.72653607577547
2025-12-31 21:00:00,49.8,49.58607256054878,52.033489814102644,49.58607256054878,46.446657295798914
2025-12-31 21:15:00,48.97,47.96207658469677,50.40949383825063,47.96207658469677,45.884027521884235
2025-12-31 21:30:00,48.18,47.551669661998744,49.99908691555261,47.551669661998744,45.315425029910195
2025-12-31 21:45:00,46.92,47.107372760772705,49.55479001432657,47.107372760772705,44.737579770535845
2025-12-31 22:00:00,46.49,46.47476159930229,48.922178852856156,46.47476159930229,43.433856562875846
2025-12-31 22:15:00,45.7,45.96475952923298,48.412176782786844,45.96475952923298,42.81373159145843
2025-12-31 22:30:00,44.63,45.306002317070956,47.75341957062482,45.306002317070956,42.16036677162123
2025-12-31 22:45:00,43.9,44.61946260154247,47.06687985509634,44.61946260154247,41.46987434373608
2025-12-31 23:00:00,42.86,43.823466517329216,46.27088377088308,43.823466517329216,40.49150461529648
2025-12-31 23:15:00,41.78,43.057982571423054,45.50539982497692,43.057982571423054,39.73745706480009
2025-12-31 23:30:00,40.55,42.374249531626695,44.82166678518056,42.374249531626695,38.96865604730724
2025-12-31 23:45:00,40.21,41.5863347607851,44.033752014338965,41.5863347607851,38.202416864106866
2026-01-01 00:00:00,38.22,40.83713431596756,43.284551569521426,40.83713431596756,36.282672089410426
2026-01-01 00:15:00,38.45,40.23041948676109,42.67783674031496,40.23041948676109,35.578335256621685
2026-01-01 00:30:00,39.25,39.38466833412647,41.83208558768033,39.38466833412647,34.92937559757816
2026-01-01 00:45:00,39.5,38.793551608622074,41.24096886217594,38.793551608622074,34.3458105692495
2026-01-01 01:00:00,39.5,38.295465623736376,40.74288287729024,38.295465623736376,33.138917758852
2026-01-01 01:15:00,39.25,37.61298781752586,40.06040507107973,37.61298781752586,32.69095740047357
2026-01-01 01:30:00,38.66,37.150070953965184,39.59748820751905,37.150070953965184,32.301484168141684
2026-01-01 01:45:00,38.37,36.55767110079527,39.005088354349134,36.55767110079527,31.958987544426503
2026-01-01 02:00:00,38.0,36.129902105927464,38.57731935948133,36.129902105927464,31.881170810718466
2026-01-01 02:15:00,37.23,35.76495190680027,38.212369160354136,35.76495190680027,31.59620365296113
2026-01-01 02:30:00,36.45,35.43671562969684,37.88413288325071,35.43671562969684,31.326864665466047
2026-01-01 02:45:00,36.22,35.06308505862951,37.51050231218338,35.06308505862951,31.07077995398004
2026-01-01 03:00:00,35.92,34.67548619508743,37.122903448641296,34.67548619508743,30.712781274493206
2026-01-01 03:15:00,35.15,32.830187889039514,35.27760514259338,32.830187889039514,30.498410594648497
2026-01-01 03:30:00,34.82,32.609317917078734,35.0567351706326,32.609317917078734,30.321339412499473
2026-01-01 03:45:00,34.18,32.58839934974909,35.035816603302955,32.58839934974909,30.195136510130105
2026-01-01 04:00:00,33.57,32.443706116974354,34.89112337052822,32.443706116974354,29.864214103687488
2026-01-01 04:15:00,33.68,32.439074371457096,34.88649162501096,32.439074371457096,29.873038287233182
2026-01-01 04:30:00,33.16,32.33760500758886,34.78502226114273,32.33760500758886,29.956625927326513
2026-01-01 04:45:00,33.2,32.296345678865904,34.74376293241977,32.296345678865904,30.11126830527062
2026-01-01 05:00:00,33.15,32.28217681467533,34.7295940682292,32.28217681467533,30.293080130583448
2026-01-01 05:15:00,33.9,32.31783740311861,34.765254656672475,32.31783740311861,30.55416736681835
2026-01-01 05:30:00,33.98,32.54299841433763,34.9904156678915,32.54299841433763,30.84282791817293
2026-01-01 05:45:00,33.63,32.70738885223865,35.15480610579252,32.70738885223865,31.141402375038854
2026-01-01 06:00:00,33.98,32.84508598417044,35.292503237724304,32.84508598417044,31.20287405005927
2026-01-01 06:15:00,33.94,33.16562615185976,35.61304340541363,33.16562615185976,31.485421079111042
2026-01-01 06:30:00,33.97,33.584773219525815,36.03219047307968,33.584773219525815,31.75680708989142
2026-01-01 06:45:00,34.02,34.08679359793663,36.53421085149049,34.08679359793663,32.02673763902555
2026-01-01 07:00:00,34.4,34.77797302871942,37.22539028227329,34.77797302871942,32.53054321206619
2026-01-01 07:15:00,35.06,35.257810972332955,37.70522822588682,35.257810972332955,32.856938461084766
2026-01-01 07:30:00,35.91,36.15056896239519,38.59798621594906,36.15056896239519,33.2492564354643
2026-01-01 07:45:00,37.5,36.914978322088714,39.36239557564258,36.914978322088714,33.73120672999667
2026-01-01 08:00:00,39.03,37.72978564232588,40.177202895879745,37.72978564232588,38.08370141732331
2026-01-01 08:15:00,41.19,38.60731346487999,41.05473071843385,38.60731346487999,38.78547027124827
2026-01-01 08:30:00,42.55,39.55367457807064,42.00109183162451,39.55367457807064,39.59341835106029
2026-01-01 08:45:00,43.47,40.38823356330394,42.83565081685781,40.38823356330394,40.48611407315888
2026-01-01 09:00:00,46.43,41.248939927518364,43.69635718107223,41.248939927518364,42.688761046223156
2026-01-01 09:15:00,47.73,43.39587152838707,45.843288781940934,43.39587152838707,43.63514347694759
2026-01-01 09:30:00,48.78,44.255439548492426,46.70285680204629,44.255439548492426,44.53359017873366
2026-01-01 09:45:00,49.66,45.06090633690357,47.50832359045744,45.06090633690357,45.33180260085982
2026-01-01 10:00:00,50.9,45.70159615516662,48.149013408720485,45.70159615516662,46.78642202093625
2026-01-01 10:15:00,51.93,46.33168090999126,48.77909816354513,46.33168090999126,47.25631413150222
2026-01-01 10:30:00,52.46,46.806586914658546,49.25400416821241,46.806586914658546,47.526040691123605
2026-01-01 10:45:00,53.16,47.2734009796381,49.72081823319196,47.2734009796381,47.596132149468005
2026-01-01 11:00:00,53.71,47.601868379116056,50.04928563266992,47.601868379116056,48.44453233905659
2026-01-01 11:15:00,53.28,47.901923666000364,50.34934091955423,47.901923666000364,48.193654156566154
2026-01-01 11:30:00,53.73,48.175248454809186,50.62266570836305,48.175248454809186,47.85288632936112
2026-01-01 11:45:00,53.45,48.236386964321134,50.683804217875,48.236386964321134,47.48168371981702
2026-01-01 12:00:00,53.51,48.24189139604568,50.689308649599546,48.24189139604568,47.516503751321046
2026-01-01 12:15:00,53.1,48.33607243537902,50.78348968893289,48.33607243537902,47.259783343744324
2026-01-01 12:30:00,52.35,48.478741354942315,50.92615860849618,48.478741354942315,47.12981101184725
2026-01-01 12:45:00,52.38,48.52183637976646,50.96925363332033,48.52183637976646,47.15204948485858
2026-01-01 13:00:00,53.04,48.84291317641735,51.29033042997121,48.84291317641735,48.14606724785648
2026-01-01 13:15:00,53.78,48.837111207842824,51.28452846139669,48.837111207842824,48.47203485657535
2026-01-01 13:30:00,53.69,49.1395866382122,51.58700389176607,49.1395866382122,48.913451733171264
2026-01-01 13:45:00,54.25,49.23477983415126,51.68219708770513,49.23477983415126,49.428169798155274
2026-01-01 14:00:00,54.47,49.451915320158,51.89933257371187,49.451915320158,49.25073964718839
2026-01-01 14:15:00,55.01,49.69756386876106,52.144981122314924,49.69756386876106,49.76712068832575
2026-01-01 14:30:00,55.9,49.85589863479137,52.30331588834524,49.85589863479137,50.21889584984515
2026-01-01 14:45:00,55.85,49.87232426285743,52.3197415164113,49.87232426285743,50.5766012865139
2026-01-01 15:00:00,56.11,50.010705463886254,52.45812271744012,50.010705463886254,50.21218019378982
2026-01-01 15:15:00,56.32,52.54353571772575,54.99095297127962,52.54353571772575,50.356091297939315
2026-01-01 15:30:00,56.59,52.54154594004154,54.9889631935954,52.54154594004154,50.412400140907614
2026-01-01 15:45:00,56.87,52.66839493155479,55.11581218510866,52.66839493155479,50.411449841388226
2026-01-01 16:00:00,56.77,52.70272855877876,55.150145812332624,52.70272855877876,49.94588447162425
2026-01-01 16:15:00,56.36,52.795947916507714,55.24336517006158,52.795947916507714,49.94565919478607
2026-01-01 16:30:00,56.39,52.66775203943252,55.11516929298639,52.66775203943252,50.001106252652264
2026-01-01 16:45:00,56.76,52.74429339408874,55.19171064764261,52.74429339408874,50.13856469121251
2026-01-01 17:00:00,56.87,52.564118891954415,55.01153614550828,52.564118891954415,49.246698953862534
2026-01-01 17:15:00,56.28,52.516659107804294,54.96407636135816,52.516659107804294,49.573776089920294
2026-01-01 17:30:00,56.39,52.46129865765571,54.908715911209576,52.46129865765571,49.97918417681571
2026-01-01 17:45:00,55.75,52.538286317586895,54.98570357114076,52.538286317586895,50.43472638273204
2026-01-01 18:00:00,55.55,52.42261355400085,54.87003080755471,52.42261355400085,48.592026833861546
2026-01-01 18:15:00,56.25,52.61832373023033,55.065740983784195,52.61832373023033,49.03355897805656
2026-01-01 18:30:00,57.29,52.47057543158531,54.917992685139176,52.47057543158531,49.40831438804748
2026-01-01 18:45:00,57.32,52.37932725548744,54.826744509041305,52.37932725548744,49.6827327052528
2026-01-01 19:00:00,55.92,52.278185979127876,54.72560323268174,52.278185979127876,50.49328354134053
2026-01-01 19:15:00,55.69,51.96841026961803,54.4158275231719,51.96841026961803,50.506547867221784
2026-01-01 19:30:00,54.75,51.7698761498928,54.21729340344667,51.7698761498928,50.38277465958888
2026-01-01 19:45:00,54.34,51.282808326482765,53.73022558003663,51.282808326482765,50.13260928838594
2026-01-01 20:00:00,52.82,50.96075656533241,53.408173818886276,50.96075656533241,50.11883025133838
2026-01-01 20:15:00,52.39,50.55706016123295,53.00447741478681,50.55706016123295,49.67766687278468
2026-01-01 20:30:00,52.2,49.97435283660888,52.421770090162745,49.97435283660888,49.177771747714786
2026-01-01 20:45:00,51.54,49.446081472635264,51.89349872618913,49.446081472635264,48.64147066154775
2026-01-01 21:00:00,50.51,48.84675724625587,51.294174499809735,48.84675724625587,47.81934808760164
2026-01-01 21:15:00,50.27,47.39289921700954,49.84031647056341,47.39289921700954,47.25440850014023
2026-01-01 21:30:00,49.81,46.89120161294937,49.33861886650323,46.89120161294937,46.68313421195203
2026-01-01 21:45:00,49.67,46.23745736539364,48.684874618947504,46.23745736539364,46.10225815827968
2026-01-01 22:00:00,48.76,45.46316287517547,47.910580128729336,45.46316287517547,45.27012298198238
2026-01-01 22:15:00,48.58,44.83291606903076,47.280333322584625,44.83291606903076,44.64625904386181
2026-01-01 22:30:00,47.88,44.0288174188137,46.47623467236757,44.0288174188137,43.98880650854185
2026-01-01 22:45:00,47.27,43.232874466180796,45.68029171973466,43.232874466180796,43.29388145273761
2026-01-01 23:00:00,45.76,42.36963638216257,44.817053635716434,42.36963638216257,42.33252711431946
2026-01-01 23:15:00,44.3,41.557237250804896,44.00465450435876,41.557237250804896,41.5733694367569
2026-01-01 23:30:00,43.49,40.78928799957037,43.236705253124235,40.78928799957037,40.79912610383337
2026-01-01 23:45:00,42.61,40.04923814117908,42.49665539473295,40.04923814117908,40.02711704893608
2026-01-02 00:00:00,41.62,39.22841234117746,41.675829594731326,39.22841234117746,39.505777009069654
2026-01-02 00:15:00,40.45,38.580667977333064,41.02808523088693,38.580667977333064,38.79502984468596
2026-01-02 00:30:00,39.51,37.825447724461554,40.27286497801542,37.825447724461554,38.1393473162326
2026-01-02 00:45:00,38.74,37.18475126475096,39.63216851830482,37.18475126475096,37.54875224533587
2026-01-02 01:00:00,38.63,36.69491395771503,39.142331211268896,36.69491395771503,36.40742784471676
2026-01-02 01:15:00,37.7,36.09132060885429,38.538737862408155,36.09132060885429,35.95183987498686
2026-01-02 01:30:00,36.8,35.630623317062856,38.07804057061672,35.630623317062856,35.554448965742466
2026-01-02 01:45:00,36.29,35.07152766674757,37.518944920301436,35.07152766674757,35.203750623788096
2026-01-02 02:00:00,35.84,34.659235901236535,37.1066531547904,34.659235901236535,34.521546579903394
2026-01-02 02:15:00,35.34,34.29600583702326,36.743423090577124,34.29600583702326,34.22782830088769
2026-01-02 02:30:00,34.84,34.027464218735695,36.47488147228956,34.027464218735695,33.94947312058949
2026-01-02 02:45:00,34.34,33.686120380759235,36.1335376343131,33.686120380759235,33.684113749278396
2026-01-02 03:00:00,34.16,33.34073190122842,35.78814915478229,33.34073190122842,32.96775959853661
2026-01-02 03:15:00,33.8,32.12814172178507,34.575558975338936,32.12814172178507,32.74361766197571
2026-01-02 03:30:00,33.29,31.961117949932813,34.40853520348668,31.961117949932813,32.556537340793334
2026-01-02 03:45:00,33.12,31.945386353135106,34.39280360668897,31.945386353135106,32.420094516875096
2026-01-02 04:00:00,33.18,31.848178142011164,34.29559539556503,31.848178142011164,32.36097117549012
2026-01-02 04:15:00,32.73,31.855760018527505,34.30317727208137,31.855760018527505,32.359115605742645
2026-01-02 04:30:00,32.69,31.796111849844454,34.24352910339832,31.796111849844454,32.431814645790666
2026-01-02 04:45:00,32.76,31.7916986079514,34.23911586150527,31.7916986079514,32.57536708173589
2026-01-02 05:00:00,32.9,31.830092152059077,34.277509405612946,31.830092152059077,32.804353096311836
2026-01-02 05:15:00,33.67,31.933756514340637,34.3811737678945,31.933756514340637,33.05397056152957
2026-01-02 05:30:00,33.71,32.192511959671975,34.63992921322584,32.192511959671975,33.33098301029414
2026-01-02 05:45:00,33.74,32.39364421367645,34.84106146723032,32.39364421367645,33.617738848906335
2026-01-02 06:00:00,34.34,32.629043680429454,35.07646093398332,32.629043680429454,34.03039253626055
2026-01-02 06:15:00,35.06,33.02368247836828,35.471099731922145,33.02368247836828,34.30080360718203
2026-01-02 06:30:00,35.07,33.53872407883406,35.98614133238792,33.53872407883406,34.559906942896205
2026-01-02 06:45:00,35.7,34.15434508919716,36.60176234275102,34.15434508919716,34.81741613025226
2026-01-02 07:00:00,36.5,34.923010288476945,37.37042754203081,34.923010288476945,36.297348254753835
2026-01-02 07:15:00,37.47,35.564443948864934,38.0118612024188,35.564443948864934,36.61106900568158
2026-01-02 07:30:00,38.77,36.52369212687015,38.97110938042402,36.52369212687015,36.99059809074251
2026-01-02 07:45:00,40.08,37.4124904859066,39.85990773946047,37.4124904859066,37.45965325101986
2026-01-02 08:00:00,41.67,38.37383736133575,40.82125461488962,38.37383736133575,40.85423593723098
2026-01-02 08:15:00,43.83,39.339121286869045,41.78653854042291,39.339121286869045,41.54292165554931
2026-01-02 08:30:00,45.23,40.39879346489906,42.84621071845292,40.39879346489906,42.3377048522567
2026-01-02 08:45:00,46.44,41.31027635216713,43.757693605720995,41.31027635216713,43.217162108892055
2026-01-02 09:00:00,47.83,42.26599792152643,44.71341517508029,42.26599792152643,45.31405848144846
2026-01-02 09:15:00,49.32,44.52504247009754,46.972459723651404,44.52504247009754,46.24707972759192
2026-01-02 09:30:00,50.12,45.33787329554558,47.78529054909944,45.33787329554558,47.13211606893094
2026-01-02 09:45:00,50.88,46.00401579737663,48.4514330509305,46.00401579737663,47.916877040652714
2026-01-02 10:00:00,51.44,46.534890608787535,48.9823078623414,46.534890608787535,49.507613453212564
2026-01-02 10:15:00,52.34,47.0251410138607,49.47255826741456,47.0251410138607,49.963996048183034
2026-01-02 10:30:00,53.31,47.35624639630317,49.803663649857036,47.35624639630317,50.22019603023008
2026-01-02 10:45:00,53.47,47.68202268123626,50.12943993479013,47.68202268123626,50.27675176152959
2026-01-02 11:00:00,53.84,47.87971997857093,50.3271372321248,47.87971997857093,50.16186825779845
2026-01-02 11:15:00,54.41,48.06564863085747,50.51306588441133,48.06564863085747,49.89745955127229
2026-01-02 11:30:00,53.97,48.24232176184654,50.689739015400406,48.24232176184654,49.543175419671904
2026-01-02 11:45:00,54.53,48.19146155655384,50.638878810107705,48.19146155655384,49.15847837393053
2026-01-02 12:00:00,53.45,48.173516365289686,50.62093361884355,48.173516365289686,48.87341963798936
2026-01-02 12:15:00,53.64,48.24451343953609,50.69193069308996,48.24451343953609,48.60327114920899
2026-01-02 12:30:00,52.5,48.35949549257755,50.80691274613142,48.35949549257755,48.459915047448234
2026-01-02 12:45:00,53.26,48.43144362211227,50.878860875666135,48.43144362211227,48.46882135851399
2026-01-02 13:00:00,54.32,48.755057451725,51.20247470527887,48.755057451725,48.7534340084643
2026-01-02 13:15:00,53.78,48.79422870934009,51.241645962893955,48.79422870934009,49.066194152773875
2026-01-02 13:30:00,54.28,49.10341731488705,51.55083456844091,49.10341731488705,49.49447643838025
2026-01-02 13:45:00,54.75,49.19750537395477,51.644922627508635,49.19750537395477,49.996139649494566
2026-01-02 14:00:00,55.08,49.44727958977222,51.89469684332609,49.44727958977222,50.192157631856496
2026-01-02 14:15:00,55.95,49.69265716731548,52.14007442086935,49.69265716731548,50.69566340032181
2026-01-02 14:30:00,55.74,49.86309796392917,52.31051521748304,49.86309796392917,51.1346628797509
2026-01-02 14:45:00,56.62,49.84739492535591,52.29481217890977,49.84739492535591,51.47969858128617
2026-01-02 15:00:00,56.75,49.97334333658218,52.42076059013605,49.97334333658218,51.587734861270576
2026-01-02 15:15:00,56.97,50.96775399446487,53.41517124801874,50.96775399446487,51.7192066399774
2026-01-02 15:30:00,56.31,51.06731194972991,53.51472920328378,51.06731194972991,51.76320033267399
2026-01-02 15:45:00,56.43,51.176229032874105,53.62364628642797,51.176229032874105,51.75006484038954
2026-01-02 16:00:00,55.9,51.25178479671478,53.699202050268646,51.25178479671478,50.44343373088848
2026-01-02 16:15:00,55.26,51.343702430725095,53.79111968427896,51.343702430725095,50.431299906657614
2026-01-02 16:30:00,54.82,51.24236456751823,53.689781821072096,51.24236456751823,50.47498478826211
2026-01-02 16:45:00,55.13,51.33401654362678,53.78143379718065,51.33401654362678,50.60083257047814
2026-01-02 17:00:00,55.08,51.19257496356964,53.639992217123506,51.19257496356964,48.79629172291729
2026-01-02 17:15:00,55.07,51.198913561105726,53.64633081465959,51.198913561105726,49.11207601983874
2026-01-02 17:30:00,54.69,51.19234118461608,53.63975843816995,51.19234118461608,49.50635722328839
2026-01-02 17:45:00,55.02,51.26718232870102,53.714599582254884,51.26718232870102,49.950942966476624
2026-01-02 18:00:00,55.85,51.21974911034107,53.667166363894935,51.21974911034107,49.46280650818897
2026-01-02 18:15:00,56.67,51.43193273305893,53.879349986612795,51.43193273305893,49.89373571480421
2026-01-02 18:30:00,55.92,51.30012656509876,53.74754381865262,51.30012656509876,50.258070929627905
2026-01-02 18:45:00,56.08,51.29042739510536,53.73784464865923,51.29042739510536,50.52225553505447
2026-01-02 19:00:00,55.05,51.18586444497108,53.63328169852495,51.18586444497108,52.56200333090504
2026-01-02 19:15:00,55.42,50.98398569226264,53.43140294581651,50.98398569226264,52.56541738971985
2026-01-02 19:30:00,54.65,50.756279678344725,53.20369693189859,50.756279678344725,52.43199049872051
2026-01-02 19:45:00,54.09,50.33026535391807,52.77768260747194,50.33026535391807,52.1723710145603
2026-01-02 20:00:00,53.35,50.014318411350246,52.46173566490411,50.014318411350246,51.46725743739564
2026-01-02 20:15:00,53.55,49.65807913482189,52.105496388375755,49.65807913482189,51.017047276335425
2026-01-02 20:30:00,52.84,49.074569523334496,51.52198677688836,49.074569523334496,50.50831274093199
2026-01-02 20:45:00,52.89,48.554071309566496,51.00148856312036,48.554071309566496,49.96338182836121
2026-01-02 21:00:00,51.36,47.96521666109562,50.41263391464948,47.96521666109562,49.135265270577584
2026-01-02 21:15:00,51.82,46.254023792147635,48.7014410457015,46.254023792147635,48.56212087559922
2026-01-02 21:30:00,51.19,45.97599951505661,48.42341676861047,45.97599951505661,47.982856821632126
2026-01-02 21:45:00,50.58,45.62418875575065,48.07160600930452,45.62418875575065,47.39420747062344
2026-01-02 22:00:00,50.23,45.10661012232303,47.5540273758769,45.10661012232303,46.764169158365455
2026-01-02 22:15:00,50.26,44.663915138244626,47.11133239179849,44.663915138244626,46.13296835159487
2026-01-02 22:30:00,49.23,44.085413178205485,46.53283043175935,44.085413178205485,45.46839851547841
2026-01-02 22:45:00,48.18,43.49198522895574,45.93940248250961,43.49198522895574,44.76657636816092
2026-01-02 23:00:00,46.8,42.77675977319479,45.224177026748656,42.77675977319479,44.016016704309514
2026-01-02 23:15:00,45.86,42.09832926511764,44.54574651867151,42.09832926511764,43.25040349819835
2026-01-02 23:30:00,44.66,41.5440141287446,43.991431382298465,41.5440141287446,42.469925603397115
2026-01-02 23:45:00,43.63,40.81421600878238,43.26163326233625,40.81421600878238,41.69190282023794
2026-01-03 00:00:00,42.53,40.15604855716228,42.603465810716145,40.15604855716228,38.87833850165393
2026-01-03 00:15:00,41.3,39.61351136386394,42.06092861741781,39.61351136386394,38.16201811619463
2026-01-03 00:30:00,40.67,38.85521479249,41.30263204604387,38.85521479249,37.50098166281427
2026-01-03 00:45:00,39.73,38.342495042085645,40.78991229563951,38.342495042085645,36.90525107661622
2026-01-03 01:00:00,39.59,37.915638582110404,40.36305583566427,37.915638582110404,36.15949470062376
2026-01-03 01:15:00,38.74,37.338487492501734,39.7859047460556,37.338487492501734,35.699204641765796
2026-01-03 01:30:00,38.47,36.95388657838106,39.401303831934925,36.95388657838106,35.29732629807276
2026-01-03 01:45:00,37.82,36.410250889658926,38.85766814321279,36.410250889658926,34.94235356685444
2026-01-03 02:00:00,37.16,36.062680030465124,38.51009728401899,36.062680030465124,34.48799494230091
2026-01-03 02:15:00,36.76,35.78812790215015,38.23554515570402,35.78812790215015,34.190422838109654
2026-01-03 02:30:00,36.06,35.51690446734428,37.96432172089815,35.51690446734428,33.90842101012686
2026-01-03 02:45:00,36.06,35.17494695961475,37.622364213168616,35.17494695961475,33.639619875711716
2026-01-03 03:00:00,35.43,34.838499196767806,37.28591645032167,34.838499196767806,33.155741011315456
2026-01-03 03:15:00,34.94,34.09303523033857,36.54045248389244,34.09303523033857,32.928559551157534
2026-01-03 03:30:00,34.94,34.01819807112217,36.46561532467604,34.01819807112217,32.73863674353812
2026-01-03 03:45:00,34.84,34.06168892621994,36.5091061797738,34.06168892621994,32.59954554265725
2026-01-03 04:00:00,34.6,33.99958740681409,36.44700466036796,33.99958740681409,32.15040648375752
2026-01-03 04:15:00,34.24,34.07639309108257,36.52381034463644,34.07639309108257,32.14628137554052
2026-01-03 04:30:00,34.18,34.05094306409359,36.49836031764745,34.05094306409359,32.21689531705556
2026-01-03 04:45:00,34.28,34.028081873357294,36.47549912691116,34.028081873357294,32.35854358795224
2026-01-03 05:00:00,34.4,34.07698019504547,36.52439744859934,34.07698019504547,33.14931473357522
2026-01-03 05:15:00,34.76,34.07378831535578,36.52120556890964,34.07378831535578,33.39737884651693
2026-01-03 05:30:00,35.2,34.39381841987371,36.841235673427576,34.39381841987371,33.67300756454848
2026-01-03 05:45:00,34.95,34.44238201260566,36.88979926615953,34.44238201260566,33.95854527286863
2026-01-03 06:00:00,35.05,34.62364172726869,37.071058980822556,34.62364172726869,33.66205926523493
2026-01-03 06:15:00,35.41,34.89159624159336,37.33901349514723,34.89159624159336,33.9315708757012
2026-01-03 06:30:00,35.95,35.26033472239971,37.70775197595358,35.26033472239971,34.18992759755633
2026-01-03 06:45:00,36.25,35.63641067445278,38.08382792800665,35.63641067445278,34.446838551607165
2026-01-03 07:00:00,36.61,36.18476311922073,38.6321803727746,36.18476311922073,34.20805103468948
2026-01-03 07:15:00,37.24,36.481293125748635,38.9287103793025,36.481293125748635,34.52145652014335
2026-01-03 07:30:00,37.49,37.11333445101976,39.560751704573626,37.11333445101976,34.90080474208671
2026-01-03 07:45:00,38.67,37.62477904349565,40.072196297049516,37.62477904349565,35.36980860566197
2026-01-03 08:00:00,40.04,38.22530271530151,40.672719968855375,38.22530271530151,37.36672407588636
2026-01-03 08:15:00,41.54,38.823938887715336,41.2713561412692,38.823938887715336,38.055602805183504
2026-01-03 08:30:00,43.2,39.52064798772335,41.968065241277216,39.52064798772335,38.85069360877855
2026-01-03 08:45:00,44.3,40.12237376153469,42.569791015088555,40.12237376153469,39.730567941512525
2026-01-03 09:00:00,45.26,40.70556059867143,43.1529778522253,40.70556059867143,39.91920933151142
2026-01-03 09:15:00,46.58,41.09394846618175,43.541365719735616,41.09394846618175,40.85285097721021
2026-01-03 09:30:00,46.9,41.85994778841734,44.3073650419712,41.85994778841734,41.73860146802957
2026-01-03 09:45:00,47.17,42.58362116545438,45.03103841900825,42.58362116545438,42.52416500416569
2026-01-03 10:00:00,47.97,43.081745670735835,45.5291629242897,43.081745670735835,44.99424730228228
2026-01-03 10:15:00,48.56,43.69262601584196,46.140043269395825,43.69262601584196,45.45159313649834
2026-01-03 10:30:00,49.65,44.12890668988228,46.576323943436144,44.12890668988228,45.708828555504326
2026-01-03 10:45:00,49.85,44.516647680401796,46.96406493395566,44.516647680401796,45.766486463090104
2026-01-03 11:00:00,49.65,44.85604424595832,47.30346149951219,44.85604424595832,47.345172167455814
2026-01-03 11:15:00,50.06,45.066091979146,47.51350923269987,45.066091979146,47.08198267503678
2026-01-03 11:30:00,50.08,45.52600690841675,47.97342416197061,45.52600690841675,46.72896803711032
2026-01-03 11:45:00,50.09,45.530416829586024,47.97783408313989,45.530416829586024,46.34558526769265
2026-01-03 12:00:00,49.98,45.682022480964655,48.12943973451852,45.682022480964655,46.73887050766687
2026-01-03 12:15:00,49.51,45.77310860574245,48.220525859296316,45.77310860574245,46.47010939106588
2026-01-03 12:30:00,49.91,46.024891195297236,48.4723084488511,46.024891195297236,46.32816899831754
2026-01-03 12:45:00,50.06,46.03817409038543,48.4855913439393,46.03817409038543,46.33851390532179
2026-01-03 13:00:00,50.57,46.39973449468612,48.84715174823999,46.39973449468612,47.279196888911194
2026-01-03 13:15:00,51.24,46.33102739155292,48.77844464510679,46.33102739155292,47.593425159123115
2026-01-03 13:30:00,51.46,46.58784154176712,49.035258795320985,46.58784154176712,48.02318227879473
2026-01-03 13:45:00,52.02,46.602428817152976,49.04984607070684,46.602428817152976,48.52632171367332
2026-01-03 14:00:00,52.28,46.791957134008406,49.23937438756227,46.791957134008406,47.855028131183545
2026-01-03 14:15:00,53.26,46.93912629842758,49.38654355198145,46.93912629842758,48.3599971328742
2026-01-03 14:30:00,52.72,46.985377339124675,49.43279459267854,46.985377339124675,48.80044557171416
2026-01-03 14:45:00,52.87,46.957485916018484,49.40490316957235,46.957485916018484,49.1469108521813
2026-01-03 15:00:00,54.19,46.98391622066497,49.43133347421884,46.98391622066497,48.16616721857302
2026-01-03 15:15:00,53.19,49.33718564212322,51.78460289567708,49.33718564212322,48.29901476060981
2026-01-03 15:30:00,53.31,49.43977475404739,51.88719200760126,49.43977475404739,48.344349926576065
2026-01-03 15:45:00,53.07,49.503304184675216,51.95072143822908,49.503304184675216,48.33251680034251
2026-01-03 16:00:00,52.45,49.481583994626995,51.92900124818086,49.481583994626995,46.97491174648718
2026-01-03 16:15:00,52.06,49.624930341839786,52.07234759539365,49.624930341839786,46.963987963210016
2026-01-03 16:30:00,52.53,49.50993500590324,51.9573522594571,49.50993500590324,47.008829849169146
2026-01-03 16:45:00,52.52,49.503224487304685,51.95064174085855,49.503224487304685,47.13577714465054
2026-01-03 17:00:00,52.44,49.36168461382389,51.809101867377755,49.36168461382389,46.79568322192502
2026-01-03 17:15:00,52.28,49.26179458618164,51.7092118397355,49.26179458618164,47.11243909611743
2026-01-03 17:30:00,52.55,49.308380355834956,51.75579760938882,49.308380355834956,47.50762164673864
2026-01-03 17:45:00,52.94,49.27959632217884,51.727013575732705,49.27959632217884,47.9530344826643
2026-01-03 18:00:00,53.54,49.25492998600006,51.70234723955392,49.25492998600006,46.08055292349705
2026-01-03 18:15:00,54.24,49.36396395862102,51.81138121217489,49.36396395862102,46.51214911252752
2026-01-03 18:30:00,55.38,49.23317526042461,51.680592513978475,49.23317526042461,46.87706569942445
2026-01-03 18:45:00,55.14,49.14071834087371,51.58813559442758,49.14071834087371,47.14174253260158
2026-01-03 19:00:00,54.85,49.040230582952496,51.48764783650636,49.040230582952496,47.979223821208095
2026-01-03 19:15:00,53.94,48.72239746928215,51.169814722836016,48.72239746928215,47.98294174558214
2026-01-03 19:30:00,53.5,48.46352447032928,50.91094172388315,48.46352447032928,47.84971977454557
2026-01-03 19:45:00,52.55,47.9854411971569,50.43285845071077,47.9854411971569,47.59020327468057
2026-01-03 20:00:00,51.92,47.67107757568359,50.118494829237456,47.67107757568359,48.654054280047305
2026-01-03 20:15:00,51.37,47.24361275911331,49.69103001266718,47.24361275911331,48.203734838721694
2026-01-03 20:30:00,50.93,46.68064912974834,49.128066383302205,46.68064912974834,47.694780988807366
2026-01-03 20:45:00,50.5,46.18252993762493,48.62994719117879,46.18252993762493,47.14951832711933
2026-01-03 21:00:00,49.87,45.572582051754,48.01999930530786,45.572582051754,46.710937953263
2026-01-03 21:15:00,49.51,46.08816028118133,48.5355775347352,46.08816028118133,46.13723035397215
2026-01-03 21:30:00,48.91,45.647396630048746,48.09481388360261,45.647396630048746,45.55728438829559
2026-01-03 21:45:00,48.83,45.006898085474965,47.45431533902883,45.006898085474965,44.967832644063556
2026-01-03 22:00:00,48.21,44.221291881799694,46.66870913535356,44.221291881799694,43.16201538611532
2026-01-03 22:15:00,48.21,43.679934209585184,46.12735146313905,43.679934209585184,42.529766545647725
2026-01-03 22:30:00,47.32,42.918403253257274,45.36582050681114,42.918403253257274,41.86402384373748
2026-01-03 22:45:00,47.01,42.10152778625488,44.54894503980874,42.10152778625488,41.16090287820863
2026-01-03 23:00:00,45.64,41.29581924915313,43.743236502707,41.29581924915313,39.92927635580672
2026-01-03 23:15:00,44.36,40.47966902822256,42.927086281776425,40.47966902822256,39.16210973131699
2026-01-03 23:30:00,43.99,39.79025356590748,42.23767081946134,39.79025356590748,38.379950106008614
2026-01-03 23:45:00,42.9,39.04346529483795,41.490882548391816,39.04346529483795,37.600116831718736
2026-01-04 00:00:00,42.24,38.31181952416897,40.75923677772283,38.31181952416897,37.14040141692527
2026-01-04 00:15:00,41.11,37.665105912983414,40.11252316653728,37.665105912983414,36.42201234948046
2026-01-04 00:30:00,40.12,36.95743311136961,39.404850364923476,36.95743311136961,35.75877812446235
2026-01-04 00:45:00,39.9,36.30742002904415,38.75483728259802,36.30742002904415,35.16072090792079
2026-01-04 01:00:00,39.53,35.89661993265152,38.344037186205384,35.89661993265152,34.891948007675424
2026-01-04 01:15:00,39.26,35.25163708269596,37.69905433624982,35.25163708269596,34.42907497307801
2026-01-04 01:30:00,38.4,34.807484965026376,37.25490221858024,34.807484965026376,34.024486506469195
2026-01-04 01:45:00,37.88,34.26063215911388,36.70804941266775,34.26063215911388,33.66667741437127
2026-01-04 02:00:00,37.51,33.8488305324316,36.296247785985464,33.8488305324316,33.510273380299296
2026-01-04 02:15:00,36.88,33.46758753418922,35.91500478774309,33.46758753418922,33.20961583838738
2026-01-04 02:30:00,36.38,33.22328852772713,35.670705781280994,33.22328852772713,32.92440606735051
2026-01-04 02:45:00,36.5,32.909926436543465,35.35734369009733,32.909926436543465,32.652276060808
2026-01-04 03:00:00,35.83,32.54295192420482,34.99036917775869,32.54295192420482,32.541143481842774
2026-01-04 03:15:00,35.53,33.07364874482155,35.52106599837541,33.07364874482155,32.31039667296963
2026-01-04 03:30:00,35.21,32.91275436490774,35.36017161846161,32.91275436490774,32.11679329220724
2026-01-04 03:45:00,34.67,32.87440797507763,35.321825228631496,32.87440797507763,31.973908515772706
2026-01-04 04:00:00,34.67,32.74085244983434,35.18826970338821,32.74085244983434,31.420235957745163
2026-01-04 04:15:00,34.65,32.75540784627199,35.20282509982586,32.75540784627199,31.41209856073509
2026-01-04 04:30:00,34.26,32.67937788307667,35.126795136630534,32.67937788307667,31.47859481032667
2026-01-04 04:45:00,34.22,32.5970757368207,35.044492990374565,32.5970757368207,31.61602282348141
2026-01-04 05:00:00,34.72,32.604719378799196,35.05213663235306,32.604719378799196,31.81662732019887
2026-01-04 05:15:00,35.08,32.6023098616302,35.04972711518406,32.6023098616302,32.06027514460009
2026-01-04 05:30:00,35.04,32.84577669471502,35.293193948268886,32.84577669471502,32.33139439734504
2026-01-04 05:45:00,35.16,32.9314686357975,35.378885889351366,32.9314686357975,32.61233287641484
2026-01-04 06:00:00,35.68,33.11572497159243,35.563142225146294,33.11572497159243,33.44097362146473
2026-01-04 06:15:00,36.22,33.41278629392385,35.86020354747772,33.41278629392385,33.70571725771994
2026-01-04 06:30:00,36.09,33.851601344346996,36.29901859790086,33.851601344346996,33.95922728866938
2026-01-04 06:45:00,36.4,34.32825537800789,36.775672631561754,34.32825537800789,34.211216775555954
2026-01-04 07:00:00,36.69,34.99231246531009,37.43972971886396,34.99231246531009,34.843655090136615
2026-01-04 07:15:00,38.03,35.45511243939399,37.90252969294786,35.45511243939399,35.15200186949265
2026-01-04 07:30:00,37.79,36.2594740909338,38.706891344487666,36.2594740909338,35.526229158568164
2026-01-04 07:45:00,39.29,36.995460711717605,39.44287796527147,36.995460711717605,35.99005427517805
2026-01-04 08:00:00,41.5,37.81146747738123,40.258884730935094,37.81146747738123,38.7990258686152
2026-01-04 08:15:00,44.35,38.59760499686003,41.04502225041389,38.59760499686003,39.48262389172177
2026-01-04 08:30:00,45.58,39.53498820126057,41.98240545481443,39.53498820126057,40.27239004830406
2026-01-04 08:45:00,46.74,40.357624459862706,42.80504171341657,40.357624459862706,41.14690061546353
2026-01-04 09:00:00,47.74,41.170261355042456,43.61767860859632,41.170261355042456,43.45508837865206
2026-01-04 09:15:00,49.2,43.67565313249826,46.12307038605213,43.67565313249826,44.38330284989564
2026-01-04 09:30:00,49.84,44.509326148629185,46.95674340218305,44.509326148629185,45.26360204660082
2026-01-04 09:45:00,50.92,45.270752170085906,47.71816942363977,45.270752170085906,46.04369533108265
2026-01-04 10:00:00,51.79,45.81446357131004,48.26188082486391,45.81446357131004,47.727492513621115
2026-01-04 10:15:00,52.64,46.42004404127597,48.86746129482984,46.42004404127597,48.1793459565333
2026-01-04 10:30:00,52.94,46.86160466611385,49.309021919667714,46.86160466611385,48.43108593533449
2026-01-04 10:45:00,53.03,47.23250560224056,49.67992285579442,47.23250560224056,48.4832507816235
2026-01-04 11:00:00,52.99,47.52596460342407,49.97338185697794,47.52596460342407,49.29833686703073
2026-01-04 11:15:00,52.66,47.729748123288154,50.17716537684202,47.729748123288154,49.029675566226715
2026-01-04 11:30:00,52.84,48.045894309282296,50.49331156283616,48.045894309282296,48.671208087431744
2026-01-04 11:45:00,53.69,48.005139730572694,50.45255698412656,48.005139730572694,48.28239705942116
2026-01-04 12:00:00,53.21,48.07812923908233,50.525546492636195,48.07812923908233,48.59007882848103
2026-01-04 12:15:00,51.82,48.1387895643711,50.58620681792497,48.1387895643711,48.31595559197251
2026-01-04 12:30:00,52.44,48.30521095693111,50.75262821048498,48.30521095693111,48.168694688475284
2026-01-04 12:45:00,52.55,48.31750826120376,50.76492551475763,48.31750826120376,48.17376641314951
2026-01-04 13:00:00,52.86,48.6496470528841,51.097064306437964,48.6496470528841,49.02853113561052
2026-01-04 13:15:00,53.68,48.60252996742725,51.04994722098112,48.60252996742725,49.337598085688455
2026-01-04 13:30:00,53.41,48.858905782103534,51.3063230356574,48.858905782103534,49.7622584292244
2026-01-04 13:45:00,53.49,48.90818797945976,51.35560523301363,48.90818797945976,50.26037137196255
2026-01-04 14:00:00,54.22,49.126981170773504,51.57439842432737,49.126981170773504,48.2074803666234
2026-01-04 14:15:00,54.29,49.28442598283291,51.73184323638677,49.28442598283291,48.707580626046514
2026-01-04 14:30:00,55.12,49.38562836050987,51.833045614063735,49.38562836050987,49.14324775596709
2026-01-04 14:45:00,54.75,49.36804446399211,51.81546171754598,49.36804446399211,49.4850248362884
2026-01-04 15:00:00,54.95,49.4309655380249,51.878382791578765,49.4309655380249,49.55243004836501
2026-01-04 15:15:00,55.24,51.63188546597957,54.07930271953344,51.63188546597957,49.680792510399066
2026-01-04 15:30:00,54.84,51.68223560810089,54.129652861654755,51.68223560810089,49.72175253276798
2026-01-04 15:45:00,54.93,51.71734761297702,54.16476486653089,51.71734761297702,49.705659724789506
2026-01-04 16:00:00,55.11,51.66948402881622,54.11690128237009,51.66948402881622,48.978085883216295
2026-01-04 16:15:00,54.8,51.78867410302162,54.236091356575486,51.78867410302162,48.96314971066379
2026-01-04 16:30:00,55.22,51.65848579168319,54.105903045237056,51.65848579168319,49.004110921179986
2026-01-04 16:45:00,55.19,51.63154808044433,54.0789653339982,51.63154808044433,49.12731454683334
2026-01-04 17:00:00,54.87,51.47224366307258,53.91966091662645,51.47224366307258,48.41823423822295
2026-01-04 17:15:00,56.14,51.374184018373484,53.82160127192735,51.374184018373484,48.73153603908576
2026-01-04 17:30:00,54.45,51.32133669197559,53.768753945529454,51.32133669197559,49.123416949586314
2026-01-04 17:45:00,54.76,51.31660001158714,53.76401726514101,51.31660001158714,49.56568555534676
2026-01-04 18:00:00,55.05,51.27379721045494,53.7212144640088,51.27379721045494,48.84760209216603
2026-01-04 18:15:00,55.55,51.40641894817352,53.85383620172738,51.40641894817352,49.276383431873384
2026-01-04 18:30:00,56.62,51.28066446721554,53.7280817207694,51.28066446721554,49.63865694343642
2026-01-04 18:45:00,56.82,51.14290224909782,53.59031950265169,51.14290224909782,49.900867059189245
2026-01-04 19:00:00,55.27,51.04223650038242,53.48965375393629,51.04223650038242,50.36137379159613
2026-01-04 19:15:00,54.68,50.69368536353111,53.141102617084975,50.69368536353111,50.36299102056731
2026-01-04 19:30:00,54.46,50.379396126270294,52.82681337982416,50.379396126270294,50.227857785203305
2026-01-04 19:45:00,53.53,49.863105933666226,52.31052318722009,49.863105933666226,49.96662356912877
2026-01-04 20:00:00,52.87,49.51438211917877,51.961799372732635,49.51438211917877,49.46300489060086
2026-01-04 20:15:00,52.63,49.00141265034675,51.44882990390062,49.00141265034675,49.01136666726677
2026-01-04 20:30:00,52.24,48.38506240904331,50.83247966259717,48.38506240904331,48.50129915408385
2026-01-04 20:45:00,51.81,47.837591948509214,50.28500920206308,47.837591948509214,47.955131530514386
2026-01-04 21:00:00,51.45,47.16216470301151,49.60958195656538,47.16216470301151,47.73220831220962
2026-01-04 21:15:00,50.68,47.26846239924431,49.71587965279817,47.26846239924431,47.15802332598899
2026-01-04 21:30:00,50.01,46.753755527734754,49.20117278128862,46.753755527734754,46.577818549069455
2026-01-04 21:45:00,49.57,45.99318492472172,48.44060217827558,45.99318492472172,45.98832955652206
2026-01-04 22:00:00,48.63,45.11999928057193,47.5674165341258,45.11999928057193,44.18835847517322
2026-01-04 22:15:00,48.07,44.50981495916843,46.957232212722296,44.50981495916843,43.55652384151234
2026-01-04 22:30:00,46.77,43.705178351700305,46.15259560525417,43.705178351700305,42.89142491414242
2026-01-04 22:45:00,46.14,42.796803661882876,45.24422091543674,42.796803661882876,42.18917962861751
2026-01-04 23:00:00,45.26,41.95049329936504,44.39791055291891,41.95049329936504,40.78493946982205
2026-01-04 23:15:00,44.14,41.086585757434364,43.53400301098823,41.086585757434364,40.0191186701322
2026-01-04 23:30:00,43.27,40.294400535821914,42.74181778937578,40.294400535821914,39.23854276105023
2026-01-04 23:45:00,41.96,39.480228137969966,41.92764539152383,39.480228137969966,38.46053273748135
2026-01-05 00:00:00,41.48,38.754141258895395,41.20155851244926,38.754141258895395,37.25105694748346
2026-01-05 00:15:00,40.54,38.076564840972424,40.52398209452629,38.076564840972424,36.53497440903292
2026-01-05 00:30:00,39.53,37.38645202666521,39.833869280219076,37.38645202666521,35.87429009078991
2026-01-05 00:45:00,38.89,36.70473267376423,39.15214992731809,36.70473267376423,35.27902707034509
2026-01-05 01:00:00,38.06,36.26603318452835,38.71345043808221,36.26603318452835,34.128561456397236
2026-01-05 01:15:00,37.09,35.640958737730976,38.08837599128484,35.640958737730976,33.668973179732646
2026-01-05 01:30:00,36.35,35.11006400197744,37.55748125553131,35.11006400197744,33.267915364099615
2026-01-05 01:45:00,35.88,34.56373188555241,37.01114913910627,34.56373188555241,32.91388296845653
2026-01-05 02:00:00,34.98,34.17267282783985,36.62009008139371,34.17267282783985,31.87184727432981
2026-01-05 02:15:00,34.72,33.718065743446346,36.16548299700021,33.718065743446346,31.575458205357833
2026-01-05 02:30:00,34.51,33.471227047443385,35.91864430099725,33.471227047443385,31.294762249658234
2026-01-05 02:45:00,33.94,33.15533323645592,35.60275049000978,33.15533323645592,31.027390776623136
2026-01-05 03:00:00,33.74,32.77435988098383,35.221777134537696,32.77435988098383,30.74690009883701
2026-01-05 03:15:00,33.17,32.041046442836524,34.48846369639039,32.041046442836524,30.521398604436047
2026-01-05 03:30:00,33.16,31.80149806380272,34.248915317356584,31.80149806380272,30.33328220876244
2026-01-05 03:45:00,32.76,31.702006523013115,34.149423776566984,31.702006523013115,30.19612467948871
2026-01-05 04:00:00,32.23,31.52123561888933,33.9686528724432,31.52123561888933,29.99630794599057
2026-01-05 04:15:00,32.48,31.473866158425807,33.92128341197967,31.473866158425807,29.994373312266944
2026-01-05 04:30:00,31.98,31.363503896296024,33.81092114984989,31.363503896296024,30.067307188128538
2026-01-05 04:45:00,32.37,31.258174523115155,33.705591776669024,31.258174523115155,30.211405501098316
2026-01-05 05:00:00,32.67,31.233040629029272,33.68045788258314,31.233040629029272,30.955785217363687
2026-01-05 05:15:00,32.88,31.27329444259405,33.720711696147916,31.27329444259405,31.206561346001262
2026-01-05 05:30:00,33.08,31.450788456499573,33.89820571005344,31.450788456499573,31.48503384975794
2026-01-05 05:45:00,33.29,31.588351431190965,34.03576868474483,31.588351431190965,31.773547568925004
2026-01-05 06:00:00,33.84,31.809467136710882,34.25688439026475,31.809467136710882,30.817513977828273
2026-01-05 06:15:00,34.84,32.19847332298755,34.64589057654142,32.19847332298755,31.09026720597819
2026-01-05 06:30:00,35.16,32.713010173439976,35.16042742699384,32.713010173439976,31.351998818971822
2026-01-05 06:45:00,35.29,33.32295008957386,35.770367343127724,33.32295008957386,31.61241817572201
2026-01-05 07:00:00,35.87,34.11401556313038,36.561432816684245,34.11401556313038,32.781243638802444
2026-01-05 07:15:00,36.74,34.75301181226968,37.20042906582355,34.75301181226968,33.09842503349238
2026-01-05 07:30:00,36.68,35.7380726402998,38.18548989385366,35.7380726402998,33.481683040159176
2026-01-05 07:45:00,38.1,36.682922160029406,39.13033941358327,36.682922160029406,33.954730562851054
2026-01-05 08:00:00,39.86,37.702183786332604,40.14960103988647,37.702183786332604,37.60343090742583
2026-01-05 08:15:00,42.21,38.652584227919576,41.10000148147344,38.652584227919576,38.29662079043223
2026-01-05 08:30:00,43.97,39.78187737226486,42.229294625818724,39.78187737226486,39.09615623856389
2026-01-05 08:45:00,45.73,40.762800578474994,43.21021783202886,40.762800578474994,39.98060844671657
2026-01-05 09:00:00,46.68,41.741752603054046,44.18916985660791,41.741752603054046,42.534255636247494
2026-01-05 09:15:00,48.19,45.40120082616806,47.84861807972192,45.40120082616806,43.47274057110872
2026-01-05 09:30:00,48.97,46.25940602123737,48.70682327479123,46.25940602123737,44.36346639600273
2026-01-05 09:45:00,50.05,47.03585765361785,49.48327490717172,47.03585765361785,45.15413677630392
2026-01-05 10:00:00,51.34,47.64152844727039,50.088945700824254,47.64152844727039,46.945193684567165
2026-01-05 10:15:00,51.37,48.214632238745686,50.66204949229955,48.214632238745686,47.40790749335414
2026-01-05 10:30:00,51.96,48.66185403347015,51.109271287024015,48.66185403347015,47.67064036312921
2026-01-05 10:45:00,51.84,49.04822157263755,51.49563882619142,49.04822157263755,47.73392437391254
2026-01-05 11:00:00,51.98,49.31480662047863,51.76222387403249,49.31480662047863,48.663121087863864
2026-01-05 11:15:00,52.52,49.55492151498794,52.002338768541804,49.55492151498794,48.405812236515075
2026-01-05 11:30:00,53.05,49.7396945554018,52.18711180895566,49.7396945554018,48.05880397552934
2026-01-05 11:45:00,53.28,49.694891350269316,52.14230860382318,49.694891350269316,47.68155219699166
2026-01-05 12:00:00,52.36,49.7254924839735,52.17290973752736,49.7254924839735,47.69505987901124
2026-01-05 12:15:00,52.26,49.80634546637535,52.25376271992921,49.80634546637535,47.432675310231545
2026-01-05 12:30:00,52.05,49.90993610858917,52.35735336214304,49.90993610858917,47.29723225621756
2026-01-05 12:45:00,52.28,49.96413829028606,52.411555543839924,49.96413829028606,47.314193865905466
2026-01-05 13:00:00,52.46,50.269102935194965,52.71652018874883,50.269102935194965,48.188529350998984
2026-01-05 13:15:00,53.87,50.27273447871208,52.72015173226595,50.27273447871208,48.50960846409184
2026-01-05 13:30:00,53.74,50.55927309155464,53.0066903451085,50.55927309155464,48.946331049453065
2026-01-05 13:45:00,54.4,50.669149199724195,53.11656645327806,50.669149199724195,49.45654883898279
2026-01-05 14:00:00,54.75,50.91926611423492,53.36668336778879,50.91926611423492,49.17063741078123
2026-01-05 14:15:00,54.72,51.111480232477184,53.55889748603105,51.111480232477184,49.682905038391034
2026-01-05 14:30:00,55.02,51.28231154620647,53.72972879976034,51.28231154620647,50.13075933282825
2026-01-05 14:45:00,55.05,51.29374280571937,53.741160059273234,51.29374280571937,50.48473566019964
2026-01-05 15:00:00,55.74,51.40959090352058,53.857008157074446,51.40959090352058,49.798857841906226
2026-01-05 15:15:00,55.24,53.33293551623821,55.780352769792074,53.33293551623821,49.93942039777117
2026-01-05 15:30:00,55.71,53.31760439872741,55.76502165228128,53.31760439872741,49.99256920399371
2026-01-05 15:45:00,56.36,53.40473487734794,55.85215213090181,53.40473487734794,49.98864600779052
2026-01-05 16:00:00,56.55,53.408063570857045,55.85548082441091,53.408063570857045,49.62968047730574
2026-01-05 16:15:00,56.26,53.47179224491119,55.91920949846506,53.47179224491119,49.62685190254308
2026-01-05 16:30:00,56.68,53.35929674983024,55.80671400338411,53.35929674983024,49.67987784176009
2026-01-05 16:45:00,55.97,53.35603447079658,55.803451724350445,53.35603447079658,49.81509541097863
2026-01-05 17:00:00,55.17,53.169797655344006,55.61721490889787,53.169797655344006,49.111454807107954
2026-01-05 17:15:00,55.21,53.1042067193985,55.55162397295236,53.1042067193985,49.436645245412144
2026-01-05 17:30:00,54.85,52.98410809516906,55.43152534872293,52.98410809516906,49.84034029353051
2026-01-05 17:45:00,55.19,52.98350239515304,55.430919648706904,52.98350239515304,50.29434066333508
2026-01-05 18:00:00,55.95,52.95549673914909,55.402913992702956,52.95549673914909,49.2286447978427
2026-01-05 18:15:00,56.78,53.13004992008209,55.57746717363595,53.13004992008209,49.66896964183475
2026-01-05 18:30:00,57.18,53.02417993307113,55.471597186625,53.02417993307113,50.042680841507504
2026-01-05 18:45:00,57.74,52.9200154697895,55.36743272334336,52.9200154697895,50.316215094264244
2026-01-05 19:00:00,58.46,52.829155154228204,55.27657240778207,52.829155154228204,49.53736139747205
2026-01-05 19:15:00,56.86,52.51465870380401,54.962075957357875,52.51465870380401,49.55005266360227
2026-01-05 19:30:00,56.04,52.261056357622145,54.70847361117601,52.261056357622145,49.42585703403661
2026-01-05 19:45:00,55.42,51.78692607402801,54.234343327581875,51.78692607402801,49.1754164934341
2026-01-05 20:00:00,54.82,51.49011181354523,53.93752906709909,51.49011181354523,49.173052049562834
2026-01-05 20:15:00,53.58,50.992484088540074,53.43990134209394,50.992484088540074,48.731897444048954
2026-01-05 20:30:00,53.09,50.433383125066754,52.88080037862062,50.433383125066754,48.23214758676999
2026-01-05 20:45:00,52.32,49.909848441481586,52.35726569503545,49.909848441481586,47.69612448792196
2026-01-05 21:00:00,51.47,49.26109856247901,51.70851581603288,49.26109856247901,47.008190970249515
2026-01-05 21:15:00,51.13,47.908817488551136,50.356234742105,47.908817488551136,46.44378313189126
2026-01-05 21:30:00,50.45,47.35873295426369,49.80615020781755,47.35873295426369,45.87316146785933
2026-01-05 21:45:00,49.75,46.62438012957573,49.07179738312959,46.62438012957573,45.29305480527158
2026-01-05 22:00:00,48.6,45.814567177891725,48.26198443144559,45.814567177891725,44.80393317364157
2026-01-05 22:15:00,47.56,45.13230455458164,47.5797218081355,45.13230455458164,44.18105954292955
2026-01-05 22:30:00,46.82,44.38752200067043,46.834939254224295,44.38752200067043,43.52470132851577
2026-01-05 22:45:00,45.31,43.501805273294444,45.94922252684831,43.501805273294444,42.83097022658668
2026-01-05 23:00:00,44.57,42.66036973327398,45.10778698682785,42.66036973327398,41.49489266245686
2026-01-05 23:15:00,43.34,41.88548946738243,44.33290672093629,41.88548946738243,40.73711483551568
2026-01-05 23:30:00,42.28,41.06505152791738,43.51246878147125,41.06505152791738,39.96433751340283
2026-01-05 23:45:00,41.47,40.215202602148054,42.66261985570192,40.215202602148054,39.19387604213016
2026-01-06 00:00:00,40.0,39.57920031756162,42.02661757111549,39.57920031756162,37.37886832649041
2026-01-06 00:15:00,39.01,38.98391276299953,41.431330016553396,38.98391276299953,36.66981796813296
2026-01-06 00:30:00,38.2,38.34716265141964,40.7945799049735,38.34716265141964,36.01589982581781
2026-01-06 00:45:00,37.71,37.748756273090834,40.1961735266447,37.748756273090834,35.42713199418474
2026-01-06 01:00:00,37.43,37.319245890676974,39.76666314423084,37.319245890676974,33.75136422471222
2026-01-06 01:15:00,36.25,36.791456695795056,39.23887394934892,36.791456695795056,33.29771492979414
2026-01-06 01:30:00,35.67,36.31043790280819,38.757855156362055,36.31043790280819,32.902311242661256
2026-01-06 01:45:00,34.97,35.824597418904304,38.27201467245817,35.824597418904304,32.55364387411473
2026-01-06 02:00:00,34.65,35.547073906958104,37.99449116051197,35.547073906958104,32.11946726392789
2026-01-06 02:15:00,34.16,35.129875440001484,37.57729269355535,35.129875440001484,31.827853051493403
2026-01-06 02:30:00,33.79,34.931673392653465,37.37909064620733,34.931673392653465,31.551631280596276
2026-01-06 02:45:00,33.14,34.64927372992039,37.096690983474254,34.64927372992039,31.288429866727803
2026-01-06 03:00:00,32.89,34.31975432515144,36.76717157870531,34.31975432515144,30.57295033013772
2026-01-06 03:15:00,32.57,32.303930211961266,34.75134746551513,32.303930211961266,30.351001112770312
2026-01-06 03:30:00,32.3,32.07756311386824,34.5249803674221,32.07756311386824,30.16612376061392
2026-01-06 03:45:00,32.13,31.996469046920538,34.443886300474404,31.996469046920538,30.031889432597076
2026-01-06 04:00:00,32.11,31.84803734332323,34.2954545968771,31.84803734332323,29.851254124707733
2026-01-06 04:15:00,32.0,31.804766984283923,34.25218423783779,31.804766984283923,29.85160405758088
2026-01-06 04:30:00,32.01,31.737663126587865,34.185080380141734,31.737663126587865,29.926500150869973
2026-01-06 04:45:00,31.78,31.662750919014215,34.11016817256808,31.662750919014215,30.072236610086392
2026-01-06 05:00:00,32.03,31.68372660279274,34.131143856346604,31.68372660279274,30.654642407697075
2026-01-06 05:15:00,32.47,31.802997702658175,34.25041495621204,31.802997702658175,30.906404283375128
2026-01-06 05:30:00,32.95,32.02170057028532,34.469117823839184,32.02170057028532,31.18553466494265
2026-01-06 05:45:00,33.5,32.19832389041781,34.64574114397168,32.19832389041781,31.474377588310112
2026-01-06 06:00:00,33.97,32.51784990906715,34.96526716262102,32.51784990906715,32.51087111750071
2026-01-06 06:15:00,34.53,33.03967375576496,35.487091009318824,33.03967375576496,32.78329472137166
2026-01-06 06:30:00,35.42,33.65858228266239,36.10599953621625,33.65858228266239,33.044367024033505
2026-01-06 06:45:00,35.72,34.34935525685549,36.796772510409355,34.34935525685549,33.30379751752955
2026-01-06 07:00:00,36.29,35.241289707422254,37.68870696097612,35.241289707422254,34.5280957617107
2026-01-06 07:15:00,37.05,35.99294084638357,38.440358099937434,35.99294084638357,34.843630531143134
2026-01-06 07:30:00,36.89,37.04108081489801,39.488498068451875,37.04108081489801,35.22491417681561
2026-01-06 07:45:00,37.95,38.05965438723564,40.507071640789505,38.05965438723564,35.695660682441314
2026-01-06 08:00:00,39.35,39.17558361083269,41.623000864386555,39.17558361083269,39.43027205299335
2026-01-06 08:15:00,42.38,40.163528155386444,42.61094540894031,40.163528155386444,40.12051179111102
2026-01-06 08:30:00,43.59,41.317109073400495,43.76452632695436,41.317109073400495,40.91677509500016
2026-01-06 08:45:00,44.73,42.31541427612304,44.76283152967691,42.31541427612304,41.797635183674906
2026-01-06 09:00:00,46.64,43.298951556086536,45.7463688096404,43.298951556086536,43.98960367208139
2026-01-06 09:15:00,48.41,45.12542667150497,47.572843925058834,45.12542667150497,44.92386354385151
2026-01-06 09:30:00,49.04,46.00588337242603,48.45330062597989,46.00588337242603,45.81005180266282
2026-01-06 09:45:00,50.39,46.824755258560174,49.27217251211404,46.824755258560174,46.59587506861956
2026-01-06 10:00:00,51.42,47.460644638538355,49.90806189209222,47.460644638538355,48.36595923016623
2026-01-06 10:15:00,51.95,48.06373855054378,50.51115580409765,48.06373855054378,48.823216606037825
2026-01-06 10:30:00,52.86,48.526921072006225,50.97433832556009,48.526921072006225,49.080193725654595
2026-01-06 10:45:00,52.8,48.93140116691589,51.378818420469756,48.93140116691589,49.13742652912874
2026-01-06 11:00:00,53.63,49.193956184387204,51.64137343794107,49.193956184387204,49.82344490373986
2026-01-06 11:15:00,53.26,49.4448674160242,51.89228466957807,49.4448674160242,49.55950639406955
2026-01-06 11:30:00,53.79,49.62349313259124,52.07091038614511,49.62349313259124,49.205585915941946
2026-01-06 11:45:00,53.63,49.586030055284496,52.03344730883836,49.586030055284496,48.82114409147595
2026-01-06 12:00:00,52.77,49.577560881376264,52.02497813493013,49.577560881376264,48.81303662583513
2026-01-06 12:15:00,52.67,49.642123721241944,52.08954097479581,49.642123721241944,48.54292138385614
2026-01-06 12:30:00,52.43,49.72342300891876,52.17084026247262,49.72342300891876,48.399485269722334
2026-01-06 12:45:00,52.63,49.76524287581444,52.2126601293683,49.76524287581444,48.40819698623149
2026-01-06 13:00:00,52.73,50.071796154975885,52.51921340852975,50.071796154975885,49.86751498112007
2026-01-06 13:15:00,54.45,50.05161412417888,52.49903137773275,50.05161412417888,50.17984798185194
2026-01-06 13:30:00,54.83,50.353911563754075,52.80132881730794,50.353911563754075,50.60758545258861
2026-01-06 13:45:00,55.24,50.45446307957172,52.90188033312558,50.45446307957172,51.1085854456258
2026-01-06 14:00:00,55.72,50.703737858533856,53.15115511208772,50.703737858533856,51.19296976648197
2026-01-06 14:15:00,56.58,50.915174982547754,53.36259223610162,50.915174982547754,51.69557391882199
2026-01-06 14:30:00,57.04,51.09227582275867,53.53969307631254,51.09227582275867,52.13355209139878
2026-01-06 14:45:00,56.95,51.10361941516399,53.551036668717856,51.10361941516399,52.47744667208247
2026-01-06 15:00:00,58.04,51.2208834695816,53.66830072313547,51.2208834695816,52.166422796828066
2026-01-06 15:15:00,57.44,53.72681851744651,56.174235771000376,53.72681851744651,52.29651407110878
2026-01-06 15:30:00,57.6,53.692458324432366,56.13987557798623,53.692458324432366,52.33900799894255
2026-01-06 15:45:00,58.1,53.78665530323982,56.234072556793684,53.78665530323982,52.32425397501867
2026-01-06 16:00:00,57.87,53.77857664644718,56.22599390000104,53.77857664644718,51.17982188354986
2026-01-06 16:15:00,58.45,53.84158273100852,56.28899998456239,53.84158273100852,51.165834094966954
2026-01-06 16:30:00,58.37,53.7215000462532,56.16891729980706,53.7215000462532,51.207548655220805
2026-01-06 16:45:00,57.84,53.722225292325014,56.16964254587888,53.722225292325014,51.33131087110578
2026-01-06 17:00:00,57.69,53.52979067802429,55.97720793157816,53.52979067802429,50.62277676455838
2026-01-06 17:15:00,57.83,53.4736465370655,55.921063790619364,53.4736465370655,50.93624895505396
2026-01-06 17:30:00,58.48,53.3475281047821,55.794945358335966,53.3475281047821,51.32810706236408
2026-01-06 17:45:00,58.51,53.36579474210739,55.813211995661256,53.36579474210739,51.770160442096646
2026-01-06 18:00:00,58.52,53.31859264612198,55.76600989967584,53.31859264612198,50.94749554712822
2026-01-06 18:15:00,59.51,53.50152999043464,55.948947243988506,53.50152999043464,51.37567962376699
2026-01-06 18:30:00,60.17,53.385368416309355,55.83278566986322,53.385368416309355,51.737166506906924
2026-01-06 18:45:00,59.54,53.2656735920906,55.713090845644466,53.2656735920906,51.99840189558867
2026-01-06 19:00:00,59.23,53.18107483327388,55.62849208682775,53.18107483327388,51.98947008578127
2026-01-06 19:15:00,58.46,52.84487147569656,55.29228872925042,52.84487147569656,51.989740688120385
2026-01-06 19:30:00,58.24,52.598553469181056,55.04597072273492,52.598553469181056,51.85307727102623
2026-01-06 19:45:00,57.76,52.110492085218425,54.55790933877229,52.110492085218425,51.59013107849063
2026-01-06 20:00:00,57.09,51.78901945829391,54.23643671184777,51.78901945829391,51.36317631530736
2026-01-06 20:15:00,56.93,51.293269934654234,53.7406871882081,51.293269934654234,50.90946829283859
2026-01-06 20:30:00,55.93,50.71055729687213,53.157974550426,50.71055729687213,50.39715519434639
2026-01-06 20:45:00,55.57,50.172241407632825,52.61965866118669,50.172241407632825,49.848568443025485
2026-01-06 21:00:00,55.43,49.51056727170944,51.957984525263306,49.51056727170944,47.49627357479311
2026-01-06 21:15:00,54.87,48.99749153971672,51.444908793270585,48.99749153971672,46.91932957823489
2026-01-06 21:30:00,54.41,48.48225335240364,50.929670605957504,48.48225335240364,46.336199685386816
2026-01-06 21:45:00,53.98,47.851493826508516,50.29891108006238,47.851493826508516,45.743622182721815
2026-01-06 22:00:00,52.82,47.11279749512672,49.560214748680586,47.11279749512672,43.43951445660523
2026-01-06 22:15:00,52.23,46.45549077510833,48.902908028662196,46.45549077510833,42.804273113243276
2026-01-06 22:30:00,51.58,45.75341538548469,48.20083263903856,45.75341538548469,42.135612894327856
2026-01-06 22:45:00,50.35,44.93080303609371,47.37822028964757,44.93080303609371,41.429654894974476
2026-01-06 23:00:00,49.38,44.10116137862205,46.54857863217592,44.10116137862205,41.14207449905378
2026-01-06 23:15:00,48.19,43.34288340330124,45.7903006568551,43.34288340330124,40.37224804816927
2026-01-06 23:30:00,47.4,42.54796589016914,44.995383143723004,42.54796589016914,39.58752518426868
2026-01-06 23:45:00,46.2,41.69305086821318,44.14046812176704,41.69305086821318,38.80523048365396
2026-01-07 00:00:00,44.72,41.04651259124279,43.493929844796654,41.04651259124279,38.389869780931484
2026-01-07 00:15:00,43.19,40.46308666199445,42.91050391554832,40.46308666199445,37.66923826646988
2026-01-07 00:30:00,42.27,39.74311921268701,42.19053646624088,39.74311921268701,37.00387859110423
2026-01-07 00:45:00,41.07,39.17228546798229,41.61970272153616,39.17228546798229,36.4038178054995
2026-01-07 01:00:00,40.42,38.71239843279123,41.1598156863451,38.71239843279123,36.4003478919987
2026-01-07 01:15:00,39.64,38.16007174581289,40.60748899936676,38.16007174581289,35.93572932104278
2026-01-07 01:30:00,39.15,37.689986103773116,40.13740335732698,37.689986103773116,35.529531268386414
2026-01-07 01:45:00,38.8,37.191310358345504,39.63872761189937,37.191310358345504,35.17025302234386
2026-01-07 02:00:00,38.16,36.88710815161466,39.33452540516853,36.88710815161466,33.8226199980261
2026-01-07 02:15:00,37.74,36.4910029220581,38.93842017561197,36.4910029220581,33.52078717043945
2026-01-07 02:30:00,37.16,36.254651071727274,38.70206832528114,36.254651071727274,33.23455531975679
2026-01-07 02:45:00,37.17,35.94173661410808,38.389153867661946,35.94173661410808,32.96156046208241
2026-01-07 03:00:00,36.73,35.60228426039219,38.049701513946054,35.60228426039219,32.91871505977981
2026-01-07 03:15:00,36.9,34.58501374006271,37.03243099361658,34.58501374006271,32.687429428934905
2026-01-07 03:30:00,36.34,34.40598953664303,36.85340679019689,34.40598953664303,32.4934557715456
2026-01-07 03:45:00,36.34,34.34119026124477,36.788607514798635,34.34119026124477,32.35037277571729
2026-01-07 04:00:00,35.9,34.205008707642556,36.65242596119642,34.205008707642556,31.94049126588923
2026-01-07 04:15:00,36.26,34.18004350632429,36.627460759878154,34.18004350632429,31.932509758474488
2026-01-07 04:30:00,36.01,34.11205500781536,36.55947226136922,34.11205500781536,31.999343672142363
2026-01-07 04:45:00,35.95,34.056280131340024,36.50369738489389,34.056280131340024,32.13729408124607
2026-01-07 05:00:00,36.62,34.07070004224777,36.51811729580164,34.07070004224777,33.33482047406382
2026-01-07 05:15:00,37.18,34.171214365959166,36.61863161951303,34.171214365959166,33.579368450007514
2026-01-07 05:30:00,37.49,34.36506892174482,36.81248617529869,34.36506892174482,33.851580582104006
2026-01-07 05:45:00,37.73,34.52285510420799,36.97027235776186,34.52285510420799,34.13380703482883
2026-01-07 06:00:00,38.27,34.761002801954746,37.20842005550861,34.761002801954746,33.29439612373206
2026-01-07 06:15:00,39.11,35.210401663184165,37.65781891673803,35.210401663184165,33.56082440883823
2026-01-07 06:30:00,39.67,35.671776382625104,38.11919363617897,35.671776382625104,33.81622035927606
2026-01-07 06:45:00,40.07,36.25793061852455,38.70534787207841,36.25793061852455,34.0702987826715
2026-01-07 07:00:00,40.44,37.02693453162908,39.47435178518295,37.02693453162908,35.22535810866344
2026-01-07 07:15:00,40.82,37.61221209645271,40.059629350006574,37.61221209645271,35.53620446084102
2026-01-07 07:30:00,40.77,38.53398391425609,40.981401167809956,38.53398391425609,35.9131386216879
2026-01-07 07:45:00,41.95,39.38809000790119,41.83550726145506,39.38809000790119,36.37987901413386
2026-01-07 08:00:00,43.05,40.28065938085317,42.72807663440704,40.28065938085317,39.91587752348479
2026-01-07 08:15:00,45.39,41.17231223404407,43.61972948759794,41.17231223404407,40.602810295104995
2026-01-07 08:30:00,46.18,42.14649702757597,44.593914281129834,42.14649702757597,41.39612194199495
2026-01-07 08:45:00,46.91,43.00399158775806,45.451408841311924,43.00399158775806,42.274389192599884
2026-01-07 09:00:00,47.51,43.86447081446647,46.31188806802034,43.86447081446647,44.7288738721641
2026-01-07 09:15:00,49.14,46.313050321340555,48.76046757489442,46.313050321340555,45.66126811110743
2026-01-07 09:30:00,49.59,47.05276412248611,49.500181376039976,47.05276412248611,46.54595863658422
2026-01-07 09:45:00,50.95,47.7824679338932,50.22988518744707,47.7824679338932,47.330654605854306
2026-01-07 10:00:00,51.62,48.305171108245844,50.75258836179971,48.305171108245844,47.73500329612039
2026-01-07 10:15:00,52.37,48.823289027214045,51.27070628076791,48.823289027214045,48.191880861418234
2026-01-07 10:30:00,53.16,49.2297243642807,51.677141617834565,49.2297243642807,48.44885471795046
2026-01-07 10:45:00,53.51,49.596645745038984,52.04406299859285,49.596645745038984,48.506462338063976
2026-01-07 11:00:00,53.56,49.86319094419479,52.31060819774866,49.86319094419479,50.42302244369441
2026-01-07 11:15:00,53.99,50.09796080172062,52.54537805527448,50.09796080172062,50.16021848600753
2026-01-07 11:30:00,54.24,50.30486845850944,52.752285712063305,50.30486845850944,49.80781370320689
2026-01-07 11:45:00,54.12,50.31177025079727,52.75918750435113,50.31177025079727,49.42526922435441
2026-01-07 12:00:00,53.31,50.33728934884071,52.78470660239458,50.33728934884071,49.39528979638552
2026-01-07 12:15:00,52.82,50.444716091156,52.89213334470987,50.444716091156,49.127835690134184
2026-01-07 12:30:00,51.91,50.548104833364484,52.99552208691835,50.548104833364484,48.987442334660784
2026-01-07 12:45:00,51.91,50.58140770792961,53.02882496148347,50.58140770792961,48.999577906346616
2026-01-07 13:00:00,51.61,50.88033660531043,53.3277538588643,50.88033660531043,47.35017773179456
2026-01-07 13:15:00,52.16,50.862271867990486,53.30968912154435,50.862271867990486,47.666694169337696
2026-01-07 13:30:00,52.6,51.14226998329162,53.589687236845485,51.14226998329162,48.09899304643047
2026-01-07 13:45:00,52.43,51.224693003892895,53.67211025744676,51.224693003892895,48.60493085927056
2026-01-07 14:00:00,52.78,51.41855951428413,53.86597676783799,51.41855951428413,49.38073976574507
2026-01-07 14:15:00,52.56,51.59936628222465,54.046783535778516,51.59936628222465,49.88902887355084
2026-01-07 14:30:00,52.9,51.70189960598945,54.14931685954332,51.70189960598945,50.333062216163164
2026-01-07 14:45:00,53.26,51.698905641436575,54.14632289499044,51.698905641436575,50.68337960978227
2026-01-07 15:00:00,52.76,51.792807739973064,54.24022499352693,51.792807739973064,50.080122379777144
2026-01-07 15:15:00,53.18,51.91225284576416,54.35967009931802,51.91225284576416,50.21736303967206
2026-01-07 15:30:00,53.09,51.91745708405971,54.36487433761358,51.91745708405971,50.26736478819795
2026-01-07 15:45:00,52.93,52.01978585124015,54.46720310479402,52.01978585124015,50.26047346006158
2026-01-07 16:00:00,52.82,52.06031993389129,54.50773718744516,52.06031993389129,48.94077285173649
2026-01-07 16:15:00,52.66,52.07734329223632,54.52476054579019,52.07734329223632,48.93534586453136
2026-01-07 16:30:00,52.8,51.977291213274,54.424708466827866,51.977291213274,48.985963981385886
2026-01-07 16:45:00,51.88,51.981855216026304,54.42927246958017,51.981855216026304,49.11896799842962
2026-01-07 17:00:00,51.83,51.78514085292816,54.232558106482024,51.78514085292816,45.51948470915087
2026-01-07 17:15:00,51.9,51.73669547796249,54.18411273151636,51.73669547796249,45.8428607393004
2026-01-07 17:30:00,52.61,51.63683467268943,54.0842519262433,51.63683467268943,46.24494602916441
2026-01-07 17:45:00,52.86,51.6185760051012,54.06599325865506,51.6185760051012,46.69754452238491
2026-01-07 18:00:00,53.33,51.585238595008846,54.03265584856271,51.585238595008846,48.3333812126294
2026-01-07 18:15:00,54.33,51.726302940845486,54.17372019439935,51.726302940845486,48.772729164689366
2026-01-07 18:30:00,54.86,51.598200044035906,54.04561729758977,51.598200044035906,49.14568033285832
2026-01-07 18:45:00,54.98,51.54728139400482,53.994698647558685,51.54728139400482,49.418674161656185
2026-01-07 19:00:00,54.8,51.43117826461791,53.87859551817178,51.43117826461791,50.45960575494932
2026-01-07 19:15:00,54.43,51.181021501421924,53.62843875497579,51.181021501421924,50.47220354603957
2026-01-07 19:30:00,53.69,50.95200048089027,53.399417734444135,50.95200048089027,50.348141524558066
2026-01-07 19:45:00,53.22,50.52867195785045,52.976089211404314,50.52867195785045,50.09806390557425
2026-01-07 20:00:00,51.85,50.26576892852783,52.71318618208169,50.26576892852783,50.224106386774736
2026-01-07 20:15:00,52.45,49.85499805450439,52.30241530805826,49.85499805450439,49.78377948643476
2026-01-07 20:30:00,51.66,49.337719614505765,51.78513686805963,49.337719614505765,49.28509253235961
2026-01-07 20:45:00,51.35,48.85900141894817,51.30641867250203,48.85900141894817,48.75036922248901
2026-01-07 21:00:00,51.25,48.26677025854587,50.714187512099734,48.26677025854587,47.96110235758481
2026-01-07 21:15:00,50.44,46.808462459444996,49.25587971299886,46.808462459444996,47.398472583665445
2026-01-07 21:30:00,49.65,46.299778052568435,48.7471953061223,46.299778052568435,46.82987009169301
2026-01-07 21:45:00,49.62,45.74785782217979,48.195275075733655,45.74785782217979,46.25202483229445
2026-01-07 22:00:00,48.85,45.06506919622421,47.51248644977807,45.06506919622421,45.87628000442434
2026-01-07 22:15:00,48.41,44.43828922569752,46.88570647925138,44.43828922569752,45.256155033009875
2026-01-07 22:30:00,46.89,43.79229687571525,46.23971412926912,43.79229687571525,44.6027902131568
2026-01-07 22:45:00,46.2,43.02782641470432,45.47524366825819,43.02782641470432,43.91229778526648
2026-01-07 23:00:00,45.64,42.23394496738911,44.68136222094297,42.23394496738911,43.415236243833306
2026-01-07 23:15:00,44.1,41.56313219964504,44.010549453198905,41.56313219964504,42.661188693332974
2026-01-07 23:30:00,43.5,40.86512270420789,43.31253995776176,40.86512270420789,41.89238767606235
2026-01-07 23:45:00,42.45,40.05781490653753,42.505232160091396,40.05781490653753,41.12614849264384
2026-01-08 00:00:00,41.48,39.48488246440887,41.932299717962735,39.48488246440887,40.131593909090476
2026-01-08 00:15:00,40.94,38.979676847755904,41.42709410130977,38.979676847755904,39.427257076308685
2026-01-08 00:30:00,40.37,38.347056388258935,40.7944736418128,38.347056388258935,38.778297417243564
2026-01-08 00:45:00,39.66,37.823372936248774,40.27079018980264,37.823372936248774,38.19473238893813
2026-01-08 01:00:00,39.53,37.45933261543512,39.90674986898899,37.45933261543512,37.73182237951531
2026-01-08 01:15:00,39.48,36.95081690132618,39.39823415488004,36.95081690132618,37.28386202099103
2026-01-08 01:30:00,38.37,36.59865547358989,39.04607272714376,36.59865547358989,36.894388788748174
2026-01-08 01:45:00,38.41,36.13822516798973,38.5856424215436,36.13822516798973,36.55189216503405
2026-01-08 02:00:00,37.5,35.90728609740734,38.3547033509612,35.90728609740734,36.08283103546692
2026-01-08 02:15:00,36.97,35.594597449004645,38.04201470255851,35.594597449004645,35.797863877773814
2026-01-08 02:30:00,36.63,35.41844500750303,37.8658622610569,35.41844500750303,35.52852489024835
2026-01-08 02:45:00,36.72,35.16625197649002,37.61366923004388,35.16625197649002,35.27244017878291
2026-01-08 03:00:00,35.99,34.87629700303078,37.323714256584644,34.87629700303078,34.77414374641565
2026-01-08 03:15:00,35.75,34.76603834748268,37.21345560103654,34.76603834748268,34.55977306661976
2026-01-08 03:30:00,35.69,34.60380903661251,37.051226290166376,34.60380903661251,34.382701884409826
2026-01-08 03:45:00,35.61,34.57232326209545,37.01974051564932,34.57232326209545,34.25649898203802
2026-01-08 04:00:00,35.54,34.4817711097002,36.92918836325406,34.4817711097002,34.07126873293127
2026-01-08 04:15:00,35.53,34.46731400668621,36.914731260240075,34.46731400668621,34.08009291640767
2026-01-08 04:30:00,35.47,34.43844496250152,36.885862216055386,34.43844496250152,34.16368055650717
2026-01-08 04:45:00,35.6,34.41734906852245,36.86476632207631,34.41734906852245,34.3183229344858
2026-01-08 05:00:00,36.21,34.47036110281944,36.917778356373304,34.47036110281944,34.43356823770084
2026-01-08 05:15:00,36.78,34.61170438945293,37.0591216430068,34.61170438945293,34.6946554739223
2026-01-08 05:30:00,37.21,34.865569736957546,37.31298699051141,34.865569736957546,34.983316025273695
2026-01-08 05:45:00,37.5,35.052851916253566,37.50026916980743,35.052851916253566,35.281890482139566
2026-01-08 06:00:00,38.16,35.33584001123905,37.783257264792915,35.33584001123905,35.423567600115675
2026-01-08 06:15:00,38.62,35.861878520548345,38.30929577410221,35.861878520548345,35.70611462916786
2026-01-08 06:30:00,39.96,36.3879117166996,38.835328970253464,36.3879117166996,35.977500639943145
2026-01-08 06:45:00,39.88,36.9853843075037,39.432801561057566,36.9853843075037,36.24743118907247
2026-01-08 07:00:00,39.18,37.7593082049489,40.20672545850277,37.7593082049489,36.62625368533671
2026-01-08 07:15:00,39.65,38.38830774724483,40.835725000798696,38.38830774724483,36.95264893426538
2026-01-08 07:30:00,39.29,39.271943044960494,41.71936029851436,39.271943044960494,37.34496690876197
2026-01-08 07:45:00,39.93,40.10043041884899,42.54784767240285,40.10043041884899,37.826917203261
2026-01-08 08:00:00,41.0,40.98200022637844,43.429417479932305,40.98200022637844,40.11488247524848
2026-01-08 08:15:00,42.84,41.79433427155018,44.24175152510404,41.79433427155018,40.81665132916926
2026-01-08 08:30:00,43.58,42.70234368175268,45.149760935306546,42.70234368175268,41.62459940899207
2026-01-08 08:45:00,44.6,43.476890546977515,45.92430780053138,43.476890546977515,42.517295131097676
2026-01-08 09:00:00,45.24,44.240456442832944,46.68787369638681,44.240456442832944,44.91436254604844
2026-01-08 09:15:00,46.4,45.49762136161327,47.945038615167135,45.49762136161327,45.860744976850306
2026-01-08 09:30:00,46.92,46.245647598505016,48.69306485205888,46.245647598505016,46.759191678689845
2026-01-08 09:45:00,47.9,46.98276326537132,49.430180518925184,46.98276326537132,47.55740410067711
2026-01-08 10:00:00,48.68,47.50364402651786,49.95106128007173,47.50364402651786,47.79218886075327
2026-01-08 10:15:00,47.45,48.019487913846966,50.46690516740083,48.019487913846966,48.262080971313694
2026-01-08 10:30:00,50.26,48.427185125947,50.874602379500864,48.427185125947,48.531807530926976
2026-01-08 10:45:00,50.42,48.78421074986458,51.23162800341844,48.78421074986458,48.60189898926359
2026-01-08 11:00:00,50.36,49.04383290410041,51.49125015765428,49.04383290410041,47.51063279082142
2026-01-08 11:15:00,50.1,49.257506867647166,51.70492412120103,49.257506867647166,47.259754608434626
2026-01-08 11:30:00,49.29,49.502964142560955,51.95038139611482,49.502964142560955,46.91898678111378
2026-01-08 11:45:00,48.8,49.485311174988745,51.93272842854261,49.485311174988745,46.54778417164512
2026-01-08 12:00:00,48.21,49.51972715616226,51.96714440971613,49.51972715616226,45.58522978529533
2026-01-08 12:15:00,47.48,49.614782209992406,52.06219946354627,49.614782209992406,45.32850937774014
2026-01-08 12:30:00,47.67,49.730925188064575,52.17834244161844,49.730925188064575,45.19853704591978
2026-01-08 12:45:00,46.99,49.75704998612404,52.2044672396779,49.75704998612404,45.22077551888309
2026-01-08 13:00:00,46.31,50.0491461622715,52.496563415825364,50.0491461622715,45.79488051267422
2026-01-08 13:15:00,46.83,50.043057283163066,52.49047453671693,50.043057283163066,46.120848121388356
2026-01-08 13:30:00,47.3,50.299927221536635,52.7473444750905,50.299927221536635,46.562264997995
2026-01-08 13:45:00,48.12,50.36710679173469,52.81452404528856,50.36710679173469,47.076983062980894
2026-01-08 14:00:00,49.74,50.57454842090606,53.02196567445993,50.57454842090606,47.2785766400125
2026-01-08 14:15:00,49.49,50.74613685965538,53.193554113209245,50.74613685965538,47.79495768116714
2026-01-08 14:30:00,49.6,50.83490379095077,53.282321044504634,50.83490379095077,48.24673284268617
2026-01-08 14:45:00,49.31,50.825491531491274,53.27290878504514,50.825491531491274,48.604438279351314
2026-01-08 15:00:00,49.33,50.91390513777733,53.36132239133119,50.91390513777733,47.746637813957875
2026-01-08 15:15:00,48.91,49.048659908175466,51.49607716172933,49.048659908175466,47.89054891813993
2026-01-08 15:30:00,48.73,49.08507894992828,51.53249620348215,49.08507894992828,47.946857761076515
2026-01-08 15:45:00,48.99,49.13509701967239,51.58251427322626,49.13509701967239,47.94590746156012
2026-01-08 16:00:00,48.41,49.154917755723,51.602335009276864,49.154917755723,47.37425646405978
2026-01-08 16:15:00,49.16,49.192888239622114,51.64030549317598,49.192888239622114,47.37403118714444
2026-01-08 16:30:00,49.33,49.05788620710373,51.50530346065759,49.05788620710373,47.42947824502356
2026-01-08 16:45:00,49.7,49.065255557298656,51.51267281085252,49.065255557298656,47.56693668361591
2026-01-08 17:00:00,49.52,48.871832695603366,51.31924994915723,48.871832695603366,47.083930414251476
2026-01-08 17:15:00,49.72,48.8163234770298,51.26374073058366,48.8163234770298,47.411007550313855
2026-01-08 17:30:00,50.33,48.78793793022632,51.235355183780186,48.78793793022632,47.81641563720859
2026-01-08 17:45:00,50.22,48.79285525798797,51.24027251154184,48.79285525798797,48.27195784311865
2026-01-08 18:00:00,51.08,48.74308690667152,51.19050416022539,48.74308690667152,49.23343531767615
2026-01-08 18:15:00,51.39,48.86941786527633,51.3168351188302,48.86941786527633,49.67496746186621
2026-01-08 18:30:00,51.74,48.738243963122365,51.18566121667623,48.738243963122365,50.04972287184838
2026-01-08 18:45:00,51.89,48.70986372947692,51.15728098303079,48.70986372947692,50.32414118905088
2026-01-08 19:00:00,51.63,48.60068895816803,51.048106211721894,48.60068895816803,49.359090055869174
2026-01-08 19:15:00,50.64,48.351881737113,50.79929899066686,48.351881737113,49.37235438168861
2026-01-08 19:30:00,50.57,48.15442618846893,50.6018434420228,48.15442618846893,49.248581174125555
2026-01-08 19:45:00,49.3,47.74701854348182,50.19443579703569,47.74701854348182,48.99841580284644
2026-01-08 20:00:00,47.83,47.46184275567531,49.90926000922918,47.46184275567531,48.81176131585732
2026-01-08 20:15:00,47.79,47.10604978442192,49.553467037975786,47.10604978442192,48.37059793737281
2026-01-08 20:30:00,47.53,46.59580065250396,49.043217906057826,46.59580065250396,47.87070281224309
2026-01-08 20:45:00,46.96,46.14034611940384,48.5877633729577,46.14034611940384,47.33440172601365
2026-01-08 21:00:00,45.25,45.57111030697822,48.018527560532085,45.57111030697822,46.298899337762116
2026-01-08 21:15:00,45.7,44.23975776255131,46.68717501610517,44.23975776255131,45.7339597502943
2026-01-08 21:30:00,45.11,43.754213487207885,46.20163074076175,43.754213487207885,45.162685462107085
2026-01-08 21:45:00,44.74,43.16695278614759,45.614370039701456,43.16695278614759,44.581809408433756
2026-01-08 22:00:00,44.09,42.44990093231201,44.89731818586588,42.44990093231201,44.19485934414184
2026-01-08 22:15:00,42.88,41.882904615998264,44.33032186955213,41.882904615998264,43.57099540601517
2026-01-08 22:30:00,42.1,41.189549447000026,43.63696670055389,41.189549447000026,42.91354287068878
2026-01-08 22:45:00,41.44,40.44430199176073,42.8917192453146,40.44430199176073,42.21861781487892
2026-01-08 23:00:00,40.46,39.67001547127962,42.117432724833485,39.67001547127962,41.60888074653687
2026-01-08 23:15:00,39.52,38.97899277865886,41.42641003221273,38.97899277865886,40.84972306904163
2026-01-08 23:30:00,39.64,38.35558799177408,40.803005245327945,38.35558799177408,40.07547973611719
2026-01-08 23:45:00,39.09,37.65036986917257,40.09778712272644,37.65036986917257,39.30347068118187
2026-01-09 00:00:00,38.01,37.01166717201471,39.45908442556858,37.01166717201471,38.87191187353857
2026-01-09 00:15:00,37.64,36.488301181197166,38.93571843475103,36.488301181197166,38.16116470916297
2026-01-09 00:30:00,36.65,35.880890328288075,38.32830758184194,35.880890328288075,37.5054821808264
2026-01-09 00:45:00,36.56,35.334400145411486,37.78181739896535,35.334400145411486,36.91488710983266
2026-01-09 01:00:00,35.64,35.00773390650749,37.455151160061355,35.00773390650749,35.25659864356983
2026-01-09 01:15:00,35.48,34.47859516948461,36.92601242303848,34.47859516948461,34.80101067376257
2026-01-09 01:30:00,34.77,34.16400839537382,36.611425648927685,34.16400839537382,34.40361976460598
2026-01-09 01:45:00,34.44,33.69343925595283,36.1408565095067,33.69343925595283,34.05292142256851
2026-01-09 02:00:00,34.14,33.411443393230435,35.8588606467843,33.411443393230435,33.78042858499732
2026-01-09 02:15:00,33.76,33.1434928637743,35.590910117328164,33.1434928637743,33.486710305974995
2026-01-09 02:30:00,33.34,32.974922298789025,35.42233955234289,32.974922298789025,33.20835512564976
2026-01-09 02:45:00,33.07,32.736305714845656,35.18372296839952,32.736305714845656,32.94299575434731
2026-01-09 03:00:00,32.83,32.46071287170052,34.90813012525439,32.46071287170052,32.1737600989761
2026-01-09 03:15:00,32.28,31.651344232857227,34.09876148641109,31.651344232857227,31.9496181624664
2026-01-09 03:30:00,32.13,31.489586464762684,33.937003718316554,31.489586464762684,31.762537841267363
2026-01-09 03:45:00,31.75,31.506405930668112,33.95382318422198,31.506405930668112,31.6260950173601
2026-01-09 04:00:00,31.71,31.444465798437594,33.891883051991464,31.444465798437594,31.87316214302133
2026-01-09 04:15:00,31.75,31.478694490790364,33.92611174434423,31.478694490790364,31.8713065732001
2026-01-09 04:30:00,31.92,31.447403310686347,33.89482056424021,31.447403310686347,31.94400561321941
2026-01-09 04:45:00,32.1,31.467750049382445,33.91516730293631,31.467750049382445,32.08755804920774
2026-01-09 05:00:00,32.45,31.539191436469554,33.986608690023424,31.539191436469554,32.28936077110525
2026-01-09 05:15:00,33.13,31.67083953797817,34.11825679153204,31.67083953797817,32.53897823633159
2026-01-09 05:30:00,33.33,32.00379057869315,34.451207832247015,32.00379057869315,32.815990685102
2026-01-09 05:45:00,33.68,32.229056524783374,34.67647377833724,32.229056524783374,33.102746523718295
2026-01-09 06:00:00,34.74,32.49241050839424,34.9398277619481,32.49241050839424,33.27204891532162
2026-01-09 06:15:00,35.72,32.985701368153094,35.43311862170696,32.985701368153094,33.54245998622324
2026-01-09 06:30:00,35.83,33.564066514372826,36.01148376792669,33.564066514372826,33.80156332200059
2026-01-09 06:45:00,36.4,34.15381775826216,36.60123501181602,34.15381775826216,34.05907250937009
2026-01-09 07:00:00,36.74,34.93800269216299,37.385419945716855,34.93800269216299,34.59687404023011
2026-01-09 07:15:00,37.08,35.52385407805443,37.97127133160829,35.52385407805443,34.91059479115628
2026-01-09 07:30:00,37.22,36.45227664142847,38.899693894982335,36.45227664142847,35.2901238762511
2026-01-09 07:45:00,37.67,37.26655131757259,39.71396857112646,37.26655131757259,35.75917903649227
2026-01-09 08:00:00,38.92,38.15690244704485,40.604319700598715,38.15690244704485,37.636209181572426
2026-01-09 08:15:00,40.94,38.97380049496889,41.42121774852276,38.97380049496889,38.32489489986606
2026-01-09 08:30:00,41.88,39.91930751800537,42.366724771559234,39.91930751800537,39.11967809658312
2026-01-09 08:45:00,43.42,40.701655427515504,43.14907268106937,40.701655427515504,39.99913535322399
2026-01-09 09:00:00,44.41,41.47483415454626,43.922251408100124,41.47483415454626,42.31704821460888
2026-01-09 09:15:00,46.46,43.51734626054763,45.9647635141015,43.51734626054763,43.250069460755896
2026-01-09 09:30:00,46.87,44.260104501247405,46.70752175480127,44.260104501247405,44.13510580209513
2026-01-09 09:45:00,47.51,44.914961855411526,47.36237910896539,44.914961855411526,44.91986677381598
2026-01-09 10:00:00,48.4,45.395021623373026,47.84243887692689,45.395021623373026,46.23658514334626
2026-01-09 10:15:00,48.01,45.87735276639461,48.324770019948474,45.87735276639461,46.69296773844078
2026-01-09 10:30:00,47.88,46.21669088721275,48.664108140766615,46.21669088721275,46.94916772044922
2026-01-09 10:45:00,48.54,46.52316712558269,48.970584379136554,46.52316712558269,47.00572345172223
2026-01-09 11:00:00,48.65,46.747114080190656,49.19453133374452,46.747114080190656,46.88133365096356
2026-01-09 11:15:00,49.85,46.91903193473816,49.36644918829202,46.91903193473816,46.616924944392665
2026-01-09 11:30:00,49.5,47.18124691009521,49.62866416364908,47.18124691009521,46.26264081278755
2026-01-09 11:45:00,48.86,47.130899424552915,49.57831667810678,47.130899424552915,45.87794376712487
2026-01-09 12:00:00,46.97,47.18618814706802,49.63360540062189,47.18618814706802,45.4784674630423
2026-01-09 12:15:00,45.94,47.27407309412956,49.72149034768343,47.27407309412956,45.208318974262696
2026-01-09 12:30:00,44.98,47.452140929102896,49.89955818265676,47.452140929102896,45.0649628725545
2026-01-09 12:45:00,45.48,47.50603760421276,49.95345485776662,47.50603760421276,45.07386918357682
2026-01-09 13:00:00,45.16,47.85072607517242,50.29814332872628,47.85072607517242,45.52439514390194
2026-01-09 13:15:00,46.52,47.856326143741605,50.30374339729547,47.856326143741605,45.83715528819819
2026-01-09 13:30:00,48.43,48.162024004459376,50.60944125801324,48.162024004459376,46.265437573813514
2026-01-09 13:45:00,48.62,48.22792310357094,50.6753403571248,48.22792310357094,46.767100784909424
2026-01-09 14:00:00,48.24,48.480175907611844,50.92759316116571,48.480175907611844,47.04365566521756
2026-01-09 14:15:00,48.31,48.67682651281356,51.12424376636743,48.67682651281356,47.54716143368138
2026-01-09 14:30:00,48.68,48.81386348485946,51.261280738413326,48.81386348485946,47.98616091311161
2026-01-09 14:45:00,48.72,48.80393850564956,51.25135575920343,48.80393850564956,48.33119661464213
2026-01-09 15:00:00,47.44,48.89469787120819,51.34211512476205,48.89469787120819,47.80223355642251
2026-01-09 15:15:00,48.44,48.1722385507822,50.61965580433606,48.1722385507822,47.933705335168554
2026-01-09 15:30:00,47.71,48.24188076972961,50.68929802328348,48.24188076972961,47.97769902783262
2026-01-09 15:45:00,48.22,48.252230801582336,50.6996480551362,48.252230801582336,47.96456353555123
2026-01-09 16:00:00,47.98,48.250652793645855,50.69807004719972,48.250652793645855,47.35168126530185
2026-01-09 16:15:00,47.83,48.3286446404457,50.77606189399957,48.3286446404457,47.339547441028856
2026-01-09 16:30:00,47.8,48.18546831429004,50.63288556784391,48.18546831429004,47.383232322688
2026-01-09 16:45:00,47.79,48.19876449227333,50.64618174582719,48.19876449227333,47.509080104909394
2026-01-09 17:00:00,47.69,48.03810521960258,50.48552247315644,48.03810521960258,46.439582275916464
2026-01-09 17:15:00,47.36,47.99986376464366,50.44728101819753,47.99986376464366,46.75536657283973
2026-01-09 17:30:00,47.91,48.02551303505897,50.47293028861284,48.02551303505897,47.14964777630369
2026-01-09 17:45:00,48.26,48.062790151834484,50.51020740538835,48.062790151834484,47.59423351942078
2026-01-09 18:00:00,48.74,48.03429568529128,50.48171293884515,48.03429568529128,47.35075146469967
2026-01-09 18:15:00,49.61,48.18584820508956,50.63326545864343,48.18584820508956,47.781680671376165
2026-01-09 18:30:00,49.58,48.08337863922119,50.53079589277505,48.08337863922119,48.146015886191705
2026-01-09 18:45:00,49.85,48.04118419468403,50.488601448237894,48.04118419468403,48.410200491618106
2026-01-09 19:00:00,49.4,47.92871260881424,50.3761298623681,47.92871260881424,48.8009964485307
2026-01-09 19:15:00,48.74,47.666694220304485,50.11411147385835,47.666694220304485,48.80441050738315
2026-01-09 19:30:00,48.08,47.42818389952183,49.87560115307569,47.42818389952183,48.67098361641098
2026-01-09 19:45:00,47.76,46.97427815198898,49.42169540554285,46.97427815198898,48.41136413217676
2026-01-09 20:00:00,46.77,46.64673789858818,49.094155152142044,46.64673789858818,47.915782969163864
2026-01-09 20:15:00,46.14,46.24244907736778,48.689866330921646,46.24244907736778,47.46557280817312
2026-01-09 20:30:00,45.77,45.678404220342635,48.1258214738965,45.678404220342635,46.956838272710186
2026-01-09 20:45:00,45.36,45.17930475056171,47.62672200411558,45.17930475056171,46.411907360144866
2026-01-09 21:00:00,44.81,44.5650372672081,47.01245452076196,44.5650372672081,45.61227720293424
2026-01-09 21:15:00,44.25,42.81046113461256,45.257878388166425,42.81046113461256,45.0391328079593
2026-01-09 21:30:00,43.64,42.340845707058904,44.78826296061277,42.340845707058904,44.459868753993106
2026-01-09 21:45:00,43.16,41.687438845038415,44.13485609859228,41.687438845038415,43.87121940308846
2026-01-09 22:00:00,42.65,40.94422367274761,43.39164092630148,40.94422367274761,42.901291791576206
2026-01-09 22:15:00,41.54,40.36456344425678,42.81198069781065,40.36456344425678,42.27009098480363
2026-01-09 22:30:00,40.93,39.63774600595236,42.085163259506224,39.63774600595236,41.60552114869086
2026-01-09 22:45:00,40.37,38.85152214765549,41.29893940120935,38.85152214765549,40.903699001367144
2026-01-09 23:00:00,39.41,38.06688161045312,40.51429886400699,38.06688161045312,40.0335093379429
2026-01-09 23:15:00,38.55,37.35409356594086,39.80151081949472,37.35409356594086,39.26789613202593
2026-01-09 23:30:00,37.48,36.735254110097884,39.18267136365175,36.735254110097884,38.48741823700082
2026-01-09 23:45:00,36.95,36.03032821118831,38.47774546474218,36.03032821118831,37.70939545387129
2026-01-10 00:00:00,35.71,35.39239592194557,37.83981317549944,35.39239592194557,34.87101604164638
2026-01-10 00:15:00,35.0,34.84713042199611,37.29454767554998,34.84713042199611,34.15469565619517
2026-01-10 00:30:00,34.47,34.29365343630314,36.741070689857004,34.29365343630314,33.493659202794404
2026-01-10 00:45:00,33.96,33.7312211227417,36.17863837629557,33.7312211227417,32.89792861663608
2026-01-10 01:00:00,33.4,33.41861349999905,35.86603075355291,33.41861349999905,31.33907862523335
2026-01-10 01:15:00,32.89,32.91835177689791,35.36576903045177,32.91835177689791,30.878788566454134
2026-01-10 01:30:00,32.5,32.59747023880482,35.04488749235868,32.59747023880482,30.476910222764367
2026-01-10 01:45:00,32.07,32.12532176315784,34.57273901671171,32.12532176315784,30.12193749146098
2026-01-10 02:00:00,31.04,31.86753198429942,34.314949237853284,31.86753198429942,29.79995472192181
2026-01-10 02:15:00,31.01,31.597841395586727,34.04525864914059,31.597841395586727,29.5023826176668
2026-01-10 02:30:00,30.77,31.465460078269242,33.91287733182311,31.465460078269242,29.22038078971031
2026-01-10 02:45:00,30.76,31.249622995257376,33.69704024881124,31.249622995257376,28.95157965530774
2026-01-10 03:00:00,30.2,30.980997694730757,33.428414948284626,30.980997694730757,28.254139003648135
2026-01-10 03:15:00,29.71,29.479981403052804,31.92739865660667,29.479981403052804,28.026957543532973
2026-01-10 03:30:00,29.92,29.354765543490647,31.802182797044512,29.354765543490647,27.83703473590309
2026-01-10 03:45:00,29.92,29.390578221082688,31.837995474636553,29.390578221082688,27.697943534974137
2026-01-10 04:00:00,29.61,29.359902703166007,31.807319956719873,29.359902703166007,28.073729313002225
2026-01-10 04:15:00,29.61,29.430013144165276,31.87743039771914,29.430013144165276,28.069604204787847
2026-01-10 04:30:00,29.25,29.37109619885683,31.818513452410695,29.37109619885683,28.140218146309067
2026-01-10 04:45:00,29.39,29.410725716352463,31.85814296990633,29.410725716352463,28.281866417264425
2026-01-10 05:00:00,29.89,29.47504813581705,31.922465389370917,29.47504813581705,28.110960350972963
2026-01-10 05:15:00,30.4,29.551809986531733,31.9992272400856,29.551809986531733,28.359024463913826
2026-01-10 05:30:00,30.51,29.95380618005991,32.40122343361378,29.95380618005991,28.63465318195941
2026-01-10 05:45:00,30.77,30.16883699133992,32.61625424489379,30.16883699133992,28.9201908902823
2026-01-10 06:00:00,30.81,30.389938085675237,32.837355339229106,30.389938085675237,28.82684180681822
2026-01-10 06:15:00,31.59,30.81271736100316,33.260134614557025,30.81271736100316,29.09635341730342
2026-01-10 06:30:00,32.23,31.40632529348135,33.85374254703522,31.40632529348135,29.354710139154943
2026-01-10 06:45:00,32.69,31.959950383454558,34.40736763700843,31.959950383454558,29.611621093216872
2026-01-10 07:00:00,32.47,32.7075920805335,35.15500933408737,32.7075920805335,29.22649224979167
2026-01-10 07:15:00,33.17,33.25514755159616,35.702564805150026,33.25514755159616,29.539897735242686
2026-01-10 07:30:00,34.18,34.14216600269079,36.58958325624466,34.14216600269079,29.919245957216404
2026-01-10 07:45:00,35.39,34.90873648941517,37.356153742969035,34.90873648941517,30.38824982075921
2026-01-10 08:00:00,36.9,35.763134806752205,38.21055206030607,35.763134806752205,33.76745053797273
2026-01-10 08:15:00,38.97,36.58398982912302,39.031407082676886,36.58398982912302,34.456329267250986
2026-01-10 08:30:00,39.68,37.51043722599744,39.95785447955131,37.51043722599744,35.25142007085004
2026-01-10 08:45:00,40.34,38.273384138941765,40.72080139249563,38.273384138941765,36.131294403590736
2026-01-10 09:00:00,41.81,39.036281905174256,41.48369915872812,39.036281905174256,38.45251681179771
2026-01-10 09:15:00,42.73,40.065267938971516,42.51268519252538,40.065267938971516,39.386158457565365
2026-01-10 09:30:00,43.28,40.78917509496212,43.236592348515984,40.78917509496212,40.2719089480883
2026-01-10 09:45:00,43.99,41.35823955804109,43.80565681159496,41.35823955804109,41.057472484456156
2026-01-10 10:00:00,45.1,41.802701167166234,44.2501184207201,41.802701167166234,42.858564993105276
2026-01-10 10:15:00,45.56,42.271174265742296,44.71859151929616,42.271174265742296,43.31591082726571
2026-01-10 10:30:00,45.92,42.51881259202957,44.966229845583435,42.51881259202957,43.573146246281894
2026-01-10 10:45:00,46.02,42.7580866792798,45.205503932833665,42.7580866792798,43.630804153892676
2026-01-10 11:00:00,46.46,42.91687439203262,45.36429164558648,42.91687439203262,44.64669371664474
2026-01-10 11:15:00,46.58,43.001329695582385,45.44874694913625,43.001329695582385,44.38350422417014
2026-01-10 11:30:00,46.6,43.29712117314338,45.74453842669725,43.29712117314338,44.03048958623895
2026-01-10 11:45:00,46.93,43.170345237553114,45.61776249110698,43.170345237553114,43.64710681689756
2026-01-10 12:00:00,45.87,43.19405254870653,45.641469802260396,43.19405254870653,43.75201923098765
2026-01-10 12:15:00,45.26,43.232934239208696,45.68035149276256,43.232934239208696,43.483258114450656
2026-01-10 12:30:00,45.19,43.42195116460323,45.869368418157094,43.42195116460323,43.34131772164379
2026-01-10 12:45:00,45.21,43.46600654274225,45.913423796296115,43.46600654274225,43.35166262865248
2026-01-10 13:00:00,45.94,43.867743719816204,46.31516097337007,43.867743719816204,44.229688413794115
2026-01-10 13:15:00,46.52,43.820310501456255,46.26772775501012,43.820310501456255,44.543916684005055
2026-01-10 13:30:00,47.12,44.165950027704234,46.6133672812581,44.165950027704234,44.97367380368072
2026-01-10 13:45:00,47.0,44.17688185036182,46.62429910391569,44.17688185036182,45.47681323853487
2026-01-10 14:00:00,47.48,44.436737783551216,46.88415503710508,44.436737783551216,45.196743455659764
2026-01-10 14:15:00,47.77,44.719753772616386,47.16717102617025,44.719753772616386,45.70171245734892
2026-01-10 14:30:00,47.8,44.88578996121883,47.3332072147727,44.88578996121883,46.14216089618902
2026-01-10 14:45:00,47.63,44.855996427536006,47.30341368108987,44.855996427536006,46.48862617666822
2026-01-10 15:00:00,48.71,44.93958834290504,47.387005596458906,44.93958834290504,45.321462721214694
2026-01-10 15:15:00,48.46,45.296069368124,47.74348662167787,45.296069368124,45.454310263289955
2026-01-10 15:30:00,48.82,45.43443994283676,47.88185719639063,45.43443994283676,45.49964542925604
2026-01-10 15:45:00,48.9,45.47077131748199,47.918188571035856,45.47077131748199,45.48781230302551
2026-01-10 16:00:00,48.96,45.47345446228981,47.920871715843674,45.47345446228981,45.10390255975135
2026-01-10 16:15:00,48.77,45.66940373063087,48.116820984184734,45.66940373063087,45.09297877648096
2026-01-10 16:30:00,48.63,45.54662727475166,47.99404452830552,45.54662727475166,45.13782066241502
2026-01-10 16:45:00,48.94,45.582778002023694,48.03019525557756,45.582778002023694,45.264767957932705
2026-01-10 17:00:00,48.69,45.4765414071083,47.923958660662166,45.4765414071083,44.44859887592489
2026-01-10 17:15:00,48.39,45.3993093419075,47.84672659546136,45.3993093419075,44.76535475003456
2026-01-10 17:30:00,49.66,45.600901184082026,48.04831843763589,45.600901184082026,45.16053730075466
2026-01-10 17:45:00,49.7,45.60808988690376,48.05550714045763,45.60808988690376,45.60595013666174
2026-01-10 18:00:00,49.94,45.60917908430099,48.056596337854856,45.60917908430099,44.75409623315673
2026-01-10 18:15:00,50.39,45.80199358940124,48.24941084295511,45.80199358940124,45.18569242225107
2026-01-10 18:30:00,51.65,45.70814727902412,48.15556453257798,45.70814727902412,45.550609009139286
2026-01-10 18:45:00,51.44,45.68736220479011,48.13477945834398,45.68736220479011,45.81528584231433
2026-01-10 19:00:00,50.88,45.641897511482235,48.0893147650361,45.641897511482235,45.03403066951356
2026-01-10 19:15:00,50.06,45.38263399541378,47.83005124896764,45.38263399541378,45.037748593991495
2026-01-10 19:30:00,49.56,45.161484418511385,47.60890167206525,45.161484418511385,44.90452662290884
2026-01-10 19:45:00,48.88,44.7056739038229,47.153091157376764,44.7056739038229,44.64501012304255
2026-01-10 20:00:00,47.54,44.40273622870445,46.850153482258314,44.40273622870445,44.62049245893146
2026-01-10 20:15:00,47.3,44.06792491853237,46.515342172086235,44.06792491853237,44.17017301761006
2026-01-10 20:30:00,46.48,43.51060386300087,45.95802111655473,43.51060386300087,43.66121916779442
2026-01-10 20:45:00,45.68,43.05315689563751,45.50057414919137,43.05315689563751,43.115956506018065
2026-01-10 21:00:00,45.53,42.48037189364433,44.9277891471982,42.48037189364433,41.9463830828997
2026-01-10 21:15:00,44.85,40.763357131779195,43.21077438533306,40.763357131779195,41.3726754836121
2026-01-10 21:30:00,44.59,40.410381462574,42.85779871612787,40.410381462574,40.79272951791732
2026-01-10 21:45:00,43.41,39.90095985502004,42.34837710857391,39.90095985502004,40.203277773667224
2026-01-10 22:00:00,42.97,39.227179688513274,41.67459694206714,39.227179688513274,39.24154742900365
2026-01-10 22:15:00,42.34,38.83005167603493,41.27746892958879,38.83005167603493,38.609298588519366
2026-01-10 22:30:00,41.22,38.152556283771986,40.59997353732585,38.152556283771986,37.943555886613325
2026-01-10 22:45:00,40.36,37.44590228021145,39.893319533765315,37.44590228021145,37.240434921078254
2026-01-10 23:00:00,39.42,36.72310158938169,39.17051884293556,36.72310158938169,36.36881953249983
2026-01-10 23:15:00,38.56,35.971117049753666,38.41853430330753,35.971117049753666,35.60165290798062
2026-01-10 23:30:00,37.68,35.544908795058724,37.99232604861259,35.544908795058724,34.81949328270541
2026-01-10 23:45:00,36.92,34.86353612571955,37.310953379273414,34.86353612571955,34.03966000841408
2026-01-11 00:00:00,35.95,34.22243055284023,36.669847806394095,34.22243055284023,34.53971813825256
2026-01-11 00:15:00,35.19,33.68460613071918,36.13202338427305,33.68460613071918,33.8213290708082
2026-01-11 00:30:00,34.78,33.09914393365383,35.54656118720769,33.09914393365383,33.15809484580914
2026-01-11 00:45:00,34.04,32.53031723439693,34.9777344879508,32.53031723439693,32.56003762927733
2026-01-11 01:00:00,33.67,32.27027600482106,34.71769325837493,32.27027600482106,31.692299415664845
2026-01-11 01:15:00,33.48,31.656937659978865,34.10435491353273,31.656937659978865,31.229426381145363
2026-01-11 01:30:00,32.74,31.366332488805053,33.81374974235892,31.366332488805053,30.824837914541984
2026-01-11 01:45:00,32.17,30.81596768543124,33.263384938985105,30.81596768543124,30.46702882235998
2026-01-11 02:00:00,31.76,30.500210024118424,32.94762727767229,30.500210024118424,29.556419693408568
2026-01-11 02:15:00,31.35,30.25205167248845,32.699468926042314,30.25205167248845,29.25576215150098
2026-01-11 02:30:00,31.06,30.0990201023221,32.546437355875966,30.0990201023221,28.970552380513524
2026-01-11 02:45:00,30.65,29.869542814344168,32.31696006789804,29.869542814344168,28.69842237400983
2026-01-11 03:00:00,30.23,29.55791480511427,32.00533205866814,29.55791480511427,29.03489914989448
2026-01-11 03:15:00,30.4,28.559161968827247,31.006579222381113,28.559161968827247,28.804152341013555
2026-01-11 03:30:00,30.0,28.383649098724124,30.83106635227799,28.383649098724124,28.610548960245502
2026-01-11 03:45:00,29.8,28.439031465649602,30.886448719203468,28.439031465649602,28.467664183808505
2026-01-11 04:00:00,29.57,28.37777473837137,30.825191991925237,28.37777473837137,28.661167888247714
2026-01-11 04:15:00,29.5,28.494152823686598,30.941570077240463,28.494152823686598,28.653030491159065
2026-01-11 04:30:00,29.51,28.43184874013066,30.879265993684527,28.43184874013066,28.719526740887336
2026-01-11 04:45:00,29.7,28.430171774625776,30.877589028179642,28.430171774625776,28.856954754051333
2026-01-11 05:00:00,30.04,28.50177853375673,30.949195787310597,28.50177853375673,29.176432061036543
2026-01-11 05:15:00,30.58,28.48296929016709,30.930386543720957,28.48296929016709,29.420079885438284
2026-01-11 05:30:00,30.89,28.92907266512513,31.376489918678995,28.92907266512513,29.691199138195437
2026-01-11 05:45:00,31.4,29.064152402579783,31.51156965613365,29.064152402579783,29.9721376172689
2026-01-11 06:00:00,31.46,29.269063640236855,31.71648089379072,29.269063640236855,30.01197660037765
2026-01-11 06:15:00,32.22,29.585038476884364,32.03245573043823,29.585038476884364,30.276720236650245
2026-01-11 06:30:00,32.56,30.17901500970125,32.62643226325512,30.17901500970125,30.53023026752589
2026-01-11 06:45:00,33.3,30.581383124291897,33.02880037784576,30.581383124291897,30.782219754496523
2026-01-11 07:00:00,33.05,31.271341857016086,33.718759110569955,31.271341857016086,31.94008995123707
2026-01-11 07:15:00,33.68,31.596993282735347,34.04441053628921,31.596993282735347,32.24843673058955
2026-01-11 07:30:00,34.06,32.41414370566606,34.86156095921993,32.41414370566606,32.62266401966363
2026-01-11 07:45:00,35.63,33.01998717695474,35.46740443050861,33.01998717695474,33.086489136274714
2026-01-11 08:00:00,37.25,33.740888413786884,36.18830566734075,33.740888413786884,34.851761673999796
2026-01-11 08:15:00,38.7,34.43331245183945,36.880729705393314,34.43331245183945,35.53535969692661
2026-01-11 08:30:00,39.68,35.268459869325156,37.71587712287902,35.268459869325156,36.3251258536971
2026-01-11 08:45:00,41.05,35.975058084726335,38.4224753382802,35.975058084726335,37.199636420811395
2026-01-11 09:00:00,42.22,36.62735449671745,39.07477175027132,36.62735449671745,39.24665524719812
2026-01-11 09:15:00,43.0,40.33856084883213,42.785978102386,40.33856084883213,40.17486971843904
2026-01-11 09:30:00,43.76,40.98517616659402,43.43259342014789,40.98517616659402,41.055168914993374
2026-01-11 09:45:00,44.41,41.522544985413546,43.96996223896741,41.522544985413546,41.8352621995623
2026-01-11 10:00:00,45.11,41.906160308718675,44.35357756227254,41.906160308718675,43.911586289571275
2026-01-11 10:15:00,45.93,42.37155177563429,44.81896902918815,42.37155177563429,44.363439732430386
2026-01-11 10:30:00,46.46,42.62861431598663,45.0760315695405,42.62861431598663,44.615179711271
2026-01-11 10:45:00,46.24,42.87105504542589,45.318472298979756,42.87105504542589,44.667344557553264
2026-01-11 11:00:00,46.98,43.082279643118376,45.52969689667224,43.082279643118376,45.01527466982941
2026-01-11 11:15:00,46.54,43.18752400577068,45.63494125932455,43.18752400577068,44.746613368980924
2026-01-11 11:30:00,46.07,43.542674084901805,45.99009133845567,43.542674084901805,44.38814589025632
2026-01-11 11:45:00,46.03,43.473874001502985,45.92129125505685,43.473874001502985,43.999334862170286
2026-01-11 12:00:00,45.32,43.59285154938698,46.040268802940844,43.59285154938698,44.199114602584395
2026-01-11 12:15:00,45.23,43.67184625476598,46.11926350831985,43.67184625476598,43.924991366190746
2026-01-11 12:30:00,45.34,43.96262343943119,46.410040692985056,43.96262343943119,43.77773046258431
2026-01-11 12:45:00,45.67,44.00272981286049,46.45014706641435,44.00272981286049,43.78280218726388
2026-01-11 13:00:00,44.33,44.426483388543126,46.87390064209699,44.426483388543126,44.70280972777073
2026-01-11 13:15:00,45.79,44.37025955021381,46.817676803767675,44.37025955021381,45.01187667789796
2026-01-11 13:30:00,47.29,44.722761020064354,47.17017827361822,44.722761020064354,45.43653702144869
2026-01-11 13:45:00,47.51,44.738485311269756,47.18590256482362,44.738485311269756,45.934649963974174
2026-01-11 14:00:00,47.46,44.99334421932697,47.44076147288084,44.99334421932697,45.60941533313807
2026-01-11 14:15:00,48.04,45.193690125942226,47.64110737949609,45.193690125942226,46.109515592559674
2026-01-11 14:30:00,48.39,45.32699460446834,47.774411858022205,45.32699460446834,46.54518272247931
2026-01-11 14:45:00,46.9,45.30877844214439,47.75619569569825,45.30877844214439,46.88695980279708
2026-01-11 15:00:00,46.65,45.359625364542005,47.80704261809587,45.359625364542005,46.860656392464435
2026-01-11 15:15:00,48.22,46.39540427088737,48.842821524441234,46.39540427088737,46.98901885449812
2026-01-11 15:30:00,48.04,46.46534137010574,48.912758623659606,46.46534137010574,47.02997887686961
2026-01-11 15:45:00,48.14,46.43886856019497,48.886285813748835,46.43886856019497,47.01388606892102
2026-01-11 16:00:00,48.17,46.37577215194702,48.823189405500884,46.37577215194702,46.38006204204812
2026-01-11 16:15:00,48.15,46.52350982427597,48.970927077829835,46.52350982427597,46.36512586957198
2026-01-11 16:30:00,48.44,46.37560744404792,48.82302469760179,46.37560744404792,46.40608708006558
2026-01-11 16:45:00,48.4,46.346010497212404,48.79342775076627,46.346010497212404,46.5292907057515
2026-01-11 17:00:00,48.29,46.202799635529516,48.65021688908338,46.202799635529516,45.826543963697176
2026-01-11 17:15:00,48.58,46.1276290756464,48.57504632920026,46.1276290756464,46.139845764478544
2026-01-11 17:30:00,48.4,46.22886598885059,48.67628324240446,46.22886598885059,46.53172667506157
2026-01-11 17:45:00,48.66,46.222197975516316,48.66961522907018,46.222197975516316,46.97399528085286
2026-01-11 18:00:00,49.16,46.22869862437248,48.67611587792634,46.22869862437248,45.8068173819044
2026-01-11 18:15:00,49.62,46.359444817304606,48.80686207085847,46.359444817304606,46.23559872167232
2026-01-11 18:30:00,50.47,46.270502551794046,48.71791980534791,46.270502551794046,46.597872233225395
2026-01-11 18:45:00,50.6,46.18618273377418,48.63359998732805,46.18618273377418,46.86008234896957
2026-01-11 19:00:00,50.02,46.09552166163921,48.542938915193076,46.09552166163921,45.844917965346106
2026-01-11 19:15:00,49.72,45.766286510825154,48.21370376437902,45.766286510825154,45.8465351943116
2026-01-11 19:30:00,48.84,45.47255122542381,47.91996847897767,45.47255122542381,45.71140195894322
2026-01-11 19:45:00,48.61,44.959661453962326,47.40707870751619,44.959661453962326,45.45016774286829
2026-01-11 20:00:00,47.93,44.60034320235252,47.047760455906385,44.60034320235252,44.95176149599704
2026-01-11 20:15:00,46.95,44.13386652290821,46.58128377646207,44.13386652290821,44.50012327250408
2026-01-11 20:30:00,46.27,43.53874500453472,45.986162258088584,43.53874500453472,43.99005575930976
2026-01-11 20:45:00,45.85,43.029550534486766,45.47696778804063,43.029550534486766,43.443888135835465
2026-01-11 21:00:00,45.37,42.37322674870491,44.820644002258774,42.37322674870491,42.52460986249152
2026-01-11 21:15:00,44.48,41.1574513310194,43.60486858457327,41.1574513310194,41.95042487627416
2026-01-11 21:30:00,43.78,40.59444121152162,43.041858465075485,40.59444121152162,41.370220099337736
2026-01-11 21:45:00,43.2,39.76348853230476,42.21090578585863,39.76348853230476,40.78073110680574
2026-01-11 22:00:00,42.79,38.843577648103235,41.2909949016571,38.843577648103235,40.18347231018731
2026-01-11 22:15:00,41.91,38.27637544691562,40.72379270046949,38.27637544691562,39.551637676510744
2026-01-11 22:30:00,41.22,37.44183638602495,39.88925363957882,37.44183638602495,38.88653874914345
2026-01-11 22:45:00,39.88,36.516075714826584,38.96349296838045,36.516075714826584,38.18429346363011
2026-01-11 23:00:00,38.9,35.69167017459869,38.13908742815256,35.69167017459869,37.44905512367414
2026-01-11 23:15:00,37.9,34.8665261054039,37.313943358957765,34.8665261054039,36.683234323980514
2026-01-11 23:30:00,37.11,34.219309072494504,36.66672632604837,34.219309072494504,35.9026584149334
2026-01-11 23:45:00,36.53,33.498280319869515,35.94569757342338,33.498280319869515,35.12464839133372
2026-01-12 00:00:00,35.6,32.8317366746068,35.27915392816067,32.8317366746068,34.90124491726424
2026-01-12 00:15:00,34.59,32.202533904016015,34.64995115756988,32.202533904016015,34.185162378815264
2026-01-12 00:30:00,34.43,31.725408327579498,34.17282558113337,31.725408327579498,33.52447806059266
2026-01-12 00:45:00,33.73,31.05087236434221,33.49828961789608,31.05087236434221,32.92921504013521
2026-01-12 01:00:00,33.13,30.78158092662692,33.22899818018079,30.78158092662692,31.946007171605892
2026-01-12 01:15:00,32.59,30.197410491108894,32.64482774466276,30.197410491108894,31.486418895017813
2026-01-12 01:30:00,32.16,29.804831206053493,32.25224845960736,29.804831206053493,31.085361079475046
2026-01-12 01:45:00,31.36,29.284550167620182,31.731967421174048,29.284550167620182,30.731328683745424
2026-01-12 02:00:00,31.05,28.975271902531386,31.42268915608525,28.975271902531386,29.816923609375323
2026-01-12 02:15:00,31.0,28.601402903497217,31.048820157051082,28.601402903497217,29.520534540396785
2026-01-12 02:30:00,30.63,28.48559399023652,30.933011243790386,28.48559399023652,29.239838584689046
2026-01-12 02:45:00,30.2,28.289965503811835,30.7373827573657,28.289965503811835,28.972467111644292
2026-01-12 03:00:00,30.27,27.973087430298328,30.420504683852194,27.973087430298328,28.74984706995325
2026-01-12 03:15:00,29.65,28.57069285005331,31.018110103607174,28.57069285005331,28.524345575535516
2026-01-12 03:30:00,29.36,28.31782106310129,30.765238316655157,28.31782106310129,28.336229179829534
2026-01-12 03:45:00,29.28,28.317129024267196,30.76454627782106,28.317129024267196,28.1990716506325
2026-01-12 04:00:00,29.08,28.231002732515336,30.6784199860692,28.231002732515336,27.918867501237806
2026-01-12 04:15:00,28.95,28.249145838916302,30.696563092470168,28.249145838916302,27.916932867518277
2026-01-12 04:30:00,28.89,28.16901677429676,30.616434027850627,28.16901677429676,27.98986674343415
2026-01-12 04:45:00,28.95,28.147991279661653,30.59540853321552,28.147991279661653,28.133965056363404
2026-01-12 05:00:00,29.13,28.18529894709587,30.632716200649735,28.18529894709587,27.87970857427304
2026-01-12 05:15:00,29.77,28.24994546920061,30.697362722754477,28.24994546920061,28.130484702879883
2026-01-12 05:30:00,30.15,28.584853744506834,31.0322709980607,28.584853744506834,28.408957206604253
2026-01-12 05:45:00,30.49,28.80280081540346,31.250218068957327,28.80280081540346,28.69747092582021
2026-01-12 06:00:00,31.18,29.075562409460545,31.52297966301441,29.075562409460545,29.207411479145836
2026-01-12 06:15:00,32.24,29.507312287986277,31.954729541540143,29.507312287986277,29.4801647072949
2026-01-12 06:30:00,32.91,30.206064297258852,32.65348155081272,30.206064297258852,29.74189632028595
2026-01-12 06:45:00,33.08,30.825759171545503,33.27317642509937,30.825759171545503,30.002315677032687
2026-01-12 07:00:00,33.4,31.66728503525257,34.114702288806434,31.66728503525257,31.374927233430288
2026-01-12 07:15:00,33.65,32.294006561040874,34.74142381459474,32.294006561040874,31.692108628211937
2026-01-12 07:30:00,34.21,33.337213262319565,35.78463051587343,33.337213262319565,32.07536663485478
2026-01-12 07:45:00,35.16,34.25672300308943,36.70414025664329,34.25672300308943,32.54841415757009
2026-01-12 08:00:00,36.38,35.29896935105324,37.7463866046071,35.29896935105324,35.3524610741157
2026-01-12 08:15:00,38.45,36.21004312515259,38.65746037870645,36.21004312515259,36.0456509571138
2026-01-12 08:30:00,39.38,37.328142773807045,39.77556002736091,37.328142773807045,36.845186405250644
2026-01-12 08:45:00,40.17,38.26997574806213,40.717393001615996,38.26997574806213,37.72963861335576
2026-01-12 09:00:00,41.84,39.178671883940694,41.62608913749456,39.178671883940694,40.31977282367933
2026-01-12 09:15:00,43.43,43.39237812697887,45.839795380532735,43.39237812697887,41.258257758543714
2026-01-12 09:30:00,43.9,44.06301290392875,46.51043015748262,44.06301290392875,42.14898358334962
2026-01-12 09:45:00,44.95,44.614369939565655,47.06178719311952,44.614369939565655,42.93965396373935
2026-01-12 10:00:00,45.94,45.03302554011345,47.480442793667315,45.03302554011345,44.74077178926421
2026-01-12 10:15:00,45.27,45.44315617859363,47.8905734321475,45.44315617859363,45.20348559806761
2026-01-12 10:30:00,45.84,45.693918641805645,48.14133589535951,45.693918641805645,45.466218467883664
2026-01-12 10:45:00,46.11,45.92584330320358,48.373260556757444,45.92584330320358,45.52950247866709
2026-01-12 11:00:00,46.05,46.076832628250116,48.52424988180398,46.076832628250116,46.09683903232025
2026-01-12 11:15:00,46.35,46.20920464754104,48.65662190109491,46.20920464754104,45.83953018096563
2026-01-12 11:30:00,46.74,46.39190289974212,48.839320153295986,46.39190289974212,45.49252192004667
2026-01-12 11:45:00,46.3,46.307766385674476,48.75518363922834,46.307766385674476,45.11527014143427
2026-01-12 12:00:00,46.03,46.356278175115584,48.80369542866945,46.356278175115584,45.10792809727334
2026-01-12 12:15:00,45.36,46.43862681150436,48.88604406505823,46.43862681150436,44.8455435286059
2026-01-12 12:30:00,45.23,46.636456937789916,49.08387419134378,46.636456937789916,44.710100474532446
2026-01-12 12:45:00,45.82,46.716473097801206,49.16389035135507,46.716473097801206,44.72706208422394
2026-01-12 13:00:00,46.0,47.101406084299086,49.54882333785295,47.101406084299086,45.11078565426107
2026-01-12 13:15:00,47.37,47.09850510001182,49.545922353565686,47.09850510001182,45.431864767306756
2026-01-12 13:30:00,48.19,47.471329399347304,49.91874665290117,47.471329399347304,45.86858735272279
2026-01-12 13:45:00,48.55,47.5395397222042,49.98695697575807,47.5395397222042,46.378805142252816
2026-01-12 14:00:00,48.85,47.823549271821975,50.27096652537584,47.823549271821975,46.904969445010316
2026-01-12 14:15:00,49.02,48.03612606823444,50.483543321788304,48.03612606823444,47.417237072619635
2026-01-12 14:30:00,49.49,48.21894917964935,50.666366433203216,48.21894917964935,47.86509136709377
2026-01-12 14:45:00,50.29,48.20968568861484,50.657102942168706,48.20968568861484,48.21906769442272
2026-01-12 15:00:00,50.19,48.29634329617023,50.743760549724094,48.29634329617023,48.09688385274008
2026-01-12 15:15:00,50.73,49.50789740979671,51.95531466335058,49.50789740979671,48.23744640857979
2026-01-12 15:30:00,50.38,49.49537163972854,51.942788893282405,49.49537163972854,48.29059521480248
2026-01-12 15:45:00,50.93,49.48167963147163,51.929096885025494,49.48167963147163,48.28667201862802
2026-01-12 16:00:00,50.96,49.428404595851894,51.87582184940576,49.428404595851894,47.547784790338255
2026-01-12 16:15:00,51.34,49.511980571746825,51.95939782530069,49.511980571746825,47.54495621551224
2026-01-12 16:30:00,50.59,49.356554759740824,51.80397201329469,49.356554759740824,47.59798215477309
2026-01-12 16:45:00,51.11,49.34139366328716,51.78881091684102,49.34139366328716,47.73319972402798
2026-01-12 17:00:00,50.8,49.16373494148254,51.611152195036404,49.16373494148254,47.374478877961415
2026-01-12 17:15:00,50.49,49.12910909056663,51.576526344120495,49.12910909056663,47.69966931616786
2026-01-12 17:30:00,50.94,49.10100779771805,51.54842505127191,49.10100779771805,48.10336436438376
2026-01-12 17:45:00,50.93,49.1450538778305,51.592471131384364,49.1450538778305,48.55736473418486
2026-01-12 18:00:00,51.14,49.13933426320553,51.58675151675939,49.13933426320553,47.39122154161168
2026-01-12 18:15:00,51.49,49.318044990301125,51.76546224385499,49.318044990301125,47.831546385596
2026-01-12 18:30:00,52.26,49.24163115143776,51.689048404991624,49.24163115143776,48.20525758525878
2026-01-12 18:45:00,52.52,49.15171392142772,51.599131174981586,49.15171392142772,48.47879183800364
2026-01-12 19:00:00,51.83,49.058024349212644,51.50544160276651,49.058024349212644,46.052330737447804
2026-01-12 19:15:00,51.13,48.728146306276315,51.17556355983018,48.728146306276315,46.06502200356907
2026-01-12 19:30:00,50.24,48.44824382781982,50.89566108137369,48.44824382781982,45.940826373943516
2026-01-12 19:45:00,49.68,47.9402288788557,50.387646132409564,47.9402288788557,45.69038583334188
2026-01-12 20:00:00,49.04,47.575504488945,50.022921742498866,47.575504488945,45.331373660797624
2026-01-12 20:15:00,47.92,47.05763628840446,49.505053541958326,47.05763628840446,44.890219055213876
2026-01-12 20:30:00,46.98,46.44094334840774,48.88836060196161,46.44094334840774,44.39046919793906
2026-01-12 20:45:00,46.36,45.89782170772552,48.345238961279385,45.89782170772552,43.85444609912469
2026-01-12 21:00:00,45.37,45.204528968334195,47.65194622188806,45.204528968334195,42.94643525475943
2026-01-12 21:15:00,45.28,43.28589978337288,45.73331703692674,43.28589978337288,42.38202741640316
2026-01-12 21:30:00,44.06,42.67285432636738,45.120271579921244,42.67285432636738,41.811405752353274
2026-01-12 21:45:00,43.29,41.79767491966486,44.24509217321872,41.79767491966486,41.23129908978436
2026-01-12 22:00:00,42.42,40.86323387652635,43.31065113008022,40.86323387652635,40.398742781080905
2026-01-12 22:15:00,41.24,40.20349505841732,42.65091231197118,40.20349505841732,39.77586915038233
2026-01-12 22:30:00,40.48,39.36984727978706,41.817264533340925,39.36984727978706,39.1195109359634
2026-01-12 22:45:00,39.36,38.422107402086255,40.86952465564012,38.422107402086255,38.42577983423599
2026-01-12 23:00:00,38.5,37.57215752631426,40.01957477986812,37.57215752631426,37.57919304993554
2026-01-12 23:15:00,37.2,36.786348094344135,39.233765347898,36.786348094344135,36.821415223061706
2026-01-12 23:30:00,36.5,36.008475192189216,38.45589244574308,36.008475192189216,36.048637900911416
2026-01-12 23:45:00,35.43,35.25463901698589,37.70205627053976,35.25463901698589,35.27817642961013
2026-01-13 00:00:00,34.77,34.5881896802783,37.03560693383216,34.5881896802783,34.77125076439475
2026-01-13 00:15:00,33.72,33.9811241826415,36.42854143619537,33.9811241826415,34.06220040604541
2026-01-13 00:30:00,33.48,33.47529958307743,35.922716836631295,33.47529958307743,33.40828226374522
2026-01-13 00:45:00,32.81,32.81954829007387,35.266965543627734,32.81954829007387,32.819514432117295
2026-01-13 01:00:00,32.03,32.50310058236122,34.950517835915086,32.50310058236122,31.733320824039858
2026-01-13 01:15:00,31.58,31.962910476624963,34.41032773017883,31.962910476624963,31.279671529128052
2026-01-13 01:30:00,31.03,31.542352765500542,33.98977001905441,31.542352765500542,30.884267841999495
2026-01-13 01:45:00,30.42,31.064567693322896,33.511984946876765,31.064567693322896,30.53560047338197
2026-01-13 02:00:00,30.06,30.778426903188226,33.22584415674209,30.778426903188226,29.96355035329944
2026-01-13 02:15:00,29.53,30.396230193078516,32.84364744663238,30.396230193078516,29.67193614080981
2026-01-13 02:30:00,29.15,30.26522232711315,32.712639580667016,30.26522232711315,29.395714369953534
2026-01-13 02:45:00,29.21,30.05680971831083,32.504226971864696,30.05680971831083,29.132512956074418
2026-01-13 03:00:00,28.73,29.75507613763213,32.202493391185996,29.75507613763213,28.545785174287996
2026-01-13 03:15:00,28.67,28.86825626581907,31.315673519372936,28.86825626581907,28.323835956877875
2026-01-13 03:30:00,28.29,28.605887873023747,31.053305126577612,28.605887873023747,28.13895860471689
2026-01-13 03:45:00,28.29,28.590070601552725,31.03748785510659,28.590070601552725,28.004724276774652
2026-01-13 04:00:00,28.01,28.481606465131044,30.92902371868491,28.481606465131044,27.69403410614657
2026-01-13 04:15:00,27.99,28.482578108906743,30.92999536246061,28.482578108906743,27.69438403902432
2026-01-13 04:30:00,28.28,28.412109693884847,30.859526947438713,28.412109693884847,27.769280132366642
2026-01-13 04:45:00,28.11,28.39388024866581,30.841297502219675,28.39388024866581,27.915016591542795
2026-01-13 05:00:00,28.74,28.440056905150414,30.88747415870428,28.440056905150414,28.712287284330678
2026-01-13 05:15:00,29.33,28.5677095118165,31.015126765370365,28.5677095118165,28.96404915998496
2026-01-13 05:30:00,29.56,28.881639446765185,31.32905670031905,28.881639446765185,29.24317954155827
2026-01-13 05:45:00,30.02,29.145338121503592,31.592755375057457,29.145338121503592,29.53202246492877
2026-01-13 06:00:00,30.95,29.46557477504015,31.912992028594015,29.46557477504015,30.750985165040525
2026-01-13 06:15:00,31.93,29.99784561872482,32.44526287227869,29.99784561872482,31.023408768845105
2026-01-13 06:30:00,34.0,30.7484367826581,33.19585403621197,30.7484367826581,31.28448107153915
2026-01-13 06:45:00,33.17,31.467012184560296,33.91442943811416,31.467012184560296,31.543911565061823
2026-01-13 07:00:00,33.45,32.42176941573619,34.86918666929006,32.42176941573619,32.09400758824224
2026-01-13 07:15:00,33.9,33.18274647533893,35.630163728892796,33.18274647533893,32.40954235770565
2026-01-13 07:30:00,34.19,34.335123963057995,36.78254121661186,34.335123963057995,32.790826003320404
2026-01-13 07:45:00,34.94,35.38359998881817,37.831017242372035,35.38359998881817,33.261572508968584
2026-01-13 08:00:00,36.42,36.56816193133592,39.01557918488979,36.56816193133592,37.49815981981547
2026-01-13 08:15:00,39.2,37.58744746685028,40.034864720404144,37.58744746685028,38.188399557924875
2026-01-13 08:30:00,40.56,38.8056045076251,41.253021761178964,38.8056045076251,38.98466286181896
2026-01-13 08:45:00,41.85,39.82936903536319,42.27678628891706,39.82936903536319,39.86552295044602
2026-01-13 09:00:00,43.26,40.83420942246914,43.281626676023,40.83420942246914,42.26714390251418
2026-01-13 09:15:00,44.45,43.639288550615305,46.08670580416917,43.639288550615305,43.20140377420377
2026-01-13 09:30:00,45.63,44.43915261387825,46.886569867432115,44.43915261387825,44.087592033100535
2026-01-13 09:45:00,45.89,45.13858470737934,47.5860019609332,45.13858470737934,44.873415299056425
2026-01-13 10:00:00,47.14,45.68234127044678,48.12975852400064,45.68234127044678,46.450787399409926
2026-01-13 10:15:00,47.72,46.20337876975536,48.650796023309226,46.20337876975536,46.90804477534554
2026-01-13 10:30:00,48.0,46.554602425098416,49.00201967865228,46.554602425098416,47.16502189489618
2026-01-13 10:45:00,47.64,46.864415326714514,49.31183258026838,46.864415326714514,47.222254698430184
2026-01-13 11:00:00,47.54,47.052535656690594,49.49995291024446,47.052535656690594,47.80279528728136
2026-01-13 11:15:00,48.23,47.236280601024625,49.68369785457849,47.236280601024625,47.538856777604664
2026-01-13 11:30:00,48.07,47.39860554873943,49.8460228022933,47.39860554873943,47.184936299545384
2026-01-13 11:45:00,47.17,47.3278608494997,49.775278103053566,47.3278608494997,46.80049447494244
2026-01-13 12:00:00,47.54,47.31332139253616,49.760738646090026,47.31332139253616,46.69715211388064
2026-01-13 12:15:00,47.19,47.382126789093014,49.82954404264688,47.382126789093014,46.4270368718431
2026-01-13 12:30:00,47.33,47.52319379150867,49.97061104506253,47.52319379150867,46.28360075771284
2026-01-13 12:45:00,47.13,47.588513756394384,50.03593100994825,47.588513756394384,46.29231247422607
2026-01-13 13:00:00,47.56,47.96470925450325,50.41212650805711,47.96470925450325,47.123327016962435
2026-01-13 13:15:00,48.77,47.94403310000896,50.391450353562824,47.94403310000896,47.435660017698666
2026-01-13 13:30:00,49.82,48.324391457438466,50.77180871099233,48.324391457438466,47.863397488420645
2026-01-13 13:45:00,50.28,48.4154988348484,50.862916088402265,48.4154988348484,48.364397481476026
2026-01-13 14:00:00,50.31,48.708737339973446,51.15615459352731,48.708737339973446,47.964867399554315
2026-01-13 14:15:00,50.74,48.95231907010078,51.39973632365464,48.95231907010078,48.46747155188337
2026-01-13 14:30:00,51.0,49.17096083641052,51.61837808996439,49.17096083641052,48.90544972450593
2026-01-13 14:45:00,51.34,49.181972356438635,51.6293896099925,49.181972356438635,49.2493443051482
2026-01-13 15:00:00,52.24,49.292276173830025,51.73969342738389,49.292276173830025,49.261087353702315
2026-01-13 15:15:00,52.28,50.44935713469982,52.89677438825368,50.44935713469982,49.391178627954936
2026-01-13 15:30:00,52.48,50.41542730748653,52.8628445610404,50.41542730748653,49.43367255578925
2026-01-13 15:45:00,52.62,50.43457858562469,52.88199583917856,50.43457858562469,49.41891853189599
2026-01-13 16:00:00,52.76,50.38442237377166,52.83183962732553,50.38442237377166,48.23296896102539
2026-01-13 16:15:00,52.77,50.4680302286148,52.915447482168666,50.4680302286148,48.218981172354965
2026-01-13 16:30:00,53.11,50.31257785081863,52.75999510437249,50.31257785081863,48.26069573268483
2026-01-13 16:45:00,52.36,50.29880348861217,52.74622074216604,50.29880348861217,48.384457948575125
2026-01-13 17:00:00,53.23,50.10704364538192,52.55446089893579,50.10704364538192,47.34236810945189
2026-01-13 17:15:00,52.09,50.05475154399871,52.50216879755258,50.05475154399871,47.655840299948345
2026-01-13 17:30:00,51.85,50.00074329257011,52.44816054612397,50.00074329257011,48.04769840727171
2026-01-13 17:45:00,52.56,50.04534725427627,52.49276450783014,50.04534725427627,48.48975178698862
2026-01-13 18:00:00,52.46,50.0024435031414,52.449860756695266,50.0024435031414,47.53554694860246
2026-01-13 18:15:00,53.24,50.18897785544395,52.63639510899782,50.18897785544395,47.963731025232484
2026-01-13 18:30:00,53.91,50.089799790978425,52.53721704453229,50.089799790978425,48.325217908345216
2026-01-13 18:45:00,54.12,49.983260346055026,52.43067759960889,49.983260346055026,48.58645329710703
2026-01-13 19:00:00,53.51,49.90766207695007,52.35507933050393,49.90766207695007,48.02052502291921
2026-01-13 19:15:00,52.86,49.55984946906566,52.007266722619526,49.55984946906566,48.02079562531067
2026-01-13 19:30:00,52.41,49.302219749093055,51.74963700264692,49.302219749093055,47.884132208155094
2026-01-13 19:45:00,51.78,48.79640444755554,51.243821701109404,48.79640444755554,47.6211860156202
2026-01-13 20:00:00,50.72,48.43950899600982,50.886926249563686,48.43950899600982,47.52556862686718
2026-01-13 20:15:00,50.2,47.938154090642925,50.38557134419679,47.938154090642925,47.0718606043246
2026-01-13 20:30:00,49.34,47.323474837541575,49.77089209109544,47.323474837541575,46.559547505887785
2026-01-13 20:45:00,48.41,46.78877986550331,49.236197119057174,46.78877986550331,46.010960754553246
2026-01-13 21:00:00,47.81,46.1040891289711,48.55150638252496,46.1040891289711,45.459892114733634
2026-01-13 21:15:00,47.45,44.53215944528579,46.97957669883966,44.53215944528579,44.88294811817262
2026-01-13 21:30:00,46.59,43.93348608076572,46.380903334319584,43.93348608076572,44.29981822533287
2026-01-13 21:45:00,46.33,43.128631633818145,45.57604888737201,43.128631633818145,43.707240722666405
2026-01-13 22:00:00,45.02,42.234286337792874,44.68170359134674,42.234286337792874,42.735932904346456
2026-01-13 22:15:00,44.08,41.56914935111999,44.016566604673855,41.56914935111999,42.10069156099524
2026-01-13 22:30:00,43.28,40.759673784971234,43.2070910385251,40.759673784971234,41.432031342074694
2026-01-13 22:45:00,42.49,39.84479313313961,42.292210386693476,39.84479313313961,40.726073342732064
2026-01-13 23:00:00,41.13,38.98890181839466,41.436319071948525,38.98890181839466,40.10921034882001
2026-01-13 23:15:00,40.01,38.217795222997665,40.66521247655153,38.217795222997665,39.33938389793927
2026-01-13 23:30:00,39.42,37.43723651945591,39.884653773009774,37.43723651945591,38.55466103396972
2026-01-13 23:45:00,38.12,36.670481400489805,39.11789865404367,36.670481400489805,37.77236633357571
2026-01-14 00:00:00,37.13,35.99461183458566,38.44202908813953,35.99461183458566,36.89317187014616
2026-01-14 00:15:00,36.57,35.40136984586716,37.848787099421024,35.40136984586716,36.17254035569267
2026-01-14 00:30:00,35.73,34.83022262483835,37.277639878392215,34.83022262483835,35.50718068033774
2026-01-14 00:45:00,34.62,34.19536798238754,36.6427852359414,34.19536798238754,34.90711989474126
2026-01-14 01:00:00,34.96,33.860017386674876,36.30743464022874,33.860017386674876,33.54316551713576
2026-01-14 01:15:00,33.63,33.31260404258966,35.76002129614353,33.31260404258966,33.078546946187416
2026-01-14 01:30:00,33.14,32.90359846532345,35.35101571887731,32.90359846532345,32.67234889344664
2026-01-14 01:45:00,32.54,32.42454554080963,34.8719627943635,32.42454554080963,32.313070647419494
2026-01-14 02:00:00,32.13,32.13115826725959,34.57857552081346,32.13115826725959,31.28132519663494
2026-01-14 02:15:00,31.66,31.76756823658943,34.2149854901433,31.76756823658943,30.979492368996695
2026-01-14 02:30:00,31.41,31.613850604891777,34.061267858445646,31.613850604891777,30.693260518351618
2026-01-14 02:45:00,30.93,31.386096772551536,33.833514026105405,31.386096772551536,30.42026566066634
2026-01-14 03:00:00,30.44,31.079930689781904,33.52734794333577,31.079930689781904,30.042743255960257
2026-01-14 03:15:00,30.23,30.24510870322585,32.69252595677972,30.24510870322585,29.8114576250717
2026-01-14 03:30:00,30.17,29.993329434394834,32.4407466879487,29.993329434394834,29.617483967722542
2026-01-14 03:45:00,30.18,29.964635724425314,32.41205297797918,29.964635724425314,29.474400971867215
2026-01-14 04:00:00,29.8,29.831760947555303,32.27917820110917,29.831760947555303,28.919584494041175
2026-01-14 04:15:00,29.69,29.815851359963414,32.26326861351728,29.815851359963414,28.911602986631408
2026-01-14 04:30:00,29.48,29.726958241164684,32.174375494718554,29.726958241164684,28.97843690030429
2026-01-14 04:45:00,29.65,29.688884814828633,32.1363020683825,29.688884814828633,29.11638730941563
2026-01-14 05:00:00,29.98,29.701896074712277,32.149313328266146,29.701896074712277,29.077138639676352
2026-01-14 05:15:00,30.59,29.807824506461618,32.25524176001549,29.807824506461618,29.321686615563962
2026-01-14 05:30:00,30.88,30.08243507951498,32.529852333068845,30.08243507951498,29.59389874772818
2026-01-14 05:45:00,31.33,30.31787306666374,32.76529032021761,30.31787306666374,29.87612520043637
2026-01-14 06:00:00,32.33,30.57852066040039,33.02593791395426,30.57852066040039,30.38590854617998
2026-01-14 06:15:00,33.07,31.071288174092768,33.51870542764664,31.071288174092768,30.652336831273153
2026-01-14 06:30:00,33.57,31.719703324139118,34.167120577692984,31.719703324139118,30.90773278177592
2026-01-14 06:45:00,33.99,32.39194599553942,34.83936324909329,32.39194599553942,31.161811205164785
2026-01-14 07:00:00,34.24,33.29045215845108,35.73786941200495,33.29045215845108,32.50332297853228
2026-01-14 07:15:00,35.32,33.99306417703628,36.44048143059015,33.99306417703628,32.81416933074144
2026-01-14 07:30:00,35.53,35.09077856659889,37.53819582015276,35.09077856659889,33.1911034915513
2026-01-14 07:45:00,36.41,36.07937264472246,38.52678989827633,36.07937264472246,33.65784388399774
2026-01-14 08:00:00,38.18,37.182950104176996,39.63036735773086,37.182950104176996,37.7482326419023
2026-01-14 08:15:00,40.16,38.180814314782616,40.62823156833648,38.180814314782616,38.43516541351231
2026-01-14 08:30:00,41.5,39.336241555213924,41.78365880876779,39.336241555213924,39.228477060378445
2026-01-14 08:45:00,42.91,40.32040711611509,42.76782436966896,40.32040711611509,40.106744311018716
2026-01-14 09:00:00,44.7,41.29641963601112,43.74383688956499,41.29641963601112,42.416112049745365
2026-01-14 09:15:00,45.71,43.625453087091444,46.07287034064531,43.625453087091444,43.348506288424204
2026-01-14 09:30:00,46.52,44.42518697798252,46.872604231536386,44.42518697798252,44.233196814169894
2026-01-14 09:45:00,46.17,45.14933588266372,47.596753136217586,45.14933588266372,45.01789278343972
2026-01-14 10:00:00,47.65,45.71195681333541,48.15937406688928,45.71195681333541,46.81310255718166
2026-01-14 10:15:00,47.94,46.24754439592361,48.69496164947748,46.24754439592361,47.26998012253289
2026-01-14 10:30:00,48.7,46.618631292581554,49.06604854613542,46.618631292581554,47.52695397903603
2026-01-14 10:45:00,49.62,46.95924191474914,49.40665916830301,46.95924191474914,47.58456159917378
2026-01-14 11:00:00,50.62,47.170790615081785,49.61820786863565,47.170790615081785,48.45925964616571
2026-01-14 11:15:00,50.45,47.37813129425049,49.82554854780435,47.37813129425049,48.196455688472355
2026-01-14 11:30:00,50.63,47.55669059634209,50.00410784989595,47.55669059634209,47.84405090566702
2026-01-14 11:45:00,50.82,47.516390292644495,49.96380754619836,47.516390292644495,47.46150642681241
2026-01-14 12:00:00,50.12,47.493434793353074,49.94085204690694,47.493434793353074,47.30387578288934
2026-01-14 12:15:00,49.8,47.56441592812538,50.01183318167924,47.56441592812538,47.036421676639975
2026-01-14 12:30:00,49.67,47.6972395658493,50.14465681940317,47.6972395658493,46.89602832117039
2026-01-14 12:45:00,50.01,47.753404959440225,50.20082221299409,47.753404959440225,46.908163892889085
2026-01-14 13:00:00,50.33,48.11615019798278,50.56356745153665,48.11615019798278,47.18468303064326
2026-01-14 13:15:00,51.26,48.0880940669775,50.53551132053136,48.0880940669775,47.501199468150844
2026-01-14 13:30:00,52.12,48.46060223340988,50.908019486963745,48.46060223340988,47.93349834522869
2026-01-14 13:45:00,52.83,48.54791070282459,50.99532795637845,48.54791070282459,48.439436158087844
2026-01-14 14:00:00,53.27,48.82328371405601,51.270700967609876,48.82328371405601,48.85338490427935
2026-01-14 14:15:00,53.61,49.074442007541656,51.52185926109552,49.074442007541656,49.36167401207361
2026-01-14 14:30:00,53.75,49.28564003944397,51.733057292997835,49.28564003944397,49.805707354693745
2026-01-14 14:45:00,54.51,49.298686498999594,51.74610375255346,49.298686498999594,50.156024748328754
2026-01-14 15:00:00,55.01,49.41729478240013,51.86471203595399,49.41729478240013,49.58758748544978
2026-01-14 15:15:00,54.96,51.93088077783584,54.378298031389704,51.93088077783584,49.72482814531742
2026-01-14 15:30:00,55.3,51.9102869772911,54.357704230844966,51.9102869772911,49.774829893866674
2026-01-14 15:45:00,55.43,51.98600744903087,54.43342470258474,51.98600744903087,49.76793856571132
2026-01-14 16:00:00,55.84,51.964048166871066,54.41146542042493,51.964048166871066,49.03390279512849
2026-01-14 16:15:00,56.33,52.05207922577858,54.49949647933244,52.05207922577858,49.02847580792786
2026-01-14 16:30:00,55.37,51.910382614135735,54.3577998676896,51.910382614135735,49.07909392478825
2026-01-14 16:45:00,54.28,51.92274633288383,54.3701635864377,51.92274633288383,49.21209794183857
2026-01-14 17:00:00,54.33,51.73470304369926,54.18212029725313,51.73470304369926,48.50122919587752
2026-01-14 17:15:00,54.08,51.671481776237485,54.11889902979135,51.671481776237485,48.824605226086895
2026-01-14 17:30:00,54.02,51.60332458496093,54.050741838514796,51.60332458496093,49.22669051597313
2026-01-14 17:45:00,54.14,51.655377594232554,54.10279484778642,51.655377594232554,49.67928900909325
2026-01-14 18:00:00,54.49,51.57835008561611,54.025767339169974,51.57835008561611,48.63307001581522
2026-01-14 18:15:00,55.8,51.76221457600593,54.2096318295598,51.76221457600593,49.072417967865796
2026-01-14 18:30:00,55.94,51.64296605706215,54.09038331061601,51.64296605706215,49.445369136006136
2026-01-14 18:45:00,56.27,51.527968064546585,53.97538531810045,51.527968064546585,49.718362964817004
2026-01-14 19:00:00,55.71,51.456665483713145,53.90408273726701,51.456665483713145,49.561342930807534
2026-01-14 19:15:00,53.42,51.11565106153488,53.56306831508874,51.11565106153488,49.57394072194875
2026-01-14 19:30:00,53.02,50.89916378080844,53.34658103436231,50.89916378080844,49.44987870040749
2026-01-14 19:45:00,52.63,50.41307889163494,52.860496145188804,50.41307889163494,49.19980108150131
2026-01-14 20:00:00,51.79,50.075456920862194,52.52287417441606,50.075456920862194,49.19151543058154
2026-01-14 20:15:00,53.35,49.622555360198014,52.06997261375188,49.622555360198014,48.751188530245784
2026-01-14 20:30:00,52.44,49.02555032730102,51.472967580854885,49.02555032730102,48.25250157622398
2026-01-14 20:45:00,52.13,48.50226801872253,50.9496852722764,48.50226801872253,47.71777826631207
2026-01-14 21:00:00,51.31,47.85627832531929,50.30369557887315,47.85627832531929,46.7047067240401
2026-01-14 21:15:00,50.69,47.045267256498335,49.4926845100522,47.045267256498335,46.14207695003266
2026-01-14 21:30:00,50.24,46.488876003623005,48.93629325717687,46.488876003623005,45.573474458017365
2026-01-14 21:45:00,49.52,45.77412607550621,48.221543329060076,45.77412607550621,44.99562919863524
2026-01-14 22:00:00,48.55,44.9144757014513,47.36189295500517,44.9144757014513,44.169304854367184
2026-01-14 22:15:00,47.37,44.28995913624763,46.7373763898015,44.28995913624763,43.54917988296801
2026-01-14 22:30:00,46.29,43.479476726651185,45.92689398020505,43.479476726651185,42.89581506310856
2026-01-14 22:45:00,45.24,42.61219665765762,45.059613911211486,42.61219665765762,42.20532263521203
2026-01-14 23:00:00,44.25,41.7570930185914,44.204510272145264,41.7570930185914,40.885760499746524
2026-01-14 23:15:00,43.12,40.929973782896994,43.37739103645086,40.929973782896994,40.13171294924446
2026-01-14 23:30:00,42.24,40.14618202269077,42.59359927624464,40.14618202269077,39.3629119319738
2026-01-14 23:45:00,41.07,39.379498631358146,41.82691588491201,39.379498631358146,38.59667274855716
2026-01-15 00:00:00,40.33,38.61555682957172,41.06297408312559,38.61555682957172,37.37570727179945
2026-01-15 00:15:00,39.18,37.98133445292711,40.42875170648097,37.98133445292711,36.671370439042335
2026-01-15 00:30:00,38.52,37.270217396616935,39.7176346501708,37.270217396616935,36.022410779959785
2026-01-15 00:45:00,37.98,36.602762544751165,39.05017979830503,36.602762544751165,35.438845751609065
2026-01-15 01:00:00,37.34,36.18404052972793,38.631457783281796,36.18404052972793,34.70692756182637
2026-01-15 01:15:00,36.67,35.54242755025625,37.989844803810115,35.54242755025625,34.2589672033096
2026-01-15 01:30:00,36.26,35.09538773119449,37.54280498474836,35.09538773119449,33.86949397097982
2026-01-15 01:45:00,35.71,34.5728877851367,37.020305038690566,34.5728877851367,33.526997347354445
2026-01-15 02:00:00,35.34,34.16818985074758,36.615607104301446,34.16818985074758,33.201919994145875
2026-01-15 02:15:00,34.75,33.77711883842945,36.22453609198332,33.77711883842945,32.91695283646432
2026-01-15 02:30:00,34.55,33.53876259922981,35.98617985278368,33.53876259922981,32.64761384906758
2026-01-15 02:45:00,33.93,33.241807540059085,35.68922479361295,33.241807540059085,32.39152913750045
2026-01-15 03:00:00,33.83,32.890018033385275,35.33743528693914,32.890018033385275,31.42162148971888
2026-01-15 03:15:00,33.62,32.124466344714165,34.57188359826803,32.124466344714165,31.207250809915088
2026-01-15 03:30:00,33.22,31.88299659490585,34.33041384845972,31.88299659490585,31.03017962769613
2026-01-15 03:45:00,32.71,31.810558326542377,34.25797558009624,31.810558326542377,30.903976725321858
2026-01-15 04:00:00,32.7,31.62064214915037,34.068059402704236,31.62064214915037,30.101111783407287
2026-01-15 04:15:00,32.87,31.577994093745946,34.025411347299816,31.577994093745946,30.109935966887477
2026-01-15 04:30:00,32.88,31.47240304753184,33.91982030108571,31.47240304753184,30.19352360705286
2026-01-15 04:45:00,32.96,31.381605825722215,33.829023079276084,31.381605825722215,30.348165985025595
2026-01-15 05:00:00,33.28,31.363683215379712,33.81110046893358,31.363683215379712,30.760885273007133
2026-01-15 05:15:00,34.25,31.42273099720478,33.870148250758646,31.42273099720478,31.021972509228398
2026-01-15 05:30:00,34.5,31.60771589979529,34.05513315334916,31.60771589979529,31.310633060581882
2026-01-15 05:45:00,34.98,31.783111880421636,34.2305291339755,31.783111880421636,31.609207517432107
2026-01-15 06:00:00,35.36,31.981857862323523,34.42927511587739,31.981857862323523,31.66937608459734
2026-01-15 06:15:00,36.38,32.374365419745445,34.82178267329931,32.374365419745445,31.951923113648643
2026-01-15 06:30:00,37.78,32.87927748441696,35.326694737970826,32.87927748441696,32.2233091244212
2026-01-15 06:45:00,36.65,33.4930521723628,35.94046942591667,33.4930521723628,32.493239673547144
2026-01-15 07:00:00,37.52,34.31711634218693,36.764533595740794,34.31711634218693,33.720583594308344
2026-01-15 07:15:00,37.73,34.97406575232744,37.421483005881306,34.97406575232744,34.04697884323968
2026-01-15 07:30:00,37.91,36.008900244832034,38.4563174983859,36.008900244832034,34.43929681770228
2026-01-15 07:45:00,38.54,36.97027501434088,39.41769226789474,36.97027501434088,34.92124711222861
2026-01-15 08:00:00,39.38,38.01969412565231,40.46711137920617,38.01969412565231,38.545172993171015
2026-01-15 08:15:00,40.8,39.041184621751306,41.48860187530517,39.041184621751306,39.246941847094696
2026-01-15 08:30:00,41.44,40.192953752875326,42.64037100642919,40.192953752875326,40.05488992689174
2026-01-15 08:45:00,42.35,41.20873393237591,43.65615118592977,41.20873393237591,40.947585648857796
2026-01-15 09:00:00,43.23,42.246413621008394,44.69383087456226,42.246413621008394,43.29034840210357
2026-01-15 09:15:00,44.17,45.020380223989484,47.46779747754335,45.020380223989484,44.236730832751654
2026-01-15 09:30:00,44.35,45.94814794063568,48.395565194189544,45.94814794063568,45.13517753467943
2026-01-15 09:45:00,45.28,46.78023365080356,49.227650904357425,46.78023365080356,45.933389956665756
2026-01-15 10:00:00,45.66,47.446692285537715,49.89410953909158,47.446692285537715,48.08939489050361
2026-01-15 10:15:00,45.19,48.0759561574459,50.52337341099977,48.0759561574459,48.559287000958506
2026-01-15 10:30:00,45.13,48.55953589260578,51.006953146159645,48.55953589260578,48.829013560664656
2026-01-15 10:45:00,45.14,48.996402342319485,51.44381959587335,48.996402342319485,48.899105018993446
2026-01-15 11:00:00,46.29,49.29607242524624,51.7434896788001,49.29607242524624,49.427121200467056
2026-01-15 11:15:00,45.53,49.57621399581432,52.02363124936819,49.57621399581432,49.17624301807375
2026-01-15 11:30:00,45.32,49.76125535070896,52.20867260426282,49.76125535070896,48.83547519067971
2026-01-15 11:45:00,44.24,49.77179665625095,52.219213909804814,49.77179665625095,48.46427258127789
2026-01-15 12:00:00,43.34,49.734872864484785,52.18229011803865,49.734872864484785,48.2443978880011
2026-01-15 12:15:00,42.76,49.82122496545314,52.268642219007006,49.82122496545314,47.987677480372994
2026-01-15 12:30:00,42.26,49.900101453065865,52.34751870661973,49.900101453065865,47.85770514855695
2026-01-15 12:45:00,41.81,49.94957492411136,52.396992177665226,49.94957492411136,47.879943621551405
2026-01-15 13:00:00,42.36,50.25588645458221,52.703303708136076,50.25588645458221,45.671416583893304
2026-01-15 13:15:00,42.82,50.256465588808055,52.70388284236192,50.256465588808055,45.99738419266836
2026-01-15 13:30:00,42.56,50.569214010238646,53.01663126379251,50.569214010238646,46.438801069202874
2026-01-15 13:45:00,42.89,50.69331875562668,53.14073600918054,50.69331875562668,46.95351913420857
2026-01-15 14:00:00,44.23,50.94396698594093,53.3913842394948,50.94396698594093,47.39394697611527
2026-01-15 14:15:00,44.61,51.18203897118568,53.62945622473955,51.18203897118568,47.91032801713803
2026-01-15 14:30:00,44.45,51.385038800239556,53.83245605379342,51.385038800239556,48.362103178788594
2026-01-15 14:45:00,44.55,51.41672647476196,53.864143728315824,51.41672647476196,48.719808615448116
2026-01-15 15:00:00,45.68,51.56474043130874,54.01215768486261,51.56474043130874,48.85215103146659
2026-01-15 15:15:00,45.04,48.319046420454974,50.76646367400884,48.319046420454974,48.9960621356487
2026-01-15 15:30:00,45.98,48.302737681865686,50.75015493541955,48.302737681865686,49.052370978589366
2026-01-15 15:45:00,45.93,48.30048490285873,50.74790215641259,48.30048490285873,49.05142067901138
2026-01-15 16:00:00,46.25,48.26509395718574,50.712511210739606,48.26509395718574,48.691333095004445
2026-01-15 16:15:00,46.05,48.343683534264564,50.79110078781843,48.343683534264564,48.69110781815992
2026-01-15 16:30:00,46.25,48.159303667545316,50.60672092109918,48.159303667545316,48.74655487605228
2026-01-15 16:45:00,46.92,48.14335888028145,50.59077613383531,48.14335888028145,48.88401331464973
2026-01-15 17:00:00,46.35,47.94133135914802,50.38874861270189,47.94133135914802,48.70391662679991
2026-01-15 17:15:00,46.35,47.846751832962035,50.2941690865159,47.846751832962035,49.03099376293588
2026-01-15 17:30:00,46.66,47.82587112188339,50.273288375437254,47.82587112188339,49.43640184982981
2026-01-15 17:45:00,47.2,47.88055414438247,50.32797139793634,47.88055414438247,49.89194405565236
2026-01-15 18:00:00,47.67,47.78864182353019,50.23605907708406,47.78864182353019,49.83299644360804
2026-01-15 18:15:00,48.18,47.9672781664133,50.41469541996717,47.9672781664133,50.27452858766059
2026-01-15 18:30:00,48.24,47.872090283632275,50.31950753718614,47.872090283632275,50.64928399774345
2026-01-15 18:45:00,49.18,47.794757268428796,50.24217452198266,47.794757268428796,50.923702314957666
2026-01-15 19:00:00,49.07,47.75327213048934,50.20068938404321,47.75327213048934,50.08255445078085
2026-01-15 19:15:00,48.45,47.43469783127308,49.88211508482694,47.43469783127308,50.0958187765587
2026-01-15 19:30:00,47.97,47.271623728275294,49.71904098182916,47.271623728275294,49.97204556899265
2026-01-15 19:45:00,47.59,46.84443253934383,49.29184979289769,46.84443253934383,49.72188019788164
2026-01-15 20:00:00,47.13,46.528921275734895,48.97633852928876,46.528921275734895,49.57916743302835
2026-01-15 20:15:00,46.78,46.14695037484169,48.59436762839555,46.14695037484169,49.13800405450477
2026-01-15 20:30:00,46.03,45.61314004361629,48.060557297170156,45.61314004361629,48.63810892947229
2026-01-15 20:45:00,45.51,45.17190086483955,47.619318118393416,45.17190086483955,48.10180784319998
2026-01-15 21:00:00,45.11,44.57491708457469,47.02233433812856,44.57491708457469,47.657000751358474
2026-01-15 21:15:00,44.55,43.398807048201554,45.84622430175542,43.398807048201554,47.09206116389389
2026-01-15 21:30:00,43.94,42.802240350842474,45.24965760439634,42.802240350842474,46.5207868756551
2026-01-15 21:45:00,43.36,41.996391015052794,44.44380826860666,41.996391015052794,45.93991082203286
2026-01-15 22:00:00,42.54,41.08737077653408,43.534788030087945,41.08737077653408,45.699956022882475
2026-01-15 22:15:00,41.21,40.45266091763973,42.9000781711936,40.45266091763973,45.07609208475084
2026-01-15 22:30:00,40.39,39.606602930128574,42.05402018368244,39.606602930128574,44.418639549418046
2026-01-15 22:45:00,40.19,38.728246254920954,41.17566350847482,38.728246254920954,43.72371449365153
2026-01-15 23:00:00,39.03,37.89821142375469,40.345628677308554,37.89821142375469,42.15733067205031
2026-01-15 23:15:00,38.03,37.13369048774242,39.581107741296286,37.13369048774242,41.39817299458739
2026-01-15 23:30:00,37.34,36.42104457020759,38.86846182376146,36.42104457020759,40.623929661628395
2026-01-15 23:45:00,36.6,35.76661492526531,38.214032178819174,35.76661492526531,39.851920606695316
2026-01-16 00:00:00,35.73,35.03501431643963,37.482431569993494,35.03501431643963,38.861698281153124
2026-01-16 00:15:00,35.03,34.4579296413064,36.905346894860266,34.4579296413064,38.150951116772205
2026-01-16 00:30:00,34.45,33.93146076619625,36.37887801975012,33.93146076619625,37.4952685884419
2026-01-16 00:45:00,33.79,33.272104495465754,35.71952174901962,33.272104495465754,36.90467351740843
2026-01-16 01:00:00,32.74,32.97974266141653,35.427159914970396,32.97974266141653,35.7987150025737
2026-01-16 01:15:00,32.89,32.43410656869411,34.88152382224798,32.43410656869411,35.34312703277139
2026-01-16 01:30:00,32.28,32.09977410688996,34.547191360443826,32.09977410688996,34.94573612352912
2026-01-16 01:45:00,31.85,31.641868215501308,34.08928546905518,31.641868215501308,34.595037781581624
2026-01-16 02:00:00,31.48,31.30707550138235,33.754492754936216,31.30707550138235,34.497013494768325
2026-01-16 02:15:00,31.12,31.01188773140311,33.45930498495698,31.01188773140311,34.20329521572982
2026-01-16 02:30:00,30.9,30.862178213298318,33.30959546685219,30.862178213298318,33.92494003539488
2026-01-16 02:45:00,30.8,30.651429143249988,33.09884639680386,30.651429143249988,33.65958066408483
2026-01-16 03:00:00,30.44,30.384150728285313,32.83156798183918,30.384150728285313,33.05782605425253
2026-01-16 03:15:00,30.21,30.365334843248128,32.812752096801994,30.365334843248128,32.83368411776025
2026-01-16 03:30:00,29.65,30.17297129243612,32.62038854598999,30.17297129243612,32.6466037965657
2026-01-16 03:45:00,29.83,30.162811870127914,32.61022912368178,30.162811870127914,32.51016097261954
2026-01-16 04:00:00,29.4,30.073248629271983,32.52066588282585,30.073248629271983,31.750773252587884
2026-01-16 04:15:00,29.41,30.10459094852209,32.55200820207596,30.10459094852209,31.748917682835106
2026-01-16 04:30:00,29.57,30.07049641340971,32.51791366696358,30.07049641340971,31.82161672285809
2026-01-16 04:45:00,29.85,30.099882162213323,32.54729941576719,30.099882162213323,31.965169158790637
2026-01-16 05:00:00,29.77,30.19831372797489,32.64573098152876,30.19831372797489,32.27226769358507
2026-01-16 05:15:00,30.81,30.389818539619444,32.83723579317331,30.389818539619444,32.52188515880746
2026-01-16 05:30:00,31.07,30.721368899047373,33.16878615260124,30.721368899047373,32.79889760758367
2026-01-16 05:45:00,31.42,31.04262899965048,33.49004625320435,31.04262899965048,33.08565344618437
2026-01-16 06:00:00,32.1,31.362624568641184,33.81004182219505,31.362624568641184,33.036181619022074
2026-01-16 06:15:00,33.1,31.957112492918966,34.40452974647283,31.957112492918966,33.30659268991279
2026-01-16 06:30:00,33.85,32.654210781753065,35.10162803530693,32.654210781753065,33.56569602569632
2026-01-16 06:45:00,34.46,33.36861668288707,35.81603393644094,33.36861668288707,33.82320521306356
2026-01-16 07:00:00,35.35,34.31667136520147,36.76408861875534,34.31667136520147,35.379007587727436
2026-01-16 07:15:00,36.21,35.074359579980374,37.52177683353424,35.074359579980374,35.69272833862109
2026-01-16 07:30:00,36.42,36.188296369314195,38.63571362286806,36.188296369314195,36.072257423616264
2026-01-16 07:45:00,37.25,37.19573090583086,39.64314815938472,37.19573090583086,36.541312583985544
2026-01-16 08:00:00,38.85,38.28568011492491,40.733097368478774,38.28568011492491,39.80602238040066
2026-01-16 08:15:00,41.43,39.27190053969621,41.71931779325008,39.27190053969621,40.49470809869837
2026-01-16 08:30:00,42.74,40.39412319898605,42.84154045253992,40.39412319898605,41.28949129539341
2026-01-16 08:45:00,43.97,41.316158018112176,43.76357527166604,41.316158018112176,42.168948552136726
2026-01-16 09:00:00,45.12,42.244773183465,44.692190437018866,42.244773183465,44.49077073710695
2026-01-16 09:15:00,46.59,45.14863454580307,47.596051799356935,45.14863454580307,45.42379198325752
2026-01-16 09:30:00,47.21,45.923505513668054,48.37092276722192,45.923505513668054,46.30882832459956
2026-01-16 09:45:00,48.49,46.545793209075924,48.99321046262979,46.545793209075924,47.09358929631948
2026-01-16 10:00:00,49.37,47.029396853446954,49.47681410700082,47.029396853446954,49.120389065567274
2026-01-16 10:15:00,49.7,47.48598840236664,49.9334056559205,47.48598840236664,49.57677166065625
2026-01-16 10:30:00,50.7,47.78699474453926,50.23441199809312,47.78699474453926,49.8329716426397
2026-01-16 10:45:00,50.69,48.06276889920235,50.51018615275621,48.06276889920235,49.88952737392406
2026-01-16 11:00:00,51.08,48.25116816997528,50.698585423529146,48.25116816997528,50.2750728063832
2026-01-16 11:15:00,51.89,48.42010002970695,50.86751728326082,48.42010002970695,50.01066409986627
2026-01-16 11:30:00,51.92,48.56540958881378,51.012826842367645,48.56540958881378,49.65637996825633
2026-01-16 11:45:00,51.23,48.517240498065945,50.96465775161981,48.517240498065945,49.271682922530125
2026-01-16 12:00:00,50.74,48.50705783069133,50.954475084245196,48.50705783069133,49.35048272062599
2026-01-16 12:15:00,50.62,48.60538313329219,51.05280038684606,48.60538313329219,49.08033423177143
2026-01-16 12:30:00,50.46,48.750453600287436,51.1978708538413,48.750453600287436,48.93697813006742
2026-01-16 12:45:00,50.94,48.822797560095786,51.27021481364965,48.822797560095786,48.94588444112242
2026-01-16 13:00:00,51.14,49.17664857208728,51.624065825641146,49.17664857208728,49.01037843709651
2026-01-16 13:15:00,52.17,49.19638695418834,51.64380420774221,49.19638695418834,49.32313858153089
2026-01-16 13:30:00,52.94,49.558072217702865,52.00548947125673,49.558072217702865,49.75142086709233
2026-01-16 13:45:00,53.07,49.660794158577914,52.10821141213178,49.660794158577914,50.25308407818847
2026-01-16 14:00:00,53.44,49.93111966967582,52.37853692322969,49.93111966967582,50.75643439364313
2026-01-16 14:15:00,53.6,50.15709625065326,52.60451350420713,50.15709625065326,51.259940162106474
2026-01-16 14:30:00,54.36,50.353507763743394,52.80092501729726,50.353507763743394,51.69893964157343
2026-01-16 14:45:00,54.27,50.35359277427196,52.801010027825825,50.35359277427196,52.043975343061746
2026-01-16 15:00:00,54.71,50.465522418022154,52.91293967157602,50.465522418022154,51.883206011674076
2026-01-16 15:15:00,55.02,52.973232060670846,55.42064931422471,52.973232060670846,52.01467779042068
2026-01-16 15:30:00,55.43,52.99097269535064,55.43838994890451,52.99097269535064,52.05867148312002
2026-01-16 15:45:00,56.27,53.04928726136684,55.49670451492071,53.04928726136684,52.04553599074535
2026-01-16 16:00:00,56.18,53.00966438531875,55.457081638872616,53.00966438531875,51.08512774699627
2026-01-16 16:15:00,56.13,53.103927778601644,55.55134503215551,53.103927778601644,51.07299392272341
2026-01-16 16:30:00,56.14,52.96496478676796,55.41238204032182,52.96496478676796,51.116678804393956
2026-01-16 16:45:00,56.51,52.99940467715263,55.4468219307065,52.99940467715263,51.24252658662071
2026-01-16 17:00:00,56.02,52.86267321169376,55.310090465247626,52.86267321169376,50.41880429616767
2026-01-16 17:15:00,55.51,52.846561059951775,55.29397831350564,52.846561059951775,50.73458859316366
2026-01-16 17:30:00,55.51,52.796447353363035,55.2438646069169,52.796447353363035,51.12886979653786
2026-01-16 17:45:00,55.09,52.913655619621274,55.36107287317514,52.913655619621274,51.57345553965718
2026-01-16 18:00:00,55.31,52.86450890779495,55.311926161348815,52.86450890779495,50.51120024177126
2026-01-16 18:15:00,55.33,53.07580788969993,55.523225143253796,53.07580788969993,50.942129448393025
2026-01-16 18:30:00,55.97,53.01228111565113,55.45969836920499,53.01228111565113,51.3064646632463
2026-01-16 18:45:00,56.68,52.886295512318604,55.33371276587247,52.886295512318604,51.57064926866455
2026-01-16 19:00:00,56.08,52.80105386137962,55.24847111493349,52.80105386137962,51.87402897736321
2026-01-16 19:15:00,55.15,52.477822579145425,54.92523983269929,52.477822579145425,51.87744303618611
2026-01-16 19:30:00,54.24,52.21121893525123,54.6586361888051,52.21121893525123,51.74401614519803
2026-01-16 19:45:00,53.09,51.69630750715732,54.14372476071119,51.69630750715732,51.48439666104291
2026-01-16 20:00:00,52.54,51.314636799693105,53.76205405324697,51.314636799693105,50.87942838853632
2026-01-16 20:15:00,51.81,50.804663951992985,53.25208120554685,50.804663951992985,50.42921822752921
2026-01-16 20:30:00,50.98,50.15204343736171,52.59946069091558,50.15204343736171,49.92048369211503
2026-01-16 20:45:00,50.37,49.560508300662036,52.0079255542159,49.560508300662036,49.37555277955563
2026-01-16 21:00:00,49.6,48.869811038970944,51.31722829252481,48.869811038970944,48.70206816136141
2026-01-16 21:15:00,48.68,47.50129561066627,49.948712864220134,47.50129561066627,48.12892376638958
2026-01-16 21:30:00,48.29,46.98691284179687,49.43433009535074,46.98691284179687,47.54965971242444
2026-01-16 21:45:00,47.65,46.2428289681673,48.69024622172117,46.2428289681673,46.96101036151842
2026-01-16 22:00:00,46.76,45.3709955227375,47.81841277629137,45.3709955227375,45.76206564101396
2026-01-16 22:15:00,46.05,44.75986811578274,47.2072853693366,44.75986811578274,45.130864834235865
2026-01-16 22:30:00,45.28,43.91748550534248,46.36490275889635,43.91748550534248,44.46629499811898
2026-01-16 22:45:00,44.03,43.04530271977186,45.49271997332573,43.04530271977186,43.76447285083692
2026-01-16 23:00:00,43.32,42.195249237418174,44.64266649097204,42.195249237418174,42.32407367135559
2026-01-16 23:15:00,42.32,41.32747238814831,43.774889641702174,41.32747238814831,41.55846046546948
2026-01-16 23:30:00,41.18,40.52879581570625,42.97621306926012,40.52879581570625,40.77798257040936
2026-01-16 23:45:00,40.31,39.78519278287887,42.23261003643274,39.78519278287887,39.99995978728402
2026-01-17 00:00:00,39.83,38.954515059590335,41.4019323131442,38.954515059590335,38.54760025550082
2026-01-17 00:15:00,39.08,38.283022207617755,40.73043946117162,38.283022207617755,37.831279870045414
2026-01-17 00:30:00,37.97,37.55930101215839,40.00671826571226,37.55930101215839,37.170243416656646
2026-01-17 00:45:00,37.1,36.85674212515354,39.3041593787074,36.85674212515354,36.57451283062272
2026-01-17 01:00:00,36.55,36.39721505641937,38.844632309973235,36.39721505641937,35.68744081720797
2026-01-17 01:15:00,36.04,35.733676002025604,38.18109325557947,35.733676002025604,35.22715075843347
2026-01-17 01:30:00,35.38,35.25447563737631,37.701892890930175,35.25447563737631,34.82527241474651
2026-01-17 01:45:00,34.83,34.72244787067175,37.169865124225616,34.72244787067175,34.47029968344341
2026-01-17 02:00:00,34.25,34.27184292256832,36.719260176122184,34.27184292256832,34.367091132688095
2026-01-17 02:15:00,33.98,33.86076919853687,36.30818645209074,33.86076919853687,34.069519028426505
2026-01-17 02:30:00,33.4,33.59371127963066,36.041128533184526,33.59371127963066,33.78751720046074
2026-01-17 02:45:00,32.91,33.273572255373,35.72098950892686,33.273572255373,33.518716066057024
2026-01-17 03:00:00,32.73,32.91400295704603,35.361420210599896,32.91400295704603,33.03353409375569
2026-01-17 03:15:00,32.43,31.922410929501055,34.36982818305492,31.922410929501055,32.80635263365437
2026-01-17 03:30:00,32.07,31.72234396368265,34.16976121723652,31.72234396368265,32.6164298260638
2026-01-17 03:45:00,31.93,31.642080741822717,34.08949799537658,31.642080741822717,32.47733862506104
2026-01-17 04:00:00,31.81,31.446063730716705,33.893480984270575,31.446063730716705,31.93538891352099
2026-01-17 04:15:00,31.74,31.431544198095796,33.878961451649666,31.431544198095796,31.93126380537345
2026-01-17 04:30:00,31.66,31.33525250673294,33.78266976028681,31.33525250673294,32.00187774683697
2026-01-17 04:45:00,31.77,31.23819372817874,33.68561098173261,31.23819372817874,32.14352601774911
2026-01-17 05:00:00,31.92,31.247663104087113,33.69508035764098,31.247663104087113,31.2488120722617
2026-01-17 05:15:00,32.78,31.28934748545289,33.73676473900676,31.28934748545289,31.49687618520196
2026-01-17 05:30:00,32.94,31.48427065014839,33.931687903702255,31.48427065014839,31.77250490323448
2026-01-17 05:45:00,32.91,31.651376111805437,34.098793365359306,31.651376111805437,32.05804261158089
2026-01-17 06:00:00,33.59,31.85759172976017,34.30500898331404,31.85759172976017,32.0340897009104
2026-01-17 06:15:00,34.4,32.20699230775237,34.65440956130624,32.20699230775237,32.30360131128253
2026-01-17 06:30:00,34.95,32.71504112809896,35.162458381652826,32.71504112809896,32.56195803324471
2026-01-17 06:45:00,34.98,33.309506471455094,35.75692372500896,33.309506471455094,32.81886898730311
2026-01-17 07:00:00,35.86,34.12724399834871,36.574661251902576,34.12724399834871,34.78610849585009
2026-01-17 07:15:00,36.4,34.773714532554145,37.22113178610801,34.773714532554145,35.099513981229364
2026-01-17 07:30:00,36.83,35.78783700674772,38.23525426030159,35.78783700674772,35.478862203223166
2026-01-17 07:45:00,37.51,36.75216854870319,39.199585802257054,36.75216854870319,35.94786606678895
2026-01-17 08:00:00,38.94,37.801331300139424,40.24874855369329,37.801331300139424,38.33150876716482
2026-01-17 08:15:00,41.69,38.82373034626245,41.27114759981632,38.82373034626245,39.02038749644715
2026-01-17 08:30:00,43.03,39.99450730025768,42.441924553811546,39.99450730025768,39.81547830005259
2026-01-17 08:45:00,44.39,41.029487904608246,43.47690515816211,41.029487904608246,40.69535263279881
2026-01-17 09:00:00,45.74,42.095128087401385,44.54254534095525,42.095128087401385,43.36652525747598
2026-01-17 09:15:00,47.22,43.942954128384585,46.39037138193845,43.942954128384585,44.30016690324719
2026-01-17 09:30:00,48.22,44.96332753300666,47.41074478656053,44.96332753300666,45.185917393775355
2026-01-17 09:45:00,49.07,45.82330200970173,48.27071926325559,45.82330200970173,45.97148093005344
2026-01-17 10:00:00,50.48,46.52584761381149,48.97326486736536,46.52584761381149,47.45872556630774
2026-01-17 10:15:00,51.15,47.22748466789722,49.67490192145109,47.22748466789722,47.91607140045285
2026-01-17 10:30:00,51.26,47.75155863702297,50.19897589057683,47.75155863702297,48.17330681944027
2026-01-17 10:45:00,51.84,48.205318272709846,50.65273552626371,48.205318272709846,48.23096472706243
2026-01-17 11:00:00,51.92,48.538450624942776,50.98586787849664,48.538450624942776,48.74251603003853
2026-01-17 11:15:00,52.72,48.81300275325775,51.260420006811614,48.81300275325775,48.47932653761671
2026-01-17 11:30:00,52.83,49.04255243301391,51.489969686567775,49.04255243301391,48.12631189962408
2026-01-17 11:45:00,53.12,49.030433119535445,51.47785037308931,49.030433119535445,47.74292913021513
2026-01-17 12:00:00,52.06,49.005394862294196,51.45281211584806,49.005394862294196,47.50943732605846
2026-01-17 12:15:00,51.67,49.05334345698356,51.50076071053743,49.05334345698356,47.240676209452914
2026-01-17 12:30:00,51.33,49.13971415400505,51.587131407558914,49.13971415400505,47.09873581667545
2026-01-17 12:45:00,51.52,49.167339919209475,51.61475717276334,49.167339919209475,47.1090807236588
2026-01-17 13:00:00,51.84,49.47651258528232,51.92392983883619,49.47651258528232,49.21496238524818
2026-01-17 13:15:00,52.84,49.456144593954086,51.90356184750795,49.456144593954086,49.529190655463054
2026-01-17 13:30:00,53.22,49.73365083813667,52.181068091690534,49.73365083813667,49.95894777514018
2026-01-17 13:45:00,53.87,49.85117258071899,52.29858983427285,49.85117258071899,50.46208720999558
2026-01-17 14:00:00,53.9,50.09599227666855,52.54340953022241,50.09599227666855,49.8536535298614
2026-01-17 14:15:00,54.51,50.329223974943154,52.77664122849702,50.329223974943154,50.3586225316251
2026-01-17 14:30:00,54.97,50.530390764474866,52.97780801802873,50.530390764474866,50.79907097044484
2026-01-17 14:45:00,55.37,50.559493587613105,53.00691084116697,50.559493587613105,51.1455362508971
2026-01-17 15:00:00,55.56,50.700034587383264,53.14745184093713,50.700034587383264,51.09443805060207
2026-01-17 15:15:00,55.72,52.515237838029854,54.96265509158372,52.515237838029854,51.22728559267695
2026-01-17 15:30:00,55.53,52.55219085216522,54.99960810571908,52.55219085216522,51.2726207586759
2026-01-17 15:45:00,55.92,52.60563325226307,55.053050505816934,52.60563325226307,51.260787632415585
2026-01-17 16:00:00,55.46,52.563534444570536,55.0109516981244,52.563534444570536,50.727661084993
2026-01-17 16:15:00,55.6,52.69057736635208,55.137994619905946,52.69057736635208,50.71673730171879
2026-01-17 16:30:00,55.54,52.544460207223885,54.99187746077775,52.544460207223885,50.76157918769692
2026-01-17 16:45:00,55.88,52.53687036097049,54.984287614524355,52.53687036097049,50.888526483136474
2026-01-17 17:00:00,55.45,52.37736138701438,54.82477864056825,52.37736138701438,49.84594650796559
2026-01-17 17:15:00,55.36,52.283461945056914,54.73087919861078,52.283461945056914,50.162702382075956
2026-01-17 17:30:00,54.9,52.21582013010978,54.66323738366365,52.21582013010978,50.55788493270525
2026-01-17 17:45:00,55.18,52.25886202335357,54.70627927690744,52.25886202335357,51.00329776869995
2026-01-17 18:00:00,55.33,52.174420002698895,54.62183725625276,52.174420002698895,49.81564586248742
2026-01-17 18:15:00,56.17,52.34727828621864,54.794695539772505,52.34727828621864,50.247242051610634
2026-01-17 18:30:00,56.8,52.22830073833465,54.67571799188852,52.22830073833465,50.612158638609344
2026-01-17 18:45:00,56.8,52.08062151074409,54.52803876429795,52.08062151074409,50.87683547177436
2026-01-17 19:00:00,56.36,52.01466928005218,54.46208653360605,52.01466928005218,51.27472862170798
2026-01-17 19:15:00,55.66,51.65538822054862,54.10280547410249,51.65538822054862,51.278446546144494
2026-01-17 19:30:00,55.41,51.400595726966856,53.84801298052072,51.400595726966856,51.145224575058684
2026-01-17 19:45:00,54.15,50.907842824459074,53.35526007801294,50.907842824459074,50.885708075192845
2026-01-17 20:00:00,53.58,50.55140961766243,52.998826871216295,50.55140961766243,50.4186115148415
2026-01-17 20:15:00,52.62,50.07061132073402,52.51802857428788,50.07061132073402,49.96829207352351
2026-01-17 20:30:00,52.04,49.470785000920294,51.91820225447416,49.470785000920294,49.459338223714106
2026-01-17 20:45:00,51.74,48.93398336172103,51.3814006152749,48.93398336172103,48.914075561945936
2026-01-17 21:00:00,50.77,48.28060837864876,50.72802563220262,48.28060837864876,48.121453675122524
2026-01-17 21:15:00,50.23,48.12071685731411,50.56813411086797,48.12071685731411,47.54774607576478
2026-01-17 21:30:00,49.79,47.588630645871156,50.03604789942502,47.588630645871156,46.96780011013946
2026-01-17 21:45:00,49.14,46.76896178603172,49.21637903958558,46.76896178603172,46.37834836586546
2026-01-17 22:00:00,48.23,45.82856469273567,48.275981946289534,45.82856469273567,45.17066050987046
2026-01-17 22:15:00,47.16,45.20270124197006,47.65011849552393,45.20270124197006,44.538411669256064
2026-01-17 22:30:00,46.16,44.32008739888668,46.76750465244054,44.32008739888668,43.87266896734785
2026-01-17 22:45:00,45.59,43.38290609449148,45.83032334804535,43.38290609449148,43.16954800180466
2026-01-17 23:00:00,44.04,42.5113170543313,44.958734307885166,42.5113170543313,41.8410195303225
2026-01-17 23:15:00,43.08,41.598216310441494,44.04563356399536,41.598216310441494,41.07385290577026
2026-01-17 23:30:00,42.27,40.76040168762207,43.20781894117594,40.76040168762207,40.29169328046435
2026-01-17 23:45:00,41.11,39.984287440776825,42.43170469433069,39.984287440776825,39.51186000617331
2026-01-18 00:00:00,40.62,39.161882304549216,41.60929955810308,39.161882304549216,38.53102730578373
2026-01-18 00:15:00,39.95,38.44491147637367,40.892328729927534,38.44491147637367,37.812638238347766
2026-01-18 00:30:00,39.09,37.71572038471699,40.163137638270854,37.71572038471699,37.1494040133581
2026-01-18 00:45:00,38.74,36.985683172643185,39.43310042619705,36.985683172643185,36.55134679683561
2026-01-18 01:00:00,37.92,36.521991916298866,38.96940916985273,36.521991916298866,35.65269793976279
2026-01-18 01:15:00,36.96,35.85062392354011,38.29804117709398,35.85062392354011,35.18982490524973
2026-01-18 01:30:00,36.25,35.31100232571363,37.758419579267496,35.31100232571363,34.78523643858249
2026-01-18 01:45:00,35.66,34.76977349758148,37.21719075113535,34.76977349758148,34.42742734639652
2026-01-18 02:00:00,35.38,34.29689977586269,36.74431702941656,34.29689977586269,34.09205819211342
2026-01-18 02:15:00,34.83,33.83337057083845,36.28078782439231,33.83337057083845,33.79140065026883
2026-01-18 02:30:00,34.47,33.56805669605732,36.015473949611184,33.56805669605732,33.50619087927266
2026-01-18 02:45:00,33.98,33.23392547011375,35.68134272366762,33.23392547011375,33.23406087276797
2026-01-18 03:00:00,33.83,32.845831154584886,35.29324840813875,32.845831154584886,32.400511081042694
2026-01-18 03:15:00,33.51,32.672404363155366,35.11982161670923,32.672404363155366,32.16976427215372
2026-01-18 03:30:00,33.19,32.44744525194168,34.894862505495546,32.44744525194168,31.97616089145339
2026-01-18 03:45:00,32.72,32.316914906054734,34.7643321596086,32.316914906054734,31.833276114940915
2026-01-18 04:00:00,32.72,32.07824054151773,34.525657795071595,32.07824054151773,31.4059310688684
2026-01-18 04:15:00,32.45,32.02825036585331,34.475667619407176,32.02825036585331,31.397793671772256
2026-01-18 04:30:00,32.43,31.905556263923643,34.35297351747751,31.905556263923643,31.464289921442038
2026-01-18 04:45:00,32.34,31.763264578580856,34.210681832134725,31.763264578580856,31.601717934642238
2026-01-18 05:00:00,32.64,31.738440175950526,34.185857429504395,31.738440175950526,31.337772673903576
2026-01-18 05:15:00,33.19,31.754302609264847,34.20171986281871,31.754302609264847,31.581420498312642
2026-01-18 05:30:00,33.19,31.902145216464994,34.34956247001886,31.902145216464994,31.85253975105862
2026-01-18 05:45:00,33.42,32.035817631185054,34.48323488473892,32.035817631185054,32.13347823006394
2026-01-18 06:00:00,33.86,32.235507362782954,34.68292461633682,32.235507362782954,32.393212567014274
2026-01-18 06:15:00,34.19,32.58615321218967,35.03357046574354,32.58615321218967,32.65795620332988
2026-01-18 06:30:00,34.65,33.07138135462999,35.51879860818386,33.07138135462999,32.911466234213
2026-01-18 06:45:00,34.46,33.672534635663034,36.1199518892169,33.672534635663034,33.163455721179474
2026-01-18 07:00:00,35.32,34.495540158748625,36.94295741230249,34.495540158748625,33.90416001011289
2026-01-18 07:15:00,35.4,35.17153989702463,37.618957150578495,35.17153989702463,34.212506789462495
2026-01-18 07:30:00,36.28,36.177701932191844,38.62511918574571,36.177701932191844,34.58673407853586
2026-01-18 07:45:00,37.4,37.17246325850486,39.61988051205873,37.17246325850486,35.05055919514665
2026-01-18 08:00:00,39.16,38.24029644727707,40.68771370083093,38.24029644727707,38.8775316323692
2026-01-18 08:15:00,41.26,39.271425012052056,41.71884226560592,39.271425012052056,39.561129655300874
2026-01-18 08:30:00,42.33,40.4612416678667,42.90865892142057,40.4612416678667,40.35089581213409
2026-01-18 08:45:00,44.08,41.517606405019755,43.96502365857362,41.517606405019755,41.22540637919545
2026-01-18 09:00:00,45.48,42.59937335073948,45.04679060429334,42.59937335073948,43.938808779213716
2026-01-18 09:15:00,47.09,44.51586930274963,46.963286556303494,44.51586930274963,44.867023250529826
2026-01-18 09:30:00,48.02,45.51852863848209,47.965945892035954,45.51852863848209,45.747322447083405
2026-01-18 09:45:00,48.67,46.393459655046456,48.84087690860032,46.393459655046456,46.52741573141152
2026-01-18 10:00:00,49.74,47.093484165668485,49.54090141922235,47.093484165668485,48.333631102411715
2026-01-18 10:15:00,50.63,47.803980910778044,50.25139816433191,47.803980910778044,48.78548454525558
2026-01-18 10:30:00,51.04,48.34545015931129,50.79286741286516,48.34545015931129,49.037224524079214
2026-01-18 10:45:00,51.54,48.80655257940292,51.253969832956784,48.80655257940292,49.089389370372
2026-01-18 11:00:00,52.4,49.151814871430396,51.59923212498426,49.151814871430396,49.51864606061092
2026-01-18 11:15:00,52.16,49.43422781705856,51.88164507061243,49.43422781705856,49.24998475986921
2026-01-18 11:30:00,52.43,49.66489060342312,52.11230785697698,49.66489060342312,48.89151728102548
2026-01-18 11:45:00,51.9,49.657630172967906,52.10504742652177,49.657630172967906,48.50270625293693
2026-01-18 12:00:00,51.5,49.645773860812184,52.09319111436605,49.645773860812184,48.360375020378626
2026-01-18 12:15:00,51.34,49.70384933471679,52.15126658827066,49.70384933471679,48.08625178398692
2026-01-18 12:30:00,51.2,49.78577823162078,52.23319548517465,49.78577823162078,47.93899088038283
2026-01-18 12:45:00,51.66,49.80887187302112,52.256289126574984,49.80887187302112,47.94406260508539
2026-01-18 13:00:00,51.74,50.10971616387367,52.557133417427536,50.10971616387367,48.06919930961387
2026-01-18 13:15:00,52.65,50.08169988155365,52.52911713510751,50.08169988155365,48.37826625969948
2026-01-18 13:30:00,53.03,50.346746770143504,52.79416402369737,50.346746770143504,48.80292660325779
2026-01-18 13:45:00,53.22,50.464858273267744,52.91227552682161,50.464858273267744,49.30103954578451
2026-01-18 14:00:00,53.66,50.701442574262614,53.14885982781648,50.701442574262614,49.84463028177563
2026-01-18 14:15:00,54.85,50.912948769330974,53.36036602288484,50.912948769330974,50.34473054121326
2026-01-18 14:30:00,55.29,51.10713406920433,53.55455132275819,51.10713406920433,50.7803976711294
2026-01-18 14:45:00,55.43,51.13995344638824,53.587370699942106,51.13995344638824,51.12217475146318
2026-01-18 15:00:00,55.38,51.27552929997444,53.7229465535283,51.27552929997444,50.82926680739784
2026-01-18 15:15:00,55.67,52.87600126862525,55.32341852217912,52.87600126862525,50.9576292694324
2026-01-18 15:30:00,55.37,52.89591498494148,55.34333223849534,52.89591498494148,50.99858929183796
2026-01-18 15:45:00,55.51,52.94323131382465,55.39064856737851,52.94323131382465,50.98249648385838
2026-01-18 16:00:00,56.0,52.907338274717326,55.35475552827119,52.907338274717326,50.41045241672281
2026-01-18 16:15:00,56.0,53.02119925141334,55.46861650496721,53.02119925141334,50.39551624423705
2026-01-18 16:30:00,56.17,52.873517367243764,55.32093462079763,52.873517367243764,50.43647745473655
2026-01-18 16:45:00,56.08,52.850131502151484,55.29754875570535,52.850131502151484,50.559681080377985
2026-01-18 17:00:00,55.5,52.668198344707484,55.11561559826135,52.668198344707484,49.470902374127505
2026-01-18 17:15:00,55.41,52.552291802167886,54.99970905572175,52.552291802167886,49.784204174901674
2026-01-18 17:30:00,55.35,52.43857959389686,54.88599684745073,52.43857959389686,50.17608508540527
2026-01-18 17:45:00,55.73,52.45147462844848,54.898891882002346,52.45147462844848,50.61835369128205
2026-01-18 18:00:00,55.36,52.357006678581236,54.8044239321351,52.357006678581236,49.66716182248117
2026-01-18 18:15:00,55.49,52.505496162772175,54.95291341632604,52.505496162772175,50.09594316224136
2026-01-18 18:30:00,56.95,52.361575994491574,54.80899324804544,52.361575994491574,50.458216673857876
2026-01-18 18:45:00,57.27,52.206623053550715,54.65404030710458,52.206623053550715,50.720426789522534
2026-01-18 19:00:00,56.64,52.13541079640388,54.58282804995775,52.13541079640388,50.78787272523967
2026-01-18 19:15:00,56.28,51.76709736824035,54.214514621794216,51.76709736824035,50.78948995419965
2026-01-18 19:30:00,55.68,51.51221986413002,53.95963711768388,51.51221986413002,50.65435671882931
2026-01-18 19:45:00,55.03,51.0295832145214,53.47700046807527,51.0295832145214,50.39312250275359
2026-01-18 20:00:00,54.56,50.68162449479102,53.12904174834489,50.68162449479102,50.50253392763844
2026-01-18 20:15:00,53.35,50.206726459860796,52.65414371341466,50.206726459860796,50.050895704215606
2026-01-18 20:30:00,53.34,49.62398725628852,52.07140450984239,49.62398725628852,49.54082819096205
2026-01-18 20:45:00,52.69,49.10323666751384,51.550653921067706,49.10323666751384,48.99466056749229
2026-01-18 21:00:00,52.21,48.45827241361141,50.90568966716528,48.45827241361141,47.50944604754205
2026-01-18 21:15:00,51.43,48.96372642040252,51.41114367395639,48.96372642040252,46.93526106131797
2026-01-18 21:30:00,50.73,48.41932696521282,50.866744218766684,48.41932696521282,46.355056284476014
2026-01-18 21:45:00,49.68,47.5904743117094,50.037891565263266,47.5904743117094,45.765567291829534
2026-01-18 22:00:00,48.58,46.64891629338264,49.096333546936506,46.64891629338264,44.44086082387748
2026-01-18 22:15:00,47.94,46.012694841027255,48.46011209458112,46.012694841027255,43.80902619019642
2026-01-18 22:30:00,46.94,45.13202295720577,47.579440210759635,45.13202295720577,43.143927262826075
2026-01-18 22:45:00,45.53,44.197688177227974,46.64510543078184,44.197688177227974,42.44168197730218
2026-01-18 23:00:00,44.77,43.32476553440094,45.772182787954804,43.32476553440094,41.22737772057891
2026-01-18 23:15:00,43.63,42.42504066586494,44.87245791941881,42.42504066586494,40.46155692066906
2026-01-18 23:30:00,42.54,41.57003000706434,44.017447260618205,41.57003000706434,39.680981011621896
2026-01-18 23:45:00,41.7,40.790727865397926,43.23814511895179,40.790727865397926,38.90297098802435
2026-01-19 00:00:00,40.69,39.986716882288455,42.43413413584232,39.986716882288455,38.3805465250026
2026-01-19 00:15:00,39.92,39.27578844308853,41.723205696642395,39.27578844308853,37.66446398658942
2026-01-19 00:30:00,39.0,38.53627919852733,40.9836964520812,38.53627919852733,37.00377966832033
2026-01-19 00:45:00,38.53,37.821990186870096,40.26940744042396,37.821990186870096,36.40851664790071
2026-01-19 01:00:00,38.41,37.35161763429642,39.79903488785028,37.35161763429642,35.99327602534837
2026-01-19 01:15:00,37.7,36.68979871481657,39.137215968370434,36.68979871481657,35.53368774868342
2026-01-19 01:30:00,37.3,36.14082330226898,38.58824055582284,36.14082330226898,35.13262993316001
2026-01-19 01:45:00,36.83,35.61121567904949,38.05863293260335,35.61121567904949,34.778597537497305
2026-01-19 02:00:00,36.19,35.12776080310344,37.57517805665731,35.12776080310344,34.19886933065324
2026-01-19 02:15:00,35.77,34.6625592815876,37.10997653514146,34.6625592815876,33.902480261737075
2026-01-19 02:30:00,35.36,34.38166457086801,36.82908182442188,34.38166457086801,33.62178430602012
2026-01-19 02:45:00,34.82,34.03333525836467,36.48075251191854,34.03333525836467,33.354412832974745
2026-01-19 03:00:00,34.4,33.64056669205427,36.08798394560814,33.64056669205427,32.61849415301158
2026-01-19 03:15:00,34.05,33.3668885782361,35.814305831789966,33.3668885782361,32.39299265861979
2026-01-19 03:30:00,33.95,33.13645824253559,35.583875496089455,33.13645824253559,32.20487626284948
2026-01-19 03:45:00,33.39,33.011907191872595,35.45932444542646,33.011907191872595,32.06771873365004
2026-01-19 04:00:00,33.32,32.79213372290134,35.239550976455206,32.79213372290134,31.73784713748879
2026-01-19 04:15:00,33.24,32.7325625950098,35.17997984856367,32.7325625950098,31.735912503696753
2026-01-19 04:30:00,33.43,32.62710304945707,35.074520303010935,32.62710304945707,31.808846379645797
2026-01-19 04:45:00,33.16,32.50691742226481,34.95433467581868,32.50691742226481,31.952944692584133
2026-01-19 05:00:00,33.65,32.4937673561275,34.941184609681365,32.4937673561275,32.05906329000692
2026-01-19 05:15:00,34.41,32.55259929090738,35.000016544461246,32.55259929090738,32.30983941862097
2026-01-19 05:30:00,34.56,32.68826413989067,35.135681393444536,32.68826413989067,32.58831192233336
2026-01-19 05:45:00,34.87,32.84083678603172,35.28825403958559,32.84083678603172,32.87682564153474
2026-01-19 06:00:00,35.37,33.0828591042757,35.530276357829564,33.0828591042757,32.32706589885106
2026-01-19 06:15:00,36.61,33.4779309245944,35.92534817814827,33.4779309245944,32.599819126999265
2026-01-19 06:30:00,36.66,33.964343901276585,36.41176115483045,33.964343901276585,32.861550739987166
2026-01-19 06:45:00,37.25,34.60762388408184,37.055041137635705,34.60762388408184,33.1219700967303
2026-01-19 07:00:00,37.78,35.44998125702143,37.89739851057529,35.44998125702143,34.51778166934994
2026-01-19 07:15:00,37.93,36.16619628846645,38.61361354202032,36.16619628846645,34.83496306412948
2026-01-19 07:30:00,38.02,37.193788946568965,39.64120620012283,37.193788946568965,35.21822107080414
2026-01-19 07:45:00,39.41,38.21560885846615,40.66302611202001,38.21560885846615,35.691268593485866
2026-01-19 08:00:00,40.76,39.29021765202284,41.737634905576705,39.29021765202284,38.958926105277
2026-01-19 08:15:00,43.04,40.341657091677185,42.78907434523105,40.341657091677185,39.652115988271824
2026-01-19 08:30:00,44.71,41.522895653843875,43.97031290739774,41.522895653843875,40.4516514362621
2026-01-19 08:45:00,46.08,42.568946222960946,45.01636347651481,42.568946222960946,41.33610364453157
2026-01-19 09:00:00,47.47,43.643172469139095,46.09058972269296,43.643172469139095,43.65273310489925
2026-01-19 09:15:00,48.64,46.88049559950828,49.327912853062145,46.88049559950828,44.591218039839674
2026-01-19 09:30:00,49.57,47.8035080397129,50.25092529326677,47.8035080397129,45.481943864646645
2026-01-19 09:45:00,50.39,48.64735442519188,51.094771678745744,48.64735442519188,46.27261424495107
2026-01-19 10:00:00,51.2,49.30843880057335,51.755856054127214,49.30843880057335,48.427955556405955
2026-01-19 10:15:00,52.38,49.943058335781096,52.39047558933496,49.943058335781096,48.89066936519437
2026-01-19 10:30:00,52.98,50.45488016247749,52.90229741603135,50.45488016247749,49.15340223501223
2026-01-19 10:45:00,53.1,50.89249045431613,53.33990770787,50.89249045431613,49.216686245787855
2026-01-19 11:00:00,53.23,51.21695970237255,53.664376955926414,51.21695970237255,50.38793114753884
2026-01-19 11:15:00,53.52,51.50296434283256,53.95038159638643,51.50296434283256,50.13062229617774
2026-01-19 11:30:00,53.81,51.67616266846657,54.12357992202043,51.67616266846657,49.78361403518398
2026-01-19 11:45:00,53.97,51.67581731319427,54.12323456674814,51.67581731319427,49.4063622566392
2026-01-19 12:00:00,53.53,51.687883495092386,54.13530074864625,51.687883495092386,49.41596061496185
2026-01-19 12:15:00,52.37,51.79737971246242,54.24479696601629,51.79737971246242,49.15357604629637
2026-01-19 12:30:00,53.37,51.86953771173953,54.3169549652934,51.86953771173953,49.018132992272655
2026-01-19 12:45:00,52.96,51.91707719326019,54.36449444681406,51.91707719326019,49.03509460194097
2026-01-19 13:00:00,53.14,52.20351219952106,54.65092945307492,52.20351219952106,49.02463624027219
2026-01-19 13:15:00,53.47,52.21477343797683,54.6621906915307,52.21477343797683,49.345715353312684
2026-01-19 13:30:00,54.37,52.48700105965137,54.934418313205235,52.48700105965137,49.78243793873968
2026-01-19 13:45:00,54.38,52.625817939639084,55.07323519319295,52.625817939639084,50.29265572827193
2026-01-19 14:00:00,54.45,52.8582659471035,55.30568320065736,52.8582659471035,50.19615487952973
2026-01-19 14:15:00,55.69,53.0470371389389,55.49445439249276,53.0470371389389,50.70842250715632
2026-01-19 14:30:00,56.32,53.22375277519226,55.671170028746126,53.22375277519226,51.15627680162954
2026-01-19 14:45:00,56.34,53.254098877310746,55.70151613086461,53.254098877310746,51.51025312888581
2026-01-19 15:00:00,55.99,53.38557031631469,55.83298756986856,53.38557031631469,51.1099393516662
2026-01-19 15:15:00,56.18,54.67871062815189,57.126127881705756,54.67871062815189,51.250501907537135
2026-01-19 15:30:00,56.54,54.64552729964256,57.092944553196425,54.64552729964256,51.303650713729525
2026-01-19 15:45:00,56.59,54.721744551658624,57.16916180521249,54.721744551658624,51.299727517558104
2026-01-19 16:00:00,56.74,54.70133671164512,57.148753965198985,54.70133671164512,50.817222663823465
2026-01-19 16:15:00,57.01,54.76483957648277,57.21225683003664,54.76483957648277,50.81439408901016
2026-01-19 16:30:00,57.05,54.63440154671669,57.081818800270554,54.63440154671669,50.86742002825836
2026-01-19 16:45:00,56.3,54.630278536081306,57.07769578963517,54.630278536081306,51.00263759746496
2026-01-19 17:00:00,56.12,54.44733853518962,56.89475578874349,54.44733853518962,50.20524717883087
2026-01-19 17:15:00,55.38,54.38159617424011,56.829013427793974,54.38159617424011,50.53043761706121
2026-01-19 17:30:00,55.36,54.224358575344084,56.67177582889795,54.224358575344084,50.93413266528702
2026-01-19 17:45:00,55.25,54.261473640799515,56.70889089435338,54.261473640799515,51.38813303508422
2026-01-19 18:00:00,55.28,54.197011750936504,56.64442900449037,54.197011750936504,50.45640135589175
2026-01-19 18:15:00,55.55,54.377032171487805,56.82444942504167,54.377032171487805,50.89672619986834
2026-01-19 18:30:00,57.01,54.27248781740665,56.719905070960515,54.27248781740665,51.2704373995241
2026-01-19 18:45:00,56.83,54.12832324385643,56.575740497410294,54.12832324385643,51.5439716522603
2026-01-19 19:00:00,56.99,54.04664406538009,56.49406131893396,54.04664406538009,50.99822636101894
2026-01-19 19:15:00,56.45,53.69931761145591,56.146734865009776,53.69931761145591,51.01091762713617
2026-01-19 19:30:00,55.75,53.43963701248168,55.88705426603555,53.43963701248168,50.886721997579
2026-01-19 19:45:00,55.08,52.94752965867519,55.39494691222905,52.94752965867519,50.63628145690517
2026-01-19 20:00:00,54.74,52.60991034448146,55.05732759803533,52.60991034448146,50.512801932767246
2026-01-19 20:15:00,53.2,52.095054704546925,54.54247195810079,52.095054704546925,50.0716473273454
2026-01-19 20:30:00,52.77,51.50884069561958,53.95625794917345,51.50884069561958,49.571897469919676
2026-01-19 20:45:00,52.17,50.956163340210914,53.40358059376478,50.956163340210914,49.035874371109685
2026-01-19 21:00:00,50.68,50.288928984403604,52.73634623795747,50.288928984403604,47.79597484779157
2026-01-19 21:15:00,51.19,48.5209995573759,50.96841681092977,48.5209995573759,47.23156700943232
2026-01-19 21:30:00,50.7,47.98075233519077,50.42816958874464,47.98075233519077,46.66094534533039
2026-01-19 21:45:00,49.76,47.24300705909729,49.69042431265115,47.24300705909729,46.08083868281178
2026-01-19 22:00:00,49.17,46.4174273109436,48.86484456449747,46.4174273109436,45.248282374104555
2026-01-19 22:15:00,47.88,45.75023014724254,48.197647400796406,45.75023014724254,44.62540874340173
2026-01-19 22:30:00,46.98,44.98242302298546,47.42984027653932,44.98242302298546,43.96905052897638
2026-01-19 22:45:00,46.19,44.099615249633786,46.54703250318765,44.099615249633786,43.27531942724148
2026-01-19 23:00:00,44.9,43.25752353459596,45.70494078814983,43.25752353459596,42.07581226497213
2026-01-19 23:15:00,44.2,42.45829439371824,44.905711647272106,42.45829439371824,41.31803443809543
2026-01-19 23:30:00,42.89,41.62860226124525,44.076019514799114,41.62860226124525,40.54525711594507
2026-01-19 23:45:00,41.9,40.79595601290464,43.243373266458505,40.79595601290464,39.77479564467122
2026-01-20 00:00:00,41.37,40.11188558757305,42.559302841126915,40.11188558757305,38.55848384563532
2026-01-20 00:15:00,40.02,39.49925588518381,41.94667313873767,39.49925588518381,37.84943348741444
2026-01-20 00:30:00,39.12,38.81813027769327,41.26554753124714,38.81813027769327,37.19551534492468
2026-01-20 00:45:00,38.37,38.19653329282999,40.643950546383856,38.19653329282999,36.60674751333727
2026-01-20 01:00:00,37.44,37.7526654291153,40.20008268266916,37.7526654291153,35.591029751028174
2026-01-20 01:15:00,37.05,37.187104993760585,39.63452224731445,37.187104993760585,35.13738045603698
2026-01-20 01:30:00,36.55,36.6957680478692,39.14318530142307,36.6957680478692,34.741976768996224
2026-01-20 01:45:00,36.05,36.2051204842329,38.652537737786766,36.2051204842329,34.393309400457134
2026-01-20 02:00:00,35.69,35.8699452227354,38.31736247628927,35.8699452227354,34.435410518528485
2026-01-20 02:15:00,35.13,35.453983393311496,37.90140064686536,35.453983393311496,34.14379630610283
2026-01-20 02:30:00,34.98,35.223936933279035,37.6713541868329,35.223936933279035,33.867574535215454
2026-01-20 02:45:00,34.42,34.92282167136669,37.37023892492056,34.92282167136669,33.604373121349056
2026-01-20 03:00:00,34.2,34.58136492878199,37.02878218233585,34.58136492878199,33.3471097756178
2026-01-20 03:15:00,33.62,33.579113377928735,36.0265306314826,33.579113377928735,33.12516055825686
2026-01-20 03:30:00,33.46,33.37640045940876,35.82381771296262,33.37640045940876,32.94028320603259
2026-01-20 03:45:00,33.3,33.286116621494294,35.73353387504816,33.286116621494294,32.806048878088546
2026-01-20 04:00:00,33.0,33.1320921549201,35.57950940847397,33.1320921549201,32.14913584185378
2026-01-20 04:15:00,33.02,33.10094907909632,35.54836633265018,33.10094907909632,32.14948577473003
2026-01-20 04:30:00,32.76,33.03567161947488,35.48308887302875,33.03567161947488,32.22438186807177
2026-01-20 04:45:00,33.08,32.97028922498226,35.417706478536125,32.97028922498226,32.37011832719262
2026-01-20 05:00:00,32.96,33.003360977172846,35.45077823072671,33.003360977172846,31.656190506741464
2026-01-20 05:15:00,33.55,33.126351287662985,35.57376854121685,33.126351287662985,31.907952382402726
2026-01-20 05:30:00,33.96,33.33209270626306,35.77950995981693,33.33209270626306,32.18708276398188
2026-01-20 05:45:00,34.64,33.52535484492778,35.97277209848165,33.52535484492778,32.47592568735632
2026-01-20 06:00:00,35.09,33.81798765003681,36.26540490359068,33.81798765003681,32.45009210854376
2026-01-20 06:15:00,36.09,34.34102688163519,36.78844413518905,34.34102688163519,32.722515712347295
2026-01-20 06:30:00,36.14,34.90544631630182,37.352863569855685,34.90544631630182,32.98358801503888
2026-01-20 06:45:00,36.97,35.55956646978855,38.006983723342415,35.55956646978855,33.2430185085732
2026-01-20 07:00:00,37.06,36.4286211335659,38.87603838711976,36.4286211335659,33.62783456377788
2026-01-20 07:15:00,37.64,37.138023368120194,39.58544062167406,37.138023368120194,33.94336933329669
2026-01-20 07:30:00,37.74,38.14580458819866,40.59322184175252,38.14580458819866,34.324652978944044
2026-01-20 07:45:00,38.48,39.11790795207023,41.5653252056241,39.11790795207023,34.79539948455901
2026-01-20 08:00:00,39.59,40.14292638510465,42.59034363865852,40.14292638510465,37.96146839261701
2026-01-20 08:15:00,41.88,41.106426417827606,43.55384367138147,41.106426417827606,38.65170813084687
2026-01-20 08:30:00,43.36,42.17610327243805,44.623520525991914,42.17610327243805,39.44797143475376
2026-01-20 08:45:00,45.09,43.108612982630724,45.55603023618459,43.108612982630724,40.32883152345474
2026-01-20 09:00:00,46.66,44.03755490720272,46.484972160756584,44.03755490720272,42.71131113008768
2026-01-20 09:15:00,48.37,45.34437660098075,47.79179385453462,45.34437660098075,43.64557100185266
2026-01-20 09:30:00,49.24,46.20450781583786,48.65192506939172,46.20450781583786,44.531759260521405
2026-01-20 09:45:00,50.16,47.01334580302238,49.46076305657625,47.01334580302238,45.31758252670598
2026-01-20 10:00:00,51.22,47.6389993840456,50.08641663759946,47.6389993840456,47.58758233128668
2026-01-20 10:15:00,51.98,48.24604362905025,50.693460882604114,48.24604362905025,48.04483970721675
2026-01-20 10:30:00,52.56,48.72100010871887,51.168417362272734,48.72100010871887,48.30181682676027
2026-01-20 10:45:00,52.97,49.142184772491454,51.58960202604532,49.142184772491454,48.35904963028644
2026-01-20 11:00:00,53.48,49.439546288251876,51.88696354180574,49.439546288251876,49.64488505649832
2026-01-20 11:15:00,53.48,49.70861523747444,52.156032491028306,49.70861523747444,49.38094654670889
2026-01-20 11:30:00,53.17,49.90274474918842,52.35016200274229,49.90274474918842,49.02702606864568
2026-01-20 11:45:00,53.01,49.904755779504775,52.35217303305864,49.904755779504775,48.642584244188825
2026-01-20 12:00:00,52.41,49.90285632550716,52.350273579061025,49.90285632550716,48.88546474873017
2026-01-20 12:15:00,52.13,49.98585848033428,52.433275733888145,49.98585848033428,48.61534950669427
2026-01-20 12:30:00,51.56,50.06445337057113,52.511870624124995,50.06445337057113,48.47191339261573
2026-01-20 12:45:00,52.07,50.09716648459434,52.544583738148205,50.09716648459434,48.48062510908553
2026-01-20 13:00:00,52.61,50.394809597730635,52.8422268512845,50.394809597730635,48.712066496515384
2026-01-20 13:15:00,53.59,50.36471587061882,52.81213312417268,50.36471587061882,49.02439949724827
2026-01-20 13:30:00,54.14,50.65423782169818,53.10165507525205,50.65423782169818,49.45213696786307
2026-01-20 13:45:00,54.81,50.75879014551639,53.20620739907026,50.75879014551639,49.95313696101568
2026-01-20 14:00:00,55.56,50.97400226831436,53.42141952186822,50.97400226831436,50.5935785840448
2026-01-20 14:15:00,54.39,51.183173330426214,53.63059058398008,51.183173330426214,51.09618273637233
2026-01-20 14:30:00,54.58,51.33514027655124,53.78255753010511,51.33514027655124,51.53416090899621
2026-01-20 14:45:00,54.38,51.35360615730285,53.801023410856715,51.35360615730285,51.87805548963409
2026-01-20 15:00:00,54.49,51.47172297358512,53.91914022713899,51.47172297358512,51.82150303904944
2026-01-20 15:15:00,55.72,53.3358710360527,55.78328828960657,53.3358710360527,51.951594313336166
2026-01-20 15:30:00,56.95,53.32009095668792,55.767508210241786,53.32009095668792,51.99408824109197
2026-01-20 15:45:00,57.51,53.42664368450641,55.874060938060275,53.42664368450641,51.97933421718718
2026-01-20 16:00:00,57.21,53.44096795856952,55.88838521212339,53.44096795856952,51.00564332576586
2026-01-20 16:15:00,57.12,53.5037827694416,55.951200022995465,53.5037827694416,50.991655537086714
2026-01-20 16:30:00,56.92,53.39335940599441,55.840776659548276,53.39335940599441,51.03337009742419
2026-01-20 16:45:00,56.19,53.39772150874138,55.84513876229524,53.39772150874138,51.157132313319835
2026-01-20 17:00:00,56.06,53.20492294311523,55.652340196669094,53.20492294311523,49.744627073523276
2026-01-20 17:15:00,54.96,53.13296153068542,55.58037878423929,53.13296153068542,50.058099264021514
2026-01-20 17:30:00,54.99,53.00543511152267,55.45285236507654,53.00543511152267,50.4499573712241
2026-01-20 17:45:00,55.5,53.007613506317135,55.455030759871,53.007613506317135,50.8920107510575
2026-01-20 18:00:00,55.91,52.94871183633804,55.39612908989191,52.94871183633804,48.521329271550876
2026-01-20 18:15:00,56.1,53.11149105906486,55.558908312618726,53.11149105906486,48.94951334830718
2026-01-20 18:30:00,57.58,52.97944314241409,55.42686039596796,52.97944314241409,49.31100023134676
2026-01-20 18:45:00,57.97,52.879340588450425,55.32675784200429,52.879340588450425,49.57223562010844
2026-01-20 19:00:00,57.01,52.80422581672668,55.251643070280544,52.80422581672668,49.59942688523999
2026-01-20 19:15:00,56.58,52.486982463598245,54.93439971715211,52.486982463598245,49.59969748759619
2026-01-20 19:30:00,55.72,52.281065710783004,54.72848296433687,52.281065710783004,49.463034070511426
2026-01-20 19:45:00,55.71,51.83775705695152,54.28517431050538,51.83775705695152,49.200087877901
2026-01-20 20:00:00,54.56,51.545474920272824,53.99289217382669,51.545474920272824,48.794660691370126
2026-01-20 20:15:00,53.92,51.11484611809253,53.562263371646395,51.11484611809253,48.34095266892177
2026-01-20 20:30:00,53.33,50.575281636714934,53.0226988902688,50.575281636714934,47.82863957042457
2026-01-20 20:45:00,52.47,50.083639184236524,52.53105643779039,50.083639184236524,47.28005281909453
2026-01-20 21:00:00,51.92,49.47263132333755,51.92004857689142,49.47263132333755,46.96581993556842
2026-01-20 21:15:00,51.0,47.80655513584613,50.2539723894,47.80655513584613,46.388875939011896
2026-01-20 21:30:00,50.36,47.30059637904167,49.74801363259554,47.30059637904167,45.805746046171926
2026-01-20 21:45:00,49.88,46.6782183599472,49.12563561350107,46.6782183599472,45.213168543504
2026-01-20 22:00:00,49.09,45.92050623595714,48.36792348951101,45.92050623595714,44.835344210218125
2026-01-20 22:15:00,47.97,45.30075557351112,47.748172827064984,45.30075557351112,44.20010286686265
2026-01-20 22:30:00,47.88,44.58423902034759,47.031656273901454,44.58423902034759,43.531442647965946
2026-01-20 22:45:00,46.76,43.75928489655256,46.20670215010642,43.75928489655256,42.82548464863577
2026-01-20 23:00:00,45.45,42.92876391142607,45.37618116497993,42.92876391142607,42.299947226590746
2026-01-20 23:15:00,44.52,42.15841045618057,44.605827709734434,42.15841045618057,41.5301207756788
2026-01-20 23:30:00,44.06,41.38339071989059,43.83080797344446,41.38339071989059,40.745397911707904
2026-01-20 23:45:00,43.65,40.5494214951992,42.99683874875306,40.5494214951992,39.96310321134635
2026-01-21 00:00:00,42.27,39.873773753643036,42.3211910071969,39.873773753643036,38.84576988372254
2026-01-21 00:15:00,41.56,39.27979323595762,41.727210489511485,39.27979323595762,38.12513836927716
2026-01-21 00:30:00,40.76,38.54862963438034,40.996046887934206,38.54862963438034,37.45977869390183
2026-01-21 00:45:00,40.44,37.94849647969007,40.39591373324394,37.94849647969007,36.85971790834341
2026-01-21 01:00:00,39.66,37.51701093077659,39.96442818433046,37.51701093077659,35.97892074417004
2026-01-21 01:15:00,39.39,36.907092267274855,39.35450952082872,36.907092267274855,35.51430217339392
2026-01-21 01:30:00,39.05,36.46326558053493,38.910682834088796,36.46326558053493,35.1081041205595
2026-01-21 01:45:00,38.6,35.95723111122847,38.40464836478233,35.95723111122847,34.74882587445086
2026-01-21 02:00:00,37.98,35.61416315346956,38.06158040702343,35.61416315346956,34.047334674686056
2026-01-21 02:15:00,37.33,35.232273278236384,37.67969053179025,35.232273278236384,33.74550184703993
2026-01-21 02:30:00,36.86,34.996252171993255,37.44366942554712,34.996252171993255,33.45926999636637
2026-01-21 02:45:00,36.44,34.699704897701736,37.1471221512556,34.699704897701736,33.186275138742204
2026-01-21 03:00:00,35.91,34.349436282515526,36.79685353606939,34.349436282515526,31.65878607764819
2026-01-21 03:15:00,36.19,34.49589614033699,36.943313393890854,34.49589614033699,31.427500446804864
2026-01-21 03:30:00,35.88,34.30120077729225,36.74861803084612,34.30120077729225,31.2335267893904
2026-01-21 03:45:00,35.16,34.23071376621723,36.678131019771094,34.23071376621723,31.090443793533844
2026-01-21 04:00:00,35.03,34.08154286950826,36.52896012306213,34.08154286950826,30.384540754047716
2026-01-21 04:15:00,34.98,34.05314536809921,36.500562621653074,34.05314536809921,30.376559246640053
2026-01-21 04:30:00,34.55,33.98026743590832,36.42768468946218,33.98026743590832,30.443393160319108
2026-01-21 04:45:00,34.6,33.918119426369664,36.36553667992353,33.918119426369664,30.58134356943921
2026-01-21 05:00:00,35.06,33.93306799650192,36.380485250055784,33.93306799650192,31.122547305911013
2026-01-21 05:15:00,35.63,34.02514369696379,36.472560950517654,34.02514369696379,31.367095281805994
2026-01-21 05:30:00,35.71,34.22071440279483,36.6681316563487,34.22071440279483,31.639307413961998
2026-01-21 05:45:00,35.91,34.390953299403186,36.83837055295705,34.390953299403186,31.921533866688996
2026-01-21 06:00:00,36.48,34.61516856849193,37.0625858220458,34.61516856849193,32.10873226149938
2026-01-21 06:15:00,36.96,35.06707922518253,37.5144964787364,35.06707922518253,32.37516054660945
2026-01-21 06:30:00,37.94,35.538741546869275,37.98615880042314,35.538741546869275,32.63055649711065
2026-01-21 06:45:00,38.4,36.11164476662874,38.55906202018261,36.11164476662874,32.884634920416325
2026-01-21 07:00:00,37.98,36.887173237800596,39.33459049135446,36.887173237800596,34.608451307324714
2026-01-21 07:15:00,38.56,37.482681288421155,39.93009854197502,37.482681288421155,34.91929765948814
2026-01-21 07:30:00,38.33,38.40456069767475,40.85197795122861,38.40456069767475,35.2962318203753
2026-01-21 07:45:00,39.18,39.26109091967344,41.70850817322731,39.26109091967344,35.762972212787275
2026-01-21 08:00:00,40.56,40.155569044649596,42.60298629820346,40.155569044649596,37.84407537945742
2026-01-21 08:15:00,42.3,41.04582320898771,43.49324046254158,41.04582320898771,38.53100815107154
2026-01-21 08:30:00,44.32,42.01166634440422,44.459083597958085,42.01166634440422,39.32431979794367
2026-01-21 08:45:00,45.38,42.86544966369867,45.312866917252535,42.86544966369867,40.20258704858871
2026-01-21 09:00:00,46.29,43.72305314362049,46.170470397174356,43.72305314362049,42.28167589766736
2026-01-21 09:15:00,47.74,45.18155487298965,47.628972126543516,45.18155487298965,43.214070136350486
2026-01-21 09:30:00,48.91,45.997517805099484,48.44493505865335,45.997517805099484,44.09876066209769
2026-01-21 09:45:00,50.05,46.79863046050071,49.246047714054576,46.79863046050071,44.88345663140115
2026-01-21 10:00:00,51.38,47.40352287650108,49.850940130054944,47.40352287650108,46.91550216140672
2026-01-21 10:15:00,52.01,47.996529757976525,50.44394701153039,47.996529757976525,47.372379726692444
2026-01-21 10:30:00,52.38,48.471733299493785,50.91915055304765,48.471733299493785,47.62935358323547
2026-01-21 10:45:00,52.84,48.89996586740016,51.34738312095403,48.89996586740016,47.686961203394254
2026-01-21 11:00:00,53.28,49.213521888852114,51.66093914240598,49.213521888852114,48.274974074387664
2026-01-21 11:15:00,53.45,49.49117955803871,51.938596811592575,49.49117955803871,48.0121701166516
2026-01-21 11:30:00,53.43,49.72678358137607,52.174200834929934,49.72678358137607,47.65976533384154
2026-01-21 11:45:00,53.61,49.75564199924469,52.20305925279855,49.75564199924469,47.27722085506322
2026-01-21 12:00:00,53.08,49.771477866768834,52.2188951203227,49.771477866768834,47.57391767444641
2026-01-21 12:15:00,52.35,49.87050716280937,52.31792441636323,49.87050716280937,47.30646356827206
2026-01-21 12:30:00,51.55,49.96772732853889,52.41514458209276,49.96772732853889,47.16607021278077
2026-01-21 12:45:00,51.64,49.99666810035705,52.444085353910914,49.99666810035705,47.17820578445617
2026-01-21 13:00:00,52.13,50.29202124238014,52.739438495934,50.29202124238014,46.94607220068798
2026-01-21 13:15:00,53.14,50.267957949638365,52.71537520319223,50.267957949638365,47.26258863819003
2026-01-21 13:30:00,53.41,50.543625841140745,52.99104309469461,50.543625841140745,47.6948875152705
2026-01-21 13:45:00,53.45,50.633136614561074,53.08055386811494,50.633136614561074,48.200825328109715
2026-01-21 14:00:00,54.39,50.83566357254982,53.283080826103685,50.83566357254982,49.002291119321995
2026-01-21 14:15:00,54.78,51.03624060153961,53.483657855093476,51.03624060153961,49.51058022717017
2026-01-21 14:30:00,54.34,51.16074383378029,53.60816108733415,51.16074383378029,49.95461356973441
2026-01-21 14:45:00,54.54,51.17448897361755,53.621906227171415,51.17448897361755,50.304930963365486
2026-01-21 15:00:00,54.99,51.288023191094396,53.73544044464826,51.288023191094396,48.950864669117585
2026-01-21 15:15:00,54.96,52.53891858339309,54.98633583694696,52.53891858339309,49.08810532898414
2026-01-21 15:30:00,54.53,52.53815880179405,54.98557605534791,52.53815880179405,49.13810707748872
2026-01-21 15:45:00,54.66,52.653491523265835,55.1009087768197,52.653491523265835,49.131215749383266
2026-01-21 16:00:00,55.23,52.68218788981437,55.12960514336824,52.68218788981437,48.61444852065004
2026-01-21 16:15:00,55.6,52.73768913865089,55.18510639220476,52.73768913865089,48.60902153345531
2026-01-21 16:30:00,55.6,52.62753143310547,55.07494868665933,52.62753143310547,48.659639650321644
2026-01-21 16:45:00,55.72,52.64542349278926,55.09284074634313,52.64542349278926,48.79264366732747
2026-01-21 17:00:00,54.84,52.452784321904176,54.90020157545804,52.452784321904176,48.27749847125749
2026-01-21 17:15:00,54.45,52.381991804242126,54.82940905779599,52.381991804242126,48.60087450138412
2026-01-21 17:30:00,54.55,52.281039144992825,54.72845639854669,52.281039144992825,49.00295979135459
2026-01-21 17:45:00,54.92,52.285480945110315,54.73289819866418,52.285480945110315,49.45555828447077
2026-01-21 18:00:00,55.09,52.215028469562526,54.66244572311639,52.215028469562526,48.483029194651806
2026-01-21 18:15:00,55.71,52.35966857075691,54.807085824310775,52.35966857075691,48.92237714676533
2026-01-21 18:30:00,56.71,52.21958184599876,54.666999099552626,52.21958184599876,49.295328314861955
2026-01-21 18:45:00,56.91,52.1396161609888,54.58703341454267,52.1396161609888,49.56832214370647
2026-01-21 19:00:00,56.26,52.052663673162456,54.50008092671632,52.052663673162456,50.29306387152406
2026-01-21 19:15:00,55.9,51.76010525226592,54.20752250581979,51.76010525226592,50.3056616626603
2026-01-21 19:30:00,55.42,51.57349651575088,54.02091376930475,51.57349651575088,50.18159964118728
2026-01-21 19:45:00,54.72,51.148390741348265,53.59580799490213,51.148390741348265,49.931522022208576
2026-01-21 20:00:00,52.97,50.870714476108546,53.31813172966241,50.870714476108546,50.04044212798568
2026-01-21 20:15:00,52.93,50.48423801720142,52.931655270755286,50.48423801720142,49.600115227654186
2026-01-21 20:30:00,52.37,49.965097315311425,52.41251456886529,49.965097315311425,49.10142827363701
2026-01-21 20:45:00,52.25,49.49328091204166,51.94069816559553,49.49328091204166,48.5667049637308
2026-01-21 21:00:00,51.67,48.91699188232422,51.364409135878084,48.91699188232422,48.01557696309156
2026-01-21 21:15:00,50.89,47.77538018107414,50.222797434628006,47.77538018107414,47.452947189022126
2026-01-21 21:30:00,50.42,47.28907479584217,49.736492049396034,47.28907479584217,46.88434469705335
2026-01-21 21:45:00,49.52,46.745302293300625,49.19271954685449,46.745302293300625,46.306499437688636
2026-01-21 22:00:00,48.8,46.04106976151466,48.48848701506853,46.04106976151466,45.13786155138558
2026-01-21 22:15:00,48.33,45.44738545238971,47.894802705943576,45.44738545238971,44.517736579968826
2026-01-21 22:30:00,47.24,44.76887391865253,47.2162911722064,44.76887391865253,43.8643717602828
2026-01-21 22:45:00,46.04,43.995509231090544,46.44292648464441,43.995509231090544,43.173879332211264
2026-01-21 23:00:00,45.15,43.18661412745714,45.634031381011006,43.18661412745714,42.337110464528564
2026-01-21 23:15:00,44.25,42.43599241286516,44.88340966641903,42.43599241286516,41.58306291399769
2026-01-21 23:30:00,43.32,41.71607676684856,44.163494020402425,41.71607676684856,40.814261896725874
2026-01-21 23:45:00,42.31,40.897313800454135,43.344731054008,40.897313800454135,40.04802271333727
2026-01-22 00:00:00,41.43,40.23191514074802,42.67933239430189,40.23191514074802,39.07059050526795
2026-01-22 00:15:00,40.58,39.659305472970004,42.10672272652387,39.659305472970004,38.366253672374526
2026-01-22 00:30:00,39.66,38.92902119904756,41.37643845260143,38.92902119904756,37.717294013307736
2026-01-22 00:45:00,39.18,38.34839663237333,40.795813885927195,38.34839663237333,37.13372898496775
2026-01-22 01:00:00,38.42,37.91921832233667,40.366635575890534,37.91921832233667,35.783750233164824
2026-01-22 01:15:00,38.23,37.31350767999887,39.76092493355274,37.31350767999887,35.33578987472795
2026-01-22 01:30:00,37.39,36.8988156953454,39.346232948899264,36.8988156953454,34.94631664233229
2026-01-22 01:45:00,37.43,36.3822784408927,38.82969569444656,36.3822784408927,34.60382001868992
2026-01-22 02:00:00,36.82,36.05543022632599,38.502847479879854,36.05543022632599,34.28395509709837
2026-01-22 02:15:00,35.68,35.69048268377781,38.137899937331674,35.69048268377781,33.99898793940896
2026-01-22 02:30:00,35.79,35.45637165784836,37.90378891140222,35.45637165784836,33.729648951981844
2026-01-22 02:45:00,35.22,35.15568676173687,37.60310401529073,35.15568676173687,33.47356424040996
2026-01-22 03:00:00,34.95,34.81423267573118,37.26164992928505,34.81423267573118,32.865880698651786
2026-01-22 03:15:00,34.78,33.79839936465025,36.24581661820412,33.79839936465025,32.65151001883879
2026-01-22 03:30:00,34.32,33.59926087319851,36.046678126752376,33.59926087319851,32.47443883661565
2026-01-22 03:45:00,34.03,33.54554218888283,35.99295944243669,33.54554218888283,32.34823593423894
2026-01-22 04:00:00,34.15,33.40734694838524,35.854764201939105,33.40734694838524,31.814176603754426
2026-01-22 04:15:00,34.16,33.37823748379945,35.82565473735332,33.37823748379945,31.823000787170997
2026-01-22 04:30:00,33.85,33.308218030631544,35.75563528418541,33.308218030631544,31.906588427390417
2026-01-22 04:45:00,34.06,33.245611761212345,35.69302901476621,33.245611761212345,32.061230805324186
2026-01-22 05:00:00,33.99,33.255925929248335,35.7033431828022,33.255925929248335,32.285863217909004
2026-01-22 05:15:00,34.64,33.342930220365524,35.79034747391939,33.342930220365524,32.54695045412904
2026-01-22 05:30:00,34.92,33.55630930364132,36.003726557195186,33.55630930364132,32.835611005420276
2026-01-22 05:45:00,35.23,33.71846157371998,36.16587882727384,33.71846157371998,33.13418546235085
2026-01-22 06:00:00,36.23,33.94016504734754,36.38758230090141,33.94016504734754,33.20477889256428
2026-01-22 06:15:00,36.84,34.388616838157176,36.83603409171104,34.388616838157176,33.48732592163478
2026-01-22 06:30:00,37.1,34.878153951764105,37.32557120531797,34.878153951764105,33.75871193240603
2026-01-22 06:45:00,37.76,35.455744705200196,37.90316195875406,35.455744705200196,34.02864248154164
2026-01-22 07:00:00,38.06,36.22654845058918,38.67396570414304,36.22654845058918,33.69491800796827
2026-01-22 07:15:00,38.59,36.831144658029075,39.27856191158294,36.831144658029075,34.02131325685508
2026-01-22 07:30:00,38.76,37.7576810503006,40.20509830385446,37.7576810503006,34.41363123135915
2026-01-22 07:45:00,39.69,38.61690504342317,41.06432229697704,38.61690504342317,34.89558152588472
2026-01-22 08:00:00,41.21,39.54005296915769,41.98747022271156,39.54005296915769,37.403239582597365
2026-01-22 08:15:00,43.07,40.42485583335161,42.87227308690547,40.42485583335161,38.1050084365263
2026-01-22 08:30:00,44.5,41.4208471557498,43.86826440930366,41.4208471557498,38.9129565163875
2026-01-22 08:45:00,45.69,42.29114111363887,44.73855836719274,42.29114111363887,39.805652238298954
2026-01-22 09:00:00,46.54,43.16110167086124,45.60851892441511,43.16110167086124,42.36979542610389
2026-01-22 09:15:00,48.2,44.72765178203583,47.175069035589694,44.72765178203583,43.31617785675664
2026-01-22 09:30:00,48.23,45.57424241364002,48.02165966719389,45.57424241364002,44.21462455859481
2026-01-22 09:45:00,49.66,46.38386409163475,48.831281345188614,46.38386409163475,45.01283698070544
2026-01-22 10:00:00,50.36,46.99508979201317,49.442507045567034,46.99508979201317,47.19099474852194
2026-01-22 10:15:00,51.2,47.59283335387706,50.04025060743093,47.59283335387706,47.660886858921
2026-01-22 10:30:00,52.13,48.06147780179977,50.50889505535363,48.06147780179977,47.930613418671356
2026-01-22 10:45:00,51.91,48.47945597469806,50.92687322825193,48.47945597469806,48.000704876991364
2026-01-22 11:00:00,52.41,48.77781902074813,51.225236274302,48.77781902074813,48.433668135813626
2026-01-22 11:15:00,52.57,49.039720519781106,51.48713777333497,49.039720519781106,48.182789953378986
2026-01-22 11:30:00,53.0,49.28670798420906,51.734125237762925,49.28670798420906,47.842022126054054
2026-01-22 11:45:00,52.81,49.29137028038502,51.73878753393888,49.29137028038502,47.470819516700466
2026-01-22 12:00:00,53.02,49.305033066272735,51.7524503198266,49.305033066272735,47.55567094060541
2026-01-22 12:15:00,51.99,49.39428083837032,51.84169809192419,49.39428083837032,47.29895053304307
2026-01-22 12:30:00,51.47,49.505110658407204,51.95252791196107,49.505110658407204,47.16897820116872
2026-01-22 12:45:00,51.34,49.537983167171475,51.98540042072534,49.537983167171475,47.19121667416836
2026-01-22 13:00:00,52.76,49.84101647913455,52.28843373268842,49.84101647913455,47.890184695267415
2026-01-22 13:15:00,52.99,49.82807362616062,52.27549087971448,49.82807362616062,48.21615230404109
2026-01-22 13:30:00,53.37,50.10987290203571,52.55729015558958,50.10987290203571,48.65756918057768
2026-01-22 13:45:00,53.82,50.19708042144775,52.64449767500162,50.19708042144775,49.172287245562245
2026-01-22 14:00:00,53.6,50.42384069323539,52.87125794678926,50.42384069323539,48.434153875766754
2026-01-22 14:15:00,53.05,50.62635702490806,53.073774278461926,50.62635702490806,48.9505349167765
2026-01-22 14:30:00,53.33,50.76725400626659,53.214671259820456,50.76725400626659,49.40231007836885
2026-01-22 14:45:00,52.81,50.777774059176444,53.22519131273031,50.777774059176444,49.760015515026595
2026-01-22 15:00:00,52.57,50.89192991614341,53.33934716969728,50.89192991614341,47.92890414614386
2026-01-22 15:15:00,52.48,52.407864227294915,54.85528148084878,52.407864227294915,48.07281525032516
2026-01-22 15:30:00,52.24,52.431220870018,54.87863812357187,52.431220870018,48.1291240932671
2026-01-22 15:45:00,52.11,52.53926925182342,54.986686505377286,52.53926925182342,48.128173793727655
2026-01-22 16:00:00,51.31,52.55492712855339,55.00234438210725,52.55492712855339,48.64243473201626
2026-01-22 16:15:00,51.4,52.63141269505024,55.0788299486041,52.63141269505024,48.64220945517704
2026-01-22 16:30:00,51.85,52.51348980903625,54.96090706259012,52.51348980903625,48.69765651304525
2026-01-22 16:45:00,52.04,52.53760623335838,54.98502348691225,52.53760623335838,48.83511495162844
2026-01-22 17:00:00,51.75,52.36141659975051,54.80883385330438,52.36141659975051,46.74510032670687
2026-01-22 17:15:00,51.0,52.28966240048408,54.73707965403795,52.28966240048408,47.07217746264972
2026-01-22 17:30:00,51.41,52.21464060902595,54.662057862579815,52.21464060902595,47.477585549737796
2026-01-22 17:45:00,52.24,52.24812413096428,54.695541384518144,52.24812413096428,47.93312775555695
2026-01-22 18:00:00,52.59,52.16471817612648,54.61213542968034,52.16471817612648,46.83121754598211
2026-01-22 18:15:00,53.18,52.32036714076995,54.76778439432382,52.32036714076995,47.27274969009652
2026-01-22 18:30:00,54.09,52.19140351235866,54.63882076591253,52.19140351235866,47.64750510024128
2026-01-22 18:45:00,54.88,52.09641487300396,54.543832126557824,52.09641487300396,47.92192341737616
2026-01-22 19:00:00,55.18,52.012639653682704,54.46005690723657,52.012639653682704,48.925761531066776
2026-01-22 19:15:00,53.7,51.715915716886514,54.16333297044038,51.715915716886514,48.93902585683895
2026-01-22 19:30:00,53.35,51.51814934849739,53.965566602051254,51.51814934849739,48.815252649269546
2026-01-22 19:45:00,53.19,51.075642981529235,53.5230602350831,51.075642981529235,48.565087278158096
2026-01-22 20:00:00,52.94,50.77539110779762,53.22280836135148,50.77539110779762,47.60322862270446
2026-01-22 20:15:00,51.53,50.37930048942565,52.82671774297952,50.37930048942565,47.16206524418511
2026-01-22 20:30:00,51.29,49.8229358023405,52.27035305589437,49.8229358023405,46.66217011915776
2026-01-22 20:45:00,50.84,49.330722185373304,51.77813943892717,49.330722185373304,46.12586903292007
2026-01-22 21:00:00,50.7,48.73644014596939,51.183857399523255,48.73644014596939,45.8620667621801
2026-01-22 21:15:00,49.48,46.49857783019542,48.94599508374929,46.49857783019542,45.29712717487202
2026-01-22 21:30:00,49.01,46.00433990001678,48.45175715357065,46.00433990001678,44.72585288653115
2026-01-22 21:45:00,47.98,45.380027891397475,47.82744514495134,45.380027891397475,44.14497683292743
2026-01-22 22:00:00,47.31,44.600271474719044,47.04768872827291,44.600271474719044,43.58537461876657
2026-01-22 22:15:00,46.58,44.01548670530319,46.462903958857055,44.01548670530319,42.96151068061686
2026-01-22 22:30:00,45.65,43.25509542137384,45.7025126749277,43.25509542137384,42.30405814528713
2026-01-22 22:45:00,44.49,42.455609920620915,44.90302717417478,42.455609920620915,41.60913308953381
2026-01-22 23:00:00,43.5,41.63439227521419,44.081809528768055,41.63439227521419,40.98263759152513
2026-01-22 23:15:00,42.47,40.85004263341427,43.297459886968134,40.85004263341427,40.223479914028516
2026-01-22 23:30:00,41.47,40.13239570587873,42.579812959432594,40.13239570587873,39.44923658110422
2026-01-22 23:45:00,41.05,39.389637465178964,41.83705471873283,39.389637465178964,38.67722752614252
2026-01-23 00:00:00,40.02,38.644834986925126,41.09225224047899,38.644834986925126,38.69736936995032
2026-01-23 00:15:00,39.48,38.04196289926767,40.48938015282154,38.04196289926767,37.98662220556889
2026-01-23 00:30:00,38.73,37.33085779756308,39.77827505111694,37.33085779756308,37.330939677257426
2026-01-23 00:45:00,38.06,36.697822911739344,39.14524016529321,36.697822911739344,36.7403446062335
2026-01-23 01:00:00,37.15,36.29564474254846,38.74306199610233,36.29564474254846,35.51942260467733
2026-01-23 01:15:00,36.91,35.664681988358495,38.11209924191236,35.664681988358495,35.06383463489482
2026-01-23 01:30:00,36.61,35.27114168584347,37.71855893939733,35.27114168584347,34.66644372564593
2026-01-23 01:45:00,35.83,34.75862117886543,37.2060384324193,34.75862117886543,34.315745383765325
2026-01-23 02:00:00,35.6,34.368112033009524,36.81552928656339,34.368112033009524,33.42667706498788
2026-01-23 02:15:00,35.25,34.030840730667116,36.47825798422098,34.030840730667116,33.132958785942755
2026-01-23 02:30:00,34.89,33.797334076464175,36.24475133001804,33.797334076464175,32.854603605600154
2026-01-23 02:45:00,34.36,33.509255976080894,35.95667322963476,33.509255976080894,32.58924423428044
2026-01-23 03:00:00,33.86,33.17597485542297,35.62339210897684,33.17597485542297,32.097058706697396
2026-01-23 03:15:00,33.33,32.65608898311853,35.103506236672395,32.65608898311853,31.87291677019718
2026-01-23 03:30:00,33.31,32.470329023599625,34.91774627715349,32.470329023599625,31.685836448998252
2026-01-23 03:45:00,32.94,32.42774406194687,34.87516131550073,32.42774406194687,31.549393625129582
2026-01-23 04:00:00,32.66,32.29472184494138,34.742139098495244,32.29472184494138,31.36803406839052
2026-01-23 04:15:00,32.56,32.291283567547794,34.73870082110166,32.291283567547794,31.36617849857324
2026-01-23 04:30:00,32.48,32.23043595343828,34.67785320699215,32.23043595343828,31.438877538651447
2026-01-23 04:45:00,32.57,32.18967473328114,34.637091986835,32.18967473328114,31.582429974542535
2026-01-23 05:00:00,32.67,32.229884049147365,34.67730130270123,32.229884049147365,32.3685944262921
2026-01-23 05:15:00,33.3,32.33079752385616,34.77821477741003,32.33079752385616,32.61821189154528
2026-01-23 05:30:00,33.53,32.57142380982637,35.018841063380236,32.57142380982637,32.89522434033335
2026-01-23 05:45:00,33.96,32.77064199864864,35.21805925220251,32.77064199864864,33.181980178900886
2026-01-23 06:00:00,34.82,33.009680978655815,35.45709823220968,33.009680978655815,33.46812438150742
2026-01-23 06:15:00,35.86,33.45737697273493,35.90479422628879,33.45737697273493,33.73853545241604
2026-01-23 06:30:00,36.24,33.986915524899956,36.43433277845382,33.986915524899956,33.997638788196994
2026-01-23 06:45:00,36.57,34.59091400206089,37.03833125561476,34.59091400206089,34.25514797555941
2026-01-23 07:00:00,37.1,35.399749332666396,37.84716658622026,35.399749332666396,34.36332773622284
2026-01-23 07:15:00,37.82,36.037718814015385,38.48513606756925,36.037718814015385,34.6770484871149
2026-01-23 07:30:00,37.68,37.017372175455094,39.46478942900896,37.017372175455094,35.05657757210736
2026-01-23 07:45:00,38.81,37.92362558692693,40.3710428404808,37.92362558692693,35.52563273247708
2026-01-23 08:00:00,40.48,38.8970386442542,41.34445589780807,38.8970386442542,39.29789484645451
2026-01-23 08:15:00,42.45,39.83690575003624,42.2843230035901,39.83690575003624,39.986580564785626
2026-01-23 08:30:00,43.66,40.893829697072505,43.34124695062637,40.893829697072505,40.78136376150026
2026-01-23 08:45:00,45.54,41.8078775113821,44.25529476493597,41.8078775113821,41.66082101813782
2026-01-23 09:00:00,46.77,42.73796043664217,45.185377690196034,42.73796043664217,43.977794717182135
2026-01-23 09:15:00,47.65,45.2527990090847,47.70021626263856,45.2527990090847,44.910815963519205
2026-01-23 09:30:00,48.45,46.12678694009781,48.574204193651674,46.12678694009781,45.79585230477275
2026-01-23 09:45:00,49.31,46.89988331317901,49.347300566732876,46.89988331317901,46.58061327657947
2026-01-23 10:00:00,50.29,47.49355965256691,49.940976906120774,47.49355965256691,48.25858396437613
2026-01-23 10:15:00,51.17,48.067417912483215,50.51483516603708,48.067417912483215,48.71496655941422
2026-01-23 10:30:00,51.74,48.50256555557251,50.949982809126375,48.50256555557251,48.971166541426896
2026-01-23 10:45:00,51.34,48.87998839318752,51.32740564674138,48.87998839318752,49.02772227272111
2026-01-23 11:00:00,51.92,49.153440697789186,51.60085795134305,49.153440697789186,49.637477655570635
2026-01-23 11:15:00,52.04,49.38546896576881,51.832886219322674,49.38546896576881,49.37306894904596
2026-01-23 11:30:00,51.86,49.59372350811958,52.04114076167345,49.59372350811958,49.018784817505356
2026-01-23 11:45:00,51.94,49.566227915287016,52.01364516884088,49.566227915287016,48.63408777170378
2026-01-23 12:00:00,51.63,49.5774918103218,52.02490906387567,49.5774918103218,48.75701126496789
2026-01-23 12:15:00,51.24,49.67283643126488,52.12025368481874,49.67283643126488,48.48686277618109
2026-01-23 12:30:00,51.23,49.79430053710937,52.24171779066324,49.79430053710937,48.343506674409234
2026-01-23 12:45:00,50.63,49.84257589101791,52.289993144571774,49.84257589101791,48.35241298549275
2026-01-23 13:00:00,51.27,50.160945633649824,52.60836288720369,50.160945633649824,48.5900724243325
2026-01-23 13:15:00,53.12,50.173633455038065,52.62105070859193,50.173633455038065,48.90283256875974
2026-01-23 13:30:00,53.37,50.47514454722404,52.922561800777906,50.47514454722404,49.331114854323936
2026-01-23 13:45:00,53.53,50.582576602697365,53.02999385625123,50.582576602697365,49.8327780654224
2026-01-23 14:00:00,54.04,50.83887803316116,53.286295286715024,50.83887803316116,49.91570231865157
2026-01-23 14:15:00,54.71,51.043944680690764,53.49136193424463,51.043944680690764,50.41920808711239
2026-01-23 14:30:00,55.39,51.219507361650464,53.66692461520433,51.219507361650464,50.8582075664753
2026-01-23 14:45:00,55.07,51.23226425409317,53.67968150764703,51.23226425409317,51.20324326806415
2026-01-23 15:00:00,54.17,51.35257540464401,53.79999265819787,51.35257540464401,50.85475100703137
2026-01-23 15:15:00,54.19,52.43617273330688,54.88358998686075,52.43617273330688,50.986222785721374
2026-01-23 15:30:00,54.57,52.47148398160934,54.918901235163204,52.47148398160934,51.0302164784502
2026-01-23 15:45:00,55.15,52.55997197210788,55.00738922566175,52.55997197210788,51.017080986106244
2026-01-23 16:00:00,55.2,52.567362574934954,55.01477982848882,52.567362574934954,48.97057896847807
2026-01-23 16:15:00,55.26,52.651174986362456,55.09859223991632,52.651174986362456,48.95844514421
2026-01-23 16:30:00,54.82,52.53592727541923,54.9833445289731,52.53592727541923,49.0021300258582
2026-01-23 16:45:00,54.91,52.56230444848537,55.009721702039236,52.56230444848537,49.127977808119326
2026-01-23 17:00:00,54.56,52.41128855764865,54.85870581120252,52.41128855764865,48.44412740135732
2026-01-23 17:15:00,54.19,52.36977951049804,54.81719676405191,52.36977951049804,48.75991169830235
2026-01-23 17:30:00,54.19,52.32137929737568,54.768796550929544,52.32137929737568,49.15419290176031
2026-01-23 17:45:00,54.1,52.37425850272178,54.821675756275646,52.37425850272178,49.598778644875516
2026-01-23 18:00:00,54.27,52.338102462291715,54.78551971584558,52.338102462291715,49.79396616281818
2026-01-23 18:15:00,54.66,52.5336187082529,54.98103596180677,52.5336187082529,50.22489536943223
2026-01-23 18:30:00,55.6,52.45210423767566,54.89952149122953,52.45210423767566,50.589230584277345
2026-01-23 18:45:00,55.95,52.35923820495605,54.806655458509915,52.35923820495605,50.85341518968644
2026-01-23 19:00:00,55.08,52.26966101706027,54.71707827061414,52.26966101706027,51.37853927866366
2026-01-23 19:15:00,55.01,51.98243966341018,54.42985691696405,51.98243966341018,51.381953337481995
2026-01-23 19:30:00,54.63,51.73446395158767,54.181881205141536,51.73446395158767,51.24852644651258
2026-01-23 19:45:00,54.03,51.2591222679615,53.70653952151537,51.2591222679615,50.98890696233391
2026-01-23 20:00:00,52.33,50.943255022764205,53.39067227631807,50.943255022764205,50.636229767929564
2026-01-23 20:15:00,52.54,50.471451902389525,52.91886915594339,50.471451902389525,50.18601960685101
2026-01-23 20:30:00,51.74,49.88410087764263,52.331518131196496,49.88410087764263,49.677285071441425
2026-01-23 20:45:00,51.37,49.3485690832138,51.79598633676767,49.3485690832138,49.132354159004436
2026-01-23 21:00:00,50.6,48.70407504379749,51.15149229735135,48.70407504379749,47.87859910736097
2026-01-23 21:15:00,49.85,47.122770292758936,49.5701875463128,47.122770292758936,47.30545471239262
2026-01-23 21:30:00,49.54,46.665142678022384,49.11255993157625,46.665142678022384,46.72619065840965
2026-01-23 21:45:00,49.38,46.031051802039144,48.47846905559301,46.031051802039144,46.137541307519896
2026-01-23 22:00:00,48.09,45.27656742155551,47.72398467510938,45.27656742155551,45.65134612589465
2026-01-23 22:15:00,47.24,44.672825304269786,47.12024255782365,44.672825304269786,45.02014531926692
2026-01-23 22:30:00,46.69,43.93411834657192,46.38153560012579,43.93411834657192,44.35557548300541
2026-01-23 22:45:00,45.63,43.11520129859447,45.56261855214834,43.11520129859447,43.653753335732745
2026-01-23 23:00:00,44.47,42.295517827570436,44.7429350811243,42.295517827570436,42.809443857035276
2026-01-23 23:15:00,43.5,41.49439985901117,43.94181711256503,41.49439985901117,42.043830651146294
2026-01-23 23:30:00,42.41,40.758325571119784,43.20574282467365,40.758325571119784,41.263352756119936
2026-01-23 23:45:00,41.65,39.961618852019306,42.40903610557317,39.961618852019306,40.485329973025145
2026-01-24 00:00:00,40.63,39.24772434234619,41.695141595900054,39.24772434234619,39.031485360483536
2026-01-24 00:15:00,39.71,38.62652717262506,41.073944426178926,38.62652717262506,38.31516497498236
2026-01-24 00:30:00,39.01,37.93597203791141,40.38338929146528,37.93597203791141,37.654128521610716
2026-01-24 00:45:00,38.45,37.31408814251423,39.761505396068095,37.31408814251423,37.058397935586356
2026-01-24 01:00:00,37.53,36.871576462388035,39.3189937159419,36.871576462388035,36.62693589725575
2026-01-24 01:15:00,37.1,36.27965080857277,38.727068062126634,36.27965080857277,36.1666458384875
2026-01-24 01:30:00,36.13,35.83071817696094,38.27813543051481,35.83071817696094,35.764767494804246
2026-01-24 01:45:00,35.68,35.29971584975719,37.74713310331106,35.29971584975719,35.409794763500976
2026-01-24 02:00:00,35.25,34.96570948302745,37.41312673658132,34.96570948302745,34.617867832160954
2026-01-24 02:15:00,34.76,34.57375117331743,37.0211684268713,34.57375117331743,34.320295727966794
2026-01-24 02:30:00,34.14,34.352483378648756,36.79990063220262,34.352483378648756,34.03829389987978
2026-01-24 02:45:00,33.71,34.051200752258296,36.49861800581216,34.051200752258296,33.769492765504914
2026-01-24 03:00:00,33.41,33.70801590502262,36.155433158576486,33.70801590502262,33.497690607617294
2026-01-24 03:15:00,33.08,32.5155752132833,34.962992466837164,32.5155752132833,33.270509147473675
2026-01-24 03:30:00,32.57,32.37367869406938,34.82109594762325,32.37367869406938,33.08058633987764
2026-01-24 03:45:00,32.17,32.33212249264121,34.77953974619508,32.33212249264121,32.941495139030884
2026-01-24 04:00:00,31.81,32.217289872169495,34.66470712572336,32.217289872169495,32.3649074330795
2026-01-24 04:15:00,31.98,32.236565345376725,34.68398259893059,32.236565345376725,32.3607823250067
2026-01-24 04:30:00,31.89,32.17602589443326,34.623443147987125,32.17602589443326,32.431396266453284
2026-01-24 04:45:00,31.83,32.121783199906346,34.56920045346021,32.121783199906346,32.573044537325146
2026-01-24 05:00:00,31.81,32.16283664375543,34.6102538973093,32.16283664375543,32.37756139419137
2026-01-24 05:15:00,32.48,32.21784841790795,34.66526567146182,32.21784841790795,32.62562550713899
2026-01-24 05:30:00,32.57,32.49163478732109,34.939052040874955,32.49163478732109,32.90125422517734
2026-01-24 05:45:00,32.87,32.63706389248371,35.084481146037575,32.63706389248371,33.18679193352648
2026-01-24 06:00:00,33.23,32.86855818808078,35.31597544163465,32.86855818808078,32.63634779423967
2026-01-24 06:15:00,34.11,33.26503533869982,35.71245259225368,33.26503533869982,32.90585940461095
2026-01-24 06:30:00,34.73,33.79493385732174,36.2423511108756,33.79493385732174,33.16421612657175
2026-01-24 06:45:00,35.21,34.34433697909117,36.79175423264503,34.34433697909117,33.421127080556076
2026-01-24 07:00:00,35.27,35.09203114360571,37.539448397159575,35.09203114360571,33.62994891855943
2026-01-24 07:15:00,35.92,35.66369639754295,38.111113651096815,35.66369639754295,33.94335440402956
2026-01-24 07:30:00,36.2,36.54571118205786,38.99312843561172,36.54571118205786,34.32270262598815
2026-01-24 07:45:00,37.39,37.37362207829952,39.821039331853385,37.37362207829952,34.79170648944383
2026-01-24 08:00:00,38.98,38.28502261161804,40.732439865171905,38.28502261161804,38.89350639232987
2026-01-24 08:15:00,41.08,39.13193203270435,41.579349286258214,39.13193203270435,39.5823851216072
2026-01-24 08:30:00,42.69,40.13035146832466,42.57776872187853,40.13035146832466,40.377475925216665
2026-01-24 08:45:00,44.19,40.9960309484601,43.44344820201397,40.9960309484601,41.257350257912364
2026-01-24 09:00:00,45.02,41.85505835473537,44.302475608289235,41.85505835473537,43.12053844820607
2026-01-24 09:15:00,46.83,42.59180741369724,45.039224667251105,42.59180741369724,44.054180093897536
2026-01-24 09:30:00,47.81,43.51918992638588,45.96660717993974,43.51918992638588,44.939930584419095
2026-01-24 09:45:00,48.53,44.32475235164165,46.772169605195515,44.32475235164165,45.72549412078771
2026-01-24 10:00:00,49.99,44.9351093506813,47.38252660423517,44.9351093506813,47.76863481727999
2026-01-24 10:15:00,50.79,45.5956411576271,48.043058411180965,45.5956411576271,48.225980651489095
2026-01-24 10:30:00,51.45,46.06593002796173,48.51334728151559,46.06593002796173,48.48321607046943
2026-01-24 10:45:00,51.23,46.460384193658825,48.90780144721269,46.460384193658825,48.540873978091014
2026-01-24 11:00:00,51.61,46.761066433191296,49.20848368674516,46.761066433191296,48.99567578000225
2026-01-24 11:15:00,52.53,46.979320338964456,49.42673759251832,46.979320338964456,48.73248628750242
2026-01-24 11:30:00,52.47,47.29073515772819,49.73815241128206,47.29073515772819,48.37947164964681
2026-01-24 11:45:00,51.8,47.239747436642645,49.68716469019651,47.239747436642645,47.99608888016511
2026-01-24 12:00:00,51.52,47.27661544024944,49.7240326938033,47.27661544024944,48.43922353990658
2026-01-24 12:15:00,51.37,47.326301437616344,49.77371869117021,47.326301437616344,48.17046242330166
2026-01-24 12:30:00,51.11,47.48640814185142,49.933825395405286,47.48640814185142,48.02852203052465
2026-01-24 12:45:00,50.82,47.50449413180351,49.95191138535738,47.50449413180351,48.03886693751682
2026-01-24 13:00:00,51.61,47.85536977529525,50.30278702884912,47.85536977529525,49.523407286540355
2026-01-24 13:15:00,51.98,47.80683938980102,50.254256643354886,47.80683938980102,49.837635556757874
2026-01-24 13:30:00,52.02,48.09705736458301,50.544474618136874,48.09705736458301,50.267392676439044
2026-01-24 13:45:00,52.03,48.161229687333105,50.60864694088697,48.161229687333105,50.770532111366464
2026-01-24 14:00:00,52.28,48.41565822958946,50.86307548314333,48.41565822958946,49.15749247698539
2026-01-24 14:15:00,53.05,48.619401900768274,51.06681915432214,48.619401900768274,49.662461478864266
2026-01-24 14:30:00,52.86,48.78322250247001,51.230639756023876,48.78322250247001,50.102909917694355
2026-01-24 14:45:00,53.14,48.78659635782241,51.23401361137628,48.78659635782241,50.44937519814434
2026-01-24 15:00:00,53.51,48.878306778669355,51.32572403222322,48.878306778669355,49.05299206465169
2026-01-24 15:15:00,53.94,50.56716844439506,53.014585697948924,50.56716844439506,49.18583960670038
2026-01-24 15:30:00,54.39,50.64394889116287,53.09136614471674,50.64394889116287,49.23117477267959
2026-01-24 15:45:00,54.27,50.7027655506134,53.150182804167265,50.7027655506134,49.21934164647017
2026-01-24 16:00:00,54.58,50.68329016983509,53.130707423388955,50.68329016983509,49.07314489820785
2026-01-24 16:15:00,54.73,50.83268820405006,53.28010545760392,50.83268820405006,49.062221114940414
2026-01-24 16:30:00,54.33,50.70973641395568,53.15715366750955,50.70973641395568,49.10706300089346
2026-01-24 16:45:00,54.97,50.70354658484459,53.150963838398454,50.70354658484459,49.23401029636932
2026-01-24 17:00:00,54.24,50.5558487612009,53.003266014754765,50.5558487612009,48.242069555786486
2026-01-24 17:15:00,54.41,50.44644021093845,52.893857464492314,50.44644021093845,48.55882542989974
2026-01-24 17:30:00,54.68,50.44739392280578,52.894811176359646,50.44739392280578,48.954007980528246
2026-01-24 17:45:00,54.72,50.44425384640693,52.891671099960796,50.44425384640693,49.39942081652104
2026-01-24 18:00:00,54.7,50.39883962810039,52.846256881654256,50.39883962810039,48.77509894115709
2026-01-24 18:15:00,55.39,50.563401415348046,53.01081866890191,50.563401415348046,49.20669513033645
2026-01-24 18:30:00,55.73,50.44260411083698,52.89002136439085,50.44260411083698,49.57161171724216
2026-01-24 18:45:00,56.16,50.334932963252065,52.78235021680593,50.334932963252065,49.83628855041894
2026-01-24 19:00:00,56.1,50.26865662992,52.71607388347387,50.26865662992,49.77893567100084
2026-01-24 19:15:00,54.85,49.9460708963871,52.393488149940964,49.9460708963871,49.78265359548711
2026-01-24 19:30:00,54.06,49.6888343501091,52.13625160366296,49.6888343501091,49.6494316244185
2026-01-24 19:45:00,53.24,49.20920760452747,51.65662485808134,49.20920760452747,49.38991512447643
2026-01-24 20:00:00,52.89,48.90209910035133,51.349516353905194,48.90209910035133,49.11907600323788
2026-01-24 20:15:00,51.76,48.450733042359346,50.89815029591321,48.450733042359346,48.66875656185005
2026-01-24 20:30:00,51.71,47.874486517906185,50.32190377146005,47.874486517906185,48.159802712046094
2026-01-24 20:45:00,50.84,47.37627434551715,49.82369159907102,47.37627434551715,47.61454005031032
2026-01-24 21:00:00,50.55,46.749249969720836,49.1966672232747,46.749249969720836,46.44757284294666
2026-01-24 21:15:00,49.68,46.40569585800171,48.85311311155557,46.40569585800171,45.8738652435842
2026-01-24 21:30:00,49.24,45.92726722955703,48.3746844831109,45.92726722955703,45.2939192779672
2026-01-24 21:45:00,48.56,45.199553195834156,47.64697044938802,45.199553195834156,44.704467533691755
2026-01-24 22:00:00,47.51,44.342322965264316,46.78974021881818,44.342322965264316,44.08132338039448
2026-01-24 22:15:00,46.17,43.75821296691894,46.205630220472806,43.75821296691894,43.44907453979391
2026-01-24 22:30:00,45.42,42.948984462618824,45.39640171617269,42.948984462618824,42.78333183791027
2026-01-24 22:45:00,44.75,42.055212987661356,44.50263024121522,42.055212987661356,42.080210872344544
2026-01-24 23:00:00,43.73,41.209942675828934,43.6573599293828,41.209942675828934,41.11223945324199
2026-01-24 23:15:00,42.42,40.33551242440939,42.78292967796325,40.33551242440939,40.345072828686874
2026-01-24 23:30:00,41.71,39.5758530279994,42.023270281553266,39.5758530279994,39.56291320353595
2026-01-24 23:45:00,40.83,38.77832276940345,41.22574002295732,38.77832276940345,38.78307992915399
2026-01-25 00:00:00,39.99,38.01825027495622,40.46566752851009,38.01825027495622,37.194429556954205
2026-01-25 00:15:00,39.19,37.332407911419864,39.77982516497373,37.332407911419864,36.476040489526326
2026-01-25 00:30:00,38.43,36.629862307310106,39.07727956086397,36.629862307310106,35.812806264545806
2026-01-25 00:45:00,37.72,35.9394200772047,38.38683733075857,35.9394200772047,35.214749048033084
2026-01-25 01:00:00,37.31,35.508201514482494,37.95561876803636,35.508201514482494,34.21995543116451
2026-01-25 01:15:00,37.2,34.851030279994006,37.29844753354787,34.851030279994006,33.75708239658917
2026-01-25 01:30:00,36.85,34.351275963485236,36.7986932170391,34.351275963485236,33.35249392983613
2026-01-25 01:45:00,36.5,33.79106853485107,36.23848578840494,33.79106853485107,32.9946848377391
2026-01-25 02:00:00,36.09,33.38885184526443,35.8362690988183,33.38885184526443,33.349519144782235
2026-01-25 02:15:00,35.74,32.95086166262627,35.39827891618013,32.95086166262627,33.0488616028835
2026-01-25 02:30:00,35.27,32.71970608085394,35.167123334407805,32.71970608085394,32.76365183192618
2026-01-25 02:45:00,35.05,32.41256436944008,34.85998162299394,32.41256436944008,32.49152182541177
2026-01-25 03:00:00,34.96,32.03212166562676,34.47953891918063,32.03212166562676,31.422803331039695
2026-01-25 03:15:00,34.52,31.27822704568505,33.725644299238915,31.27822704568505,31.192056522107073
2026-01-25 03:30:00,34.23,31.066646466404197,33.51406371995807,31.066646466404197,30.998453141401075
2026-01-25 03:45:00,33.74,30.999542608708143,33.44695986226201,30.999542608708143,30.855568364965162
2026-01-25 04:00:00,33.43,30.83285356581211,33.280270819365974,30.83285356581211,29.83343672589318
2026-01-25 04:15:00,33.73,30.82880228281021,33.276219536364074,30.82880228281021,29.825299328873143
2026-01-25 04:30:00,33.47,30.724441232681272,33.17185848623514,30.724441232681272,29.891795578476717
2026-01-25 04:45:00,33.44,30.62531430736184,33.072731560915706,30.62531430736184,30.029223591684506
2026-01-25 05:00:00,33.75,30.621325453966854,33.06874270752072,30.621325453966854,30.124999471834432
2026-01-25 05:15:00,34.14,30.63027347624302,33.077690729796885,30.63027347624302,30.36864729625083
2026-01-25 05:30:00,34.24,30.86780351936817,33.31522077292204,30.86780351936817,30.639766548986323
2026-01-25 05:45:00,34.55,30.998331872820852,33.44574912637472,30.998331872820852,30.92070502800936
2026-01-25 06:00:00,35.03,31.2054606898129,33.65287794336677,31.2054606898129,30.973211144260095
2026-01-25 06:15:00,35.87,31.55506051123142,34.00247776478529,31.55506051123142,31.237954780574817
2026-01-25 06:30:00,36.34,32.10271958887577,34.55013684242964,32.10271958887577,31.491464811456055
2026-01-25 06:45:00,36.39,32.66328698396683,35.11070423752069,32.66328698396683,31.743454298347707
2026-01-25 07:00:00,37.01,33.441592908501626,35.88901016205549,33.441592908501626,32.6113220107465
2026-01-25 07:15:00,38.1,34.030774316191675,36.47819156974554,34.030774316191675,32.91966879003363
2026-01-25 07:30:00,38.19,34.985320349335666,37.43273760288953,34.985320349335666,33.29389607916288
2026-01-25 07:45:00,39.09,35.883516356647014,38.33093361020088,35.883516356647014,33.757721195774096
2026-01-25 08:00:00,40.82,36.87925530403852,39.32667255759239,36.87925530403852,36.65541214535999
2026-01-25 08:15:00,42.24,37.797897671759124,40.24531492531299,37.797897671759124,37.339010168281504
2026-01-25 08:30:00,43.54,38.91417225062847,41.361589504182334,38.91417225062847,38.12877632509094
2026-01-25 08:45:00,45.13,39.8859222894907,42.333339543044566,39.8859222894907,39.003286891946715
2026-01-25 09:00:00,46.2,40.844971224069596,43.29238847762346,40.844971224069596,41.682274598042724
2026-01-25 09:15:00,47.96,44.019949758052825,46.46736701160669,44.019949758052825,42.610489069277875
2026-01-25 09:30:00,49.4,44.88999532580375,47.33741257935762,44.88999532580375,43.49078826591656
2026-01-25 09:45:00,49.51,45.620496110916136,48.06791336447,45.620496110916136,44.270881550244724
2026-01-25 10:00:00,50.68,46.17599475324153,48.6234120067954,46.17599475324153,46.303507814394656
2026-01-25 10:15:00,51.89,46.747374424934385,49.19479167848825,46.747374424934385,46.75536125730052
2026-01-25 10:30:00,51.74,47.139889287948606,49.58730654150247,47.139889287948606,47.00710123611706
2026-01-25 10:45:00,52.02,47.47209980726242,49.91951706081628,47.47209980726242,47.059266082412684
2026-01-25 11:00:00,52.65,47.7003265106678,50.147743764221666,47.7003265106678,47.51640133112823
2026-01-25 11:15:00,51.61,47.87704746007919,50.324464713633056,47.87704746007919,47.247740030373386
2026-01-25 11:30:00,51.25,48.08834909856319,50.53576635211706,48.08834909856319,46.88927255159512
2026-01-25 11:45:00,51.59,48.00940088331699,50.45681813687086,48.00940088331699,46.5004615235052
2026-01-25 12:00:00,51.4,48.00525130689144,50.452668560445304,48.00525130689144,46.75811189998769
2026-01-25 12:15:00,50.89,48.04570303559303,50.493120289146894,48.04570303559303,46.48398866359791
2026-01-25 12:30:00,51.25,48.1583977741003,50.60581502765417,48.1583977741003,46.33672775999855
2026-01-25 12:45:00,51.1,48.19388435661792,50.64130161017179,48.19388435661792,46.341799484686426
2026-01-25 13:00:00,51.38,48.530879374742504,50.97829662829637,48.530879374742504,46.72275204898566
2026-01-25 13:15:00,52.31,48.50025964498519,50.94767689853906,48.50025964498519,47.0318189990752
2026-01-25 13:30:00,52.74,48.80137756347656,51.24879481703042,48.80137756347656,47.45647934262083
2026-01-25 13:45:00,53.02,48.880623315572734,51.3280405691266,48.880623315572734,47.95459228523627
2026-01-25 14:00:00,53.62,49.13236871302127,51.57978596657514,49.13236871302127,48.81151746580433
2026-01-25 14:15:00,54.24,49.34237659752369,51.789793851077555,49.34237659752369,49.31161772523169
2026-01-25 14:30:00,54.7,49.51008377432823,51.957501027882095,49.51008377432823,49.74728485515566
2026-01-25 14:45:00,55.43,49.504058653116225,51.95147590667009,49.504058653116225,50.08906193548589
2026-01-25 15:00:00,55.61,49.6011220806837,52.04853933423757,49.6011220806837,50.07246752616165
2026-01-25 15:15:00,55.45,51.63757320165634,54.0849904552102,51.63757320165634,50.2008299881675
2026-01-25 15:30:00,56.38,51.67337857365608,54.120795827209946,51.67337857365608,50.24179001052935
2026-01-25 15:45:00,56.27,51.709534614086145,54.15695186764001,51.709534614086145,50.22569720259777
2026-01-25 16:00:00,55.84,51.66932463407516,54.116741887629026,51.66932463407516,48.53887039198395
2026-01-25 16:15:00,55.32,51.78846157670021,54.23587883025407,51.78846157670021,48.523934219505584
2026-01-25 16:30:00,55.68,51.65096767306328,54.09838492661714,51.65096767306328,48.564895430010964
2026-01-25 16:45:00,55.51,51.63715877532959,54.084576028883454,51.63715877532959,48.688099055574284
2026-01-25 17:00:00,55.33,51.474581452608106,53.92199870616197,51.474581452608106,47.991867853076194
2026-01-25 17:15:00,55.1,51.39318387150764,53.840601125061504,51.39318387150764,48.30516965385383
2026-01-25 17:30:00,54.78,51.34296390175819,53.790381155312055,51.34296390175819,48.697050564356616
2026-01-25 17:45:00,54.81,51.356950790286064,53.80436804383993,51.356950790286064,49.13931917014572
2026-01-25 18:00:00,55.05,51.32135794460773,53.7687751981616,51.32135794460773,48.40559841237902
2026-01-25 18:15:00,55.89,51.49090878725052,53.938326040804384,51.49090878725052,48.834379752019395
2026-01-25 18:30:00,56.36,51.372778688073154,53.82019594162702,51.372778688073154,49.19665326366679
2026-01-25 18:45:00,57.0,51.252741165161126,53.70015841871499,51.252741165161126,49.458863379341956
2026-01-25 19:00:00,57.34,51.17455804467201,53.62197529822588,51.17455804467201,48.57581415553245
2026-01-25 19:15:00,56.66,50.83426886856556,53.281686122119424,50.83426886856556,48.57743138454724
2026-01-25 19:30:00,55.85,50.550580765008924,52.99799801856279,50.550580765008924,48.44229814911327
2026-01-25 19:45:00,55.67,50.05217997550964,52.499597229063504,50.05217997550964,48.18106393311714
2026-01-25 20:00:00,54.71,49.703477413654326,52.15089466720819,49.703477413654326,47.69196141429691
2026-01-25 20:15:00,54.0,49.20686184525489,51.65427909880876,49.20686184525489,47.240323190801426
2026-01-25 20:30:00,53.54,48.601889731884,51.049306985437866,48.601889731884,46.730255677601214
2026-01-25 20:45:00,52.95,48.06213132023811,50.509548573791974,48.06213132023811,46.184088054088136
2026-01-25 21:00:00,52.33,47.392301486730574,49.83971874028444,47.392301486730574,45.194515907872365
2026-01-25 21:15:00,51.69,48.21304626107216,50.660463514626024,48.21304626107216,44.620330921645376
2026-01-25 21:30:00,51.4,47.72808244824409,50.17549970179795,47.72808244824409,44.04012614480955
2026-01-25 21:45:00,50.69,47.0269182652235,49.474335518777366,47.0269182652235,43.450637152161626
2026-01-25 22:00:00,49.71,46.21715844511986,48.66457569867372,46.21715844511986,41.83515421167475
2026-01-25 22:15:00,48.45,45.614385979175566,48.06180323272943,45.614385979175566,41.20331957801439
2026-01-25 22:30:00,47.86,44.85702186703681,47.30443912059068,44.85702186703681,40.5382206506597
2026-01-25 22:45:00,47.11,44.01245820522308,46.45987545877695,44.01245820522308,39.83597536509808
2026-01-25 23:00:00,46.15,43.196814062595365,45.64423131614923,43.196814062595365,39.99762278878251
2026-01-25 23:15:00,45.16,42.39207517683506,44.83949243038892,42.39207517683506,39.231801988868895
2026-01-25 23:30:00,44.34,41.62503713220357,44.07245438575744,41.62503713220357,38.4512260798217
2026-01-25 23:45:00,43.45,40.827896062433716,43.27531331598758,40.827896062433716,37.67321605622804
2026-01-26 00:00:00,42.39,40.13637260466814,42.583789858222005,40.13637260466814,37.69161687371472
2026-01-26 00:15:00,41.3,39.512411264479155,41.95982851803302,39.512411264479155,36.97553433530885
2026-01-26 00:30:00,40.57,38.802929332554335,41.2503465861082,38.802929332554335,36.314850017209
2026-01-26 00:45:00,39.65,38.19200249731541,40.63941975086927,38.19200249731541,35.71958699658822
2026-01-26 01:00:00,38.92,37.75611234039068,40.203529593944545,37.75611234039068,35.3324688288926
2026-01-26 01:15:00,38.54,37.16155136018991,39.60896861374378,37.16155136018991,34.872880552272754
2026-01-26 01:30:00,37.77,36.67243265777826,39.119849911332125,36.67243265777826,34.47182273666497
2026-01-26 01:45:00,37.45,36.158617068529125,38.60603432208299,36.158617068529125,34.11779034109037
2026-01-26 02:00:00,36.39,35.786762420535084,38.23417967408895,35.786762420535084,33.65266167517807
2026-01-26 02:15:00,35.92,35.36974061608314,37.81715786963701,35.36974061608314,33.356272606199546
2026-01-26 02:30:00,35.48,35.12423685103655,37.571654104590415,35.12423685103655,33.075576650520915
2026-01-26 02:45:00,35.11,34.799205736517905,37.24662299007177,34.799205736517905,32.80820517744787
2026-01-26 03:00:00,34.63,34.436890863776206,36.88430811733007,34.436890863776206,32.18167360692288
2026-01-26 03:15:00,34.44,32.394041372239585,34.84145862579345,32.394041372239585,31.956172112487465
2026-01-26 03:30:00,34.43,32.18269988507032,34.630117138624186,32.18269988507032,31.768055716711594
2026-01-26 03:45:00,34.32,32.092694987952704,34.54011224150657,32.092694987952704,31.630898187509693
2026-01-26 04:00:00,33.93,31.935572286099195,34.38298953965306,31.935572286099195,31.137334819997452
2026-01-26 04:15:00,34.38,31.901510294079777,34.34892754763364,31.901510294079777,31.135400186209758
2026-01-26 04:30:00,34.08,31.79710806697607,34.24452532052994,31.79710806697607,31.20833406216523
2026-01-26 04:45:00,34.23,31.700914669036862,34.14833192259073,31.700914669036862,31.352432375110624
2026-01-26 05:00:00,34.74,31.68147515207529,34.12889240562916,31.68147515207529,31.08923611069985
2026-01-26 05:15:00,35.31,31.711565558463334,34.1589828120172,31.711565558463334,31.34001223932126
2026-01-26 05:30:00,35.51,31.90408584743738,34.351503100991245,31.90408584743738,31.61848474301656
2026-01-26 05:45:00,35.92,32.0242588558793,34.47167610943317,32.0242588558793,31.906998462213885
2026-01-26 06:00:00,36.29,32.224224207550286,34.67164146110415,32.224224207550286,33.1722652454077
2026-01-26 06:15:00,37.27,32.59344552159309,35.040862775146955,32.59344552159309,33.44501847365545
2026-01-26 06:30:00,36.69,33.08373577535152,35.531153028905386,33.08373577535152,33.70675008664308
2026-01-26 06:45:00,38.65,33.643839597404,36.09125685095787,33.643839597404,33.96716944338045
2026-01-26 07:00:00,39.25,34.38261562615633,36.830032879710195,34.38261562615633,34.220683659687154
2026-01-26 07:15:00,39.7,34.95705700516701,37.404474258720875,34.95705700516701,34.53786505449736
2026-01-26 07:30:00,39.27,35.878116859793664,38.32553411334753,35.878116859793664,34.921123061136946
2026-01-26 07:45:00,40.17,36.746289539337155,39.19370679289102,36.746289539337155,35.39417058384596
2026-01-26 08:00:00,42.08,37.68732553988695,40.134742793440815,37.68732553988695,38.31412014918122
2026-01-26 08:15:00,43.77,38.57990421086549,41.02732146441936,38.57990421086549,39.00731003217985
2026-01-26 08:30:00,44.69,39.629315352439875,42.07673260599374,39.629315352439875,39.806845480145164
2026-01-26 08:45:00,46.1,40.54817954450846,42.99559679806232,40.54817954450846,40.69129768845067
2026-01-26 09:00:00,47.24,41.467964241206644,43.91538149476051,41.467964241206644,42.440687794318755
2026-01-26 09:15:00,47.82,45.40441263020038,47.85182988375425,45.40441263020038,43.37917272917736
2026-01-26 09:30:00,48.69,46.171988632082936,48.6194058856368,46.171988632082936,44.26989855412434
2026-01-26 09:45:00,49.26,46.89581609070301,49.34323334425687,46.89581609070301,45.06056893441
2026-01-26 10:00:00,49.97,47.42778541266918,49.875202666223046,47.42778541266918,46.59176001344988
2026-01-26 10:15:00,51.12,47.94454581975936,50.39196307331323,47.94454581975936,47.054473822379634
2026-01-26 10:30:00,51.29,48.33781780779361,50.78523506134748,48.33781780779361,47.317206692191014
2026-01-26 10:45:00,51.65,48.6813958287239,51.128813082277766,48.6813958287239,47.38049070295886
2026-01-26 11:00:00,52.25,48.914120120406146,51.36153737396001,48.914120120406146,48.076579011375074
2026-01-26 11:15:00,52.27,49.11501859545707,51.56243584901094,49.11501859545707,47.819270160007456
2026-01-26 11:30:00,52.19,49.31982224166393,51.767239495217794,49.31982224166393,47.47226189913697
2026-01-26 11:45:00,52.1,49.261831778287885,51.70924903184175,49.261831778287885,47.095010120462426
2026-01-26 12:00:00,51.28,49.30920389533043,51.75662114888429,49.30920389533043,47.21772293903689
2026-01-26 12:15:00,50.66,49.377868493199344,51.82528574675321,49.377868493199344,46.95533837027157
2026-01-26 12:30:00,50.09,49.498192926645274,51.94561018019914,49.498192926645274,46.819895316279094
2026-01-26 12:45:00,50.79,49.534322401285166,51.98173965483903,49.534322401285166,46.83685692597833
2026-01-26 13:00:00,51.77,49.83652154743671,52.283938800990576,49.83652154743671,47.023959111208434
2026-01-26 13:15:00,52.48,49.812723912596695,52.26014116615056,49.812723912596695,47.34503822425319
2026-01-26 13:30:00,53.94,50.094100792407986,52.54151804596185,50.094100792407986,47.781760809664696
2026-01-26 13:45:00,54.46,50.1586237835884,52.60604103714227,50.1586237835884,48.29197859921708
2026-01-26 14:00:00,53.13,50.38689564883708,52.83431290239095,50.38689564883708,47.59547872608531
2026-01-26 14:15:00,55.15,50.551951559782026,52.99936881333589,50.551951559782026,48.107746353633424
2026-01-26 14:30:00,55.2,50.67069267213344,53.11810992568731,50.67069267213344,48.555600648116084
2026-01-26 14:45:00,55.4,50.64988900184631,53.09730625540018,50.64988900184631,48.90957697536903
2026-01-26 15:00:00,55.96,50.729203824996944,53.17662107855081,50.729203824996944,48.813273318554096
2026-01-26 15:15:00,55.96,52.44485709011554,54.892274343669406,52.44485709011554,48.95383587442578
2026-01-26 15:30:00,55.88,52.442559149265286,54.88997640281915,52.442559149265286,49.00698468061999
2026-01-26 15:45:00,55.23,52.50871859312057,54.956135846674435,52.50871859312057,49.00306148445046
2026-01-26 16:00:00,53.96,52.5051986259222,54.95261587947606,52.5051986259222,48.64539906184801
2026-01-26 16:15:00,55.83,52.56651512622833,55.0139323797822,52.56651512622833,48.64257048704199
2026-01-26 16:30:00,56.58,52.44635805726051,54.89377531081438,52.44635805726051,48.69559642623274
2026-01-26 16:45:00,56.33,52.44440547168254,54.89182272523641,52.44440547168254,48.83081399545698
2026-01-26 17:00:00,56.22,52.258213818073266,54.70563107162713,52.258213818073266,48.28547075855041
2026-01-26 17:15:00,55.68,52.20210952579975,54.649526779353614,52.20210952579975,48.610661196855425
2026-01-26 17:30:00,55.55,52.09655567169189,54.543972925245754,52.09655567169189,49.01435624508046
2026-01-26 17:45:00,55.82,52.100811511278145,54.54822876483201,52.100811511278145,49.46835661468525
2026-01-26 18:00:00,55.68,52.07270490527153,54.520122158825394,52.07270490527153,48.83634119050776
2026-01-26 18:15:00,56.04,52.22621266722679,54.673629920780655,52.22621266722679,49.27666603447662
2026-01-26 18:30:00,56.62,52.10552428245544,54.55294153600931,52.10552428245544,49.6503772341007
2026-01-26 18:45:00,57.02,52.011975508928295,54.45939276248216,52.011975508928295,49.92391148684994
2026-01-26 19:00:00,56.68,51.90333471000194,54.35075196355581,51.90333471000194,48.216533491764416
2026-01-26 19:15:00,56.77,51.586333105564115,54.03375035911798,51.586333105564115,48.229224757841514
2026-01-26 19:30:00,55.9,51.3306905066967,53.77810776025056,51.3306905066967,48.10502912827988
2026-01-26 19:45:00,55.23,50.856422080993646,53.30383933454751,50.856422080993646,47.85458858768311
2026-01-26 20:00:00,54.25,50.53834456205367,52.98576181560754,50.53834456205367,48.685149600908375
2026-01-26 20:15:00,53.53,50.05442744135856,52.50184469491243,50.05442744135856,48.243994995489444
2026-01-26 20:30:00,52.8,49.48482502102851,51.93224227458238,49.48482502102851,47.744245138115744
2026-01-26 20:45:00,52.55,48.957409075498575,51.40482632905244,48.957409075498575,47.20822203919776
2026-01-26 21:00:00,51.33,48.30819429516792,50.75561154872179,48.30819429516792,47.01126438231142
2026-01-26 21:15:00,51.08,47.42631101131439,49.873728264868255,47.42631101131439,46.446856544016164
2026-01-26 21:30:00,50.2,46.909802979230875,49.35722023278474,46.909802979230875,45.876234879923835
2026-01-26 21:45:00,49.42,46.23943120360374,48.68684845715761,46.23943120360374,45.296128217543256
2026-01-26 22:00:00,48.7,45.47713913738727,47.924556390941135,45.47713913738727,44.46096569292731
2026-01-26 22:15:00,47.58,44.83457643091678,47.28199368447065,44.83457643091678,43.83809206221768
2026-01-26 22:30:00,46.67,44.12387778580189,46.57129503935575,44.12387778580189,43.18173384778594
2026-01-26 22:45:00,45.85,43.28971197426319,45.73712922781706,43.28971197426319,42.48800274604604
2026-01-26 23:00:00,44.56,42.47193592697381,44.91935318052768,42.47193592697381,41.239523402801744
2026-01-26 23:15:00,43.55,41.73312669098377,44.18054394453763,41.73312669098377,40.48174557607361
2026-01-26 23:30:00,42.62,40.95893447905779,43.406351732611654,40.95893447905779,39.70896825383991
2026-01-26 23:45:00,41.76,40.1364868375659,42.58390409111976,40.1364868375659,38.938506782500895
2026-01-27 00:00:00,40.72,39.51504127770662,41.96245853126049,39.51504127770662,37.825248526324
2026-01-27 00:15:00,39.88,38.94593430936336,41.393351562917225,38.94593430936336,37.11619816809977
2026-01-27 00:30:00,38.7,38.29190846443176,40.73932571798563,38.29190846443176,36.462280025620586
2026-01-27 00:45:00,37.44,37.72032822102308,40.16774547457695,37.72032822102308,35.87351219398914
2026-01-27 01:00:00,36.34,37.309044627249236,39.7564618808031,37.309044627249236,34.16777294327814
2026-01-27 01:15:00,35.24,36.7685702675581,39.21598752111196,36.7685702675581,33.71412364823587
2026-01-27 01:30:00,33.88,36.3317356967926,38.779152950346464,36.3317356967926,33.31871996116571
2026-01-27 01:45:00,33.0,35.84954003930092,38.296957292854785,35.84954003930092,32.97005259271646
2026-01-27 02:00:00,32.13,35.56355399489403,38.010971248447895,35.56355399489403,31.8313383343922
2026-01-27 02:15:00,31.33,35.182110424935814,37.62952767848968,35.182110424935814,31.539724121960088
2026-01-27 02:30:00,31.18,34.97753258794546,37.42494984149933,34.97753258794546,31.263502351065032
2026-01-27 02:45:00,30.51,34.69410615742206,37.14152341097593,34.69410615742206,31.00030093718881
2026-01-27 03:00:00,30.14,34.36682492047548,36.814242174029346,34.36682492047548,30.066047181816955
2026-01-27 03:15:00,30.05,32.159308042675256,34.60672529622912,32.159308042675256,29.844097964525357
2026-01-27 03:30:00,29.71,31.939499374032017,34.38691662758588,31.939499374032017,29.659220612219233
2026-01-27 03:45:00,29.54,31.86577133655548,34.31318859010935,31.86577133655548,29.52498628433414
2026-01-27 04:00:00,29.39,31.723405267000196,34.17082252055406,31.723405267000196,30.19291372814484
2026-01-27 04:15:00,29.44,31.689128756225106,34.136546009778975,31.689128756225106,30.193263661020097
2026-01-27 04:30:00,29.5,31.61550034046173,34.062917594015595,31.61550034046173,30.2681597543041
2026-01-27 04:45:00,29.87,31.54515811294317,33.992575366497036,31.54515811294317,30.41389621338054
2026-01-27 05:00:00,30.06,31.552947866767642,34.00036512032151,31.552947866767642,30.968605425413912
2026-01-27 05:15:00,30.17,31.647599784731863,34.09501703828573,31.647599784731863,31.22036730107508
2026-01-27 05:30:00,30.5,31.878674340844153,34.32609159439802,31.878674340844153,31.499497682660014
2026-01-27 05:45:00,31.08,32.03750123813748,34.484918491691346,32.03750123813748,31.78834060601511
2026-01-27 06:00:00,31.48,32.31479030698538,34.762207560539245,32.31479030698538,32.11241591647394
2026-01-27 06:15:00,32.63,32.805692902207376,35.25311015576124,32.805692902207376,32.38483952026658
2026-01-27 06:30:00,33.69,33.37509475082159,35.822512004375454,33.37509475082159,32.64591182296748
2026-01-27 06:45:00,33.71,34.01416139930487,36.461578652858734,34.01416139930487,32.90534231649643
2026-01-27 07:00:00,33.64,34.84742795884609,37.294845212399956,34.84742795884609,31.482565816311578
2026-01-27 07:15:00,34.31,35.50507604926825,37.95249330282211,35.50507604926825,31.798100585801336
2026-01-27 07:30:00,34.28,36.4925543642044,38.93997161775827,36.4925543642044,32.17938423144686
2026-01-27 07:45:00,35.35,37.418783921599385,39.86620117515325,37.418783921599385,32.65013073708879
2026-01-27 08:00:00,36.6,38.435428817570205,40.88284607112407,38.435428817570205,37.69412726581402
2026-01-27 08:15:00,39.07,39.34927340358495,41.79669065713882,39.34927340358495,38.3843670040912
2026-01-27 08:30:00,40.46,40.41314563304186,42.86056288659572,40.41314563304186,39.180630307929675
2026-01-27 08:45:00,43.34,41.332499963939185,43.77991721749305,41.332499963939185,40.06149039666624
2026-01-27 09:00:00,44.59,42.231117039024824,44.67853429257869,42.231117039024824,42.974936935530785
2026-01-27 09:15:00,46.17,43.03007255226373,45.4774898058176,43.03007255226373,43.9091968072993
2026-01-27 09:30:00,46.79,43.9102144485712,46.35763170212507,43.9102144485712,44.795385066022476
2026-01-27 09:45:00,47.35,44.73333686113357,47.18075411468744,44.73333686113357,45.58120833215309
2026-01-27 10:00:00,49.74,45.39329484701156,47.840712100565426,45.39329484701156,47.50443935245017
2026-01-27 10:15:00,50.48,46.022842972874635,48.4702602264285,46.022842972874635,47.96169672837466
2026-01-27 10:30:00,50.8,46.5027911645174,48.95020841807126,46.5027911645174,48.21867384791111
2026-01-27 10:45:00,51.15,46.93212886929512,49.379546122848986,46.93212886929512,48.27590665137928
2026-01-27 11:00:00,51.48,47.2105994516611,49.65801670521497,47.2105994516611,49.018492554272186
2026-01-27 11:15:00,50.35,47.47632376790046,49.923741021454326,47.47632376790046,48.754554044492686
2026-01-27 11:30:00,51.12,47.6994232738018,50.146840527355664,47.6994232738018,48.40063356636658
2026-01-27 11:45:00,50.96,47.666641088724134,50.114058342278,47.666641088724134,48.016191741907726
2026-01-27 12:00:00,50.93,47.67283623099327,50.120253484547135,47.67283623099327,47.95245591035127
2026-01-27 12:15:00,50.49,47.71659540057182,50.164012654125685,47.71659540057182,47.68234066824056
2026-01-27 12:30:00,50.51,47.815784091353414,50.26320134490728,47.815784091353414,47.538904554162244
2026-01-27 12:45:00,50.45,47.84915869355201,50.29657594710588,47.84915869355201,47.5476162706691
2026-01-27 13:00:00,51.09,48.16745405197143,50.6148713055253,48.16745405197143,48.55370720614862
2026-01-27 13:15:00,51.81,48.11618473351001,50.563601987063876,48.11618473351001,48.86604020688508
2026-01-27 13:30:00,52.7,48.42370500743389,50.871122260987754,48.42370500743389,49.29377767748519
2026-01-27 13:45:00,53.33,48.50839940309524,50.955816656649105,48.50839940309524,49.794777670656806
2026-01-27 14:00:00,53.94,48.75053595423698,51.197953207790846,48.75053595423698,49.396550696637824
2026-01-27 14:15:00,54.61,48.98829446315765,51.435711716711516,48.98829446315765,49.8991548489644
2026-01-27 14:30:00,55.25,49.16388370990753,51.611300963461396,49.16388370990753,50.337133021585466
2026-01-27 14:45:00,55.65,49.18225661039352,51.62967386394739,49.18225661039352,50.68102760222106
2026-01-27 15:00:00,55.59,49.300708155632016,51.74812540918588,49.300708155632016,50.81388573107899
2026-01-27 15:15:00,55.44,52.24909112572669,54.69650837928056,52.24909112572669,50.94397700537414
2026-01-27 15:30:00,55.8,52.2358082306385,54.68322548419236,52.2358082306385,50.98647093319256
2026-01-27 15:45:00,55.66,52.33749676227569,54.78491401582956,52.33749676227569,50.97171690925601
2026-01-27 16:00:00,55.77,52.352469241619104,54.79988649517297,52.352469241619104,49.80382887597051
2026-01-27 16:15:00,55.48,52.43075862526893,54.878175878822795,52.43075862526893,49.78984108729071
2026-01-27 16:30:00,55.62,52.31626006960868,54.76367732316255,52.31626006960868,49.83155564757444
2026-01-27 16:45:00,56.14,52.32369317770004,54.7711104312539,52.32369317770004,49.95531786354048
2026-01-27 17:00:00,55.38,52.12789002120494,54.575307274758806,52.12789002120494,48.96474449767846
2026-01-27 17:15:00,55.04,52.05181356787681,54.49923082143068,52.05181356787681,49.278216688249245
2026-01-27 17:30:00,54.85,51.95738281011581,54.404800063669676,51.95738281011581,49.670074795450105
2026-01-27 17:45:00,55.29,51.954341027140615,54.40175828069448,51.954341027140615,50.112128175198094
2026-01-27 18:00:00,55.37,51.906179906129836,54.3535971596837,51.906179906129836,49.389728634435585
2026-01-27 18:15:00,55.95,52.076073447465895,54.52349070101976,52.076073447465895,49.817912711137645
2026-01-27 18:30:00,56.19,51.9444293308258,54.391846584379664,51.9444293308258,50.179399594214004
2026-01-27 18:45:00,57.02,51.85907876014709,54.30649601370096,51.85907876014709,50.440634982968064
2026-01-27 19:00:00,56.81,51.79100126624107,54.238418519794934,51.79100126624107,49.802745782314844
2026-01-27 19:15:00,55.54,51.47606913685798,53.923486390411846,51.47606913685798,49.80301638462742
2026-01-27 19:30:00,55.29,51.28388689756393,53.7313041511178,51.28388689756393,49.666352967562
2026-01-27 19:45:00,55.16,50.843303893804546,53.29072114735841,50.843303893804546,49.4034067750097
2026-01-27 20:00:00,53.02,50.56087766528129,53.008294918835155,50.56087766528129,48.5801597419426
2026-01-27 20:15:00,52.32,50.13936624228954,52.586783495843406,50.13936624228954,48.12645171949729
2026-01-27 20:30:00,51.7,49.60569405317306,52.053111306726926,49.60569405317306,47.614138621157984
2026-01-27 20:45:00,51.96,49.127905660271644,51.57532291382551,49.127905660271644,47.06555186961396
2026-01-27 21:00:00,51.63,48.52282462716102,50.97024188071489,48.52282462716102,46.49120926083801
2026-01-27 21:15:00,51.08,47.33099826931953,49.778415522873395,47.33099826931953,45.914265264283536
2026-01-27 21:30:00,50.35,46.820980259776114,49.26839751332998,46.820980259776114,45.33113537144458
2026-01-27 21:45:00,49.96,46.19302608132362,48.64044333487749,46.19302608132362,44.73855786877644
2026-01-27 22:00:00,48.86,45.433047895431514,47.88046514898538,45.433047895431514,44.00799513037407
2026-01-27 22:15:00,47.87,44.80554799199104,47.25296524554491,44.80554799199104,43.37275378702622
2026-01-27 22:30:00,47.1,44.086273909807204,46.53369116336107,44.086273909807204,42.7040935681272
2026-01-27 22:45:00,46.32,43.25286522328853,45.700282476842396,43.25286522328853,41.99813556878715
2026-01-27 23:00:00,45.08,42.41452592611313,44.861943179666994,42.41452592611313,41.23558041758206
2026-01-27 23:15:00,43.82,41.642152142524715,44.08956939607858,41.642152142524715,40.46575396670235
2026-01-27 23:30:00,42.94,40.86658116608858,43.313998419642445,40.86658116608858,39.681031102695506
2026-01-27 23:45:00,41.88,40.026885685324665,42.47430293887853,40.026885685324665,38.898736402336944
2026-01-28 00:00:00,40.55,39.35499036163091,41.80240761518478,39.35499036163091,38.00017729352117
2026-01-28 00:15:00,39.86,38.75425283521414,41.201670088768005,38.75425283521414,37.279545779069956
2026-01-28 00:30:00,38.88,38.03322009772062,40.48063735127449,38.03322009772062,36.61418610370459
2026-01-28 00:45:00,38.44,37.433213130533694,39.88063038408756,37.433213130533694,36.01412531810459
2026-01-28 01:00:00,37.71,37.00286194086075,39.45027919441461,37.00286194086075,34.53054094090286
2026-01-28 01:15:00,37.3,36.39836004197597,38.845777295529835,36.39836004197597,34.06592237007729
2026-01-28 01:30:00,36.52,35.95694021582603,38.404357469379896,35.95694021582603,33.65972431730242
2026-01-28 01:45:00,36.02,35.446438708901404,37.89385596245527,35.446438708901404,33.3004460711923
2026-01-28 02:00:00,35.52,35.118478716015815,37.56589596956968,35.118478716015815,32.97399545781607
2026-01-28 02:15:00,34.77,34.73422182887792,37.181639082431786,34.73422182887792,32.672162630164635
2026-01-28 02:30:00,34.64,34.513530511856075,36.96094776540994,34.513530511856075,32.385930779443264
2026-01-28 02:45:00,34.23,34.22455050289631,36.67196775645017,34.22455050289631,32.11293592184732
2026-01-28 03:00:00,33.99,33.876011320650576,36.32342857420444,33.876011320650576,31.86043792107173
2026-01-28 03:15:00,33.41,32.936593176722525,35.38401043027639,32.936593176722525,31.629152290221718
2026-01-28 03:30:00,33.19,32.71206841617823,35.15948566973209,32.71206841617823,31.43517863287584
2026-01-28 03:45:00,33.14,32.64775463059544,35.09517188414931,32.64775463059544,31.29209563700299
2026-01-28 04:00:00,32.99,32.487904950380326,34.93532220393419,32.487904950380326,30.889486855796466
2026-01-28 04:15:00,33.04,32.45147926717996,34.89889652073383,32.45147926717996,30.881505348513446
2026-01-28 04:30:00,33.23,32.35709367126226,34.80451092481613,32.35709367126226,30.948339262078992
2026-01-28 04:45:00,32.9,32.27752979382873,34.72494704738259,32.27752979382873,31.086289671205567
2026-01-28 05:00:00,33.36,32.26310722634196,34.710524479895824,32.26310722634196,30.808902137320306
2026-01-28 05:15:00,33.96,32.3256530585885,34.773070312142366,32.3256530585885,31.05345011321267
2026-01-28 05:30:00,34.23,32.52630048692226,34.973717740476125,32.52630048692226,31.325662245357655
2026-01-28 05:45:00,34.68,32.675948239564896,35.12336549311876,32.675948239564896,31.60788869810412
2026-01-28 06:00:00,35.02,32.884808481931685,35.33222573548555,32.884808481931685,31.731416779497984
2026-01-28 06:15:00,35.8,33.29745490074158,35.74487215429544,33.29745490074158,31.99784506459816
2026-01-28 06:30:00,36.65,33.78984518021345,36.23726243376731,33.78984518021345,32.253241015104834
2026-01-28 06:45:00,37.04,34.36916802316904,36.816585276722904,34.36916802316904,32.507319438406995
2026-01-28 07:00:00,37.45,35.1491250115633,37.596542265117165,35.1491250115633,34.231541098291466
2026-01-28 07:15:00,37.92,35.73755062252283,38.1849678760767,35.73755062252283,34.54238745042403
2026-01-28 07:30:00,37.84,36.69710297882557,39.144520232379435,36.69710297882557,34.91932161130888
2026-01-28 07:45:00,38.99,37.57288808554411,40.02030533909797,37.57288808554411,35.386062003749046
2026-01-28 08:00:00,40.6,38.52493162125349,40.97234887480735,38.52493162125349,37.0863662338941
2026-01-28 08:15:00,42.75,39.44445730149746,41.891874555051324,39.44445730149746,37.77329900534969
2026-01-28 08:30:00,43.98,40.48287419080734,42.9302914443612,40.48287419080734,38.56661065236588
2026-01-28 08:45:00,45.37,41.39842430055141,43.84584155410528,41.39842430055141,39.44487790301646
2026-01-28 09:00:00,46.65,42.313057890534395,44.76047514408826,42.313057890534395,42.02565746888367
2026-01-28 09:15:00,47.96,44.43098363339901,46.878400886952875,44.43098363339901,42.95805170756967
2026-01-28 09:30:00,48.97,45.27216547012329,47.719582723677156,45.27216547012329,43.84274223331842
2026-01-28 09:45:00,49.57,46.072988558411595,48.52040581196546,46.072988558411595,44.6274382024278
2026-01-28 10:00:00,50.45,46.69116918265819,49.13858643621206,46.69116918265819,46.66096881337313
2026-01-28 10:15:00,51.35,47.28640759050846,49.733824844062326,47.28640759050846,47.117846378652665
2026-01-28 10:30:00,51.65,47.74592403292655,50.19334128648042,47.74592403292655,47.37482023516872
2026-01-28 10:45:00,51.99,48.16557319402694,50.612990447580806,48.16557319402694,47.43242785528987
2026-01-28 11:00:00,52.1,48.45169206738472,50.899109320938585,48.45169206738472,48.099897681620725
2026-01-28 11:15:00,52.77,48.715851658582686,51.16326891213655,48.715851658582686,47.83709372393642
2026-01-28 11:30:00,52.06,48.93663994073867,51.38405719429254,48.93663994073867,47.48468894106319
2026-01-28 11:45:00,52.46,48.94174322903156,51.389160482585424,48.94174322903156,47.10214446228298
2026-01-28 12:00:00,51.44,48.93851282894611,51.385930082499975,48.93851282894611,46.665796636934196
2026-01-28 12:15:00,51.27,49.01343632698059,51.460853580534454,49.01343632698059,46.398342530685476
2026-01-28 12:30:00,50.94,49.11116921246052,51.55858646601438,49.11116921246052,46.257949175193616
2026-01-28 12:45:00,51.26,49.145949144959445,51.59336639851331,49.145949144959445,46.270084746877835
2026-01-28 13:00:00,51.47,49.4539183807373,51.901335634291165,49.4539183807373,43.41911401883653
2026-01-28 13:15:00,52.06,49.42917766034603,51.87659491389989,49.42917766034603,43.735630456342555
2026-01-28 13:30:00,52.78,49.724605186581606,52.17202244013547,49.724605186581606,44.16792933342592
2026-01-28 13:45:00,53.75,49.812986913919445,52.26040416747331,49.812986913919445,44.67386714618783
2026-01-28 14:00:00,54.65,50.03799118697643,52.48540844053029,50.03799118697643,46.461856622997914
2026-01-28 14:15:00,54.29,50.25889635860919,52.70631361216306,50.25889635860919,46.97014573084462
2026-01-28 14:30:00,54.48,50.409266700744624,52.85668395429849,50.409266700744624,47.41417907340663
2026-01-28 14:45:00,54.52,50.420472151041025,52.86788940459489,50.420472151041025,47.764496467051046
2026-01-28 15:00:00,54.88,50.539231859445565,52.98664911299943,50.539231859445565,48.75248168172221
2026-01-28 15:15:00,54.59,51.5300189435482,53.977436197102065,51.5300189435482,48.8897223415933
2026-01-28 15:30:00,54.62,51.51921463668346,53.96663189023732,51.51921463668346,48.93972409013282
2026-01-28 15:45:00,55.54,51.60367790997028,54.051095163524145,51.60367790997028,48.932832761996565
2026-01-28 16:00:00,55.26,51.61052125751972,54.05793851107359,51.61052125751972,48.684378447816364
2026-01-28 16:15:00,55.74,51.67562869608402,54.123045949637884,51.67562869608402,48.678951460619594
2026-01-28 16:30:00,55.54,51.541803528070446,53.98922078162431,51.541803528070446,48.72956957749921
2026-01-28 16:45:00,55.42,51.556616612672805,54.00403386622667,51.556616612672805,48.86257359445757
2026-01-28 17:00:00,54.08,51.35754320740699,53.80496046096086,51.35754320740699,48.28845722347942
2026-01-28 17:15:00,54.65,51.293153045177455,53.74057029873132,51.293153045177455,48.61183325367949
2026-01-28 17:30:00,54.81,51.213721332550044,53.66113858610391,51.213721332550044,49.013918543559754
2026-01-28 17:45:00,54.87,51.23947420954704,53.686891463100906,51.23947420954704,49.466517036762404
2026-01-28 18:00:00,55.96,51.17021188139915,53.61762913495301,51.17021188139915,49.059903597365924
2026-01-28 18:15:00,56.21,51.33575925946235,53.783176513016215,51.33575925946235,49.49925154942305
2026-01-28 18:30:00,56.8,51.20039858877659,53.64781584233045,51.20039858877659,49.872202717559695
2026-01-28 18:45:00,56.98,51.127905860543244,53.57532311409711,51.127905860543244,50.14519654639558
2026-01-28 19:00:00,56.21,51.057780144214625,53.50519739776849,51.057780144214625,50.53865743728493
2026-01-28 19:15:00,57.0,50.7478264439106,53.19524369746446,50.7478264439106,50.55125522842264
2026-01-28 19:30:00,56.37,50.57166868925094,53.01908594280481,50.57166868925094,50.427193206926816
2026-01-28 19:45:00,55.5,50.139294514656065,52.58671176820993,50.139294514656065,50.1771155879252
2026-01-28 20:00:00,54.46,49.83783389747143,52.28525115102529,49.83783389747143,49.71191685414382
2026-01-28 20:15:00,53.77,49.446394948959345,51.89381220251321,49.446394948959345,49.2715899537231
2026-01-28 20:30:00,53.42,48.91152464270591,51.35894189625978,48.91152464270591,48.77290299971223
2026-01-28 20:45:00,53.0,48.43529300510883,50.8827102586627,48.43529300510883,48.238179689810295
2026-01-28 21:00:00,52.38,47.83802497088909,50.28544222444295,47.83802497088909,46.779923035539014
2026-01-28 21:15:00,53.83,47.79070864200592,50.23812589555978,47.79070864200592,46.217293261474325
2026-01-28 21:30:00,50.97,47.28451344966888,49.731930703222744,47.28451344966888,45.64869076966824
2026-01-28 21:45:00,50.37,46.68331367850303,49.1307309320569,46.68331367850303,45.07084551011705
2026-01-28 22:00:00,49.7,45.9270812690258,48.374498522579664,45.9270812690258,44.35912070677783
2026-01-28 22:15:00,48.46,45.32891531109809,47.77633256465196,45.32891531109809,43.73899573537175
2026-01-28 22:30:00,47.86,44.60320965111255,47.050626904666416,44.60320965111255,43.085630915680674
2026-01-28 22:45:00,46.46,43.80520519316196,46.252622446715826,43.80520519316196,42.39513848759991
2026-01-28 23:00:00,45.66,42.98344826221466,45.430865515768524,42.98344826221466,40.316340798593984
2026-01-28 23:15:00,44.25,42.205564733743664,44.65298198729753,42.205564733743664,39.56229324809296
2026-01-28 23:30:00,43.2,41.46715531289577,43.914572566449635,41.46715531289577,38.793492230789525
2026-01-28 23:45:00,42.91,40.67682305514812,43.124240308701985,40.67682305514812,38.02725304746396
2026-01-29 00:00:00,41.7,39.97205920755863,42.419476461112495,39.97205920755863,36.85371274758833
2026-01-29 00:15:00,41.11,39.37524943321943,41.822666686773296,39.37524943321943,36.149375914692726
2026-01-29 00:30:00,39.17,38.64342965662479,41.090846910178655,38.64342965662479,35.50041625563537
2026-01-29 00:45:00,38.46,38.0341658398509,40.481583093404765,38.0341658398509,34.91685122730374
2026-01-29 01:00:00,37.77,37.601458264589304,40.04887551814317,37.601458264589304,34.634027473124334
2026-01-29 01:15:00,37.07,36.978262019157405,39.42567927271127,36.978262019157405,34.186067114694964
2026-01-29 01:30:00,36.89,36.54960041373968,38.99701766729355,36.54960041373968,33.796593882387384
2026-01-29 01:45:00,36.32,36.02532321631908,38.472740469872946,36.02532321631908,33.454097258658756
2026-01-29 02:00:00,35.71,35.65860772043467,38.10602497398853,35.65860772043467,33.13292922910939
2026-01-29 02:15:00,35.09,35.280940477550025,37.72835773110389,35.280940477550025,32.847962071429485
2026-01-29 02:30:00,36.02,35.032910305857655,37.48032755941152,35.032910305857655,32.578623084010566
2026-01-29 02:45:00,35.04,34.72136000156402,37.16877725511789,34.72136000156402,32.322538372474106
2026-01-29 03:00:00,35.09,34.37008188635111,36.817499139904974,34.37008188635111,31.847515909189347
2026-01-29 03:15:00,34.69,32.947339038848874,35.39475629240274,32.947339038848874,31.633145229308035
2026-01-29 03:30:00,34.51,32.728381139636035,35.1757983931899,32.728381139636035,31.45607404714967
2026-01-29 03:45:00,34.27,32.665096778422594,35.11251403197646,32.665096778422594,31.32987114469897
2026-01-29 04:00:00,34.29,32.500896950066085,34.94831420361995,32.500896950066085,31.74221567721954
2026-01-29 04:15:00,34.45,32.466034663617606,34.91345191717147,32.466034663617606,31.751039860703273
2026-01-29 04:30:00,34.55,32.3694188696146,34.816836123168464,32.3694188696146,31.83462750086419
2026-01-29 04:45:00,34.44,32.29115140274167,34.738568656295534,32.29115140274167,31.98926987883249
2026-01-29 05:00:00,34.55,32.27607664510607,34.72349389865994,32.27607664510607,32.21259918351633
2026-01-29 05:15:00,35.04,32.335732119381426,34.78314937293529,32.335732119381426,32.473686419743714
2026-01-29 05:30:00,35.57,32.53117995843291,34.978597211986774,32.53117995843291,32.76234697102027
2026-01-29 05:45:00,35.83,32.68771954119205,35.13513679474592,32.68771954119205,33.06092142797503
2026-01-29 06:00:00,36.38,32.87769549161196,35.325112745165825,32.87769549161196,33.58842794114922
2026-01-29 06:15:00,37.54,33.27552085608244,35.7229381096363,33.27552085608244,33.87097497020754
2026-01-29 06:30:00,37.94,33.746054131686684,36.19347138524055,33.746054131686684,34.142360980915626
2026-01-29 06:45:00,38.24,34.3215249350667,36.768942188620564,34.3215249350667,34.41229153005129
2026-01-29 07:00:00,38.53,35.092740450203415,37.54015770375728,35.092740450203415,34.51467174054733
2026-01-29 07:15:00,38.87,35.6861139395833,38.133531193137166,35.6861139395833,34.84106698946712
2026-01-29 07:30:00,39.1,36.64564504325389,39.09306229680776,36.64564504325389,35.23338496397235
2026-01-29 07:45:00,40.51,37.525952975749966,39.97337022930383,37.525952975749966,35.71533525849958
2026-01-29 08:00:00,41.78,38.47456155478954,40.921978808343404,38.47456155478954,38.05202881515827
2026-01-29 08:15:00,44.38,39.40984074860811,41.85725800216198,39.40984074860811,38.753797669090105
2026-01-29 08:30:00,45.24,40.460679801404474,42.90809705495834,40.460679801404474,39.56174574895915
2026-01-29 08:45:00,47.14,41.383106465935704,43.83052371948957,41.383106465935704,40.454441470877256
2026-01-29 09:00:00,47.89,42.317385457754135,44.764802711308,42.317385457754135,42.739718129913584
2026-01-29 09:15:00,49.12,45.24323798120022,47.69065523475408,45.24323798120022,43.686100560706834
2026-01-29 09:30:00,49.74,46.097649581432336,48.5450668349862,46.097649581432336,44.584547262484996
2026-01-29 09:45:00,50.49,46.894447952508926,49.34186520606279,46.894447952508926,45.382759684509764
2026-01-29 10:00:00,52.36,47.508641051650045,49.95605830520391,47.508641051650045,46.67164763237824
2026-01-29 10:15:00,52.89,48.09187703549861,50.53929428905248,48.09187703549861,47.141539742773475
2026-01-29 10:30:00,52.32,48.54950730681419,50.99692456036806,48.54950730681419,47.411266302495335
2026-01-29 10:45:00,52.28,48.961773834824555,51.40919108837842,48.961773834824555,47.48135776082993
2026-01-29 11:00:00,52.29,49.24964605033397,51.69706330388784,49.24964605033397,48.229471865120466
2026-01-29 11:15:00,53.25,49.50997751116752,51.957394764721386,49.50997751116752,47.97859368280001
2026-01-29 11:30:00,52.82,49.72341769576072,52.17083494931459,49.72341769576072,47.637825855414135
2026-01-29 11:45:00,52.4,49.72436609447002,52.17178334802389,49.72436609447002,47.26662324605802
2026-01-29 12:00:00,51.55,49.723874627351755,52.17129188090562,49.723874627351755,47.81339761539599
2026-01-29 12:15:00,51.01,49.81187115073204,52.259288404285904,49.81187115073204,47.5566772078356
2026-01-29 12:30:00,51.52,49.90392427027225,52.351341523826115,49.90392427027225,47.42670487596556
2026-01-29 12:45:00,52.22,49.94407846212387,52.391495715677735,49.94407846212387,47.44894334896963
2026-01-29 13:00:00,52.22,50.23938112914562,52.686798382699486,50.23938112914562,48.7141909662328
2026-01-29 13:15:00,53.17,50.23992572784424,52.6873429813981,50.23992572784424,49.04015857489949
2026-01-29 13:30:00,54.15,50.52084301948547,52.968260273039334,50.52084301948547,49.48157545161752
2026-01-29 13:45:00,54.16,50.62033721685409,53.067754470407955,50.62033721685409,49.99629351660699
2026-01-29 14:00:00,54.99,50.84633770704269,53.29375496059656,50.84633770704269,49.82647944385672
2026-01-29 14:15:00,55.58,51.05649967312812,53.50391692668199,51.05649967312812,50.342860484884895
2026-01-29 14:30:00,55.74,51.204890863895415,53.65230811744928,51.204890863895415,50.794635646475
2026-01-29 14:45:00,55.56,51.21589972734451,53.66331698089837,51.21589972734451,51.152341083094235
2026-01-29 15:00:00,56.07,51.338426464796065,53.78584371834993,51.338426464796065,51.150719312833495
2026-01-29 15:15:00,56.6,52.42743790149688,54.874855155050746,52.42743790149688,51.29463041701485
2026-01-29 15:30:00,56.09,52.449434375762934,54.8968516293168,52.449434375762934,51.35093925999168
2026-01-29 15:45:00,56.3,52.56878650128841,55.01620375484227,52.56878650128841,51.34998896042124
2026-01-29 16:00:00,56.56,52.603019178509705,55.05043643206357,52.603019178509705,50.81333990288861
2026-01-29 16:15:00,57.5,52.66866590261459,55.11608315616846,52.66866590261459,50.81311462604295
2026-01-29 16:30:00,57.18,52.55949113130569,55.00690838485956,52.55949113130569,50.868561683917044
2026-01-29 16:45:00,56.57,52.59548246383667,55.04289971739053,52.59548246383667,51.006020122452696
2026-01-29 17:00:00,55.94,52.42294828295707,54.87036553651094,52.42294828295707,50.06890955499703
2026-01-29 17:15:00,55.67,52.37896596074104,54.82638321429491,52.37896596074104,50.39598669094165
2026-01-29 17:30:00,55.64,52.31368850111961,54.76110575467347,52.31368850111961,50.80139477793986
2026-01-29 17:45:00,55.8,52.348718152046196,54.79613540560006,52.348718152046196,51.2569369838801
2026-01-29 18:00:00,55.89,52.295735340118405,54.74315259367227,52.295735340118405,50.54926206262517
2026-01-29 18:15:00,56.83,52.473550800085064,54.92096805363893,52.473550800085064,50.99079420663091
2026-01-29 18:30:00,58.05,52.36091450631618,54.80833175987004,52.36091450631618,51.36554961681176
2026-01-29 18:45:00,58.67,52.29329394400119,54.74071119755506,52.29329394400119,51.639967933868235
2026-01-29 19:00:00,58.97,52.20938855230808,54.65680580586194,52.20938855230808,51.728101557401956
2026-01-29 19:15:00,57.58,51.93961560964584,54.38703286319971,51.93961560964584,51.741365883165706
2026-01-29 19:30:00,56.84,51.743889493942255,54.19130674749612,51.743889493942255,51.61759267559331
2026-01-29 19:45:00,56.15,51.31426487863063,53.7616821321845,51.31426487863063,51.36742730448146
2026-01-29 20:00:00,55.45,51.024402885437006,53.47182013899087,51.024402885437006,50.456944476710255
2026-01-29 20:15:00,54.3,50.62497560381889,53.072392857372755,50.62497560381889,50.015781098257406
2026-01-29 20:30:00,53.87,50.08490637242794,52.5323236259818,50.08490637242794,49.51588597311189
2026-01-29 20:45:00,53.81,49.591159909367555,52.03857716292142,49.591159909367555,48.979584886941154
2026-01-29 21:00:00,53.54,48.99875075817108,51.44616801172494,48.99875075817108,48.30800295606589
2026-01-29 21:15:00,53.0,48.68909459471702,51.136511848270885,48.68909459471702,47.7430633687518
2026-01-29 21:30:00,52.6,48.22748211145401,50.674899365007875,48.22748211145401,47.171789080412395
2026-01-29 21:45:00,51.88,47.66152451753616,50.108941771090024,47.66152451753616,46.590913026785955
2026-01-29 22:00:00,50.64,46.939296319484704,49.38671357303857,46.939296319484704,45.7394132051103
2026-01-29 22:15:00,49.74,46.36043040812015,48.80784766167402,46.36043040812015,45.1155492669651
2026-01-29 22:30:00,48.97,45.640191987752914,48.08760924130678,45.640191987752914,44.45809673162246
2026-01-29 22:45:00,47.9,44.87005770027637,47.317474953830235,44.87005770027637,43.76317167598576
2026-01-29 23:00:00,46.66,44.05550541162491,46.50292266517877,44.05550541162491,42.66542890816914
2026-01-29 23:15:00,45.82,43.26003665834665,45.707453911900515,43.26003665834665,41.90627123067034
2026-01-29 23:30:00,44.61,42.52621647775173,44.9736337313056,42.52621647775173,41.132027897746
2026-01-29 23:45:00,43.93,41.7411734688282,44.18859072238207,41.7411734688282,40.36001884278653
2026-01-30 00:00:00,42.62,41.002681694030755,43.45009894758462,41.002681694030755,39.48700227394916
2026-01-30 00:15:00,41.89,40.379792283475396,42.82720953702926,40.379792283475396,38.77625510974549
2026-01-30 00:30:00,40.82,39.604583930075165,42.05200118362903,39.604583930075165,38.120572581273734
2026-01-30 00:45:00,40.15,38.98658129662275,41.43399855017662,38.98658129662275,37.52997751024078
2026-01-30 01:00:00,39.51,38.503604604899884,40.95102185845375,38.503604604899884,36.51107129784179
2026-01-30 01:15:00,38.73,37.86030204117298,40.307719294726844,37.86030204117298,36.055483328022355
2026-01-30 01:30:00,38.4,37.40154936522245,39.848966618776316,37.40154936522245,35.658092418859376
2026-01-30 01:45:00,37.88,36.8523534566164,39.299770710170264,36.8523534566164,35.307394076978554
2026-01-30 02:00:00,37.43,36.447586451172825,38.89500370472669,36.447586451172825,34.87617800324073
2026-01-30 02:15:00,36.77,36.052492049932475,38.49990930348634,36.052492049932475,34.582459724257575
2026-01-30 02:30:00,36.27,35.76471281468868,38.212130068242544,35.76471281468868,34.30410454390523
2026-01-30 02:45:00,35.77,35.41642733573914,37.863844589293,35.41642733573914,34.03874517258543
2026-01-30 03:00:00,35.57,35.044413293004034,37.4918305465579,35.044413293004034,33.56183299385291
2026-01-30 03:15:00,35.18,33.83640039920807,36.28381765276193,33.83640039920807,33.337691057403916
2026-01-30 03:30:00,34.81,33.66547876179218,36.112896015346045,33.66547876179218,33.15061073621321
2026-01-30 03:45:00,34.88,33.6083410602808,36.055758313834666,33.6083410602808,33.01416791226811
2026-01-30 04:00:00,34.6,33.46913897633552,35.91655622988939,33.46913897633552,32.82089841179159
2026-01-30 04:15:00,34.59,33.44887724816799,35.896294501721854,33.44887724816799,32.81904284190006
2026-01-30 04:30:00,34.34,33.37966141015291,35.82707866370678,33.37966141015291,32.8917418819844
2026-01-30 04:45:00,34.34,33.30800417602062,35.75542142957448,33.30800417602062,33.0352943179125
2026-01-30 05:00:00,34.54,33.31725571244955,35.76467296600342,33.31725571244955,33.23691506691985
2026-01-30 05:15:00,35.51,33.37108065992594,35.8184979134798,33.37108065992594,33.48653253218988
2026-01-30 05:30:00,35.61,33.56565382033586,36.013071073889726,33.56565382033586,33.76354498095808
2026-01-30 05:45:00,35.74,33.688415665030476,36.13583291858434,33.688415665030476,34.05030081954558
2026-01-30 06:00:00,36.28,33.88915208876133,36.336569342315194,33.88915208876133,34.47337936996386
2026-01-30 06:15:00,37.2,34.24433803170919,36.691755285263056,34.24433803170919,34.74379044087192
2026-01-30 06:30:00,38.19,34.670825227200986,37.11824248075485,34.670825227200986,35.00289377654936
2026-01-30 06:45:00,38.19,35.21758505284786,37.665002306401725,35.21758505284786,35.260402964008975
2026-01-30 07:00:00,38.45,35.92769659399986,38.37511384755373,35.92769659399986,36.00282649982292
2026-01-30 07:15:00,39.14,36.48843135356903,38.93584860712289,36.48843135356903,36.31654725071226
2026-01-30 07:30:00,39.62,37.37178903877735,39.819206292331216,37.37178903877735,36.69607633570329
2026-01-30 07:45:00,40.81,38.20335140287876,40.650768656432625,38.20335140287876,37.16513149607367
2026-01-30 08:00:00,42.01,39.09653444558382,41.543951699137686,39.09653444558382,39.73348623733352
2026-01-30 08:15:00,43.89,39.99045601725578,42.437873270809646,39.99045601725578,40.42217195582324
2026-01-30 08:30:00,45.57,41.0002934294939,43.44771068304777,41.0002934294939,41.21695515254884
2026-01-30 08:45:00,46.51,41.89435181498527,44.341769068539136,41.89435181498527,42.09641240919321
2026-01-30 09:00:00,48.02,42.80970799446106,45.25712524801492,42.80970799446106,44.65897967391103
2026-01-30 09:15:00,52.16,45.768658835887905,48.21607608944177,45.768658835887905,45.59200092032201
2026-01-30 09:30:00,50.84,46.66488498985767,49.112302243411534,46.66488498985767,46.4770372616314
2026-01-30 09:45:00,51.43,47.474753729701035,49.9221709832549,47.474753729701035,47.26179823330155
2026-01-30 10:00:00,52.39,48.10219518840312,50.54961244195699,48.10219518840312,48.93585959752603
2026-01-30 10:15:00,53.26,48.70582572937011,51.15324298292398,48.70582572937011,49.392242192558584
2026-01-30 10:30:00,53.93,49.188980411887165,51.63639766544103,49.188980411887165,49.648442174546275
2026-01-30 10:45:00,53.62,49.61680386662483,52.06422112017869,49.61680386662483,49.704997905851826
2026-01-30 11:00:00,53.8,49.9347910618782,52.38220831543207,49.9347910618782,50.05446159050335
2026-01-30 11:15:00,54.39,50.20468886375427,52.652106117308136,50.20468886375427,49.79005288397216
2026-01-30 11:30:00,54.49,50.43810917913913,52.885526432693,50.43810917913913,49.43576875242805
2026-01-30 11:45:00,54.95,50.44156007528305,52.888977328836916,50.44156007528305,49.05107170662276
2026-01-30 12:00:00,53.2,50.473077728748315,52.92049498230218,50.473077728748315,49.50197455526299
2026-01-30 12:15:00,53.39,50.56656008780002,53.013977341353886,50.56656008780002,49.2318260663902
2026-01-30 12:30:00,53.3,50.672066123485564,53.11948337703943,50.672066123485564,49.08846996469892
2026-01-30 12:45:00,53.26,50.71336530089378,53.16078255444764,50.71336530089378,49.0973762757367
2026-01-30 13:00:00,53.77,50.996158137321466,53.44357539087533,50.996158137321466,48.74234204441873
2026-01-30 13:15:00,55.14,51.01418036937713,53.461597622930995,51.01418036937713,49.05510218884483
2026-01-30 13:30:00,55.09,51.27008331298828,53.71750056654214,51.27008331298828,49.48338447441795
2026-01-30 13:45:00,56.14,51.3766865158081,53.82410376936197,51.3766865158081,49.9850476855166
2026-01-30 14:00:00,56.06,51.59907405853271,54.04649131208657,51.59907405853271,50.78721628601924
2026-01-30 14:15:00,56.43,51.784094160795206,54.23151141434907,51.784094160795206,51.29072205449732
2026-01-30 14:30:00,56.81,51.91784228801727,54.365259541571135,51.91784228801727,51.729721533858
2026-01-30 14:45:00,57.08,51.92280477762222,54.370222031176084,51.92280477762222,52.07475723546027
2026-01-30 15:00:00,57.14,52.04029464125633,54.4877118948102,52.04029464125633,51.68346511815007
2026-01-30 15:15:00,57.7,53.35371527731418,55.801132530868045,53.35371527731418,51.814936896875345
2026-01-30 15:30:00,57.31,53.392530553340904,55.83994780689477,53.392530553340904,51.85893058956982
2026-01-30 15:45:00,57.86,53.49779484033584,55.94521209388971,53.49779484033584,51.845795097228915
2026-01-30 16:00:00,57.74,53.52016323566436,55.96758048921823,53.52016323566436,50.82883992144937
2026-01-30 16:15:00,58.08,53.592092769145964,56.03951002269983,53.592092769145964,50.81670609720728
2026-01-30 16:30:00,58.51,53.483284605741495,55.93070185929536,53.483284605741495,50.860390978797064
2026-01-30 16:45:00,58.27,53.52493710815906,55.972354361712924,53.52493710815906,50.98623876107523
2026-01-30 17:00:00,57.53,53.374959939718245,55.82237719327211,53.374959939718245,50.22297272629351
2026-01-30 17:15:00,57.36,53.35085945487022,55.79827670842408,53.35085945487022,50.53875702324037
2026-01-30 17:30:00,56.54,53.27938153982162,55.72679879337549,53.27938153982162,50.9330382265748
2026-01-30 17:45:00,57.53,53.340419099330894,55.78783635288476,53.340419099330894,51.377623969843896
2026-01-30 18:00:00,57.42,53.30058104038238,55.74799829393625,53.30058104038238,50.73116954842015
2026-01-30 18:15:00,57.87,53.49396139681339,55.941378650367255,53.49396139681339,51.16209875502649
2026-01-30 18:30:00,59.53,53.40282214045524,55.85023939400911,53.40282214045524,51.52643396986186
2026-01-30 18:45:00,58.88,53.31783817768096,55.76525543123483,53.31783817768096,51.79061857526231
2026-01-30 19:00:00,59.07,53.21872652769088,55.66614378124475,53.21872652769088,50.6016767584209
2026-01-30 19:15:00,57.89,52.941964125633234,55.3893813791871,52.941964125633234,50.60509081717377
2026-01-30 19:30:00,56.78,52.70127541005611,55.14869266360998,52.70127541005611,50.47166392627444
2026-01-30 19:45:00,56.46,52.23630766749382,54.683724921047684,52.23630766749382,50.21204444202213
2026-01-30 20:00:00,56.66,51.91857550382614,54.365992757380006,51.91857550382614,49.84670011451861
2026-01-30 20:15:00,54.95,51.458554311394685,53.90597156494855,51.458554311394685,49.39648995350894
2026-01-30 20:30:00,54.47,50.878312292099,53.32572954565286,50.878312292099,48.88775541803988
2026-01-30 20:45:00,53.92,50.3343511724472,52.781768426001065,50.3343511724472,48.34282450560882
2026-01-30 21:00:00,53.13,49.699747576713555,52.14716483026742,49.699747576713555,47.675855426734316
2026-01-30 21:15:00,52.11,48.826545993089674,51.27396324664354,48.826545993089674,47.102711031760066
2026-01-30 21:30:00,52.1,48.40950559258461,50.856922846138474,48.40950559258461,46.52344697777814
2026-01-30 21:45:00,51.28,47.86138958334922,50.30880683690309,47.86138958334922,45.934797626865304
2026-01-30 22:00:00,50.41,47.17478876650333,49.6222060200572,47.17478876650333,45.34497368599564
2026-01-30 22:15:00,49.62,46.60238896846771,49.04980622202157,46.60238896846771,44.71377287937187
2026-01-30 22:30:00,48.93,45.909906485676764,48.35732373923063,45.909906485676764,44.0492030430945
2026-01-30 22:45:00,47.73,45.15320386171341,47.60062111526727,45.15320386171341,43.34738089581553
2026-01-30 23:00:00,46.99,44.35564305245876,46.803060306012625,44.35564305245876,42.6124585265069
2026-01-30 23:15:00,45.59,43.579260491132736,46.0266777446866,43.579260491132736,41.84684532061509
2026-01-30 23:30:00,44.92,42.85534138053655,45.30275863409042,42.85534138053655,41.066367425658065
2026-01-30 23:45:00,43.95,42.0573873975873,44.504804651141164,42.0573873975873,40.288344642650934
2026-01-31 00:00:00,42.81,41.345603539943696,43.79302079349756,41.345603539943696,39.175510464110054
2026-01-31 00:15:00,42.16,40.74001908510923,43.1874363386631,40.74001908510923,38.45919007861701
2026-01-31 00:30:00,40.98,39.98309198021889,42.43050923377275,39.98309198021889,37.798153625224316
2026-01-31 00:45:00,40.57,39.39390393108129,41.841321184635156,39.39390393108129,37.20242303922109
2026-01-31 01:00:00,39.87,38.91298608809709,41.36040334165096,38.91298608809709,35.84001245964931
2026-01-31 01:15:00,39.15,38.29707551062107,40.744492764174936,38.29707551062107,35.379722400841715
2026-01-31 01:30:00,38.23,37.84344604730606,40.290863300859925,37.84344604730606,34.977844057206894
2026-01-31 01:45:00,37.58,37.30294246524572,39.75035971879959,37.30294246524572,34.62287132590341
2026-01-31 02:00:00,37.35,36.93860327929258,39.386020532846445,36.93860327929258,34.30088855628327
2026-01-31 02:15:00,36.88,36.54322993725538,38.99064719080925,36.54322993725538,34.00331645215263
2026-01-31 02:30:00,36.24,36.2749260827899,38.72234333634376,36.2749260827899,33.721314624035315
2026-01-31 02:45:00,36.43,35.92591270118952,38.37332995474338,35.92591270118952,33.45251348967244
2026-01-31 03:00:00,35.69,35.56209818959236,38.00951544314623,35.56209818959236,32.74725419071662
2026-01-31 03:15:00,35.45,33.83486755311489,36.282284806668756,33.83486755311489,32.52007273062172
2026-01-31 03:30:00,35.25,33.699344831109045,36.14676208466291,33.699344831109045,32.33014992296478
2026-01-31 03:45:00,35.24,33.639084320962425,36.08650157451629,33.639084320962425,32.19105872211636
2026-01-31 04:00:00,34.95,33.50600299507379,35.95342024862766,33.50600299507379,31.982300797340354
2026-01-31 04:15:00,34.92,33.51437387555838,35.96179112911224,33.51437387555838,31.97817568919764
2026-01-31 04:30:00,35.04,33.44543432176113,35.89285157531499,33.44543432176113,32.0487896306504
2026-01-31 04:45:00,35.11,33.3743575501442,35.82177480369806,33.3743575501442,32.1904379015581
2026-01-31 05:00:00,35.17,33.397971881031985,35.84538913458585,33.397971881031985,32.392937993719
2026-01-31 05:15:00,35.93,33.43532869517803,35.882745948731895,33.43532869517803,32.64100210658764
2026-01-31 05:30:00,36.11,33.664939476251604,36.11235672980547,33.664939476251604,32.91663082468826
2026-01-31 05:45:00,36.17,33.77631920814514,36.223736461699005,33.77631920814514,33.20216853303992
2026-01-31 06:00:00,37.25,33.97792698979377,36.42534424334764,33.97792698979377,32.91480428057633
2026-01-31 06:15:00,37.62,34.33257364720106,36.779990900754925,34.33257364720106,33.184315890945726
2026-01-31 06:30:00,38.96,34.77603239774704,37.2234496513009,34.77603239774704,33.44267261290499
2026-01-31 06:45:00,38.42,35.28739463627338,37.73481188982725,35.28739463627338,33.69958356690043
2026-01-31 07:00:00,38.47,35.98028888881206,38.42770614236593,35.98028888881206,35.00673174107091
2026-01-31 07:15:00,38.66,36.491449227333064,38.93886648088693,36.491449227333064,35.32013722653708
2026-01-31 07:30:00,39.39,37.321355214416975,39.76877246797084,37.321355214416975,35.699485448528264
2026-01-31 07:45:00,40.39,38.09953229486942,40.546949548423285,38.09953229486942,36.168489311951745
2026-01-31 08:00:00,41.8,38.93578484922647,41.38320210278034,38.93578484922647,39.32649156760254
2026-01-31 08:15:00,44.26,39.75611785382032,42.20353510737419,39.75611785382032,40.01537029687567
2026-01-31 08:30:00,45.77,40.7061423894763,43.153559643030164,40.7061423894763,40.810461100499786
2026-01-31 08:45:00,46.9,41.54099758327007,43.988414836823935,41.54099758327007,41.690335433201
2026-01-31 09:00:00,48.51,42.379055283069604,44.82647253662347,42.379055283069604,43.99573857393605
2026-01-31 09:15:00,49.67,44.509796363115306,46.95721361666917,44.509796363115306,44.92938021953829
2026-01-31 09:30:00,50.2,45.401498363018035,47.8489156165719,45.401498363018035,45.81513071028131
2026-01-31 09:45:00,50.76,46.19517259716987,48.64258985072374,46.19517259716987,46.60069424659596
2026-01-31 10:00:00,51.29,46.78688838124275,49.23430563479661,46.78688838124275,48.51508318830536
2026-01-31 10:15:00,53.07,47.412103626728054,49.85952088028192,47.412103626728054,48.9724290225102
2026-01-31 10:30:00,53.54,47.885861989259716,50.33327924281358,47.885861989259716,49.22966444148345
2026-01-31 10:45:00,53.77,48.29314211845398,50.740559372007844,48.29314211845398,49.28732234907582
2026-01-31 11:00:00,54.95,48.61096991896629,51.058387172520156,48.61096991896629,49.74212415099959
2026-01-31 11:15:00,55.05,48.84571852385997,51.29313577741384,48.84571852385997,49.47893465849454
2026-01-31 11:30:00,55.12,49.13542112231254,51.58283837586641,49.13542112231254,49.125920020634204
2026-01-31 11:45:00,55.16,49.11809757053852,51.56551482409238,49.11809757053852,48.74253725122619
2026-01-31 12:00:00,54.59,49.16068784534931,51.608105098903174,49.16068784534931,49.449690959816785
2026-01-31 12:15:00,54.03,49.219621394276615,51.66703864783048,49.219621394276615,49.18092984326159
2026-01-31 12:30:00,54.27,49.34211359620094,51.789530849754804,49.34211359620094,49.03898945053338
2026-01-31 12:45:00,54.86,49.356129707098006,51.80354696065187,49.356129707098006,49.049334357483424
2026-01-31 13:00:00,54.43,49.65438648998737,52.10180374354123,49.65438648998737,49.48608435428097
2026-01-31 13:15:00,55.67,49.6241041457653,52.07152139931917,49.6241041457653,49.80031262449514
2026-01-31 13:30:00,55.97,49.862781831026076,52.31019908457994,49.862781831026076,50.23006974418763
2026-01-31 13:45:00,56.53,49.9325621920824,52.379979445636266,49.9325621920824,50.73320917909197
2026-01-31 14:00:00,57.19,50.137155968546864,52.58457322210073,50.137155968546864,49.89636609695225
2026-01-31 14:15:00,57.49,50.30704154014587,52.75445879369973,50.30704154014587,50.40133509884703
2026-01-31 14:30:00,58.07,50.41138399422168,52.858801247775546,50.41138399422168,50.841783537674736
2026-01-31 14:45:00,57.9,50.399394853115076,52.84681210666894,50.399394853115076,51.18824881812401
2026-01-31 15:00:00,57.4,50.486735201478,52.934152455031864,50.486735201478,50.94144766420677
2026-01-31 15:15:00,58.0,53.05323228120803,55.5006495347619,53.05323228120803,51.074295206285
2026-01-31 15:30:00,59.16,53.11729834079742,55.564715594351284,53.11729834079742,51.11963037223168
2026-01-31 15:45:00,58.16,53.18241640567779,55.62983365923166,53.18241640567779,51.10779724602795
2026-01-31 16:00:00,57.66,53.15191887855529,55.59933613210916,53.15191887855529,50.14583874325817
2026-01-31 16:15:00,57.98,53.259427974820134,55.706845228374,53.259427974820134,50.13491495991208
2026-01-31 16:30:00,57.89,53.13556497812271,55.582982231676574,53.13556497812271,50.17975684587664
2026-01-31 16:45:00,57.55,53.13440139651298,55.58181865006684,53.13440139651298,50.30670414142386
2026-01-31 17:00:00,56.7,52.98586675047874,55.43328400403261,52.98586675047874,48.607760182580336
2026-01-31 17:15:00,55.9,52.91790083289146,55.36531808644533,52.91790083289146,48.92451605679202
2026-01-31 17:30:00,56.25,52.85071063637733,55.298127889931195,52.85071063637733,49.31969860741865
2026-01-31 17:45:00,56.55,52.876240360736844,55.32365761429071,52.876240360736844,49.76511144340904
2026-01-31 18:00:00,56.82,52.82137669086456,55.26879394441843,52.82137669086456,49.18208388218917
2026-01-31 18:15:00,57.19,52.96429267227649,55.41170992583036,52.96429267227649,49.613680071360776
2026-01-31 18:30:00,57.89,52.83828847289085,55.28570572644472,52.83828847289085,49.97859665825679
2026-01-31 18:45:00,58.32,52.69861883103847,55.14603608459234,52.69861883103847,50.24327349143343
2026-01-31 19:00:00,58.3,52.58368193984031,55.031099193394176,52.58368193984031,50.52874744709892
2026-01-31 19:15:00,58.01,52.24497608482837,54.69239333838224,52.24497608482837,50.53246537151987
2026-01-31 19:30:00,57.1,51.939201183319085,54.38661843687295,51.939201183319085,50.399243400520064
2026-01-31 19:45:00,56.32,51.425450680255885,53.87286793380975,51.425450680255885,50.13972690050648
2026-01-31 20:00:00,55.52,51.06145684957504,53.5088741031289,51.06145684957504,49.68696452694878
2026-01-31 20:15:00,54.67,50.553197495341294,53.00061474889516,50.553197495341294,49.236645085628226
2026-01-31 20:30:00,52.94,49.92817352354526,52.37559077709913,49.92817352354526,48.72769123576587
2026-01-31 20:45:00,52.82,49.35459420442581,51.802011457979674,49.35459420442581,48.18242857396812
2026-01-31 21:00:00,51.71,48.68101593792438,51.128433191478244,48.68101593792438,48.208761903460044
2026-01-31 21:15:00,52.23,48.18007280230522,50.627490055859084,48.18007280230522,47.63505430394443
2026-01-31 21:30:00,51.98,47.73720514059067,50.18462239414453,47.73720514059067,47.055108338329106
2026-01-31 21:45:00,51.82,47.07923427581787,49.52665152937173,47.07923427581787,46.465656594052184
2026-01-31 22:00:00,50.99,46.30224867105483,48.7496659246087,46.30224867105483,45.724003576173246
2026-01-31 22:15:00,49.79,45.71454697787761,48.161964231431476,45.71454697787761,45.09175473556717
2026-01-31 22:30:00,48.7,44.96460534751415,47.41202260106802,44.96460534751415,44.4260120338171
2026-01-31 22:45:00,48.03,44.14037779808044,46.58779505163431,44.14037779808044,43.72289106810568
2026-01-31 23:00:00,46.96,43.32607788443565,45.773495137989514,43.32607788443565,42.63362259581424
2026-01-31 23:15:00,46.02,42.51878602623939,44.966203279793255,42.51878602623939,41.86645597129988
2026-01-31 23:30:00,45.03,41.76901043206453,44.2164276856184,41.76901043206453,41.08429634614846
2026-01-31 23:45:00,44.0,40.97773376047611,43.42515101402998,40.97773376047611,40.30446307172626
2026-02-01 00:00:00,43.4,40.25493174135685,42.702348994910714,40.25493174135685,39.341509935895864
2026-02-01 00:15:00,42.17,39.62058052062988,42.067997774183745,39.62058052062988,38.623120868476114
2026-02-01 00:30:00,41.2,38.88417017549276,41.33158742904663,38.88417017549276,37.9598866434752
2026-02-01 00:45:00,40.94,38.266133006513115,40.71355026006698,38.266133006513115,37.361829427002064
2026-02-01 01:00:00,40.05,37.81325137019157,40.26066862374544,37.81325137019157,36.456847003463494
2026-02-01 01:15:00,39.27,37.20764300614595,39.655060259699816,37.20764300614595,35.9939739688121
2026-02-01 01:30:00,39.16,36.72222093343734,39.16963818699121,36.72222093343734,35.589385502144765
2026-02-01 01:45:00,38.45,36.19122923254967,38.63864648610353,36.19122923254967,35.2315764099635
2026-02-01 02:00:00,37.89,35.80821429610252,38.255631549656385,35.80821429610252,34.888388608459
2026-02-01 02:15:00,37.31,35.40153455376625,37.84895180732011,35.40153455376625,34.58773106655366
2026-02-01 02:30:00,37.01,35.14373215615749,37.591149409711356,35.14373215615749,34.302521295598474
2026-02-01 02:45:00,36.65,34.804728764295575,37.25214601784944,34.804728764295575,34.03039128906152
2026-02-01 03:00:00,36.23,34.438767736852164,36.88618499040603,34.438767736852164,33.55070103747193
2026-02-01 03:15:00,35.54,34.436747408509255,36.88416466206312,34.436747408509255,33.31995422858941
2026-02-01 03:30:00,35.43,34.26605955004692,36.713476803600784,34.26605955004692,33.12635084786456
2026-02-01 03:45:00,35.1,34.1815059530735,36.62892320662736,34.1815059530735,32.98346607144097
2026-02-01 04:00:00,34.83,34.01939353168011,36.466810785233974,34.01939353168011,32.77880456767092
2026-02-01 04:15:00,34.72,34.005949913561345,36.45336716711521,34.005949913561345,32.77066717065064
2026-02-01 04:30:00,34.56,33.913470413088795,36.36088766664266,33.913470413088795,32.837163420260346
2026-02-01 04:45:00,34.37,33.82385204821825,36.271269301772115,33.82385204821825,32.97459143347609
2026-02-01 05:00:00,34.43,33.82816633254289,36.27558358609676,33.82816633254289,32.80866925693066
2026-02-01 05:15:00,35.29,33.86199653804302,36.30941379159689,33.86199653804302,33.05231708135439
2026-02-01 05:30:00,35.6,34.070855452120306,36.51827270567417,34.070855452120306,33.323436334095675
2026-02-01 05:45:00,35.8,34.19933159828186,36.646748851835724,34.19933159828186,33.60437481312288
2026-02-01 06:00:00,36.37,34.38991856187582,36.83733581542968,34.38991856187582,33.88495887619318
2026-02-01 06:15:00,37.1,34.7765530872345,37.22397034078836,34.7765530872345,34.14970251245978
2026-02-01 06:30:00,37.33,35.23195714533329,37.679374398887155,35.23195714533329,34.40321254340451
2026-02-01 06:45:00,37.41,35.74818092346191,38.195598177015775,35.74818092346191,34.655202030308985
2026-02-01 07:00:00,37.47,36.46479045689106,38.912207710444925,36.46479045689106,35.17452588473451
2026-02-01 07:15:00,38.39,36.98988322407007,39.437300477623936,36.98988322407007,35.48287266401946
2026-02-01 07:30:00,39.07,37.846801306605336,40.2942185601592,37.846801306605336,35.85709995318205
2026-02-01 07:45:00,40.01,38.645853784978385,41.09327103853225,38.645853784978385,36.32092506975897
2026-02-01 08:00:00,41.7,39.489716109931464,41.93713336348533,39.489716109931464,39.444087750439735
2026-02-01 08:15:00,43.75,40.29943475306034,42.746852006614205,40.29943475306034,40.12768577333689
2026-02-01 08:30:00,45.1,41.25299253880977,43.70040979236364,41.25299253880977,40.917451930157796
2026-02-01 08:45:00,45.91,42.082523948252195,44.52994120180606,42.082523948252195,41.791962497018226
2026-02-01 09:00:00,47.37,42.90294727653265,45.350364530086516,42.90294727653265,44.24417536416554
2026-02-01 09:15:00,49.35,45.12698342680931,47.574400680363176,45.12698342680931,45.17238983540517
2026-02-01 09:30:00,50.13,45.97838512301445,48.42580237656831,45.97838512301445,46.05268903204538
2026-02-01 09:45:00,50.71,46.7880253970623,49.235442650616164,46.7880253970623,46.832782316371656
2026-02-01 10:00:00,51.56,47.36952397823333,49.8169412317872,47.36952397823333,48.47418478092768
2026-02-01 10:15:00,51.44,47.99220750391483,50.43962475746869,47.99220750391483,48.92603822374278
2026-02-01 10:30:00,52.34,48.4691750138998,50.916592267453666,48.4691750138998,49.17777820260696
2026-02-01 10:45:00,52.33,48.88419907093048,51.331616324484344,48.88419907093048,49.22994304887503
2026-02-01 11:00:00,53.28,49.20695748209953,51.6543747356534,49.20695748209953,49.89654878840904
2026-02-01 11:15:00,53.17,49.45782620847225,51.905243462026114,49.45782620847225,49.627887487610856
2026-02-01 11:30:00,53.15,49.75522491633892,52.20264216989278,49.75522491633892,49.26942000882788
2026-02-01 11:45:00,53.28,49.76950668513774,52.21692393869161,49.76950668513774,48.88060898081426
2026-02-01 12:00:00,52.39,49.822407143115996,52.26982439666986,49.822407143115996,49.060146837023645
2026-02-01 12:15:00,52.01,49.89952497541904,52.34694222897291,49.89952497541904,48.78602360063697
2026-02-01 12:30:00,51.67,50.040177551507945,52.48759480506181,50.040177551507945,48.638762697089966
2026-02-01 12:45:00,52.04,50.057280607223504,52.50469786077737,50.057280607223504,48.643834421733175
2026-02-01 13:00:00,53.16,50.35776625990867,52.80518351346254,50.35776625990867,49.34134039273259
2026-02-01 13:15:00,53.21,50.32333433926105,52.77075159281492,50.32333433926105,49.65040734281685
2026-02-01 13:30:00,54.48,50.5833948290348,53.03081208258867,50.5833948290348,50.07506768636397
2026-02-01 13:45:00,53.79,50.65517825067043,53.1025955042243,50.65517825067043,50.57318062896011
2026-02-01 14:00:00,55.06,50.86319104433059,53.31060829788446,50.86319104433059,48.89284404377802
2026-02-01 14:15:00,55.33,51.009797013998025,53.45721426755189,51.009797013998025,49.39294430313149
2026-02-01 14:30:00,55.77,51.11438387334346,53.56180112689733,51.11438387334346,49.8286114331287
2026-02-01 14:45:00,56.03,51.105460424423214,53.55287767797708,51.105460424423214,50.170388513470414
2026-02-01 15:00:00,56.43,51.181337634325025,53.62875488787889,51.181337634325025,48.27029010616646
2026-02-01 15:15:00,56.31,53.45142691016197,55.898844163715836,53.45142691016197,48.39865256821191
2026-02-01 15:30:00,56.02,53.4696404159069,55.91705766946077,53.4696404159069,48.439612590538644
2026-02-01 15:45:00,55.63,53.54296730995178,55.99038456350564,53.54296730995178,48.42351978264875
2026-02-01 16:00:00,56.55,53.507156624794,55.954573878347865,53.507156624794,48.06112817908889
2026-02-01 16:15:00,56.47,53.59899456143379,56.04641181498766,53.59899456143379,48.04619200661483
2026-02-01 16:30:00,56.94,53.458259631395336,55.9056768849492,53.458259631395336,48.08715321712612
2026-02-01 16:45:00,55.62,53.43894364535808,55.886360898911946,53.43894364535808,48.210356842696086
2026-02-01 17:00:00,54.48,53.25595582604408,55.703373079597945,53.25595582604408,47.01648489271636
2026-02-01 17:15:00,54.68,53.150569336414335,55.5979865899682,53.150569336414335,47.329786693411265
2026-02-01 17:30:00,55.21,53.04904551267624,55.4964627662301,53.04904551267624,47.72166760401057
2026-02-01 17:45:00,55.28,53.06101074457168,55.50842799812555,53.06101074457168,48.16393620978345
2026-02-01 18:00:00,55.41,52.97932093977928,55.426738193333144,52.97932093977928,47.410871537584
2026-02-01 18:15:00,56.07,53.102843894362444,55.55026114791631,53.102843894362444,47.83965287728366
2026-02-01 18:30:00,56.02,52.977102696299546,55.42451994985341,52.977102696299546,48.201926388923624
2026-02-01 18:45:00,55.91,52.82658358573913,55.274000839292995,52.82658358573913,48.46413650459989
2026-02-01 19:00:00,55.71,52.72753038048744,55.1749476340413,52.72753038048744,48.83913793861707
2026-02-01 19:15:00,55.55,52.370278947353356,54.81769620090722,52.370278947353356,48.840755167667844
2026-02-01 19:30:00,52.97,52.11200633525848,54.559423588812344,52.11200633525848,48.70562193226311
2026-02-01 19:45:00,52.77,51.614107639193534,54.0615248927474,51.614107639193534,48.44438771620332
2026-02-01 20:00:00,51.85,51.2830235093832,53.730440762937064,51.2830235093832,47.653881292733146
2026-02-01 20:15:00,52.09,50.77950083553791,53.226918089091775,50.77950083553791,47.20224306924191
2026-02-01 20:30:00,51.29,50.20533706903457,52.652754322588436,50.20533706903457,46.69217555604832
2026-02-01 20:45:00,51.34,49.66108638226986,52.10850363582372,49.66108638226986,46.14600793254094
2026-02-01 21:00:00,52.62,49.007190709710116,51.45460796326398,49.007190709710116,46.00883390886369
2026-02-01 21:15:00,51.94,47.80622306346893,50.25364031702279,47.80622306346893,45.434648922639994
2026-02-01 21:30:00,51.49,47.28644212603569,49.73385937958955,47.28644212603569,44.85444414580629
2026-02-01 21:45:00,50.95,46.498213878870004,48.94563113242387,46.498213878870004,44.26495515312173
2026-02-01 22:00:00,51.12,45.622384938597676,48.06980219215154,45.622384938597676,43.874560631486766
2026-02-01 22:15:00,49.75,44.951635928750036,47.3990531823039,44.951635928750036,43.242725997826454
2026-02-01 22:30:00,48.73,44.10937552094459,46.556792774498454,44.10937552094459,42.577627070474406
2026-02-01 22:45:00,48.03,43.20147901535034,45.6488962689042,43.20147901535034,41.87538178490654
2026-02-01 23:00:00,46.76,42.32692124813795,44.774338501691815,42.32692124813795,40.658471312434344
2026-02-01 23:15:00,45.4,41.4896459108591,43.93706316441297,41.4896459108591,39.8926505124901
2026-02-01 23:30:00,44.39,40.658293416500086,43.10571067005395,40.658293416500086,39.11207460344376
2026-02-01 23:45:00,43.97,39.87451759576797,42.321934849321835,39.87451759576797,38.334064579879694
2026-02-02 00:00:00,42.67,39.10564119845628,41.55305845201015,39.10564119845628,37.22746035985362
2026-02-02 00:15:00,41.64,38.43257033854723,40.879987592101095,38.43257033854723,36.51137782145069
2026-02-02 00:30:00,40.94,37.73612025499344,40.1835375085473,37.73612025499344,35.85069350333748
2026-02-02 00:45:00,40.04,37.07722357243299,39.52464082598686,37.07722357243299,35.25543048275422
2026-02-02 01:00:00,39.36,36.62459829598665,39.07201554954052,36.62459829598665,34.940273241504244
2026-02-02 01:15:00,39.02,36.041580151617524,38.48899740517139,36.041580151617524,34.48068496496265
2026-02-02 01:30:00,38.34,35.550551368892194,37.99796862244606,35.550551368892194,34.079627149357464
2026-02-02 01:45:00,37.64,35.04319126665592,37.49060852020978,35.04319126665592,33.72559475369904
2026-02-02 02:00:00,37.25,34.6613399118185,37.10875716537237,34.6613399118185,33.166716273074016
2026-02-02 02:15:00,36.57,34.243191717863084,36.69060897141695,34.243191717863084,32.870327204032904
2026-02-02 02:30:00,36.28,34.01967380076647,36.467091054320335,34.01967380076647,32.589631248381686
2026-02-02 02:45:00,36.17,33.705408472716805,36.15282572627067,33.705408472716805,32.322259775318386
2026-02-02 03:00:00,35.84,33.353561849594115,35.80097910314798,33.353561849594115,31.856875683780878
2026-02-02 03:15:00,35.54,33.529945413470266,35.97736266702413,33.529945413470266,31.63137418933755
2026-02-02 03:30:00,35.46,33.327496824562544,35.77491407811641,33.327496824562544,31.443257793640292
2026-02-02 03:45:00,35.48,33.241796913743016,35.68921416729688,33.241796913743016,31.30610026435149
2026-02-02 04:00:00,35.46,33.08957227945328,35.536989533007144,33.08957227945328,31.46405239462006
2026-02-02 04:15:00,35.41,33.058696189820765,35.50611344337463,33.058696189820765,31.462117760836154
2026-02-02 04:30:00,35.16,32.97965632259846,35.427073576152324,32.97965632259846,31.53505163679754
2026-02-02 04:45:00,35.21,32.92793804228306,35.375355295836926,32.92793804228306,31.67914994980045
2026-02-02 05:00:00,35.51,32.960866339206696,35.40828359276056,32.960866339206696,31.750448580080054
2026-02-02 05:15:00,35.84,33.08823070704937,35.535647960603235,33.08823070704937,32.00122470870166
2026-02-02 05:30:00,36.31,33.31131958663463,35.7587368401885,33.31131958663463,32.279697212409815
2026-02-02 05:45:00,36.68,33.52868353843689,35.97610079199075,33.52868353843689,32.56821093161092
2026-02-02 06:00:00,37.02,33.820713300108906,36.26813055366277,33.820713300108906,33.356504720569596
2026-02-02 06:15:00,38.14,34.337561374306674,36.78497862786054,34.337561374306674,33.62925794883523
2026-02-02 06:30:00,38.63,34.91819656729698,37.36561382085085,34.91819656729698,33.890989561749684
2026-02-02 06:45:00,38.91,35.58425538688898,38.03167264044284,35.58425538688898,34.151408918569715
2026-02-02 07:00:00,39.77,36.45150756180286,38.89892481535673,36.45150756180286,34.52567426946925
2026-02-02 07:15:00,40.01,37.165050074756145,39.61246732831001,37.165050074756145,34.842855664276726
2026-02-02 07:30:00,40.15,38.19851510077714,40.64593235433101,38.19851510077714,35.2261136708378
2026-02-02 07:45:00,41.23,39.17879674315452,41.62621399670839,39.17879674315452,35.69916119362419
2026-02-02 08:00:00,42.39,40.20597364664078,42.653390900194644,40.20597364664078,38.51678510758286
2026-02-02 08:15:00,44.49,41.16338878512382,43.61080603867769,41.16338878512382,39.20997499058587
2026-02-02 08:30:00,45.51,42.25547521203756,44.702892465591425,42.25547521203756,40.009510438556404
2026-02-02 08:45:00,46.88,43.18606288731098,45.63348014086485,43.18606288731098,40.89396264686708
2026-02-02 09:00:00,47.63,44.12033922255039,46.56775647610426,44.12033922255039,43.543965866775196
2026-02-02 09:15:00,49.36,47.857901495099064,50.30531874865293,47.857901495099064,44.48245080188725
2026-02-02 09:30:00,50.55,48.626909393072125,51.07432664662599,48.626909393072125,45.37317662668057
2026-02-02 09:45:00,51.22,49.34923854112625,51.79665579468011,49.34923854112625,46.16384700705474
2026-02-02 10:00:00,52.75,49.87210376679897,52.31952102035284,49.87210376679897,48.42839345484854
2026-02-02 10:15:00,53.38,50.36501075088977,52.81242800444364,50.36501075088977,48.89110726372402
2026-02-02 10:30:00,53.48,50.753113036155696,53.20053028970956,50.753113036155696,49.1538401335771
2026-02-02 10:45:00,53.33,51.09452860176563,53.5419458553195,51.09452860176563,49.21712414433653
2026-02-02 11:00:00,53.67,51.33115009486675,53.778567348420616,51.33115009486675,49.063015273061495
2026-02-02 11:15:00,54.29,51.54919944405555,53.99661669760942,51.54919944405555,48.80570642165232
2026-02-02 11:30:00,53.84,51.70323852181434,54.15065577536821,51.70323852181434,48.45869816077639
2026-02-02 11:45:00,53.68,51.68511799633502,54.13253524988889,51.68511799633502,48.08144638217801
2026-02-02 12:00:00,53.39,51.70499186396599,54.15240911751985,51.70499186396599,48.27263667267604
2026-02-02 12:15:00,53.22,51.81382659316063,54.26124384671449,51.81382659316063,48.010252103976526
2026-02-02 12:30:00,52.75,51.91107066810131,54.358487921655176,51.91107066810131,47.87480904992354
2026-02-02 12:45:00,52.45,51.96856966435909,54.41598691791295,51.96856966435909,47.89177065962809
2026-02-02 13:00:00,53.38,52.254008453488346,54.70142570704221,52.254008453488346,47.85268511687122
2026-02-02 13:15:00,54.39,52.27726680278778,54.724684056341644,52.27726680278778,48.17376422994057
2026-02-02 13:30:00,55.3,52.56522402882575,55.01264128237962,52.56522402882575,48.610486815421915
2026-02-02 13:45:00,55.42,52.67256044745445,55.11997770100832,52.67256044745445,49.12070460488571
2026-02-02 14:00:00,55.82,52.900160198211665,55.34757745176553,52.900160198211665,48.20111591638912
2026-02-02 14:15:00,56.18,53.05358294963836,55.50100020319223,53.05358294963836,48.71338354393472
2026-02-02 14:30:00,55.47,53.18195416092872,55.629371414482584,53.18195416092872,49.161237838415154
2026-02-02 14:45:00,55.54,53.17510284364223,55.622520097196094,53.17510284364223,49.51521416568498
2026-02-02 15:00:00,57.01,53.26769790530204,55.71511515885591,53.26769790530204,49.11710146609255
2026-02-02 15:15:00,55.85,54.364068065881725,56.81148531943559,54.364068065881725,49.25766402196277
2026-02-02 15:30:00,56.08,54.33014089524745,56.77755814880132,54.33014089524745,49.31081282815825
2026-02-02 15:45:00,56.43,54.404846553802486,56.85226380735635,54.404846553802486,49.30688963199288
2026-02-02 16:00:00,56.15,54.39116251528262,56.83857976883649,54.39116251528262,47.92358969111221
2026-02-02 16:15:00,56.98,54.410042822360985,56.85746007591485,54.410042822360985,47.920761116380085
2026-02-02 16:30:00,56.23,54.27450416088104,56.7219214144349,54.27450416088104,47.97378705554572
2026-02-02 16:45:00,55.97,54.27816758334636,56.725584836900225,54.27816758334636,48.10900462480752
2026-02-02 17:00:00,55.33,54.086158021688455,56.53357527524232,54.086158021688455,44.4015335278371
2026-02-02 17:15:00,54.05,54.05831176042556,56.505729013979426,54.05831176042556,44.72672396605813
2026-02-02 17:30:00,54.14,53.91400107502937,56.361418328583234,53.91400107502937,45.13041901436816
2026-02-02 17:45:00,54.56,53.9684954804182,56.415912733972064,53.9684954804182,45.58441938397073
2026-02-02 18:00:00,54.38,53.923910114765164,56.37132736831903,53.923910114765164,46.65855666928415
2026-02-02 18:15:00,54.33,54.09344767451286,56.540864928066725,54.09344767451286,47.0988815133161
2026-02-02 18:30:00,54.69,54.00578056693077,56.45319782048463,54.00578056693077,47.47259271293275
2026-02-02 18:45:00,55.76,53.89026719808578,56.337684451639646,53.89026719808578,47.74612696568057
2026-02-02 19:00:00,56.1,53.76875527381897,56.216172527372834,53.76875527381897,47.74794565962233
2026-02-02 19:15:00,55.13,53.45393472075462,55.90135197430848,53.45393472075462,47.76063692574733
2026-02-02 19:30:00,54.45,53.187995221614834,55.6354124751687,53.187995221614834,47.63644129613024
2026-02-02 19:45:00,53.99,52.690083242654794,55.13750049620866,52.690083242654794,47.386000755533054
2026-02-02 20:00:00,53.74,52.35053790867328,54.79795516222715,52.35053790867328,47.42252697910811
2026-02-02 20:15:00,52.99,51.8166691327095,54.264086386263365,51.8166691327095,46.98137237369472
2026-02-02 20:30:00,52.53,51.2211703801155,53.66858763366937,51.2211703801155,46.48162251626749
2026-02-02 20:45:00,51.99,50.64086194634437,53.08827919989824,50.64086194634437,45.94559941756712
2026-02-02 21:00:00,51.5,49.95367933869362,52.401096592247484,49.95367933869362,45.16931048934464
2026-02-02 21:15:00,50.88,47.94191049337387,50.389327746927734,47.94191049337387,44.60490265105395
2026-02-02 21:30:00,50.38,47.4195207953453,49.866938048899165,47.4195207953453,44.03428098694323
2026-02-02 21:45:00,49.98,46.73035106658935,49.177768320143215,46.73035106658935,43.454174324543935
2026-02-02 22:00:00,49.26,45.96301150023937,48.410428753793234,45.96301150023937,43.2288278454716
2026-02-02 22:15:00,48.33,45.263738801479334,47.7111560550332,45.263738801479334,42.605954214746255
2026-02-02 22:30:00,47.45,44.51564880669117,46.96306606024503,44.51564880669117,41.949596000319424
2026-02-02 22:45:00,46.3,43.67022839814424,46.117645651698105,43.67022839814424,41.25586489857206
2026-02-02 23:00:00,45.14,42.815731787383555,45.26314904093742,42.815731787383555,40.95715282340384
2026-02-02 23:15:00,44.43,42.07506427437067,44.52248152792453,42.07506427437067,40.19937499664825
2026-02-02 23:30:00,43.55,41.264326833188534,43.7117440867424,41.264326833188534,39.42659767444724
2026-02-02 23:45:00,43.06,40.447702412903304,42.89511966645717,40.447702412903304,38.65613620307725
2026-02-03 00:00:00,41.79,39.78589544802904,42.2333127015829,39.78589544802904,37.769106867263105
2026-02-03 00:15:00,41.03,39.201901010870934,41.6493182644248,39.201901010870934,37.06005650903872
2026-02-03 00:30:00,40.35,38.54966835677624,40.9970856103301,38.54966835677624,36.40613836657603
2026-02-03 00:45:00,39.51,37.97078252106905,40.41819977462291,37.97078252106905,35.81737053505255
2026-02-03 01:00:00,38.52,37.537232810258864,39.98465006381273,37.537232810258864,34.82492674167733
2026-02-03 01:15:00,38.2,37.02400698155164,39.47142423510551,37.02400698155164,34.3712774467152
2026-02-03 01:30:00,37.91,36.60586277246475,39.05328002601861,36.60586277246475,33.9758737596472
2026-02-03 01:45:00,37.06,36.1335070836544,38.580924337208266,36.1335070836544,33.627206391112814
2026-02-03 02:00:00,36.7,35.86448728114366,38.311904534697526,35.86448728114366,33.54931356386815
2026-02-03 02:15:00,36.07,35.49489736676216,37.942314620316026,35.49489736676216,33.257699351512194
2026-02-03 02:30:00,36.03,35.3046119248867,37.752029178440566,35.3046119248867,32.98147758059161
2026-02-03 02:45:00,35.7,35.019611471295356,37.46702872484922,35.019611471295356,32.718276166705735
2026-02-03 03:00:00,35.3,34.70677006959915,37.15418732315302,34.70677006959915,31.902713248768713
2026-02-03 03:15:00,34.72,34.00433338522911,36.451750638782975,34.00433338522911,31.680764031469174
2026-02-03 03:30:00,34.49,33.813438258469105,36.26085551202297,33.813438258469105,31.495886679156655
2026-02-03 03:45:00,34.39,33.76209322750568,36.209510481059546,33.76209322750568,31.361652351347058
2026-02-03 04:00:00,33.97,33.65023531138897,36.097652564942834,33.65023531138897,31.52333058542014
2026-02-03 04:15:00,33.82,33.6167305368185,36.06414779037237,33.6167305368185,31.523680518298363
2026-02-03 04:30:00,33.82,33.56477847754955,36.01219573110342,33.56477847754955,31.59857661163563
2026-02-03 04:45:00,33.66,33.52891333252192,35.97633058607578,33.52891333252192,31.744313070723198
2026-02-03 05:00:00,34.13,33.567310197353365,36.01472745090723,33.567310197353365,31.678868797999947
2026-02-03 05:15:00,34.57,33.71608924865723,36.16350650221109,33.71608924865723,31.930630673659785
2026-02-03 05:30:00,34.92,33.96802990466356,36.415447158217425,33.96802990466356,32.209761055258504
2026-02-03 05:45:00,35.65,34.173250633776185,36.62066788733005,34.173250633776185,32.498603978617915
2026-02-03 06:00:00,36.26,34.50072048783302,36.94813774138689,34.50072048783302,32.900278516243844
2026-02-03 06:15:00,38.1,35.05092456817627,37.498341821730136,35.05092456817627,33.17270212002761
2026-02-03 06:30:00,38.42,35.653809938728806,38.10122719228267,35.653809938728806,33.43377442268261
2026-02-03 06:45:00,38.88,36.319682797789575,38.76710005134344,36.319682797789575,33.69320491627864
2026-02-03 07:00:00,38.86,37.17577999740839,39.62319725096226,37.17577999740839,31.229045583219357
2026-02-03 07:15:00,38.94,37.886138600409026,40.33355585396289,37.886138600409026,31.5445803527058
2026-02-03 07:30:00,39.34,38.879543743133546,41.32696099668741,38.879543743133546,31.925863998350298
2026-02-03 07:45:00,40.31,39.818429242968556,42.26584649652242,39.818429242968556,32.39661050399288
2026-02-03 08:00:00,42.15,40.82063031882048,43.26804757237434,40.82063031882048,37.018985882668936
2026-02-03 08:15:00,43.74,41.72021040380001,44.167627657353876,41.72021040380001,37.70922562094968
2026-02-03 08:30:00,45.42,42.73816366493702,45.185580918490885,42.73816366493702,38.505488924793596
2026-02-03 08:45:00,46.76,43.609978514313696,46.05739576786756,43.609978514313696,39.38634901348358
2026-02-03 09:00:00,47.93,44.4625198829174,46.909937136471264,44.4625198829174,42.79934724985465
2026-02-03 09:15:00,49.5,45.90970192909241,48.35711918264627,45.90970192909241,43.73360712155554
2026-02-03 09:30:00,49.89,46.66770096361637,49.115118217170235,46.66770096361637,44.61979538019128
2026-02-03 09:45:00,50.93,47.42834329426288,49.875760547816746,47.42834329426288,45.40561864641063
2026-02-03 10:00:00,51.87,47.96784401774406,50.41526127129793,47.96784401774406,47.24790763065981
2026-02-03 10:15:00,52.46,48.50110443711281,50.948521690666674,48.50110443711281,47.70516500653059
2026-02-03 10:30:00,51.57,48.90839253604412,51.355809789597984,48.90839253604412,47.96214212610745
2026-02-03 10:45:00,52.74,49.2778881418705,51.725305395424364,49.2778881418705,48.01937492957707
2026-02-03 11:00:00,53.22,49.52443992733955,51.971857180893416,49.52443992733955,48.95526013942595
2026-02-03 11:15:00,53.19,49.75282602548599,52.20024327903985,49.75282602548599,48.69132162960392
2026-02-03 11:30:00,53.77,49.96486884951591,52.412286103069775,49.96486884951591,48.3374011515461
2026-02-03 11:45:00,53.43,49.96449692845344,52.41191418200731,49.96449692845344,47.9529593270119
2026-02-03 12:00:00,53.27,49.975431407690046,52.42284866124391,49.975431407690046,48.11954371232703
2026-02-03 12:15:00,52.94,50.054066146612165,52.50148340016603,50.054066146612165,47.849428470283236
2026-02-03 12:30:00,53.07,50.16406445741653,52.611481710970395,50.16406445741653,47.705992356171954
2026-02-03 12:45:00,53.24,50.19273691475391,52.640154168307774,50.19273691475391,47.7147040726548
2026-02-03 13:00:00,54.23,50.49240699768066,52.939824251234526,50.49240699768066,48.532505563685866
2026-02-03 13:15:00,55.2,50.4598373389244,52.90725459247827,50.4598373389244,48.84483856447287
2026-02-03 13:30:00,54.51,50.7622410416603,53.20965829521417,50.7622410416603,49.27257603508651
2026-02-03 13:45:00,55.42,50.83416526198387,53.281582515537735,50.83416526198387,49.773576028192764
2026-02-03 14:00:00,55.62,51.04525703072547,53.49267428427934,51.04525703072547,49.83617146070459
2026-02-03 14:15:00,56.71,51.21984740376472,53.66726465731858,51.21984740376472,50.33877561310756
2026-02-03 14:30:00,56.91,51.325605814456935,53.7730230680108,51.325605814456935,50.77675378572638
2026-02-03 14:45:00,56.91,51.31359807729721,53.76101533085107,51.31359807729721,51.120648366360314
2026-02-03 15:00:00,57.25,51.3926658385992,53.840083092153066,51.3926658385992,50.902253170866146
2026-02-03 15:15:00,57.67,54.290725232362746,56.73814248591661,54.290725232362746,51.0323444451609
2026-02-03 15:30:00,57.22,54.25247846424579,56.699895717799656,54.25247846424579,51.07483837298129
2026-02-03 15:45:00,57.19,54.36556903302669,56.81298628658055,54.36556903302669,51.060084349075396
2026-02-03 16:00:00,57.45,54.362245652675625,56.80966290622949,54.362245652675625,50.340169616338464
2026-02-03 16:15:00,58.16,54.393354192972176,56.84077144652604,54.393354192972176,50.326181827733706
2026-02-03 16:30:00,57.76,54.27302444636821,56.72044169992208,54.27302444636821,50.3678963879952
2026-02-03 16:45:00,57.64,54.27898049652576,56.72639775007963,54.27898049652576,50.49165860399555
2026-02-03 17:00:00,57.52,54.08232723474502,56.52974448829889,54.08232723474502,49.23321878892483
2026-02-03 17:15:00,56.84,54.03553956508636,56.482956818640226,54.03553956508636,49.54669097941378
2026-02-03 17:30:00,57.03,53.91047845125198,56.35789570480585,53.91047845125198,49.938549086698416
2026-02-03 17:45:00,57.18,53.93862224936485,56.38603950291871,53.93862224936485,50.380602466477555
2026-02-03 18:00:00,57.08,53.88951272964477,56.33692998319864,53.88951272964477,49.63344387575296
2026-02-03 18:15:00,57.55,54.04459584295749,56.49201309651136,54.04459584295749,50.061627952583905
2026-02-03 18:30:00,58.16,53.94502460479736,56.392441858351226,53.94502460479736,50.423114835652584
2026-02-03 18:45:00,58.38,53.82552105426788,56.27293830782175,53.82552105426788,50.68435022439693
2026-02-03 19:00:00,58.24,53.71345061182976,56.16086786538362,53.71345061182976,49.864099872873936
2026-02-03 19:15:00,58.02,53.396271016597744,55.84368827015161,53.396271016597744,49.86437047518281
2026-02-03 19:30:00,57.29,53.158018383979794,55.60543563753366,53.158018383979794,49.72770705811333
2026-02-03 19:45:00,56.2,52.671885676383965,55.11930292993783,52.671885676383965,49.464760865559484
2026-02-03 20:00:00,55.36,52.35716872990131,54.804585983455176,52.35716872990131,48.88859247906181
2026-02-03 20:15:00,54.77,51.860032472014424,54.30744972556829,51.860032472014424,48.43488445650176
2026-02-03 20:30:00,54.58,51.28350966334342,53.73092691689729,51.28350966334342,47.922571358152204
2026-02-03 20:45:00,53.96,50.73160005927085,53.17901731282472,50.73160005927085,47.3739846067002
2026-02-03 21:00:00,53.43,50.07469713926315,52.522114392817016,50.07469713926315,46.82291596693519
2026-02-03 21:15:00,52.71,48.964836870431895,51.41225412398576,48.964836870431895,46.24597197038521
2026-02-03 21:30:00,52.18,48.43654159724712,50.88395885080099,48.43654159724712,45.662842077529746
2026-02-03 21:45:00,51.71,47.80273231863975,50.250149572193614,47.80273231863975,45.070264574875566
2026-02-03 22:00:00,50.94,47.04335983276367,49.490777086317536,47.04335983276367,43.994964051675424
2026-02-03 22:15:00,49.99,46.38203105211257,48.82944830566644,46.38203105211257,43.35972270817557
2026-02-03 22:30:00,48.96,45.65424794733524,48.10166520088911,45.65424794733524,42.691062489277634
2026-02-03 22:45:00,47.91,44.82362866878509,47.271045922338956,44.82362866878509,41.985104489948334
2026-02-03 23:00:00,47.11,43.978714338541025,46.42613159209489,43.978714338541025,41.227943743121976
2026-02-03 23:15:00,45.96,43.206745683252805,45.65416293680667,43.206745683252805,40.45811729223943
2026-02-03 23:30:00,45.03,42.41137920826673,44.858796461820596,42.41137920826673,39.673394428495136
2026-02-03 23:45:00,43.81,41.57641376644373,44.023831019997594,41.57641376644373,38.89109972787566
2026-02-04 00:00:00,43.1,40.895831429362296,43.34324868291616,40.895831429362296,37.8582124870234
2026-02-04 00:15:00,41.84,40.30251372814178,42.74993098169565,40.30251372814178,37.13758097257452
2026-02-04 00:30:00,41.59,39.58722584277391,42.03464309632778,39.58722584277391,36.47222129722744
2026-02-04 00:45:00,41.01,38.99769509494305,41.44511234849691,38.99769509494305,35.872160511614055
2026-02-04 01:00:00,39.94,38.54103845983744,40.9884557133913,38.54103845983744,33.60592596620075
2026-02-04 01:15:00,39.8,37.96221106886863,40.4096283224225,37.96221106886863,33.14130739538017
2026-02-04 01:30:00,39.19,37.52168385326862,39.969101106822485,37.52168385326862,32.73510934260856
2026-02-04 01:45:00,38.52,37.02271322757005,39.47013048112392,37.02271322757005,32.37583109649824
2026-02-04 02:00:00,37.98,36.70750082910061,39.154918082654476,36.70750082910061,32.760069724851434
2026-02-04 02:15:00,37.58,36.30556839346885,38.75298564702272,36.30556839346885,32.458236897192144
2026-02-04 02:30:00,36.98,36.078510584831236,38.5259278383851,36.078510584831236,32.17200504646209
2026-02-04 02:45:00,36.75,35.77094514906406,38.21836240261793,35.77094514906406,31.89901018885775
2026-02-04 03:00:00,36.52,35.42723164260387,37.87464889615774,35.42723164260387,31.998129458191535
2026-02-04 03:15:00,36.18,34.21991742908954,36.66733468264341,34.21991742908954,31.766843827322717
2026-02-04 03:30:00,35.81,33.996990600824354,36.44440785437822,33.996990600824354,31.572870169944053
2026-02-04 03:45:00,35.58,33.90549536287784,36.35291261643171,33.90549536287784,31.429787174149965
2026-02-04 04:00:00,35.29,33.724403012692925,36.17182026624679,33.724403012692925,31.42493832806445
2026-02-04 04:15:00,35.25,33.67287467777729,36.12029193133115,33.67287467777729,31.41695682078405
2026-02-04 04:30:00,35.3,33.57566248178482,36.02307973533868,33.57566248178482,31.483790734404803
2026-02-04 04:45:00,35.25,33.494836065173146,35.94225331872701,33.494836065173146,31.62174114349111
2026-02-04 05:00:00,35.45,33.49021627426147,35.937633527815336,33.49021627426147,31.087073400172137
2026-02-04 05:15:00,36.04,33.587970412373544,36.03538766592741,33.587970412373544,31.33162137603459
2026-02-04 05:30:00,36.13,33.77534822851419,36.222765482068056,33.77534822851419,31.60383350819159
2026-02-04 05:45:00,36.62,33.964577680230136,36.411994933784,33.964577680230136,31.886059960888325
2026-02-04 06:00:00,37.29,34.194160567224024,36.64157782077789,34.194160567224024,32.25536358094317
2026-02-04 06:15:00,38.57,34.67666837275028,37.124085626304144,34.67666837275028,32.5217918660425
2026-02-04 06:30:00,38.65,35.186104591488835,37.6335218450427,35.186104591488835,32.777187816547915
2026-02-04 06:45:00,38.72,35.80543817102909,38.252855424582954,35.80543817102909,33.031266239846516
2026-02-04 07:00:00,39.2,36.64222071290016,39.08963796645403,36.64222071290016,33.45837663097128
2026-02-04 07:15:00,40.11,37.301745676398276,39.74916292995214,37.301745676398276,33.76922298305026
2026-02-04 07:30:00,40.06,38.31223926365375,40.75965651720762,38.31223926365375,34.14615714396303
2026-02-04 07:45:00,41.31,39.251933691799636,41.6993509453535,39.251933691799636,34.61289753642638
2026-02-04 08:00:00,42.59,40.23814880341291,42.68556605696678,40.23814880341291,37.28244170008276
2026-02-04 08:15:00,44.57,41.19723360180855,43.644650855362414,41.19723360180855,37.96937447152898
2026-02-04 08:30:00,46.3,42.25645681798458,44.70387407153844,42.25645681798458,38.76268611855127
2026-02-04 08:45:00,47.82,43.18911795318127,45.63653520673513,43.18911795318127,39.640953369155575
2026-02-04 09:00:00,49.4,44.12313394367695,46.57055119723081,44.12313394367695,42.676465671415016
2026-02-04 09:15:00,51.1,46.460867691040036,48.9082849445939,46.460867691040036,43.608859910104606
2026-02-04 09:30:00,52.23,47.30782758712768,49.75524484068155,47.30782758712768,44.49355043576724
2026-02-04 09:45:00,52.64,48.156827735900876,50.60424498945474,48.156827735900876,45.27824640496338
2026-02-04 10:00:00,54.06,48.79572701990604,51.243144273459905,48.79572701990604,47.66581852881892
2026-02-04 10:15:00,54.27,49.40805254399776,51.85546979755163,49.40805254399776,48.122696094162464
2026-02-04 10:30:00,55.17,49.90241798996925,52.34983524352312,49.90241798996925,48.37966995067143
2026-02-04 10:45:00,55.74,50.35582164406776,52.803238897621625,50.35582164406776,48.4372775707933
2026-02-04 11:00:00,55.57,50.67428968012332,53.12170693367719,50.67428968012332,49.64274316175867
2026-02-04 11:15:00,55.99,50.976839494705196,53.42425674825906,50.976839494705196,49.37993920410962
2026-02-04 11:30:00,54.63,51.192399629354476,53.63981688290834,51.192399629354476,49.02753442126358
2026-02-04 11:45:00,55.05,51.24619004130363,53.69360729485749,51.24619004130363,48.64498994234611
2026-02-04 12:00:00,54.12,51.240717488527295,53.68813474208116,51.240717488527295,48.64791953161378
2026-02-04 12:15:00,53.86,51.345461086034774,53.79287833958864,51.345461086034774,48.38046542547874
2026-02-04 12:30:00,53.59,51.42613873422145,53.87355598777532,51.42613873422145,48.24007206992522
2026-02-04 12:45:00,53.26,51.46192551016807,53.90934276372194,51.46192551016807,48.252207641613914
2026-02-04 13:00:00,53.59,51.74150919914245,54.188926452696315,51.74150919914245,47.14383531666151
2026-02-04 13:15:00,55.27,51.72493745923042,54.17235471278428,51.72493745923042,47.46035175417165
2026-02-04 13:30:00,55.58,52.02002494335174,54.46744219690561,52.02002494335174,47.89265063125766
2026-02-04 13:45:00,56.58,52.12106526970863,54.568482523262496,52.12106526970863,48.39858844402086
2026-02-04 14:00:00,56.53,52.331301620006556,54.77871887356042,52.331301620006556,48.63298482427533
2026-02-04 14:15:00,57.02,52.52192710399627,54.969344357550135,52.52192710399627,49.14127393211049
2026-02-04 14:30:00,57.47,52.662478730082505,55.10989598363637,52.662478730082505,49.58530727471949
2026-02-04 14:45:00,57.65,52.67737416863441,55.124791422188274,52.67737416863441,49.93562466832255
2026-02-04 15:00:00,57.93,52.79136531770229,55.23878257125615,52.79136531770229,50.93996317451904
2026-02-04 15:15:00,58.23,55.01782559633254,57.46524284988641,55.01782559633254,51.077203834334696
2026-02-04 15:30:00,58.56,54.959062068462366,57.40647932201623,54.959062068462366,51.127205582903805
2026-02-04 15:45:00,58.76,55.07412913203239,57.521546385586255,55.07412913203239,51.120314254797236
2026-02-04 16:00:00,59.19,55.06480453968047,57.51222179323434,55.06480453968047,50.0569960210027
2026-02-04 16:15:00,58.91,55.10324523806572,57.55066249161958,55.10324523806572,50.05156903374169
2026-02-04 16:30:00,58.5,54.96109169483184,57.40850894838571,54.96109169483184,50.10218715066724
2026-02-04 16:45:00,59.32,54.9811754322052,57.428592685759064,54.9811754322052,50.23519116767908
2026-02-04 17:00:00,58.78,54.77874676764011,57.22616402119397,54.77874676764011,49.375126213779865
2026-02-04 17:15:00,58.66,54.72186675429344,57.1692840078473,54.72186675429344,49.69850224398312
2026-02-04 17:30:00,58.33,54.576605013608926,57.02402226716279,54.576605013608926,50.10058753386264
2026-02-04 17:45:00,58.55,54.64688215494155,57.09429940849542,54.64688215494155,50.55318602706029
2026-02-04 18:00:00,58.93,54.54429038643836,56.99170763999223,54.54429038643836,49.76204630035016
2026-02-04 18:15:00,59.18,54.72103790163993,57.1684551551938,54.72103790163993,50.2013942524012
2026-02-04 18:30:00,60.37,54.61416638433933,57.06158363789319,54.61416638433933,50.57434542052918
2026-02-04 18:45:00,60.68,54.48014462947845,56.92756188303232,54.48014462947845,50.84733924942292
2026-02-04 19:00:00,60.17,54.40068369448184,56.84810094803571,54.40068369448184,51.189221743558385
2026-02-04 19:15:00,59.24,54.05832238674164,56.5057396402955,54.05832238674164,51.201819534690934
2026-02-04 19:30:00,59.01,53.87102825284004,56.31844550639391,53.87102825284004,51.07775751313465
2026-02-04 19:45:00,58.22,53.39224895596504,55.8396662095189,53.39224895596504,50.827679894130576
2026-02-04 20:00:00,56.96,53.07040440797805,55.51782166153192,53.07040440797805,50.05274531548026
2026-02-04 20:15:00,56.59,52.60605033516883,55.0534675887227,52.60605033516883,49.61241841498889
2026-02-04 20:30:00,56.13,52.048312196731565,54.49572945028543,52.048312196731565,49.1137314609835
2026-02-04 20:45:00,55.53,51.509271061420435,53.9566883149743,51.509271061420435,48.579008151113754
2026-02-04 21:00:00,54.57,50.87296194195747,53.320379195511336,50.87296194195747,47.22325912106591
2026-02-04 21:15:00,54.28,51.02145408272743,53.468871336281296,51.02145408272743,46.660629346996295
2026-02-04 21:30:00,53.9,50.4611762547493,52.90859350830316,50.4611762547493,46.09202685517966
2026-02-04 21:45:00,53.27,49.757421907186504,52.20483916074037,49.757421907186504,45.51418159564588
2026-02-04 22:00:00,52.47,48.91958470344543,51.367001956999296,48.91958470344543,43.987592872692055
2026-02-04 22:15:00,51.67,48.2463225698471,50.69373982340097,48.2463225698471,43.36746790130027
2026-02-04 22:30:00,50.19,47.413968545198436,49.8613857987523,47.413968545198436,42.71410308160176
2026-02-04 22:45:00,49.54,46.563616197705265,49.01103345125913,46.563616197705265,42.023610653529396
2026-02-04 23:00:00,47.92,45.686246441602705,48.13366369515657,45.686246441602705,40.934368735145334
2026-02-04 23:15:00,46.68,44.823373637199396,47.27079089075326,44.823373637199396,40.180321184501146
2026-02-04 23:30:00,45.48,43.98569317162037,46.433110425174235,43.98569317162037,39.41152016715924
2026-02-04 23:45:00,44.94,43.201295711398124,45.64871296495199,43.201295711398124,38.64528098380492
2026-02-05 00:00:00,43.91,42.38868803858757,44.83610529214143,42.38868803858757,38.111548806957444
2026-02-05 00:15:00,42.24,41.72057966828346,44.16799692183733,41.72057966828346,37.407211974069966
2026-02-05 00:30:00,41.57,40.9309088987112,43.37832615226507,40.9309088987112,36.75825231515434
2026-02-05 00:45:00,41.06,40.27579784125089,42.72321509480476,40.27579784125089,36.17468728669998
2026-02-05 01:00:00,40.25,39.74875912994146,42.19617638349533,39.74875912994146,35.203509097680445
2026-02-05 01:15:00,39.22,39.10269770890474,41.55011496245861,39.10269770890474,34.75554873925613
2026-02-05 01:30:00,38.8,38.61142053604126,41.058837789595124,38.61142053604126,34.36607550695181
2026-02-05 01:45:00,38.39,38.081373248994346,40.52879050254821,38.081373248994346,34.02357888315346
2026-02-05 02:00:00,37.82,37.6297561442852,40.07717339783907,37.6297561442852,33.69589531425443
2026-02-05 02:15:00,37.06,37.191870896518225,39.63928815007209,37.191870896518225,33.410928156517855
2026-02-05 02:30:00,36.57,36.89465017944574,39.342067432999606,36.89465017944574,33.14158916913907
2026-02-05 02:45:00,36.58,36.52429118543863,38.97170843899249,36.52429118543863,32.88550445759424
2026-02-05 03:00:00,36.38,36.14675278663635,38.594170040190214,36.14675278663635,32.77476639751674
2026-02-05 03:15:00,35.9,34.45745012879372,36.90486738234758,34.45745012879372,32.56039571759307
2026-02-05 03:30:00,35.65,34.22632775425911,36.673745007812975,34.22632775425911,32.383324535477364
2026-02-05 03:45:00,35.53,34.09618858963251,36.54360584318638,34.09618858963251,32.25712163305488
2026-02-05 04:00:00,35.75,33.86564534932375,36.313062602877615,33.86564534932375,31.257027464352788
2026-02-05 04:15:00,35.34,33.78716734856367,36.234584602117536,33.78716734856367,31.265851647836694
2026-02-05 04:30:00,35.44,33.67991859704256,36.127335850596424,33.67991859704256,31.349439287967662
2026-02-05 04:45:00,35.35,33.5710958224535,36.018513076007366,33.5710958224535,31.504081665983303
2026-02-05 05:00:00,35.39,33.55954767346382,36.006964927017684,33.55954767346382,31.720895431254643
2026-02-05 05:15:00,36.32,33.659837516248224,36.10725476980209,33.659837516248224,31.981982667489362
2026-02-05 05:30:00,36.41,33.794514117836954,36.24193137139082,33.794514117836954,32.270643218772996
2026-02-05 05:45:00,36.38,33.992939317822454,36.44035657137632,33.992939317822454,32.569217675733874
2026-02-05 06:00:00,37.2,34.23211776822805,36.679535021781916,34.23211776822805,32.74528889163649
2026-02-05 06:15:00,38.1,34.70071572601795,37.14813297957181,34.70071572601795,33.027835920681824
2026-02-05 06:30:00,39.96,35.18332315325737,37.630740406811235,35.18332315325737,33.299221931457666
2026-02-05 06:45:00,39.13,35.859859520494936,38.3072767740488,35.859859520494936,33.5691524805887
2026-02-05 07:00:00,39.06,36.75283136516809,39.20024861872196,36.75283136516809,35.43298244654087
2026-02-05 07:15:00,39.64,37.52214875459671,39.96956600815057,37.52214875459671,35.75937769549161
2026-02-05 07:30:00,39.96,38.60536087930202,41.052778132855885,38.60536087930202,36.151695669962834
2026-02-05 07:45:00,41.09,39.6624229684472,42.10984022200107,39.6624229684472,36.6336459644905
2026-02-05 08:00:00,41.8,40.76232239425182,43.209739647805684,40.76232239425182,38.94167114772783
2026-02-05 08:15:00,44.43,41.86086032330989,44.30827757686376,41.86086032330989,39.64344000165347
2026-02-05 08:30:00,45.5,43.045915061235426,45.49333231478929,43.045915061235426,40.4513880813067
2026-02-05 08:45:00,46.98,44.10079477071762,46.548212024271486,44.10079477071762,41.34408380339661
2026-02-05 09:00:00,48.22,45.18806614816189,47.63548340171575,45.18806614816189,44.369049397799095
2026-02-05 09:15:00,49.84,47.71860377430915,50.16602102786302,47.71860377430915,45.31543182851138
2026-02-05 09:30:00,50.61,48.705804476737974,51.15322173029184,48.705804476737974,46.213878530376675
2026-02-05 09:45:00,51.93,49.66163363754749,52.109050891101354,49.66163363754749,47.012090952399454
2026-02-05 10:00:00,52.52,50.42792916834354,52.875346421897405,50.42792916834354,49.420527609740596
2026-02-05 10:15:00,52.99,51.13536287784576,53.58278013139962,51.13536287784576,49.890419720335075
2026-02-05 10:30:00,53.9,51.73273451864719,54.18015177220106,51.73273451864719,50.16014628001832
2026-02-05 10:45:00,54.18,52.27587475538253,54.7232920089364,52.27587475538253,50.230237738383195
2026-02-05 11:00:00,54.52,52.67397640407085,55.121393657624715,52.67397640407085,50.68586712414414
2026-02-05 11:15:00,55.78,53.05067930877208,55.49809656232595,53.05067930877208,50.43498894181715
2026-02-05 11:30:00,56.38,53.255286368131635,55.7027036216855,53.255286368131635,50.09422111442653
2026-02-05 11:45:00,56.15,53.34584914684295,55.79326640039682,53.34584914684295,49.72301850500586
2026-02-05 12:00:00,55.93,53.33129640698432,55.77871366053819,53.33129640698432,50.219964050888834
2026-02-05 12:15:00,55.01,53.46413067102432,55.91154792457819,53.46413067102432,49.96324364333035
2026-02-05 12:30:00,55.29,53.509807890653605,55.95722514420747,53.509807890653605,49.833271311463065
2026-02-05 12:45:00,54.31,53.55959218144417,56.00700943499803,53.55959218144417,49.855509784471565
2026-02-05 13:00:00,55.43,53.80665934324264,56.25407659679651,53.80665934324264,50.18444708170165
2026-02-05 13:15:00,55.67,53.829080870151515,56.27649812370538,53.829080870151515,50.510414690332745
2026-02-05 13:30:00,56.47,54.10870440781116,56.556121661365026,54.10870440781116,50.95183156703428
2026-02-05 13:45:00,56.78,54.252316412925715,56.69973366647958,54.252316412925715,51.46654963204358
2026-02-05 14:00:00,57.15,54.48029871106147,56.92771596461534,54.48029871106147,51.2121280958767
2026-02-05 14:15:00,57.48,54.67954213738441,57.126959390938275,54.67954213738441,51.72850913689219
2026-02-05 14:30:00,57.93,54.87406747937202,57.32148473292589,54.87406747937202,52.18028429849069
2026-02-05 14:45:00,58.01,54.920105993747704,57.36752324730157,54.920105993747704,52.53798973510531
2026-02-05 15:00:00,58.72,55.076950418949124,57.52436767250299,55.076950418949124,52.26214735291693
2026-02-05 15:15:00,58.35,56.3596211528778,58.807038406431666,56.3596211528778,52.40605845707128
2026-02-05 15:30:00,58.75,56.29990125656128,58.74731851011514,56.29990125656128,52.46236730004614
2026-02-05 15:45:00,58.88,56.43447823643684,58.881895489990704,56.43447823643684,52.46141700050559
2026-02-05 16:00:00,59.7,56.44745828151702,58.89487553507089,56.44745828151702,52.08438901398207
2026-02-05 16:15:00,59.52,56.48551111936569,58.932928372919555,56.48551111936569,52.084163737089895
2026-02-05 16:30:00,59.63,56.347228211760516,58.79464546531438,56.347228211760516,52.139610795018896
2026-02-05 16:45:00,60.04,56.38842378258705,58.83584103614091,56.38842378258705,52.27706923356011
2026-02-05 17:00:00,59.43,56.19780095517635,58.64521820873021,56.19780095517635,51.094001154639
2026-02-05 17:15:00,59.21,56.14280179977416,58.59021905332803,56.14280179977416,51.42107829058526
2026-02-05 17:30:00,58.98,55.98041043758392,58.427827691137786,55.98041043758392,51.826486377593945
2026-02-05 17:45:00,59.28,56.07401234269142,58.521429596245284,56.07401234269142,52.282028583435604
2026-02-05 18:00:00,59.14,55.95750541329383,58.404922666847696,55.95750541329383,51.372519845954955
2026-02-05 18:15:00,59.21,56.16257471740246,58.60999197095632,56.16257471740246,51.814051989952944
2026-02-05 18:30:00,60.11,56.078334596753116,58.52575185030698,56.078334596753116,52.188807400104686
2026-02-05 18:45:00,60.98,55.92893656253814,58.376353816092006,55.92893656253814,52.46322571724114
2026-02-05 19:00:00,59.7,55.85683700799942,58.30425426155328,55.85683700799942,52.528267344530306
2026-02-05 19:15:00,59.67,55.5297164940834,57.97713374763727,55.5297164940834,52.541531670346686
2026-02-05 19:30:00,59.34,55.35117844462394,57.798595698177806,55.35117844462394,52.417758462712754
2026-02-05 19:45:00,58.7,54.87187314510345,57.319290398657316,54.87187314510345,52.16759309160046
2026-02-05 20:00:00,57.79,54.56346291720867,57.01088017076253,54.56346291720867,51.70453764595155
2026-02-05 20:15:00,57.02,54.0974750483036,56.544892301857466,54.0974750483036,51.263374267501476
2026-02-05 20:30:00,56.38,53.548477054834365,55.99589430838823,53.548477054834365,50.76347914233479
2026-02-05 20:45:00,56.51,53.00457172334194,55.451988976895805,53.00457172334194,50.2271780561215
2026-02-05 21:00:00,55.55,52.38245670557021,54.82987395912408,52.38245670557021,49.56341477255172
2026-02-05 21:15:00,54.64,51.715490664243696,54.16290791779756,51.715490664243696,48.99847518523405
2026-02-05 21:30:00,54.03,51.16819819450378,53.615615448057646,51.16819819450378,48.42720089690206
2026-02-05 21:45:00,53.7,50.45481640458107,52.90223365813493,50.45481640458107,47.8463248433769
2026-02-05 22:00:00,53.0,49.628721280097956,52.07613853365182,49.628721280097956,46.9061056654511
2026-02-05 22:15:00,51.86,48.93391960382461,51.38133685737848,48.93391960382461,46.282241727318045
2026-02-05 22:30:00,50.98,48.08689594984054,50.534313203394404,48.08689594984054,45.62478919196898
2026-02-05 22:45:00,49.72,47.24061082482338,49.68802807837724,47.24061082482338,44.92986413634299
2026-02-05 23:00:00,48.81,46.356511954069134,48.803929207623,46.356511954069134,43.8447885016703
2026-02-05 23:15:00,47.51,45.482088344097136,47.929505597651,45.482088344097136,43.08563082410438
2026-02-05 23:30:00,46.5,44.626707092523574,47.07412434607744,44.626707092523574,42.31138749117996
2026-02-05 23:45:00,45.81,43.84199349939823,46.289410752952094,43.84199349939823,41.53937843622422
2026-02-06 00:00:00,44.28,43.00679693520069,45.454214188754555,43.00679693520069,40.199205894232335
2026-02-06 00:15:00,43.31,42.316886020898814,44.76430327445268,42.316886020898814,39.48845873003596
2026-02-06 00:30:00,42.6,41.519228246510025,43.96664550006389,41.519228246510025,38.832776201573594
2026-02-06 00:45:00,42.11,40.86395779430866,43.311375047862526,40.86395779430866,38.24218113049949
2026-02-06 01:00:00,41.31,40.29732941418886,42.744746667742724,40.29732941418886,37.48208153560033
2026-02-06 01:15:00,40.55,39.667867627143856,42.11528488069772,39.667867627143856,37.02649356578624
2026-02-06 01:30:00,40.16,39.159787591993805,41.60720484554767,39.159787591993805,36.62910265653944
2026-02-06 01:45:00,39.55,38.63005112469196,41.077468378245825,38.63005112469196,36.278404314754155
2026-02-06 02:00:00,38.97,38.1715494954586,40.618966749012465,38.1715494954586,35.97351575287931
2026-02-06 02:15:00,38.57,37.72772413700819,40.175141390562054,37.72772413700819,35.67979747384514
2026-02-06 02:30:00,38.2,37.424616440832615,39.87203369438648,37.424616440832615,35.40144229353061
2026-02-06 02:45:00,37.61,37.041382336616515,39.48879959017038,37.041382336616515,35.13608292220016
2026-02-06 03:00:00,37.02,36.668002812266344,39.11542006582021,36.668002812266344,34.77395225728721
2026-02-06 03:15:00,36.82,35.2967351680994,37.74415242165327,35.2967351680994,34.549810320786115
2026-02-06 03:30:00,36.29,35.11417240142822,37.561589654982086,35.11417240142822,34.36272999964723
2026-02-06 03:45:00,36.12,34.98929193496704,37.43670918852091,34.98929193496704,34.226287175650924
2026-02-06 04:00:00,36.01,34.79428840875625,37.24170566231012,34.79428840875625,34.00844059825611
2026-02-06 04:15:00,35.73,34.73324022293091,37.180657476484775,34.73324022293091,34.00658502837023
2026-02-06 04:30:00,35.49,34.659239886105055,37.10665713965892,34.659239886105055,34.0792840684619
2026-02-06 04:45:00,35.25,34.57802693724632,37.02544419080019,34.57802693724632,34.222836504445716
2026-02-06 05:00:00,35.58,34.60814723014831,37.05556448370218,34.60814723014831,33.594138012085295
2026-02-06 05:15:00,36.16,34.7403784507513,37.18779570430517,34.7403784507513,33.84375547736265
2026-02-06 05:30:00,36.6,34.88902998626232,37.33644723981619,34.88902998626232,34.1207679261379
2026-02-06 05:45:00,36.64,35.090898112654685,37.53831536620855,35.090898112654685,34.40752376470732
2026-02-06 06:00:00,37.17,35.37850732684135,37.82592458039522,35.37850732684135,34.56770440113817
2026-02-06 06:15:00,38.03,35.868582397699356,38.31599965125322,35.868582397699356,34.83811547209872
2026-02-06 06:30:00,39.0,36.35439631581306,38.80181356936693,36.35439631581306,35.09721880777849
2026-02-06 06:45:00,39.0,37.04955397367477,39.496971227228634,37.04955397367477,35.35472799522964
2026-02-06 07:00:00,39.58,37.93664415240288,40.38406140595674,37.93664415240288,36.07872604780687
2026-02-06 07:15:00,39.98,38.73132788658142,41.178745140135284,38.73132788658142,36.39244679872972
2026-02-06 07:30:00,40.74,39.78754916846752,42.23496642202139,39.78754916846752,36.77197588368423
2026-02-06 07:45:00,42.01,40.84660502016544,43.29402227371931,40.84660502016544,37.2410310440819
2026-02-06 08:00:00,43.31,41.930100070536135,44.37751732409,41.930100070536135,40.81956798181018
2026-02-06 08:15:00,45.35,43.01899993091821,45.46641718447208,43.01899993091821,41.50825370029003
2026-02-06 08:30:00,46.84,44.18535633742809,46.632773590981955,44.18535633742809,42.3030368969923
2026-02-06 08:45:00,48.51,45.217976571321486,47.66539382487535,45.217976571321486,43.182494153669396
2026-02-06 09:00:00,50.16,46.28998855888843,48.7374058124423,46.28998855888843,45.93386415586354
2026-02-06 09:15:00,51.4,49.001667681932446,51.44908493548631,49.001667681932446,46.866885402194825
2026-02-06 09:30:00,52.55,49.95015140175819,52.39756865531206,49.95015140175819,47.75192174335882
2026-02-06 09:45:00,52.94,50.83896304368972,53.28638029724359,50.83896304368972,48.53668271525691
2026-02-06 10:00:00,54.16,51.5324284607172,53.979845714271065,51.5324284607172,50.866884762907425
2026-02-06 10:15:00,55.12,52.17331486582756,54.62073211938142,52.17331486582756,51.32326735799323
2026-02-06 10:30:00,54.96,52.7086686694622,55.156085923016064,52.7086686694622,51.57946733995052
2026-02-06 10:45:00,55.65,53.185976221561425,55.63339347511529,53.185976221561425,51.636023071279794
2026-02-06 11:00:00,55.87,53.5449438047409,55.99236105829477,53.5449438047409,52.58656558817823
2026-02-06 11:15:00,56.4,53.8724840581417,56.31990131169557,53.8724840581417,52.322156881640524
2026-02-06 11:30:00,56.32,54.04516169428825,56.49257894784211,54.04516169428825,51.96787275009046
2026-02-06 11:45:00,55.95,54.104985197186465,56.55240245074033,54.104985197186465,51.58317570428267
2026-02-06 12:00:00,55.16,54.10751160383224,56.55492885738611,54.10751160383224,51.68152212069074
2026-02-06 12:15:00,54.71,54.25989297628402,56.70731022983789,54.25989297628402,51.41137363181986
2026-02-06 12:30:00,54.77,54.32595678329467,56.77337403684854,54.32595678329467,51.26801753013097
2026-02-06 12:45:00,54.82,54.391154545545575,56.83857179909944,54.391154545545575,51.27692384120367
2026-02-06 13:00:00,55.16,54.65344656169414,57.100863815248005,54.65344656169414,51.96037623408142
2026-02-06 13:15:00,56.2,54.70086915373802,57.148286407291884,54.70086915373802,52.27313637847045
2026-02-06 13:30:00,56.83,54.994118285179134,57.441535538733,54.994118285179134,52.70141866396224
2026-02-06 13:45:00,57.33,55.15279043674469,57.600207690298554,55.15279043674469,53.20308187514662
2026-02-06 14:00:00,57.83,55.39008138775825,57.837498641312116,55.39008138775825,52.83369763492278
2026-02-06 14:15:00,58.63,55.571042237281794,58.01845949083566,55.571042237281794,53.33720340338935
2026-02-06 14:30:00,59.12,55.763617650270454,58.21103490382432,55.763617650270454,53.7762028827569
2026-02-06 14:45:00,59.57,55.80251262366771,58.249929877221575,55.80251262366771,54.121238584376115
2026-02-06 15:00:00,60.75,55.9465815603733,58.39399881392717,55.9465815603733,54.34189662767099
2026-02-06 15:15:00,59.81,57.88684592485427,60.334263178408136,57.88684592485427,54.473368406426815
2026-02-06 15:30:00,59.68,57.773994448184965,60.22141170173883,57.773994448184965,54.5173620991226
2026-02-06 15:45:00,60.49,57.86394355714321,60.311360810697074,57.86394355714321,54.50422660678559
2026-02-06 16:00:00,60.93,57.79465200662612,60.24206926017999,57.79465200662612,53.84133367501822
2026-02-06 16:15:00,60.84,57.83868214726448,60.286099400818344,57.83868214726448,53.82919985078175
2026-02-06 16:30:00,61.1,57.662279987335204,60.10969724088907,57.662279987335204,53.87288473237745
2026-02-06 16:45:00,60.8,57.68582790374755,60.13324515730142,57.68582790374755,53.99873251466171
2026-02-06 17:00:00,60.73,57.511925584673875,59.95934283822774,57.511925584673875,52.98751059458296
2026-02-06 17:15:00,60.19,57.471957353353496,59.91937460690736,57.471957353353496,53.30329489159356
2026-02-06 17:30:00,60.45,57.30189910411834,59.74931635767221,57.30189910411834,53.697576094950925
2026-02-06 17:45:00,60.53,57.45094381332397,59.89836106687783,57.45094381332397,54.142161838119236
2026-02-06 18:00:00,60.47,57.347164553999896,59.79458180755376,57.347164553999896,53.1892936496575
2026-02-06 18:15:00,60.6,57.58393747210502,60.031354725658886,57.58393747210502,53.62022285625613
2026-02-06 18:30:00,60.62,57.56087836623191,60.00829561978578,57.56087836623191,53.98455807106344
2026-02-06 18:45:00,61.2,57.33761946558952,59.785036719143385,57.33761946558952,54.24874267647511
2026-02-06 19:00:00,61.09,57.26518252551555,59.712599779069414,57.26518252551555,53.73240997978723
2026-02-06 19:15:00,60.3,56.86988622426986,59.31730347782373,56.86988622426986,53.735824038622845
2026-02-06 19:30:00,58.99,56.6146580517292,59.06207530528307,56.6146580517292,53.60239714766189
2026-02-06 19:45:00,58.19,56.04040661811828,58.48782387167215,56.04040661811828,53.342777663488306
2026-02-06 20:00:00,57.76,55.65770515799522,58.10512241154908,55.65770515799522,51.79922417528338
2026-02-06 20:15:00,57.03,55.04868707478046,57.496104328334326,55.04868707478046,51.34901401427823
2026-02-06 20:30:00,56.12,54.42160956740379,56.86902682095766,54.42160956740379,50.84027947886273
2026-02-06 20:45:00,56.1,53.77812237143516,56.225539624989025,53.77812237143516,50.29534856638902
2026-02-06 21:00:00,55.13,53.060102194547646,55.50751944810151,53.060102194547646,49.15210175917554
2026-02-06 21:15:00,54.47,52.008824806213376,54.45624205976724,52.008824806213376,48.578957364197564
2026-02-06 21:30:00,53.85,51.35037575721741,53.79779301077127,51.35037575721741,47.99969331017075
2026-02-06 21:45:00,53.01,50.37235353529453,52.819770788848395,50.37235353529453,47.411043959274245
2026-02-06 22:00:00,51.93,49.349289016127585,51.79670626968145,49.349289016127585,46.46587539757012
2026-02-06 22:15:00,50.85,48.54747236728668,50.994889620840546,48.54747236728668,45.83467459094084
2026-02-06 22:30:00,50.06,47.53554954051971,49.982966794073576,47.53554954051971,45.17010475465706
2026-02-06 22:45:00,48.96,46.54910596311092,48.996523216664784,46.54910596311092,44.468282607371926
2026-02-06 23:00:00,47.89,45.60510920524597,48.05252645879983,45.60510920524597,43.38974358814269
2026-02-06 23:15:00,46.67,44.66701270937919,47.11442996293306,44.66701270937919,42.6241303822479
2026-02-06 23:30:00,45.69,43.69037987828254,46.13779713183641,43.69037987828254,41.843652487290804
2026-02-06 23:45:00,44.47,42.95736331284046,45.40478056639432,42.95736331284046,41.06562970428829
2026-02-07 00:00:00,43.67,42.054663075804704,44.50208032935857,42.054663075804704,39.61717949601457
2026-02-07 00:15:00,42.62,41.30674177378416,43.75415902733803,41.30674177378416,38.90085911054411
2026-02-07 00:30:00,41.74,40.60539694339037,43.05281419694423,40.60539694339037,38.239822657135804
2026-02-07 00:45:00,40.74,39.88958836853504,42.3370056220889,39.88958836853504,37.64409207108938
2026-02-07 01:00:00,40.33,39.3323815459013,41.779798799455165,39.3323815459013,36.526517868032094
2026-02-07 01:15:00,40.0,38.76428806245327,41.211705316007134,38.76428806245327,36.06622780923079
2026-02-07 01:30:00,38.82,38.21251128733158,40.659928540885446,38.21251128733158,35.66434946551148
2026-02-07 01:45:00,38.52,37.74564276248216,40.19306001603603,37.74564276248216,35.309376734297274
2026-02-07 02:00:00,38.04,37.25312895208597,39.70054620563984,37.25312895208597,35.22683593665967
2026-02-07 02:15:00,37.29,36.78136966526508,39.22878691881895,36.78136966526508,34.92926383254125
2026-02-07 02:30:00,37.19,36.51403147727251,38.961448730826376,36.51403147727251,34.64726200446575
2026-02-07 02:45:00,36.44,36.15369575589895,38.60111300945282,36.15369575589895,34.37846087015857
2026-02-07 03:00:00,36.43,35.804250680208206,38.25166793376207,35.804250680208206,33.89327889779642
2026-02-07 03:15:00,35.9,35.33530338227749,37.78272063583135,35.33530338227749,33.666097437694305
2026-02-07 03:30:00,35.76,35.162348133623595,37.60976538717746,35.162348133623595,33.47617463003189
2026-02-07 03:45:00,35.35,35.00033134907484,37.44774860262871,35.00033134907484,33.33708342918029
2026-02-07 04:00:00,35.53,34.7681649389863,37.21558219254017,34.7681649389863,33.25986544781601
2026-02-07 04:15:00,34.95,34.69843239635229,37.145849649906154,34.69843239635229,33.25574033974174
2026-02-07 04:30:00,34.73,34.62968411624431,37.07710136979818,34.62968411624431,33.326354281200196
2026-02-07 04:45:00,34.74,34.53747160196304,36.98488885551691,34.53747160196304,33.46800255210115
2026-02-07 05:00:00,34.8,34.59395047187805,37.04136772543192,34.59395047187805,33.429757564289424
2026-02-07 05:15:00,35.23,34.76378822505474,37.211205478608605,34.76378822505474,33.67782167715839
2026-02-07 05:30:00,35.47,34.90710534989834,37.3545226034522,34.90710534989834,33.95345039526484
2026-02-07 05:45:00,35.72,35.14411736011505,37.59153461366891,35.14411736011505,34.23898810359646
2026-02-07 06:00:00,36.35,35.508226751983166,37.95564400553703,35.508226751983166,34.27308766705534
2026-02-07 06:15:00,37.01,36.071422832012175,38.51884008556604,36.071422832012175,34.5425992774249
2026-02-07 06:30:00,37.17,36.61593519181013,39.063352445363996,36.61593519181013,34.80095599938187
2026-02-07 06:45:00,37.26,37.405535562038416,39.85295281559228,37.405535562038416,35.05786695333002
2026-02-07 07:00:00,38.1,38.416990830898285,40.86440808445215,38.416990830898285,35.79556280084744
2026-02-07 07:15:00,38.56,39.36285782039165,41.81027507394552,39.36285782039165,36.10896828628587
2026-02-07 07:30:00,39.27,40.51221212118864,42.959629374742505,40.51221212118864,36.48831650827452
2026-02-07 07:45:00,40.64,41.70558062314987,44.152997876703736,41.70558062314987,36.95732037172416
2026-02-07 08:00:00,42.56,42.934464929997915,45.38188218355178,42.934464929997915,40.80628327796811
2026-02-07 08:15:00,44.87,44.12858258724212,46.57599984079599,44.12858258724212,41.495162007103595
2026-02-07 08:30:00,46.7,45.39907024979591,47.84648750334978,45.39907024979591,42.29025281084245
2026-02-07 08:45:00,48.0,46.5124000108242,48.95981726437807,46.5124000108242,43.170127143648614
2026-02-07 09:00:00,49.63,47.66946237564087,50.116879629194734,47.66946237564087,46.03549691019434
2026-02-07 09:15:00,50.85,47.930936165452,50.37835341900587,47.930936165452,46.96913855564377
2026-02-07 09:30:00,51.94,48.97574478387832,51.423162037432185,48.97574478387832,47.854889046472834
2026-02-07 09:45:00,53.09,49.93104262888431,52.37845988243818,49.93104262888431,48.64045258278656
2026-02-07 10:00:00,54.29,50.691844354271886,53.13926160782575,50.691844354271886,50.762069745196996
2026-02-07 10:15:00,54.86,51.434955919981,53.882373173534866,51.434955919981,51.2194155793963
2026-02-07 10:30:00,55.69,52.046096609830855,54.49351386338472,52.046096609830855,51.47665099836118
2026-02-07 10:45:00,56.66,52.575494363307946,55.02291161686181,52.575494363307946,51.53430890594704
2026-02-07 11:00:00,56.15,52.99412339806556,55.44154065161943,52.99412339806556,52.70389124611361
2026-02-07 11:15:00,56.91,53.35425456285476,55.80167181640863,53.35425456285476,52.440701753654935
2026-02-07 11:30:00,56.52,53.57466295421123,56.02208020776509,53.57466295421123,52.08768711566377
2026-02-07 11:45:00,56.31,53.644918842911714,56.09233609646558,53.644918842911714,51.7043043463265
2026-02-07 12:00:00,55.96,53.64926234960556,56.09667960315942,53.64926234960556,51.49449164927199
2026-02-07 12:15:00,55.8,53.78608679533004,56.23350404888391,53.78608679533004,51.225730532687685
2026-02-07 12:30:00,55.78,53.84167305469513,56.289090308248994,53.84167305469513,51.08379013991707
2026-02-07 12:45:00,55.58,53.89725134432315,56.34466859787702,53.89725134432315,51.09413504690108
2026-02-07 13:00:00,56.51,54.16200335264205,56.60942060619592,54.16200335264205,51.85733812585643
2026-02-07 13:15:00,57.17,54.18890387177467,56.636321125328536,54.18890387177467,52.17156639612691
2026-02-07 13:30:00,57.9,54.45773372888564,56.90515098243951,54.45773372888564,52.601323515746664
2026-02-07 13:45:00,58.08,54.62227426350116,57.06969151705503,54.62227426350116,53.104462950675384
2026-02-07 14:00:00,58.73,54.86235196590423,57.3097692194581,54.86235196590423,53.11519023629064
2026-02-07 14:15:00,59.3,55.046208486557,57.493625740110865,55.046208486557,53.62015923818391
2026-02-07 14:30:00,59.97,55.26849242269992,57.71590967625379,55.26849242269992,54.06060767701066
2026-02-07 14:45:00,59.95,55.32737018346786,57.77478743702173,55.32737018346786,54.40707295745766
2026-02-07 15:00:00,60.64,55.484900006055824,57.93231725960969,55.484900006055824,53.838423445714334
2026-02-07 15:15:00,59.88,57.04679844737053,59.49421570092439,57.04679844737053,53.971270987792195
2026-02-07 15:30:00,60.35,57.00419754624366,59.451614799797525,57.00419754624366,54.01660615374137
2026-02-07 15:45:00,59.87,57.08982971429824,59.537246967852106,57.08982971429824,54.004773027479246
2026-02-07 16:00:00,60.27,57.03728523790836,59.48470249146222,57.03728523790836,53.79591908077088
2026-02-07 16:15:00,60.34,57.107580975294105,59.55499822884797,57.107580975294105,53.78499529749161
2026-02-07 16:30:00,59.62,56.94941357374191,59.39683082729577,56.94941357374191,53.82983718347149
2026-02-07 16:45:00,60.12,56.94537026047706,59.39278751403093,56.94537026047706,53.95678447902403
2026-02-07 17:00:00,60.26,56.77369681119918,59.221114064753046,56.77369681119918,52.33244898960417
2026-02-07 17:15:00,59.67,56.69845186710357,59.14586912065744,56.69845186710357,52.64920486389042
2026-02-07 17:30:00,58.93,56.534471870660774,58.98188912421464,56.534471870660774,53.04438741451736
2026-02-07 17:45:00,58.65,56.61896436631679,59.066381619870654,56.61896436631679,53.48980025041827
2026-02-07 18:00:00,58.53,56.52275635719299,58.970173610746855,56.52275635719299,52.19164009986184
2026-02-07 18:15:00,58.85,56.71901910185814,59.166436355412,56.71901910185814,52.62323628897717
2026-02-07 18:30:00,59.59,56.65122320532798,59.098640458881846,56.65122320532798,52.98815287580972
2026-02-07 18:45:00,59.98,56.44857670128345,58.895993954837316,56.44857670128345,53.25282970908103
2026-02-07 19:00:00,59.69,56.38057093501091,58.827988188564774,56.38057093501091,52.75104890700996
2026-02-07 19:15:00,59.19,56.00257427632808,58.44999152988195,56.00257427632808,52.754766831391336
2026-02-07 19:30:00,58.52,55.73417212843894,58.18158938199281,55.73417212843894,52.62154486038835
2026-02-07 19:45:00,57.83,55.20129691302776,57.64871416658163,55.20129691302776,52.362028360451404
2026-02-07 20:00:00,56.44,54.840886807441706,57.28830406099557,54.840886807441706,51.54479961086582
2026-02-07 20:15:00,55.77,54.26483952641487,56.71225677996873,54.26483952641487,51.094480169409735
2026-02-07 20:30:00,55.19,53.67269868969917,56.12011594325303,53.67269868969917,50.585526319643186
2026-02-07 20:45:00,54.86,53.068728106617925,55.51614536017179,53.068728106617925,50.040263657803266
2026-02-07 21:00:00,53.88,52.375204244852064,54.82262149840593,52.375204244852064,49.36502950075261
2026-02-07 21:15:00,52.94,51.66795383930206,54.11537109285592,51.66795383930206,48.791321901240245
2026-02-07 21:30:00,52.56,51.09776962816715,53.545186881721015,51.09776962816715,48.21137593562593
2026-02-07 21:45:00,51.82,50.19860264122486,52.646019894778725,50.19860264122486,47.621924191346906
2026-02-07 22:00:00,51.03,49.222942118048664,51.67035937160253,49.222942118048664,46.67583114139434
2026-02-07 22:15:00,50.11,48.49733740806579,50.944754661619655,48.49733740806579,46.043582300785154
2026-02-07 22:30:00,49.32,47.549023709297174,49.99644096285104,47.549023709297174,45.37783959902812
2026-02-07 22:45:00,48.28,46.580161371827124,49.02757862538099,46.580161371827124,44.674718633358275
2026-02-07 23:00:00,46.98,45.659797540903085,48.10721479445695,45.659797540903085,43.22134773069697
2026-02-07 23:15:00,45.56,44.71723002254963,47.164647276103494,44.71723002254963,42.4541811062131
2026-02-07 23:30:00,44.89,43.78593968212604,46.23335693567991,43.78593968212604,41.672021481027826
2026-02-07 23:45:00,44.05,42.99396565854549,45.44138291209936,42.99396565854549,40.89218820660664
2026-02-08 00:00:00,43.18,42.12785182774066,44.57526908129453,42.12785182774066,40.28345855684086
2026-02-08 00:15:00,41.82,41.37363709002733,43.821054343581196,41.37363709002733,39.565069489221194
2026-02-08 00:30:00,41.27,40.61034349352121,43.05776074707508,40.61034349352121,38.90183526423154
2026-02-08 00:45:00,40.71,39.90639654397964,42.353813797533505,39.90639654397964,38.303778047710935
2026-02-08 01:00:00,39.73,39.36009232163429,41.807509575188156,39.36009232163429,37.76959556683394
2026-02-08 01:15:00,39.09,38.73428333073854,41.18170058429241,38.73428333073854,37.30672253218865
2026-02-08 01:30:00,38.99,38.1582666003704,40.60568385392427,38.1582666003704,36.902134065612714
2026-02-08 01:45:00,38.49,37.6520461705327,40.099463424086565,37.6520461705327,36.5443249733432
2026-02-08 02:00:00,37.68,37.16246655166149,39.609883805215354,37.16246655166149,36.31834292852896
2026-02-08 02:15:00,37.41,36.66809712082147,39.11551437437534,36.66809712082147,36.01768538661701
2026-02-08 02:30:00,36.54,36.388233162760734,38.8356504163146,36.388233162760734,35.73247561565315
2026-02-08 02:45:00,36.25,36.0097078448534,38.45712509840727,36.0097078448534,35.46034560910647
2026-02-08 03:00:00,36.15,35.62025070428848,38.067667957842346,35.62025070428848,34.97023049444543
2026-02-08 03:15:00,35.79,35.16813283443451,37.615550087988375,35.16813283443451,34.73948368557757
2026-02-08 03:30:00,35.43,34.97463558852672,37.42205284208059,34.97463558852672,34.54588030489298
2026-02-08 03:45:00,35.23,34.80234049975872,37.249757753312586,34.80234049975872,34.402995528393696
2026-02-08 04:00:00,35.24,34.55599991232157,37.00341716587543,34.55599991232157,33.97304426642012
2026-02-08 04:15:00,35.53,34.46714797049761,36.91456522405147,34.46714797049761,33.96490686946888
2026-02-08 04:30:00,34.94,34.35853108078241,36.80594833433628,34.35853108078241,34.03140311901979
2026-02-08 04:45:00,35.24,34.2175915941596,36.665008847713466,34.2175915941596,34.168831132242794
2026-02-08 05:00:00,35.47,34.208843479454515,36.65626073300838,34.208843479454515,34.350252956414714
2026-02-08 05:15:00,35.79,34.287834199965,36.73525145351886,34.287834199965,34.59390078083654
2026-02-08 05:30:00,35.95,34.399108996987344,36.84652625054121,34.399108996987344,34.86502003352329
2026-02-08 05:45:00,36.06,34.551506308913225,36.99892356246709,34.551506308913225,35.14595851259279
2026-02-08 06:00:00,36.62,34.82783967345953,37.275256927013395,34.82783967345953,35.53202036142986
2026-02-08 06:15:00,37.24,35.267992311418055,37.71540956497192,35.267992311418055,35.79676399768613
2026-02-08 06:30:00,37.55,35.739395616650576,38.18681287020444,35.739395616650576,36.05027402863716
2026-02-08 06:45:00,37.85,36.437731871306895,38.88514912486076,36.437731871306895,36.30226351553808
2026-02-08 07:00:00,38.36,37.33340944170951,39.78082669526338,37.33340944170951,36.34306737160966
2026-02-08 07:15:00,39.19,38.16101615965366,40.60843341320753,38.16101615965366,36.65141415086333
2026-02-08 07:30:00,40.08,39.210994480848306,41.65841173440217,39.210994480848306,37.02564144000196
2026-02-08 07:45:00,41.15,40.31044095993042,42.75785821348428,40.31044095993042,37.48946655662945
2026-02-08 08:00:00,42.68,41.44849018871784,43.89590744227171,41.44849018871784,40.949548374918564
2026-02-08 08:15:00,44.64,42.564100622832775,45.01151787638664,42.564100622832775,41.633146397819
2026-02-08 08:30:00,46.22,43.79114259213209,46.238559845685955,43.79114259213209,42.42291255464508
2026-02-08 08:45:00,47.56,44.876268782019615,47.32368603557348,44.876268782019615,43.2974231215817
2026-02-08 09:00:00,48.55,46.003877655267715,48.45129490882158,46.003877655267715,45.7263620196296
2026-02-08 09:15:00,50.2,47.45642067790031,49.90383793145418,47.45642067790031,46.65457649087187
2026-02-08 09:30:00,50.69,48.4369905591011,50.88440781265496,48.4369905591011,47.53487568751488
2026-02-08 09:45:00,51.56,49.34879754900932,51.796214802563185,49.34879754900932,48.314968971841175
2026-02-08 10:00:00,53.06,50.051760236024855,52.49917748957872,50.051760236024855,50.45307302174027
2026-02-08 10:15:00,53.53,50.74837901234626,53.19579626590013,50.74837901234626,50.90492646453525
2026-02-08 10:30:00,53.72,51.3160527563095,53.76347000986337,51.3160527563095,51.156666443374135
2026-02-08 10:45:00,54.72,51.799398712515824,54.24681596606969,51.799398712515824,51.20883128965481
2026-02-08 11:00:00,54.46,52.171840464472766,54.61925771802663,52.171840464472766,51.65832986400685
2026-02-08 11:15:00,54.89,52.4828328871727,54.930250140726564,52.4828328871727,51.38966856326128
2026-02-08 11:30:00,54.6,52.70906449973583,55.1564817532897,52.70906449973583,51.031201084415486
2026-02-08 11:45:00,55.35,52.74048917293548,55.18790642648935,52.74048917293548,50.64239005646679
2026-02-08 12:00:00,55.11,52.74960655212402,55.19702380567789,52.74960655212402,50.228646996706516
2026-02-08 12:15:00,54.42,52.84486084938049,55.292278102934354,52.84486084938049,49.954523760243745
2026-02-08 12:30:00,53.16,52.90699026286602,55.35440751641988,52.90699026286602,49.80726285670147
2026-02-08 12:45:00,53.57,52.93911095976829,55.38652821332216,52.93911095976829,49.81233458137854
2026-02-08 13:00:00,53.06,53.19526893496513,55.642686188518994,53.19526893496513,51.548571072810525
2026-02-08 13:15:00,54.79,53.20345651149749,55.65087376505136,53.20345651149749,51.857638022848846
2026-02-08 13:30:00,55.2,53.44033834934234,55.887755602896206,53.44033834934234,52.282298366449844
2026-02-08 13:45:00,56.75,53.56941621065139,56.016833464205256,53.56941621065139,52.78041130904724
2026-02-08 14:00:00,57.56,53.78893996119499,56.23635721474886,53.78893996119499,52.188754117293435
2026-02-08 14:15:00,57.82,53.948337358832354,56.39575461238622,53.948337358832354,52.68885437664541
2026-02-08 14:30:00,57.67,54.11288320660591,56.56030046015977,54.11288320660591,53.12452150668079
2026-02-08 14:45:00,57.33,54.139443683624265,56.58686093717813,54.139443683624265,53.46629858699811
2026-02-08 15:00:00,56.9,54.26614125013351,56.71355850368737,54.26614125013351,53.315558018453025
2026-02-08 15:15:00,54.15,55.6459843313694,58.093401584923264,55.6459843313694,53.44392048049811
2026-02-08 15:30:00,56.08,55.62817993879318,58.07559719234705,55.62817993879318,53.48488050286274
2026-02-08 15:45:00,56.92,55.711872804164884,58.15929005771875,55.711872804164884,53.46878769487784
2026-02-08 16:00:00,57.41,55.672568717598914,58.11998597115278,55.672568717598914,51.877621648983535
2026-02-08 16:15:00,56.93,55.74469749450683,58.192114748060696,55.74469749450683,51.862685476510606
2026-02-08 16:30:00,57.16,55.60371284604072,58.05113009959459,55.60371284604072,51.90364668703359
2026-02-08 16:45:00,57.12,55.58325453102588,58.030671784579745,55.58325453102588,52.02685031260761
2026-02-08 17:00:00,56.42,55.40178096175193,57.8491982153058,55.40178096175193,51.36780139665503
2026-02-08 17:15:00,56.21,55.31136163830757,57.75877889186143,55.31136163830757,51.68110319740961
2026-02-08 17:30:00,56.37,55.16251882910728,57.60993608266114,55.16251882910728,52.072984107934246
2026-02-08 17:45:00,56.97,55.193600803613656,57.64101805716752,55.193600803613656,52.51525271379005
2026-02-08 18:00:00,56.94,55.119631017446515,57.56704827100038,55.119631017446515,51.715329379566555
2026-02-08 18:15:00,57.49,55.27844662427902,57.725863877832886,55.27844662427902,52.14411071921349
2026-02-08 18:30:00,58.47,55.18475705206394,57.6321743056178,55.18475705206394,52.506384230889765
2026-02-08 18:45:00,57.9,55.00602241575717,57.45343966931104,55.00602241575717,52.76859434662569
2026-02-08 19:00:00,59.01,54.91963312268257,57.367050376236435,54.91963312268257,51.016024624875456
2026-02-08 19:15:00,58.77,54.55811522364616,57.00553247720003,54.55811522364616,51.017641853884804
2026-02-08 19:30:00,58.39,54.28050271630287,56.727919969856735,54.28050271630287,50.88250861847569
2026-02-08 19:45:00,57.85,53.76737916588783,56.2147964194417,53.76737916588783,50.621274402495494
2026-02-08 20:00:00,56.27,53.42545353710651,55.87287079066038,53.42545353710651,50.306702357730636
2026-02-08 20:15:00,57.01,52.874234643578525,55.32165189713239,52.874234643578525,49.85506413426652
2026-02-08 20:30:00,56.22,52.287696532011026,54.73511378556489,52.287696532011026,49.344996621077236
2026-02-08 20:45:00,55.96,51.7118777167797,54.15929497033357,51.7118777167797,48.798828997575576
2026-02-08 21:00:00,54.93,51.02951945662498,53.47693671017885,51.02951945662498,45.43660528807568
2026-02-08 21:15:00,54.68,50.42793448150157,52.87535173505544,50.42793448150157,44.86242030194109
2026-02-08 21:30:00,54.62,49.89520803451538,52.34262528806924,49.89520803451538,44.28221552502151
2026-02-08 21:45:00,54.01,49.08023069322109,51.527647946774955,49.08023069322109,43.69272653231471
2026-02-08 22:00:00,52.75,48.18771843671799,50.63513569027185,48.18771843671799,42.874653815963114
2026-02-08 22:15:00,52.01,47.4937854617834,49.94120271533727,47.4937854617834,42.24281918229639
2026-02-08 22:30:00,50.87,46.63656320095062,49.083980454504484,46.63656320095062,41.5777202549413
2026-02-08 22:45:00,50.47,45.71045850276947,48.157875756323335,45.71045850276947,40.875474969559505
2026-02-08 23:00:00,48.95,44.824858664870256,47.27227591842412,44.824858664870256,39.47530551109284
2026-02-08 23:15:00,48.02,43.94687789559364,46.3942951491475,43.94687789559364,38.709484711180465
2026-02-08 23:30:00,47.0,43.065357234776016,45.51277448832988,43.065357234776016,37.92890880209847
2026-02-08 23:45:00,46.21,42.24828518092632,44.69570243448018,42.24828518092632,37.15089877853828
2026-02-09 00:00:00,45.3,41.471033918261526,43.91845117181539,41.471033918261526,38.33189219307209
2026-02-09 00:15:00,44.59,40.763779527843,43.211196781396865,40.763779527843,37.61580965466299
2026-02-09 00:30:00,43.5,40.02587884187698,42.47329609543085,40.02587884187698,36.95512533656362
2026-02-09 00:45:00,42.98,39.35696287155151,41.804380125105375,39.35696287155151,36.359862315986284
2026-02-09 01:00:00,42.41,38.84128900527954,41.28870625883341,38.84128900527954,36.5265591803541
2026-02-09 01:15:00,41.96,38.2504073870182,40.697824640572065,38.2504073870182,36.06697090381809
2026-02-09 01:30:00,41.44,37.68802023530006,40.135437488853924,37.68802023530006,35.66591308821618
2026-02-09 01:45:00,40.5,37.17058505713939,39.61800231069326,37.17058505713939,35.311880692487435
2026-02-09 02:00:00,39.85,36.74958768218755,39.19700493574142,36.74958768218755,34.948179843168674
2026-02-09 02:15:00,39.64,36.27648682296276,38.723904076516625,36.27648682296276,34.65179077412099
2026-02-09 02:30:00,39.06,36.000720638036725,38.44813789159059,36.000720638036725,34.37109481846111
2026-02-09 02:45:00,38.95,35.640724958777426,38.08814221233129,35.640724958777426,34.103723345397675
2026-02-09 03:00:00,38.73,35.2578787150979,37.70529596865177,35.2578787150979,33.26026658254366
2026-02-09 03:15:00,38.42,35.28538094937801,37.732798202931875,35.28538094937801,33.03476508808758
2026-02-09 03:30:00,38.44,35.10707003742456,37.55448729097843,35.10707003742456,32.84664869245849
2026-02-09 03:45:00,38.11,34.99355707257986,37.44097432613373,34.99355707257986,32.709491163094
2026-02-09 04:00:00,38.2,34.83126001894474,37.278677272498605,34.83126001894474,32.48084467948926
2026-02-09 04:15:00,38.27,34.772278651595116,37.21969590514898,34.772278651595116,32.47891004577412
2026-02-09 04:30:00,37.86,34.69699917197227,37.14441642552614,34.69699917197227,32.55184392167699
2026-02-09 04:45:00,37.8,34.61919594228267,37.06661319583654,34.61919594228267,32.69594223471592
2026-02-09 05:00:00,38.09,34.63561758548021,37.08303483903408,34.63561758548021,33.55514479190608
2026-02-09 05:15:00,38.39,34.75175525039434,37.199172503948205,34.75175525039434,33.80592092059604
2026-02-09 05:30:00,38.87,34.90862624138593,37.3560434949398,34.90862624138593,34.08439342429232
2026-02-09 05:45:00,39.26,35.07878411233425,37.52620136588811,35.07878411233425,34.372907143514865
2026-02-09 06:00:00,39.85,35.36466522186994,37.81208247542381,35.36466522186994,34.847887084018524
2026-02-09 06:15:00,40.91,35.83462600469589,38.28204325824976,35.83462600469589,35.120640312273274
2026-02-09 06:30:00,41.48,36.31757347404957,38.76499072760343,36.31757347404957,35.38237192516448
2026-02-09 06:45:00,41.88,36.987111083865166,39.43452833741903,36.987111083865166,35.642791282011764
2026-02-09 07:00:00,41.76,37.81484664589166,40.26226389944553,37.81484664589166,36.91021504558564
2026-02-09 07:15:00,42.09,38.55750526487827,41.00492251843214,38.55750526487827,37.22739644031967
2026-02-09 07:30:00,41.88,39.54086455404758,41.988281807601446,39.54086455404758,37.61065444689969
2026-02-09 07:45:00,42.73,40.53216435790062,42.979581611454485,40.53216435790062,38.08370196970989
2026-02-09 08:00:00,44.52,41.54868970781565,43.99610696136951,41.54868970781565,39.73987515266403
2026-02-09 08:15:00,46.91,42.54259163081646,44.990008884370326,42.54259163081646,40.43306503567084
2026-02-09 08:30:00,48.35,43.638154191374774,46.08557144492864,43.638154191374774,41.23260048364656
2026-02-09 08:45:00,49.92,44.590110059976574,47.03752731353044,44.590110059976574,42.11705269196376
2026-02-09 09:00:00,50.64,45.56918694376945,48.01660419732332,45.56918694376945,44.31684034120022
2026-02-09 09:15:00,52.2,48.646839048862454,51.09425630241632,48.646839048862454,45.255325276314785
2026-02-09 09:30:00,52.75,49.42444894969463,51.871866203248494,49.42444894969463,46.14605110111073
2026-02-09 09:45:00,53.8,50.17958153545856,52.626998789012426,50.17958153545856,46.93672148139962
2026-02-09 10:00:00,54.77,50.72797382891178,53.175391082465644,50.72797382891178,49.26583607763954
2026-02-09 10:15:00,55.58,51.23503240942954,53.68244966298341,51.23503240942954,49.72854988649536
2026-02-09 10:30:00,55.9,51.66036664962768,54.10778390318155,51.66036664962768,49.991282756259295
2026-02-09 10:45:00,56.17,52.02855521857738,54.47597247213125,52.02855521857738,50.054566767093604
2026-02-09 11:00:00,56.21,52.29169202685356,54.739109280407426,52.29169202685356,51.2192961294388
2026-02-09 11:15:00,56.62,52.52932833313942,54.97674558669328,52.52932833313942,50.96198727808042
2026-02-09 11:30:00,56.91,52.69469506382942,55.14211231738329,52.69469506382942,50.61497901714317
2026-02-09 11:45:00,56.61,52.680004181861875,55.12742143541574,52.680004181861875,50.237727238481135
2026-02-09 12:00:00,56.39,52.71917278289794,55.16659003645181,52.71917278289794,49.99224633020422
2026-02-09 12:15:00,55.71,52.83519621491432,55.282613468468185,52.83519621491432,49.729861761506626
2026-02-09 12:30:00,55.84,52.91277363538742,55.36019088894128,52.91277363538742,49.59441870745802
2026-02-09 12:45:00,56.43,52.9659211552143,55.41333840876817,52.9659211552143,49.611380317167026
2026-02-09 13:00:00,56.61,53.223784654140466,55.67120190769433,53.223784654140466,50.51377633363946
2026-02-09 13:15:00,57.07,53.259635187983505,55.70705244153737,53.259635187983505,50.834855446713675
2026-02-09 13:30:00,57.76,53.50632245898246,55.953739712536326,53.50632245898246,51.271578032197795
2026-02-09 13:45:00,57.83,53.61762249350547,56.06503974705934,53.61762249350547,51.781795821662854
2026-02-09 14:00:00,58.2,53.826267552971835,56.2736848065257,53.826267552971835,51.72490150249696
2026-02-09 14:15:00,59.01,53.96604877114296,56.413466024696824,53.96604877114296,52.23716913011786
2026-02-09 14:30:00,58.85,54.0710128647089,56.51843011826276,54.0710128647089,52.68502342447478
2026-02-09 14:45:00,59.22,54.06518167376518,56.51259892731905,54.06518167376518,53.03899975182122
2026-02-09 15:00:00,58.62,54.16009592890739,56.607513182461254,54.16009592890739,52.589957689871184
2026-02-09 15:15:00,59.7,56.33704554438591,58.784462797939774,56.33704554438591,52.730520245742134
2026-02-09 15:30:00,60.13,56.30017754077911,58.747594794332976,56.30017754077911,52.7836690519718
2026-02-09 15:45:00,59.85,56.43583043515682,58.88324768871068,56.43583043515682,52.77974585577543
2026-02-09 16:00:00,59.72,56.453847354054446,58.90126460760831,56.453847354054446,51.81687197715819
2026-02-09 16:15:00,59.75,56.47197850584983,58.9193957594037,56.47197850584983,51.81404340239093
2026-02-09 16:30:00,60.12,56.36810095310211,58.81551820665597,56.36810095310211,51.86706934157074
2026-02-09 16:45:00,60.43,56.3918507695198,58.839268023073664,56.3918507695198,52.00228691078304
2026-02-09 17:00:00,59.73,56.21448692798614,58.66190418154,56.21448692798614,51.28952455180239
2026-02-09 17:15:00,59.48,56.189918885231016,58.63733613878488,56.189918885231016,51.61471499002523
2026-02-09 17:30:00,59.43,56.03457808375358,58.481995337307445,56.03457808375358,52.01841003824428
2026-02-09 17:45:00,59.1,56.0720225650072,58.51943981856107,56.0720225650072,52.4724104079319
2026-02-09 18:00:00,59.32,56.04637063801288,58.49378789156675,56.04637063801288,51.43259472732992
2026-02-09 18:15:00,59.65,56.22550110459327,58.672918358147136,56.22550110459327,51.87291957130533
2026-02-09 18:30:00,60.36,56.15205200791358,58.59946926146745,56.15205200791358,52.246630771031064
2026-02-09 18:45:00,61.02,56.02925961256027,58.47667686611413,56.02925961256027,52.52016502376789
2026-02-09 19:00:00,60.35,55.90569680929183,58.3531140628457,55.90569680929183,51.84269781618739
2026-02-09 19:15:00,60.43,55.610205525159834,58.0576227787137,55.610205525159834,51.85538908230671
2026-02-09 19:30:00,59.62,55.34789491295814,57.795312166512005,55.34789491295814,51.73119345268482
2026-02-09 19:45:00,58.56,54.85778796315193,57.305205216705794,54.85778796315193,51.48075291208723
2026-02-09 20:00:00,58.01,54.54859138786792,56.99600864142179,54.54859138786792,50.909482060104075
2026-02-09 20:15:00,57.46,54.01491388559341,56.462331139147274,54.01491388559341,50.4683274546949
2026-02-09 20:30:00,56.64,53.44308525204658,55.890502505600445,53.44308525204658,49.96857759727156
2026-02-09 20:45:00,56.31,52.86103410243987,55.30845135599374,52.86103410243987,49.43255449857845
2026-02-09 21:00:00,54.69,52.19744722962379,54.644864483177656,52.19744722962379,48.53087722064237
2026-02-09 21:15:00,54.82,51.53206185281276,53.979479106366625,51.53206185281276,47.96646938228209
2026-02-09 21:30:00,54.14,51.028547148704526,53.47596440225839,51.028547148704526,47.395847718236396
2026-02-09 21:45:00,53.46,50.40827048361301,52.855687737166875,50.40827048361301,46.815741055813874
2026-02-09 22:00:00,52.63,49.68866964221,52.13608689576387,49.68866964221,45.755288773044505
2026-02-09 22:15:00,51.77,49.01319457828998,51.46061183184385,49.01319457828998,45.132415142457674
2026-02-09 22:30:00,50.92,48.301292502880095,50.74870975643396,48.301292502880095,44.476056927880244
2026-02-09 22:45:00,49.59,47.486153110265725,49.93357036381959,47.486153110265725,43.78232582612678
2026-02-09 23:00:00,48.34,46.6501144105196,49.097531664073465,46.6501144105196,42.83268549905416
2026-02-09 23:15:00,47.13,45.85891345143318,48.30633070498705,45.85891345143318,42.07490767226348
2026-02-09 23:30:00,46.08,45.03833869814873,47.48575595170259,45.03833869814873,41.302130350029834
2026-02-09 23:45:00,45.46,44.168593323826784,46.61601057738065,44.168593323826784,40.531668878817264
2026-02-10 00:00:00,44.22,43.49755474686622,45.94497200042009,43.49755474686622,39.332297482140895
2026-02-10 00:15:00,43.41,42.888603078126906,45.33602033168077,42.888603078126906,38.62324712392344
2026-02-10 00:30:00,42.71,42.14213758140802,44.58955483496189,42.14213758140802,37.96932898147132
2026-02-10 00:45:00,41.58,41.57271713674068,44.020134390294544,41.57271713674068,37.380561149957366
2026-02-10 01:00:00,41.06,41.04457328855991,43.491990542113776,41.04457328855991,36.853031059716194
2026-02-10 01:15:00,40.24,40.477951549887656,42.92536880344152,40.477951549887656,36.39938176467357
2026-02-10 01:30:00,39.92,39.98453715920448,42.431954412758344,39.98453715920448,36.00397807762845
2026-02-10 01:45:00,39.41,39.47741747736931,41.92483473092317,39.47741747736931,35.65531070909017
2026-02-10 02:00:00,38.64,39.15348087340593,41.6008981269598,39.15348087340593,34.8514552912408
2026-02-10 02:15:00,38.25,38.707692303061485,41.15510955661535,38.707692303061485,34.55984107894885
2026-02-10 02:30:00,37.6,38.44833182185888,40.895749075412745,38.44833182185888,34.28361930802057
2026-02-10 02:45:00,37.03,38.08974412947893,40.537161383032796,38.08974412947893,34.02041789413257
2026-02-10 03:00:00,36.71,37.72828467518091,40.175701928734775,37.72828467518091,33.78773162528261
2026-02-10 03:15:00,36.16,35.731646375656126,38.17906362920999,35.731646375656126,33.56578240797516
2026-02-10 03:30:00,36.09,35.550961810350415,37.99837906390428,35.550961810350415,33.380905055730004
2026-02-10 03:45:00,35.67,35.44537474900484,37.89279200255871,35.44537474900484,33.246670727787944
2026-02-10 04:00:00,35.88,35.29333474695682,37.74075200051069,35.29333474695682,32.70826655619499
2026-02-10 04:15:00,35.36,35.236901038885115,37.68431829243898,35.236901038885115,32.70861648900294
2026-02-10 04:30:00,35.58,35.17936219394207,37.626779447495935,35.17936219394207,32.78351258234635
2026-02-10 04:45:00,35.36,35.1036868840456,37.55110413759947,35.1036868840456,32.929249041468225
2026-02-10 05:00:00,35.62,35.13229558348655,37.57971283704042,35.13229558348655,33.01080003387118
2026-02-10 05:15:00,36.35,35.26439397513866,37.711811228692525,35.26439397513866,33.26256190953872
2026-02-10 05:30:00,36.52,35.436873696148396,37.88429094970226,35.436873696148396,33.54169229112466
2026-02-10 05:45:00,37.18,35.599979678094385,38.04739693164825,35.599979678094385,33.83053521447046
2026-02-10 06:00:00,37.85,35.90464280128479,38.35206005483865,35.90464280128479,33.97470624252351
2026-02-10 06:15:00,38.71,36.4242683288455,38.871685582399365,36.4242683288455,34.247129846349765
2026-02-10 06:30:00,40.79,36.928485698103906,39.37590295165777,36.928485698103906,34.50820214901234
2026-02-10 06:45:00,39.21,37.584922388494014,40.03233964204788,37.584922388494014,34.76763264260477
2026-02-10 07:00:00,39.63,38.42038328230381,40.867800535857675,38.42038328230381,35.143368135027345
2026-02-10 07:15:00,39.95,39.13564991503954,41.5830671685934,39.13564991503954,35.45890290451088
2026-02-10 07:30:00,40.69,40.105628015697,42.553045269250866,40.105628015697,35.84018655015393
2026-02-10 07:45:00,41.49,41.065378287136554,43.51279554069042,41.065378287136554,36.31093305568733
2026-02-10 08:00:00,43.42,42.056966329813,44.50438358336687,42.056966329813,40.02114932217182
2026-02-10 08:15:00,45.46,43.00631343781948,45.453730691373345,43.00631343781948,40.71138906044925
2026-02-10 08:30:00,46.88,44.04932355225086,46.49674080580473,44.04932355225086,41.507652364364674
2026-02-10 08:45:00,48.71,44.96674389362335,47.41416114717722,44.96674389362335,42.388512453000956
2026-02-10 09:00:00,50.14,45.88738932192325,48.33480657547712,45.88738932192325,44.644867116881734
2026-02-10 09:15:00,51.57,47.30982533454895,49.75724258810281,47.30982533454895,45.57912698847354
2026-02-10 09:30:00,50.63,48.167469991445536,50.6148872449994,48.167469991445536,46.4653152472951
2026-02-10 09:45:00,51.3,49.04419951200485,51.49161676555872,49.04419951200485,47.2511385134296
2026-02-10 10:00:00,52.37,49.69508793711662,52.142505190670484,49.69508793711662,49.51313769791793
2026-02-10 10:15:00,53.9,50.328573113083834,52.7759903666377,50.328573113083834,49.97039507377366
2026-02-10 10:30:00,54.46,50.860502586364746,53.30791983991861,50.860502586364746,50.22737219333255
2026-02-10 10:45:00,54.84,51.331795643568036,53.7792128971219,51.331795643568036,50.28460499681475
2026-02-10 11:00:00,55.02,51.67900786459445,54.12642511814832,51.67900786459445,51.09285958689508
2026-02-10 11:15:00,55.41,51.99715179800987,54.44456905156373,51.99715179800987,50.82892107706651
2026-02-10 11:30:00,55.28,52.23296037793159,54.680377631485456,52.23296037793159,50.475000599004126
2026-02-10 11:45:00,54.96,52.28024748444557,54.72766473799943,52.28024748444557,50.09055877446719
2026-02-10 12:00:00,54.74,52.32418198823928,54.77159924179315,52.32418198823928,50.816927812718475
2026-02-10 12:15:00,54.5,52.43771886229515,54.885136115849015,52.43771886229515,50.546812570676586
2026-02-10 12:30:00,54.29,52.523643254041666,54.97106050759553,52.523643254041666,50.40337645656915
2026-02-10 12:45:00,54.75,52.55830895364284,55.00572620719671,52.55830895364284,50.41208817307461
2026-02-10 13:00:00,54.42,52.82223210930824,55.269649362862104,52.82223210930824,51.76071595071044
2026-02-10 13:15:00,55.68,52.80954428791999,55.256961541473856,52.80954428791999,52.073048951455434
2026-02-10 13:30:00,56.73,53.07063287377357,55.518050127327434,53.07063287377357,52.50078642207868
2026-02-10 13:45:00,56.95,53.17197605013847,55.619393303692334,53.17197605013847,53.001786415185684
2026-02-10 14:00:00,57.01,53.36986993432045,55.817287187874314,53.36986993432045,52.195759184727684
2026-02-10 14:15:00,57.68,53.52275074362755,55.97016799718141,53.52275074362755,52.69836333714739
2026-02-10 14:30:00,57.73,53.63653733611106,56.08395458966493,53.63653733611106,53.136341509764
2026-02-10 14:45:00,58.63,53.64466646790504,56.092083721458906,53.64466646790504,53.480236090411374
2026-02-10 15:00:00,57.11,53.743018336296075,56.19043558984994,53.743018336296075,52.960639559317954
2026-02-10 15:15:00,55.08,56.16432540297508,58.611742656528946,56.16432540297508,53.09073083364751
2026-02-10 15:30:00,55.11,56.094606143236156,58.54202339679002,56.094606143236156,53.13322476145872
2026-02-10 15:45:00,53.44,56.215451266169545,58.66286851972341,56.215451266169545,53.118470737531055
2026-02-10 16:00:00,53.59,56.201134961843486,58.64855221539735,56.201134961843486,52.38907030389738
2026-02-10 16:15:00,57.46,56.233051102161404,58.68046835571527,56.233051102161404,52.375082515285676
2026-02-10 16:30:00,59.66,56.10820251464843,58.5556197682023,56.10820251464843,52.41679707555223
2026-02-10 16:45:00,59.38,56.11214753448963,58.559564788043495,56.11214753448963,52.540559291505474
2026-02-10 17:00:00,59.28,55.91770720303058,58.36512445658445,55.91770720303058,51.72970823517795
2026-02-10 17:15:00,58.57,55.86455171346664,58.311968967020505,55.86455171346664,52.0431804256908
2026-02-10 17:30:00,59.17,55.697806218266486,58.14522347182035,55.697806218266486,52.4350385328947
2026-02-10 17:45:00,59.33,55.73873081803321,58.18614807158708,55.73873081803321,52.877091912757464
2026-02-10 18:00:00,59.24,55.67612587690353,58.12354313045739,55.67612587690353,51.589695287342096
2026-02-10 18:15:00,60.51,55.856130357980724,58.30354761153459,55.856130357980724,52.0178793641662
2026-02-10 18:30:00,61.88,55.76844731092453,58.215864564478395,55.76844731092453,52.37936624722424
2026-02-10 18:45:00,62.35,55.61424618184566,58.061663435399524,55.61424618184566,52.64060163595991
2026-02-10 19:00:00,58.98,55.52228338599205,57.96970063954591,55.52228338599205,51.34461947468439
2026-02-10 19:15:00,61.44,55.17401118993759,57.62142844349145,55.17401118993759,51.34489007698648
2026-02-10 19:30:00,60.81,54.93677868366241,57.384195937216276,54.93677868366241,51.20822665996913
2026-02-10 19:45:00,58.98,54.43463211774826,56.882049371302124,54.43463211774826,50.945280467359304
2026-02-10 20:00:00,59.39,54.111940121054644,56.55935737460851,54.111940121054644,50.3419287881805
2026-02-10 20:15:00,58.54,53.584850934743876,56.03226818829774,53.584850934743876,49.888220765689354
2026-02-10 20:30:00,58.16,53.01126630246639,55.458683556020254,53.01126630246639,49.3759076672794
2026-02-10 20:45:00,57.52,52.4436005282402,54.89101778179406,52.4436005282402,48.827320915834285
2026-02-10 21:00:00,56.92,51.77465799212455,54.22207524567842,51.77465799212455,47.80127765570899
2026-02-10 21:15:00,56.02,50.99931946635246,53.446736719906326,50.99931946635246,47.224333659065714
2026-02-10 21:30:00,55.23,50.44935979127884,52.8967770448327,50.44935979127884,46.64120376615821
2026-02-10 21:45:00,54.8,49.762139991521835,52.2095572450757,49.762139991521835,46.048626263536356
2026-02-10 22:00:00,53.55,48.9551084780693,51.402525731623165,48.9551084780693,45.19843352569127
2026-02-10 22:15:00,52.78,48.27810588121414,50.725523134768004,48.27810588121414,44.56319218218463
2026-02-10 22:30:00,51.58,47.50544518709182,49.95286244064569,47.50544518709182,43.89453196328029
2026-02-10 22:45:00,50.59,46.64658381700515,49.09400107055902,46.64658381700515,43.188573963946034
2026-02-10 23:00:00,49.52,45.78936421275139,48.23678146630525,45.78936421275139,41.86902234841031
2026-02-10 23:15:00,47.49,44.97652541756629,47.42394267112016,44.97652541756629,41.09919589752491
2026-02-10 23:30:00,46.28,44.14151481389999,46.588932067453854,44.14151481389999,40.31447303378186
2026-02-10 23:45:00,45.29,43.305728489160536,45.7531457427144,43.305728489160536,39.53217833316539
2026-02-11 00:00:00,43.87,42.591078182756895,45.03849543631076,42.591078182756895,38.53708122098176
2026-02-11 00:15:00,43.24,41.976231565177436,44.4236488187313,41.976231565177436,37.81644970652137
2026-02-11 00:30:00,41.95,41.23833486407995,43.68575211763382,41.23833486407995,37.15109003112963
2026-02-11 00:45:00,41.7,40.6273004373908,43.07471769094467,40.6273004373908,36.55102924555431
2026-02-11 01:00:00,40.59,40.14205901205539,42.58947626560926,40.14205901205539,35.92867475329046
2026-02-11 01:15:00,39.97,39.536234136819836,41.9836513903737,39.536234136819836,35.46405618228703
2026-02-11 01:30:00,39.5,39.061484870314594,41.50890212386846,39.061484870314594,35.057858129601925
2026-02-11 01:45:00,38.73,38.55936619848013,41.00678345203399,38.55936619848013,34.69857988349141
2026-02-11 02:00:00,38.34,38.19156416177749,40.63898141533136,38.19156416177749,33.89994283821179
2026-02-11 02:15:00,37.71,37.75245024621486,40.19986749976873,37.75245024621486,33.5981100106142
2026-02-11 02:30:00,37.36,37.497001577615734,39.9444188311696,37.497001577615734,33.311878159948925
2026-02-11 02:45:00,36.78,37.15385923564434,39.601276489198206,37.15385923564434,33.03888330227186
2026-02-11 03:00:00,36.48,36.78875893980265,39.23617619335651,36.78875893980265,32.32947221854471
2026-02-11 03:15:00,35.66,34.763052352666854,37.21046960622072,34.763052352666854,32.09818658772847
2026-02-11 03:30:00,35.07,34.5379471296072,36.98536438316106,34.5379471296072,31.90421293028563
2026-02-11 03:45:00,35.4,34.40185324311256,36.84927049666643,34.40185324311256,31.761129934487887
2026-02-11 04:00:00,34.94,34.186448518335816,36.63386577188968,34.186448518335816,31.552536322282847
2026-02-11 04:15:00,34.83,34.112182523608205,36.55959977716207,34.112182523608205,31.544554814930542
2026-02-11 04:30:00,34.48,34.015601265132425,36.46301851868629,34.015601265132425,31.611388728621304
2026-02-11 04:45:00,34.53,33.91685223817825,36.36426949173212,33.91685223817825,31.749339137680046
2026-02-11 05:00:00,34.87,33.91965227246284,36.36706952601671,33.91965227246284,31.717909115283117
2026-02-11 05:15:00,35.16,34.04704851925373,36.494465772807594,34.04704851925373,31.962457091154032
2026-02-11 05:30:00,35.49,34.20024944633245,36.647666699886315,34.20024944633245,32.23466922331725
2026-02-11 05:45:00,35.84,34.406284416913984,36.85370167046785,34.406284416913984,32.51689567598062
2026-02-11 06:00:00,36.77,34.68182744920254,37.1292447027564,34.68182744920254,33.514684721095136
2026-02-11 06:15:00,37.44,35.21906343907118,37.66648069262504,35.21906343907118,33.78111300619463
2026-02-11 06:30:00,38.42,35.74241349041462,38.189830743968486,35.74241349041462,34.03650895669648
2026-02-11 06:45:00,40.11,36.43847837001085,38.885895623564714,36.43847837001085,34.29058737999158
2026-02-11 07:00:00,40.28,37.354699265956874,39.80211651951074,37.354699265956874,35.820901890862416
2026-02-11 07:15:00,39.29,38.138599945902826,40.58601719945669,38.138599945902826,36.131748242998185
2026-02-11 07:30:00,39.52,39.21781657576561,41.665233829319476,39.21781657576561,36.50868240394356
2026-02-11 07:45:00,40.54,40.274805608987805,42.72222286254167,40.274805608987805,36.97542279637247
2026-02-11 08:00:00,42.08,41.36535122007131,43.81276847362518,41.36535122007131,39.2672995616803
2026-02-11 08:15:00,44.72,42.426376925110816,44.87379417866468,42.426376925110816,39.954232333124324
2026-02-11 08:30:00,46.5,43.57668228119611,46.02409953474998,43.57668228119611,40.74754398015731
2026-02-11 08:45:00,47.62,44.587546461224555,47.03496371477842,44.587546461224555,41.62581123059536
2026-02-11 09:00:00,49.54,45.61315066993236,48.060567923486225,45.61315066993236,44.81548827617853
2026-02-11 09:15:00,50.72,47.645834761857984,50.09325201541185,47.645834761857984,45.74788251494262
2026-02-11 09:30:00,51.76,48.607665134668345,51.05508238822221,48.607665134668345,46.63257304060611
2026-02-11 09:45:00,53.01,49.569538012742996,52.01695526629686,49.569538012742996,47.41726900971873
2026-02-11 10:00:00,53.5,50.324614810347555,52.77203206390142,50.324614810347555,50.349534410588035
2026-02-11 10:15:00,54.75,51.03931692004203,53.4867341735959,51.03931692004203,50.80641197592548
2026-02-11 10:30:00,55.85,51.641749343872064,54.08916659742593,51.641749343872064,51.063385832427386
2026-02-11 10:45:00,56.0,52.186143485903735,54.6335607394576,52.186143485903735,51.12099345254198
2026-02-11 11:00:00,56.07,52.58744365572929,55.034860909283154,52.58744365572929,52.40515880950945
2026-02-11 11:15:00,56.98,52.96896559476852,55.416382848322385,52.96896559476852,52.142354851853455
2026-02-11 11:30:00,56.13,53.18665099263191,55.63406824618578,53.18665099263191,51.789950068933365
2026-02-11 11:45:00,55.94,53.27802668452262,55.72544393807649,53.27802668452262,51.40740559016228
2026-02-11 12:00:00,55.09,53.281639631986614,55.72905688554048,53.281639631986614,51.539268906994835
2026-02-11 12:15:00,55.22,53.414500461816786,55.86191771537065,53.414500461816786,51.27181480086145
2026-02-11 12:30:00,54.82,53.466609259247775,55.91402651280164,53.466609259247775,51.13142144535986
2026-02-11 12:45:00,55.84,53.51035514593124,55.95777239948511,53.51035514593124,51.143557017002905
2026-02-11 13:00:00,56.22,53.76663001060486,56.21404726415872,53.76663001060486,49.27432341210239
2026-02-11 13:15:00,57.11,53.76232103943824,56.20973829299211,53.76232103943824,49.59083984960918
2026-02-11 13:30:00,57.09,54.04660156011581,56.494018813669676,54.04660156011581,50.023138726705135
2026-02-11 13:45:00,57.31,54.17647639513015,56.62389364868402,54.17647639513015,50.52907653946968
2026-02-11 14:00:00,58.23,54.39460278511047,56.84202003866434,54.39460278511047,51.32052274062425
2026-02-11 14:15:00,58.42,54.58215992033481,57.029577173888676,54.58215992033481,51.82881184835631
2026-02-11 14:30:00,57.6,54.763503317236896,57.21092057079076,54.763503317236896,52.272845191086326
2026-02-11 14:45:00,57.82,54.80313947618007,57.25055672973394,54.80313947618007,52.62316258468415
2026-02-11 15:00:00,57.42,54.94259659171104,57.3900138452649,54.94259659171104,52.874801672930694
2026-02-11 15:15:00,59.55,56.430397731065746,58.87781498461961,56.430397731065746,53.01204233277962
2026-02-11 15:30:00,59.75,56.34269874453544,58.790115998089306,56.34269874453544,53.06204408131691
2026-02-11 15:45:00,59.4,56.46255827665328,58.90997553020715,56.46255827665328,53.05515275315118
2026-02-11 16:00:00,58.88,56.45279534876346,58.900212602317325,56.45279534876346,51.90738843269141
2026-02-11 16:15:00,58.66,56.49097304582595,58.93839029937982,56.49097304582595,51.90196144542448
2026-02-11 16:30:00,58.33,56.35128480792045,58.798702061474316,56.35128480792045,51.95257956235563
2026-02-11 16:45:00,58.23,56.36464208722114,58.81205934077501,56.36464208722114,52.08558357932001
2026-02-11 17:00:00,58.31,56.16404646217823,58.61146371573209,56.16404646217823,50.22987318474373
2026-02-11 17:15:00,57.89,56.09504182219505,58.542459075748916,56.09504182219505,50.5532492149799
2026-02-11 17:30:00,58.05,55.91471589505672,58.36213314861059,55.91471589505672,50.9553345048582
2026-02-11 17:45:00,58.04,55.986111456155776,58.43352870970964,55.986111456155776,51.40793299805289
2026-02-11 18:00:00,58.56,55.88121377706527,58.328631030619135,55.88121377706527,51.005046909428735
2026-02-11 18:15:00,58.95,56.086684224605555,58.53410147815942,56.086684224605555,51.44439486140829
2026-02-11 18:30:00,59.79,56.002292678952216,58.44970993250608,56.002292678952216,51.81734602959077
2026-02-11 18:45:00,60.15,55.83500258505344,58.282419838607304,55.83500258505344,52.09033985848437
2026-02-11 19:00:00,59.19,55.77966073095798,58.227077984511844,55.77966073095798,51.18056718472283
2026-02-11 19:15:00,59.74,55.42235882282257,57.86977607637643,55.42235882282257,51.19316497584902
2026-02-11 19:30:00,59.61,55.22952572166919,57.67694297522306,55.22952572166919,51.06910295436169
2026-02-11 19:45:00,59.04,54.734033886194226,57.18145113974809,54.734033886194226,50.819025335285836
2026-02-11 20:00:00,58.7,54.42494091749191,56.872358171045775,54.42494091749191,50.04797934926111
2026-02-11 20:15:00,57.78,53.930084004402154,56.37750125795602,53.930084004402154,49.60765244883781
2026-02-11 20:30:00,57.11,53.378100016117095,55.82551726967096,53.378100016117095,49.10896549477404
2026-02-11 20:45:00,56.49,52.83514573991298,55.28256299346685,52.83514573991298,48.57424218491086
2026-02-11 21:00:00,56.19,52.189854726791374,54.63727198034524,52.189854726791374,48.654334576138545
2026-02-11 21:15:00,55.55,50.817481945753094,53.26489919930696,50.817481945753094,48.091704802064264
2026-02-11 21:30:00,54.91,50.26336472451686,52.71078197807073,50.26336472451686,47.523102310196556
2026-02-11 21:45:00,54.52,49.56305861651897,52.01047587007284,49.56305861651897,46.94525705071439
2026-02-11 22:00:00,54.09,48.75282061219215,51.20023786574602,48.75282061219215,46.150591837546244
2026-02-11 22:15:00,52.81,48.0499004304409,50.497317683994766,48.0499004304409,45.53046686614894
2026-02-11 22:30:00,52.0,47.24298846304416,49.69040571659803,47.24298846304416,44.87710204644508
2026-02-11 22:45:00,51.68,46.3915681707859,48.83898542433977,46.3915681707859,44.18660961841671
2026-02-11 23:00:00,50.47,45.51573923051357,47.96315648406743,45.51573923051357,43.28657571039717
2026-02-11 23:15:00,48.84,44.69363694429397,47.141054197847836,44.69363694429397,42.532528159750136
2026-02-11 23:30:00,48.04,43.843866387605665,46.29128364115953,43.843866387605665,41.76372714240931
2026-02-11 23:45:00,47.34,43.032146012187,45.479563265740865,43.032146012187,40.99748795908257
2026-02-12 00:00:00,46.44,42.26374381422996,44.71116106778383,42.26374381422996,40.17538295645526
2026-02-12 00:15:00,45.37,41.62431985586881,44.07173710942268,41.62431985586881,39.47104612352941
2026-02-12 00:30:00,44.69,40.861363644897935,43.3087808984518,40.861363644897935,38.82208646459147
2026-02-12 00:45:00,44.01,40.24105510085821,42.68847235441208,40.24105510085821,38.238521436179596
2026-02-12 01:00:00,43.34,39.728946363627905,42.17636361718177,39.728946363627905,37.49436198239858
2026-02-12 01:15:00,42.83,39.135296590030194,41.58271384358406,39.135296590030194,37.046401623894
2026-02-12 01:30:00,42.2,38.66007179588079,41.107489049434655,38.66007179588079,36.65692839167868
2026-02-12 01:45:00,41.84,38.16021387279034,40.6076311263442,38.16021387279034,36.314431767795796
2026-02-12 02:00:00,41.15,37.767877000570294,40.21529425412416,37.767877000570294,34.96430387275444
2026-02-12 02:15:00,40.63,37.352912716567516,39.80032997012138,37.352912716567516,34.67933671493823
2026-02-12 02:30:00,40.54,37.09315109193325,39.54056834548712,37.09315109193325,34.40999772752903
2026-02-12 02:45:00,39.88,36.74926490783691,39.196682161390775,36.74926490783691,34.15391301599711
2026-02-12 03:00:00,39.68,36.3992526525259,38.84666990607977,36.3992526525259,33.264885615750984
2026-02-12 03:15:00,39.38,36.04976374328136,38.497180996835226,36.04976374328136,33.050514935873906
2026-02-12 03:30:00,38.95,35.87530885577202,38.322726109325885,35.87530885577202,32.87344375369822
2026-02-12 03:45:00,39.12,35.753294838070865,38.20071209162473,35.753294838070865,32.747240851272
2026-02-12 04:00:00,38.57,35.578579605817794,38.02599685937166,35.578579605817794,31.8054019954717
2026-02-12 04:15:00,38.88,35.521481752991676,37.96889900654554,35.521481752991676,31.814226178956446
2026-02-12 04:30:00,38.59,35.44931047081947,37.896727724373335,35.44931047081947,31.897813819085513
2026-02-12 04:45:00,38.59,35.388713903427124,37.83613115698099,35.388713903427124,32.0524561970454
2026-02-12 05:00:00,38.47,35.42260388195515,37.87002113550901,35.42260388195515,31.53400364367632
2026-02-12 05:15:00,38.86,35.57577027350664,38.02318752706051,35.57577027350664,31.795090879918384
2026-02-12 05:30:00,38.9,35.74205750882626,38.18947476238012,35.74205750882626,32.08375143120655
2026-02-12 05:45:00,39.56,35.96255622386932,38.409973477423186,35.96255622386932,32.38232588817112
2026-02-12 06:00:00,40.01,36.24645286887884,38.693870122432706,36.24645286887884,32.86071957462728
2026-02-12 06:15:00,41.31,36.790285144448276,39.23770239800214,36.790285144448276,33.143266603719475
2026-02-12 06:30:00,41.8,37.27955261528492,39.726969868838786,37.27955261528492,33.41465261449149
2026-02-12 06:45:00,41.58,37.96248602479696,40.409903278350825,37.96248602479696,33.68458316363344
2026-02-12 07:00:00,42.03,38.83994743287563,41.2873646864295,38.83994743287563,33.944855468050335
2026-02-12 07:15:00,42.76,39.6054167675972,42.052834021151064,39.6054167675972,34.27125071705569
2026-02-12 07:30:00,43.05,40.62904315322637,43.076460406780235,40.62904315322637,34.663568691455055
2026-02-12 07:45:00,43.81,41.636461750268936,44.0838790038228,41.636461750268936,35.14551898605363
2026-02-12 08:00:00,45.2,42.64503728747368,45.09245454102754,42.64503728747368,38.960381854462234
2026-02-12 08:15:00,42.46,43.66916443824768,46.11658169180154,43.66916443824768,39.66215070838251
2026-02-12 08:30:00,47.96,44.73781054019928,47.18522779375314,44.73781054019928,40.47009878804921
2026-02-12 08:45:00,47.52,45.6758698439598,48.12328709751367,45.6758698439598,41.3627945102142
2026-02-12 09:00:00,50.98,46.6409731221199,49.08839037567377,46.6409731221199,43.74400133066206
2026-02-12 09:15:00,52.53,48.41215154528617,50.85956879884004,48.41215154528617,44.6903837613768
2026-02-12 09:30:00,54.01,49.25743248343468,51.70484973698854,49.25743248343468,45.588830463243625
2026-02-12 09:45:00,55.27,50.067014312744135,52.514431566298,50.067014312744135,46.387042885266546
2026-02-12 10:00:00,56.12,50.690630297660825,53.13804755121469,50.690630297660825,49.157339702887
2026-02-12 10:15:00,57.15,51.260360233783715,53.70777748733758,51.260360233783715,49.62723181347491
2026-02-12 10:30:00,57.56,51.730614568591115,54.17803182214498,51.730614568591115,49.89695837315107
2026-02-12 10:45:00,58.24,52.16808406174182,54.61550131529569,52.16808406174182,49.96704983150912
2026-02-12 11:00:00,58.65,52.48338279902934,54.93080005258321,52.48338279902934,50.85804730824813
2026-02-12 11:15:00,58.68,52.78203806877136,55.22945532232522,52.78203806877136,50.607169125809634
2026-02-12 11:30:00,58.7,52.94423815727234,55.3916554108262,52.94423815727234,50.26640129853945
2026-02-12 11:45:00,58.2,53.00686435103416,55.454281604588026,53.00686435103416,49.89519868913732
2026-02-12 12:00:00,57.61,52.98882617950439,55.43624343305826,52.98882617950439,48.98998104959006
2026-02-12 12:15:00,55.08,53.12975769639015,55.577174949944016,53.12975769639015,48.73326064203268
2026-02-12 12:30:00,54.67,53.17918069243431,55.62659794598817,53.17918069243431,48.603288310214
2026-02-12 12:45:00,54.62,53.24035108089446,55.68776833444833,53.24035108089446,48.625526783179815
2026-02-12 13:00:00,55.23,53.501535303592675,55.94895255714654,53.501535303592675,48.26974244735843
2026-02-12 13:15:00,56.17,53.52869616746902,55.97611342102289,53.52869616746902,48.595710055977364
2026-02-12 13:30:00,57.36,53.823300154209136,56.270717407763,53.823300154209136,49.03712693268746
2026-02-12 13:45:00,57.97,53.96204796314239,56.409465216696255,53.96204796314239,49.55184499767559
2026-02-12 14:00:00,58.4,54.166360142230985,56.61377739578485,54.166360142230985,50.296998822079104
2026-02-12 14:15:00,59.62,54.36485441327095,56.81227166682481,54.36485441327095,50.81337986309366
2026-02-12 14:30:00,58.59,54.52151287794113,56.96893013149499,54.52151287794113,51.26515502468891
2026-02-12 14:45:00,57.5,54.551120451092714,56.99853770464658,54.551120451092714,51.62286046130175
2026-02-12 15:00:00,57.28,54.6856097638607,57.13302701741456,54.6856097638607,50.12435390317741
2026-02-12 15:15:00,58.05,56.049008620977396,58.49642587453126,56.049008620977396,50.268265007364775
2026-02-12 15:30:00,59.55,56.001636503934854,58.44905375748872,56.001636503934854,50.32457385026107
2026-02-12 15:45:00,59.26,56.1530030632019,58.600420316755766,56.1530030632019,50.323623550708604
2026-02-12 16:00:00,58.38,56.196717070937154,58.64413432449102,56.196717070937154,50.06157964710309
2026-02-12 16:15:00,58.38,56.214287684559814,58.66170493811368,56.214287684559814,50.061354370216804
2026-02-12 16:30:00,58.2,56.09292187213897,58.54033912569284,56.09292187213897,50.116801428151675
2026-02-12 16:45:00,57.48,56.14905538678169,58.596472640335556,56.14905538678169,50.254259866698
2026-02-12 17:00:00,56.87,55.964731308221815,58.41214856177568,55.964731308221815,49.272351069236684
2026-02-12 17:15:00,55.86,55.93996667861938,58.38738393217324,55.93996667861938,49.59942820518488
2026-02-12 17:30:00,55.3,55.78855230093002,58.23596955448389,55.78855230093002,50.00483629219276
2026-02-12 17:45:00,55.43,55.876843704581255,58.32426095813512,55.876843704581255,50.46037849797504
2026-02-12 18:00:00,55.6,55.78637921929359,58.23379647284746,55.78637921929359,50.00517662766744
2026-02-12 18:15:00,55.82,55.99717345118522,58.444590704739085,55.99717345118522,50.44670877179275
2026-02-12 18:30:00,56.32,55.91476371347904,58.362180967032906,55.91476371347904,50.821464181870326
2026-02-12 18:45:00,56.85,55.815548456907266,58.26296571046113,55.815548456907266,51.09588249900673
2026-02-12 19:00:00,56.58,55.73334858894348,58.180765842497344,55.73334858894348,48.113483231004544
2026-02-12 19:15:00,56.21,55.45339563548564,57.90081288903951,55.45339563548564,48.12674755687046
2026-02-12 19:30:00,55.77,55.28169296383857,57.72911021739244,55.28169296383857,48.00297434925119
2026-02-12 19:45:00,55.07,54.837018828392026,57.28443608194589,54.837018828392026,47.752808978065445
2026-02-12 20:00:00,53.59,54.550108294486996,56.99752554804086,54.550108294486996,48.679675453792264
2026-02-12 20:15:00,53.73,54.11029038548469,56.557707639038554,54.11029038548469,48.238512075434336
2026-02-12 20:30:00,53.12,53.59599794030189,56.04341519385576,53.59599794030189,47.738616950208446
2026-02-12 20:45:00,52.34,53.06811975002288,55.515537003576746,53.06811975002288,47.20231586400086
2026-02-12 21:00:00,51.46,52.47126614212989,54.91868339568376,52.47126614212989,47.146188279324484
2026-02-12 21:15:00,51.05,49.33621333420276,51.783630587756626,49.33621333420276,46.581248692010064
2026-02-12 21:30:00,50.87,48.85222979903221,51.299647052586074,48.85222979903221,46.00997440367953
2026-02-12 21:45:00,49.43,48.243809446096414,50.69122669965028,48.243809446096414,45.42909835015241
2026-02-12 22:00:00,48.58,47.498336181640624,49.94575343519449,47.498336181640624,45.068028470543645
2026-02-12 22:15:00,47.63,46.852171154022216,49.29958840757608,46.852171154022216,44.44416453239615
2026-02-12 22:30:00,46.96,46.08320576131344,48.5306230148673,46.08320576131344,43.786711997081674
2026-02-12 22:45:00,46.25,45.27708014130592,47.72449739485979,45.27708014130592,43.09178694146751
2026-02-12 23:00:00,44.99,44.414249842166896,46.86166709572076,44.414249842166896,43.10550483931261
2026-02-12 23:15:00,44.22,43.60195033252239,46.04936758607626,43.60195033252239,42.346347161941665
2026-02-12 23:30:00,43.32,42.80085760146379,45.248274855017655,42.80085760146379,41.57210382879475
2026-02-12 23:45:00,42.6,41.99171942085027,44.43913667440414,41.99171942085027,40.80009477386649
2026-02-13 00:00:00,42.16,41.19655617415905,43.643973427712915,41.19655617415905,40.295453904712765
2026-02-13 00:15:00,40.93,40.556616839468475,43.00403409302234,40.556616839468475,39.58470674052532
2026-02-13 00:30:00,40.69,39.7686595633626,42.21607681691646,39.7686595633626,38.929024212045725
2026-02-13 00:45:00,39.5,39.14322647839784,41.59064373195171,39.14322647839784,38.33842914100699
2026-02-13 01:00:00,38.91,38.63142457604408,41.07884182959795,38.63142457604408,38.63412051844226
2026-02-13 01:15:00,38.33,37.98861879259348,40.43603604614734,37.98861879259348,38.17853254870833
2026-02-13 01:30:00,37.75,37.544507851898665,39.99192510545253,37.544507851898665,37.78114163946383
2026-02-13 01:45:00,37.1,37.01294631481171,39.46036356836557,37.01294631481171,37.43044329759543
2026-02-13 02:00:00,37.17,36.62253280580043,39.0699500593543,36.62253280580043,37.461534711282205
2026-02-13 02:15:00,36.77,36.22410174131393,38.671518994867796,36.22410174131393,37.16781643224145
2026-02-13 02:30:00,36.4,35.97249714255333,38.419914396107195,35.97249714255333,36.88946125189886
2026-02-13 02:45:00,36.29,35.63257723093032,38.07999448448419,35.63257723093032,36.62410188055897
2026-02-13 03:00:00,35.87,35.27488480567932,37.722302059233186,35.27488480567932,36.129310137232345
2026-02-13 03:15:00,36.03,34.45443225502968,36.901849508583545,34.45443225502968,35.905168200777595
2026-02-13 03:30:00,35.8,34.29188415467739,36.739301408231256,34.29188415467739,35.71808787957296
2026-02-13 03:45:00,35.58,34.22247571468353,36.6698929682374,34.22247571468353,35.58164505557419
2026-02-13 04:00:00,35.28,34.09843871206045,36.545855965614315,34.09843871206045,35.519915498510215
2026-02-13 04:15:00,35.35,34.06069536566734,36.50811261922121,34.06069536566734,35.518059928628126
2026-02-13 04:30:00,35.29,33.997377133071424,36.44479438662529,33.997377133071424,35.590758968724764
2026-02-13 04:45:00,35.32,33.95638744711876,36.40380470067262,33.95638744711876,35.734311404666556
2026-02-13 05:00:00,35.7,33.99252754807472,36.439944801628585,33.99252754807472,36.04662237096849
2026-02-13 05:15:00,36.57,34.125016456842424,36.57243371039629,34.125016456842424,36.29623983624714
2026-02-13 05:30:00,36.6,34.33389795184135,36.78131520539522,34.33389795184135,36.57325228501897
2026-02-13 05:45:00,36.74,34.53815699934959,36.985574252903454,34.53815699934959,36.86000812360735
2026-02-13 06:00:00,37.63,34.8097164914012,37.25713374495506,34.8097164914012,37.11393857481538
2026-02-13 06:15:00,38.74,35.29494861871004,37.7423658722639,35.29494861871004,37.38434964579257
2026-02-13 06:30:00,39.08,35.81789221346378,38.265309467017644,35.81789221346378,37.643452981468485
2026-02-13 06:45:00,39.62,36.46765956223011,38.915076815783976,36.46765956223011,37.900962168934356
2026-02-13 07:00:00,39.39,37.28488968253136,39.73230693608522,37.28488968253136,38.68873855496693
2026-02-13 07:15:00,39.91,38.00300018310546,40.45041743665933,38.00300018310546,39.00245930584273
2026-02-13 07:30:00,39.93,38.986736706495286,41.43415396004915,38.986736706495286,39.38198839087402
2026-02-13 07:45:00,41.4,39.94022276461124,42.38764001816511,39.94022276461124,39.85104355123811
2026-02-13 08:00:00,43.24,40.93766457915306,43.38508183270692,40.93766457915306,42.72149746300244
2026-02-13 08:15:00,45.13,41.89851600259542,44.34593325614929,41.89851600259542,43.41018318148637
2026-02-13 08:30:00,46.62,42.9641322761774,45.41154952973127,42.9641322761774,44.204966378193824
2026-02-13 08:45:00,48.92,43.88064406752586,46.32806132107972,43.88064406752586,45.08442363487774
2026-02-13 09:00:00,49.93,44.82490913987159,47.27232639342546,44.82490913987159,47.04847695590012
2026-02-13 09:15:00,50.78,47.98670307219028,50.434120325744146,47.98670307219028,47.98149820223497
2026-02-13 09:30:00,51.53,48.78105473399162,51.22847198754548,48.78105473399162,48.86653454340073
2026-02-13 09:45:00,53.67,49.53287987887859,51.980297132432455,49.53287987887859,49.6512955153341
2026-02-13 10:00:00,55.01,50.06914488911628,52.516562142670146,50.06914488911628,51.50825191952475
2026-02-13 10:15:00,56.04,50.58005816578865,53.027475419342515,50.58005816578865,51.96463451454426
2026-02-13 10:30:00,56.44,50.985383052825924,53.43280030637979,50.985383052825924,52.22083449654204
2026-02-13 10:45:00,55.74,51.33996728062629,53.787384534180156,51.33996728062629,52.277390227864366
2026-02-13 11:00:00,56.57,51.59704708874225,54.044464342296116,51.59704708874225,52.7903843072298
2026-02-13 11:15:00,56.73,51.82365327894687,54.27107053250074,51.82365327894687,52.52597560063407
2026-02-13 11:30:00,56.96,52.01008933782577,54.457506591379634,52.01008933782577,52.171691469080535
2026-02-13 11:45:00,56.91,52.00372417449951,54.451141428053376,52.00372417449951,51.78699442335091
2026-02-13 12:00:00,56.83,52.02704362511634,54.47446087867021,52.02704362511634,51.7322353080662
2026-02-13 12:15:00,55.41,52.144363467693324,54.59178072124719,52.144363467693324,51.462086819262545
2026-02-13 12:30:00,56.09,52.25604604959487,54.70346330314874,52.25604604959487,51.31873071754217
2026-02-13 12:45:00,56.2,52.30347926795482,54.750896521508686,52.30347926795482,51.327637028589066
2026-02-13 13:00:00,56.82,52.587077047824856,55.03449430137872,52.587077047824856,53.16244660956257
2026-02-13 13:15:00,58.35,52.615985940694806,55.06340319424867,52.615985940694806,53.475206753946686
2026-02-13 13:30:00,58.07,52.90119626402854,55.34861351758241,52.90119626402854,53.90348903944122
2026-02-13 13:45:00,59.25,53.002491621971124,55.44990887552499,53.002491621971124,54.40515225060613
2026-02-13 14:00:00,59.97,53.23194035172462,55.67935760527848,53.23194035172462,53.380930434855564
2026-02-13 14:15:00,59.42,53.383375982046125,55.83079323559999,53.383375982046125,53.88443620331072
2026-02-13 14:30:00,58.94,53.509459878802296,55.95687713235616,53.509459878802296,54.32343568262338
2026-02-13 14:45:00,59.41,53.501314807534214,55.94873206108808,53.501314807534214,54.66847138423601
2026-02-13 15:00:00,59.46,53.59547725081443,56.0428945043683,53.59547725081443,54.5801094446478
2026-02-13 15:15:00,59.3,57.34279448151588,59.79021173506975,57.34279448151588,54.711581223404174
2026-02-13 15:30:00,60.27,57.29393468022346,59.741351933777324,57.29393468022346,54.755574916101224
2026-02-13 15:45:00,60.21,57.41595401108265,59.86337126463651,57.41595401108265,54.74243942376636
2026-02-13 16:00:00,60.63,57.38980796039104,59.837225213944905,57.38980796039104,53.812921227263566
2026-02-13 16:15:00,60.51,57.43049878120422,59.87791603475809,57.43049878120422,53.80078740303352
2026-02-13 16:30:00,60.82,57.29533204078674,59.742749294340605,57.29533204078674,53.844472284633525
2026-02-13 16:45:00,60.51,57.336439944505685,59.78385719805955,57.336439944505685,53.97032006687408
2026-02-13 17:00:00,60.56,57.18033936142921,59.62775661498308,57.18033936142921,52.45545515295527
2026-02-13 17:15:00,60.24,57.1682891190052,59.61570637255907,57.1682891190052,52.771239449883794
2026-02-13 17:30:00,60.88,57.033414602279656,59.48083185583352,57.033414602279656,53.16552065332357
2026-02-13 17:45:00,60.86,57.15093634486198,59.59835359841585,57.15093634486198,53.61010639648843
2026-02-13 18:00:00,60.48,57.08902211427688,59.536439367830745,57.08902211427688,52.30840912650337
2026-02-13 18:15:00,60.58,57.29638935923576,59.743806612789626,57.29638935923576,52.73933833316322
2026-02-13 18:30:00,60.98,57.25347498178481,59.70089223533868,57.25347498178481,53.10367354803193
2026-02-13 18:45:00,62.16,57.07453844547271,59.52195569902658,57.07453844547271,53.36785815337332
2026-02-13 19:00:00,62.28,56.95112441062927,59.398541664183135,56.95112441062927,53.54527429591734
2026-02-13 19:15:00,61.35,56.6104712831974,59.057888536751264,56.6104712831974,53.54868835474683
2026-02-13 19:30:00,60.61,56.32343323349952,58.77085048705339,56.32343323349952,53.415261463782734
2026-02-13 19:45:00,60.17,55.76430836081504,58.21172561436891,55.76430836081504,53.155641979608745
2026-02-13 20:00:00,59.39,55.39510763525962,57.842524888813486,55.39510763525962,52.426952410998375
2026-02-13 20:15:00,58.13,54.7998001563549,57.247217409908764,54.7998001563549,51.97674224999716
2026-02-13 20:30:00,57.8,54.15826288938522,56.605680142939086,54.15826288938522,51.468007714680546
2026-02-13 20:45:00,57.13,53.508468974828716,55.95588622838258,53.508468974828716,50.923076802120285
2026-02-13 21:00:00,56.44,52.79594260334968,55.243359856903545,52.79594260334968,50.124749752639126
2026-02-13 21:15:00,55.69,52.16596145510673,54.6133787086606,52.16596145510673,49.55160535766959
2026-02-13 21:30:00,55.59,51.64231785178184,54.089735105335706,51.64231785178184,48.972341303692346
2026-02-13 21:45:00,55.23,50.90992292582988,53.35734017938375,50.90992292582988,48.38369195281233
2026-02-13 22:00:00,54.22,50.09456569373607,52.54198294728994,50.09456569373607,47.304559204929674
2026-02-13 22:15:00,53.2,49.390075473785394,51.83749272733926,49.390075473785394,46.67335839814678
2026-02-13 22:30:00,51.8,48.550267088413236,50.9976843419671,48.550267088413236,46.00878856186789
2026-02-13 22:45:00,51.31,47.69778682112693,50.1452040746808,47.69778682112693,45.30696641457649
2026-02-13 23:00:00,50.15,46.82152220189571,49.268939455449576,46.82152220189571,44.47308179895671
2026-02-13 23:15:00,49.13,45.95311043024063,48.40052768379449,45.95311043024063,43.707468593032274
2026-02-13 23:30:00,48.34,45.08778294682502,47.53520020037889,45.08778294682502,42.926990698110345
2026-02-13 23:45:00,47.05,44.294353117942805,46.74177037149667,44.294353117942805,42.14896791510204
2026-02-14 00:00:00,46.09,43.47848316609859,45.92590041965246,43.47848316609859,40.94629324541398
2026-02-14 00:15:00,45.17,42.786699363589285,45.23411661714315,42.786699363589285,40.22997285994427
2026-02-14 00:30:00,44.13,42.014000149071215,44.46141740262508,42.014000149071215,39.568936406552446
2026-02-14 00:45:00,43.53,41.37609309732914,43.823510350883005,41.37609309732914,38.97320582051556
2026-02-14 01:00:00,42.96,40.797085058987136,43.244502312541,40.797085058987136,37.60185545862233
2026-02-14 01:15:00,41.7,40.20019824385643,42.64761549741029,40.20019824385643,37.141565399899775
2026-02-14 01:30:00,41.12,39.67357794374227,42.12099519729614,39.67357794374227,36.73968705611616
2026-02-14 01:45:00,40.91,39.14654720216989,41.59396445572376,39.14654720216989,36.384714324884456
2026-02-14 02:00:00,40.54,38.71677116185426,41.16418841540813,38.71677116185426,35.821804502468126
2026-02-14 02:15:00,39.86,38.25163871139288,40.699055964946744,38.25163871139288,35.52423239834314
2026-02-14 02:30:00,39.33,37.96121352344751,40.40863077700138,37.96121352344751,35.24223057025836
2026-02-14 02:45:00,38.94,37.5680677229166,40.01548497647047,37.5680677229166,34.97342943592406
2026-02-14 03:00:00,38.51,37.195461263060565,39.64287851661443,37.195461263060565,34.873381592887945
2026-02-14 03:15:00,38.36,35.85980240404606,38.30721965759992,35.85980240404606,34.646200132777935
2026-02-14 03:30:00,38.03,35.71932117730379,38.166738430857656,35.71932117730379,34.456277325109326
2026-02-14 03:45:00,38.04,35.58552124679088,38.03293850034475,35.58552124679088,34.317186124256025
2026-02-14 04:00:00,37.73,35.39895368725061,37.846370940804476,35.39895368725061,34.000526170906696
2026-02-14 04:15:00,37.43,35.35423814922571,37.80165540277957,35.35423814922571,33.99640106268331
2026-02-14 04:30:00,37.17,35.286686657965184,37.73410391151905,35.286686657965184,34.06701500427758
2026-02-14 04:45:00,37.24,35.19335970878601,37.64077696233988,35.19335970878601,34.20866327513999
2026-02-14 05:00:00,37.72,35.23118009597063,37.678597349524495,35.23118009597063,34.18084315040319
2026-02-14 05:15:00,38.21,35.33741934746504,37.7848366010189,35.33741934746504,34.428907263270375
2026-02-14 05:30:00,38.36,35.49940558135509,37.94682283490896,35.49940558135509,34.70453598139084
2026-02-14 05:45:00,41.15,35.658775084912776,38.10619233846664,35.658775084912776,34.99007368963678
2026-02-14 06:00:00,41.58,35.94246318846941,38.389880442023276,35.94246318846941,35.501754089394865
2026-02-14 06:15:00,40.04,36.404041136205194,38.85145838975906,36.404041136205194,35.77126569978232
2026-02-14 06:30:00,40.5,36.86999314129352,39.317410394847386,36.86999314129352,36.029622421737756
2026-02-14 06:45:00,40.22,37.52668353497982,39.97410078853368,37.52668353497982,36.28653337569702
2026-02-14 07:00:00,41.21,38.369071458578105,40.81648871213197,38.369071458578105,37.03110870834497
2026-02-14 07:15:00,41.27,39.11573619872331,41.56315345227718,39.11573619872331,37.344514193779446
2026-02-14 07:30:00,42.11,40.09197718441486,42.539394437968724,40.09197718441486,37.7238624157678
2026-02-14 07:45:00,43.27,41.09378774315118,43.54120499670505,41.09378774315118,38.19286627921789
2026-02-14 08:00:00,45.21,42.11938929527998,44.566806548833846,42.11938929527998,41.17799308490348
2026-02-14 08:15:00,47.69,43.13812624722719,45.58554350078106,43.13812624722719,41.86687181404305
2026-02-14 08:30:00,48.95,44.25533859848976,46.70275585204362,44.25533859848976,42.66196261784489
2026-02-14 08:45:00,50.08,45.242268329858774,47.68968558341264,45.242268329858774,43.54183695054638
2026-02-14 09:00:00,51.48,46.262910048961636,48.7103273025155,46.262910048961636,46.69059041150728
2026-02-14 09:15:00,53.33,48.21264511764049,50.66006237119436,48.21264511764049,47.62423205696028
2026-02-14 09:30:00,54.57,49.15583958864212,51.60325684219598,49.15583958864212,48.509982547699444
2026-02-14 09:45:00,55.2,50.03048900783062,52.47790626138448,50.03048900783062,49.29554608394446
2026-02-14 10:00:00,56.44,50.68323703825473,53.1306542918086,50.68323703825473,51.108548536580024
2026-02-14 10:15:00,57.29,51.33993274509906,53.78734999865293,51.33993274509906,51.56589437072246
2026-02-14 10:30:00,57.72,51.87375635921955,54.321173612773414,51.87375635921955,51.82312978973035
2026-02-14 10:45:00,57.91,52.331224579215046,54.77864183276891,52.331224579215046,51.880787697308406
2026-02-14 11:00:00,58.27,52.69225898087024,55.13967623442411,52.69225898087024,53.39753206533429
2026-02-14 11:15:00,58.53,52.98449595570564,55.431913209259505,52.98449595570564,53.13434257283594
2026-02-14 11:30:00,59.03,53.21701303422451,55.66443028777837,53.21701303422451,52.7813279349116
2026-02-14 11:45:00,58.6,53.25295920491218,55.700376458466046,53.25295920491218,52.397945165498975
2026-02-14 12:00:00,58.25,53.275035376548765,55.72245263010263,53.275035376548765,52.51831290140857
2026-02-14 12:15:00,57.99,53.38083629250526,55.82825354605912,53.38083629250526,52.24955178489086
2026-02-14 12:30:00,57.22,53.45524707078933,55.9026643243432,53.45524707078933,52.10761139206042
2026-02-14 12:45:00,57.62,53.48754044532775,55.93495769888162,53.48754044532775,52.117956299066115
2026-02-14 13:00:00,58.23,53.74379937052726,56.19121662408113,53.74379937052726,52.174966570917
2026-02-14 13:15:00,58.39,53.757076952457425,56.20449420601129,53.757076952457425,52.48919484118517
2026-02-14 13:30:00,59.58,53.994431661367415,56.44184891492128,53.994431661367415,52.91895196080767
2026-02-14 13:45:00,59.78,54.11510145008563,56.5625187036395,54.11510145008563,53.42209139558619
2026-02-14 14:00:00,59.71,54.32018669366836,56.76760394722223,54.32018669366836,52.918034962391395
2026-02-14 14:15:00,60.23,54.46399794220924,56.911415195763105,54.46399794220924,53.42300396421623
2026-02-14 14:30:00,60.28,54.59620525360107,57.043622507154936,54.59620525360107,53.863452403040746
2026-02-14 14:45:00,61.0,54.606921893358226,57.05433914691209,54.606921893358226,54.20991768348422
2026-02-14 15:00:00,61.65,54.716702364683144,57.16411961823701,54.716702364683144,53.709319774598534
2026-02-14 15:15:00,62.3,57.00022330403328,59.44764055758714,57.00022330403328,53.84216731664949
2026-02-14 15:30:00,62.3,56.990229253768916,59.43764650732278,56.990229253768916,53.887502482625244
2026-02-14 15:45:00,61.97,57.09843968689441,59.545856940448274,57.09843968689441,53.875669356391796
2026-02-14 16:00:00,61.83,57.07550544023513,59.522922693789,57.07550544023513,52.93849049957424
2026-02-14 16:15:00,62.54,57.130549757480615,59.57796701103448,57.130549757480615,52.92756671630057
2026-02-14 16:30:00,62.54,57.001081379055975,59.44849863260984,57.001081379055975,52.97240860225421
2026-02-14 16:45:00,62.18,57.0142341017723,59.46165135532617,57.0142341017723,53.099355897843076
2026-02-14 17:00:00,61.52,56.86073962271213,59.308156876266,56.86073962271213,52.277974384204036
2026-02-14 17:15:00,61.03,56.82152320325374,59.268940456807606,56.82152320325374,52.594730258406436
2026-02-14 17:30:00,61.03,56.68264522194862,59.130062475502484,56.68264522194862,52.989912809117136
2026-02-14 17:45:00,61.16,56.75849852263927,59.20591577619314,56.75849852263927,53.43532564501565
2026-02-14 18:00:00,60.97,56.70430165410041,59.15171890765428,56.70430165410041,52.39466900393917
2026-02-14 18:15:00,61.51,56.89919094741344,59.3466082009673,56.89919094741344,52.826265193117344
2026-02-14 18:30:00,62.49,56.83745470762252,59.284871961176385,56.83745470762252,53.19118178001343
2026-02-14 18:45:00,62.95,56.67228987693786,59.119707130491726,56.67228987693786,53.4558586132038
2026-02-14 19:00:00,62.66,56.57323667168617,59.02065392524003,56.57323667168617,54.400323364429646
2026-02-14 19:15:00,61.52,56.24528199195861,58.69269924551248,56.24528199195861,54.404041288806994
2026-02-14 19:30:00,60.63,55.95014137625694,58.3975586298108,55.95014137625694,54.270819317800836
2026-02-14 19:45:00,60.35,55.426707642674444,57.87412489622831,55.426707642674444,54.011302817861534
2026-02-14 20:00:00,59.1,55.07724264264106,57.524659896194926,55.07724264264106,53.30085496190535
2026-02-14 20:15:00,58.76,54.501561969518654,56.94897922307252,54.501561969518654,52.850535520455196
2026-02-14 20:30:00,58.02,53.899926519393915,56.34734377294778,53.899926519393915,52.341581670694104
2026-02-14 20:45:00,57.65,53.283334529399866,55.73075178295373,53.283334529399866,51.796319008885575
2026-02-14 21:00:00,56.32,52.5889366531372,55.03635390669107,52.5889366531372,50.88294598756979
2026-02-14 21:15:00,55.88,52.35381878376007,54.801236037313934,52.35381878376007,50.30923838813309
2026-02-14 21:30:00,55.59,51.91112114310264,54.358538396656506,51.91112114310264,49.72929242259186
2026-02-14 21:45:00,54.92,51.2522098493576,53.699627102911464,51.2522098493576,49.13984067823746
2026-02-14 22:00:00,53.6,50.49118231475353,52.938599568307396,50.49118231475353,48.529545630896514
2026-02-14 22:15:00,52.94,49.84313908576965,52.290556339323516,49.84313908576965,47.89729679027064
2026-02-14 22:30:00,51.74,49.073204041719436,51.5206212952733,49.073204041719436,47.23155408851833
2026-02-14 22:45:00,51.11,48.24119005918502,50.68860731273889,48.24119005918502,46.528433122857436
2026-02-14 23:00:00,49.82,47.39620134472847,49.84361859828233,47.39620134472847,45.197298435536844
2026-02-14 23:15:00,48.94,46.540650072097776,48.98806732565164,46.540650072097776,44.43013181105013
2026-02-14 23:30:00,47.75,45.71923849642276,48.16665574997663,45.71923849642276,43.64797218589884
2026-02-14 23:45:00,46.93,44.870522601604456,47.31793985515832,44.870522601604456,42.86813891144699
2026-02-15 00:00:00,46.01,44.112409334182736,46.5598265877366,44.112409334182736,41.889730454103834
2026-02-15 00:15:00,44.9,43.434075791239735,45.8814930447936,43.434075791239735,41.171341386484926
2026-02-15 00:30:00,44.12,42.62689550936222,45.07431276291609,42.62689550936222,40.50810716151231
2026-02-15 00:45:00,43.35,42.02583122372627,44.47324847728014,42.02583122372627,39.91004994500122
2026-02-15 01:00:00,42.57,41.46461163848638,43.91202889204025,41.46461163848638,39.22087157874916
2026-02-15 01:15:00,42.32,40.85430777102709,43.30172502458095,40.85430777102709,38.75799854412582
2026-02-15 01:30:00,41.92,40.31361955672502,42.76103681027889,40.31361955672502,38.353410077542314
2026-02-15 01:45:00,40.86,39.777664037942884,42.22508129149675,39.777664037942884,37.99560098533967
2026-02-15 02:00:00,40.53,39.378191594481464,41.82560884803533,39.378191594481464,36.85970209825298
2026-02-15 02:15:00,40.01,38.903344034552575,41.35076128810644,38.903344034552575,36.55904455633444
2026-02-15 02:30:00,39.44,38.61558738023042,41.06300463378429,38.61558738023042,36.27383478536187
2026-02-15 02:45:00,39.11,38.21220179587603,40.65961904942989,38.21220179587603,36.001704778805596
2026-02-15 03:00:00,38.43,37.81944119930267,40.26685845285654,37.81944119930267,35.421749173052376
2026-02-15 03:15:00,38.14,36.28332751393318,38.730744767487046,36.28332751393318,35.19100236411601
2026-02-15 03:30:00,37.9,36.14648181557655,38.593899069130416,36.14648181557655,34.99739898342592
2026-02-15 03:45:00,37.94,36.0232324886322,38.47064974218607,36.0232324886322,34.85451420700342
2026-02-15 04:00:00,37.76,35.85605662763118,38.30347388118505,35.85605662763118,34.541586728849026
2026-02-15 04:15:00,37.74,35.82440880179405,38.271826055347915,35.82440880179405,34.53344933183183
2026-02-15 04:30:00,37.56,35.75763303160667,38.20505028516054,35.75763303160667,34.5999455814371
2026-02-15 04:45:00,37.38,35.66450931072235,38.11192656427622,35.66450931072235,34.73737359461984
2026-02-15 05:00:00,37.91,35.698893412947655,38.14631066650152,35.698893412947655,34.93312960551639
2026-02-15 05:15:00,38.31,35.79008845746517,38.23750571101903,35.79008845746517,35.1767774299387
2026-02-15 05:30:00,38.47,35.968528213500974,38.41594546705484,35.968528213500974,35.44789668263809
2026-02-15 05:45:00,38.4,36.10554658949375,38.552963843047614,36.10554658949375,35.728835161677914
2026-02-15 06:00:00,38.76,36.3778512519598,38.82526850551366,36.3778512519598,35.50204888012729
2026-02-15 06:15:00,39.34,36.84574654459953,39.293163798153394,36.84574654459953,35.76679251638267
2026-02-15 06:30:00,39.83,37.31291659116745,39.760333844721316,37.31291659116745,36.02030254733337
2026-02-15 06:45:00,39.61,37.91743575781584,40.3648530113697,37.91743575781584,36.272292034230745
2026-02-15 07:00:00,40.09,38.70824487149715,41.155662125051016,38.70824487149715,37.47103054111381
2026-02-15 07:15:00,41.15,39.36933190345764,41.81674915701151,39.36933190345764,37.779377320456916
2026-02-15 07:30:00,41.73,40.27008088320493,42.7174981367588,40.27008088320493,38.15360460959638
2026-02-15 07:45:00,43.53,41.178891251981256,43.62630850553512,41.178891251981256,38.6174297262243
2026-02-15 08:00:00,45.24,42.10906715750694,44.55648441106081,42.10906715750694,41.75232037784444
2026-02-15 08:15:00,46.6,43.00879866749048,45.45621592104435,43.00879866749048,42.43591840077878
2026-02-15 08:30:00,48.55,44.027467876672745,46.47488513022661,44.027467876672745,43.22568455741168
2026-02-15 08:45:00,49.29,44.91660893440246,47.36402618795633,44.91660893440246,44.10019512445734
2026-02-15 09:00:00,51.07,45.812356904149055,48.25977415770292,45.812356904149055,46.224610609147064
2026-02-15 09:15:00,52.22,48.24640226721763,50.6938195207715,48.24640226721763,47.15282508039289
2026-02-15 09:30:00,53.88,49.08753894209861,51.53495619565248,49.08753894209861,48.033124276950346
2026-02-15 09:45:00,55.03,49.90450074791908,52.351918001472946,49.90450074791908,48.81321756136276
2026-02-15 10:00:00,55.51,50.47773736834526,52.925154621899125,50.47773736834526,50.50837876921555
2026-02-15 10:15:00,56.29,51.08815546870231,53.53557272225618,51.08815546870231,50.960232212028025
2026-02-15 10:30:00,56.82,51.58010608434677,54.02752333790063,51.58010608434677,51.21197219090635
2026-02-15 10:45:00,57.18,52.00126418232917,54.44868143588304,52.00126418232917,51.26413703718775
2026-02-15 11:00:00,57.6,52.345838420391075,54.79325567394494,52.345838420391075,52.64143201842652
2026-02-15 11:15:00,57.74,52.60957827210426,55.056995525658124,52.60957827210426,52.372770717675536
2026-02-15 11:30:00,58.03,52.8651039814949,55.31252123504876,52.8651039814949,52.014303238899004
2026-02-15 11:45:00,58.22,52.898529058694834,55.3459463122487,52.898529058694834,51.625492210872686
2026-02-15 12:00:00,57.89,52.95618744969367,55.40360470324754,52.95618744969367,51.96444856906065
2026-02-15 12:15:00,57.24,53.06447226703167,55.511889520585534,53.06447226703167,51.69032533266684
2026-02-15 12:30:00,57.49,53.16477672100067,55.612193974554536,53.16477672100067,51.54306442905668
2026-02-15 12:45:00,57.02,53.18283348858356,55.63025074213743,53.18283348858356,51.54813615376112
2026-02-15 13:00:00,57.36,53.44284084677696,55.890258100330826,53.44284084677696,52.60210788060373
2026-02-15 13:15:00,58.67,53.42157758831977,55.868994841873636,53.42157758831977,52.91117483064721
2026-02-15 13:30:00,59.0,53.652827478647225,56.10024473220109,53.652827478647225,53.33583517424973
2026-02-15 13:45:00,59.0,53.74182818889617,56.18924544245004,53.74182818889617,53.83394811684838
2026-02-15 14:00:00,60.07,53.914883059263225,56.36230031281709,53.914883059263225,53.080286803552305
2026-02-15 14:15:00,61.14,54.02475651085376,56.47217376440763,54.02475651085376,53.58038706290278
2026-02-15 14:30:00,61.36,54.104828459024425,56.55224571257829,54.104828459024425,54.016054192934675
2026-02-15 14:45:00,61.55,54.09317670345306,56.54059395700693,54.09317670345306,54.35783127316614
2026-02-15 15:00:00,61.72,54.164261444807046,56.61167869836091,54.164261444807046,53.943497524902995
2026-02-15 15:15:00,61.39,58.029979745745656,60.47739699929952,58.029979745745656,54.07185998689205
2026-02-15 15:30:00,62.13,57.98477274060249,60.43218999415635,57.98477274060249,54.112820009283965
2026-02-15 15:45:00,61.59,58.08049193918705,60.527909192740914,58.08049193918705,54.096727201331554
2026-02-15 16:00:00,61.83,58.02180013895034,60.469217392504206,58.02180013895034,51.84620641414094
2026-02-15 16:15:00,62.4,58.06879502177238,60.51621227532625,58.06879502177238,51.831270241672314
2026-02-15 16:30:00,62.41,57.92505815744399,60.37247541099786,57.92505815744399,51.8722314521727
2026-02-15 16:45:00,61.09,57.91634192168712,60.363759175240986,57.91634192168712,51.99543507778057
2026-02-15 17:00:00,59.79,57.745332617163655,60.19274987071752,57.745332617163655,51.139177531215545
2026-02-15 17:15:00,59.13,57.690561927556985,60.13797918111085,57.690561927556985,51.45247933191845
2026-02-15 17:30:00,59.1,57.513330914974205,59.96074816852807,57.513330914974205,51.84436024252519
2026-02-15 17:45:00,59.11,57.57129215598106,60.01870940953493,57.57129215598106,52.28662884837913
2026-02-15 18:00:00,59.68,57.50287461996078,59.950291873514644,57.50287461996078,50.9853047902899
2026-02-15 18:15:00,59.74,57.65956496357917,60.10698221713304,57.65956496357917,51.41408612992781
2026-02-15 18:30:00,60.56,57.576855032443994,60.02427228599786,57.576855032443994,51.776359641595135
2026-02-15 18:45:00,61.62,57.36427557945251,59.811692833006376,57.36427557945251,52.03856975725527
2026-02-15 19:00:00,61.41,57.23581404447555,59.68323129802942,57.23581404447555,52.901151021445116
2026-02-15 19:15:00,61.25,56.853994568586344,59.30141182214021,56.853994568586344,52.90276825050663
2026-02-15 19:30:00,60.45,56.52128726899623,58.9687045225501,56.52128726899623,52.767635015057635
2026-02-15 19:45:00,59.7,55.95832363963127,58.40574089318513,55.95832363963127,52.506400799055484
2026-02-15 20:00:00,59.38,55.56703877270221,58.01445602625608,55.56703877270221,51.79312965701711
2026-02-15 20:15:00,59.02,54.94299507856368,57.39041233211755,54.94299507856368,51.341491433577474
2026-02-15 20:30:00,58.8,54.313444296121595,56.76086154967546,54.313444296121595,50.83142392029655
2026-02-15 20:45:00,57.93,53.65864804327487,56.10606529682874,53.65864804327487,50.28525629683108
2026-02-15 21:00:00,57.14,52.93282549381256,55.380242747366424,52.93282549381256,49.95164286123004
2026-02-15 21:15:00,56.72,52.94977978110313,55.397197034657,52.94977978110313,49.37745787509875
2026-02-15 21:30:00,56.15,52.3996235191822,54.847040772736065,52.3996235191822,48.79725309816445
2026-02-15 21:45:00,55.66,51.57896109879017,54.02637835234403,51.57896109879017,48.20776410547302
2026-02-15 22:00:00,54.53,50.68168559610843,53.129102849662296,50.68168559610843,47.015900688807044
2026-02-15 22:15:00,53.27,49.97029358386993,52.4177108374238,49.97029358386993,46.38406605515256
2026-02-15 22:30:00,52.74,49.092613008022305,51.54003026157617,49.092613008022305,45.71896712779209
2026-02-15 22:45:00,51.5,48.17364122450351,50.62105847805738,48.17364122450351,45.01672184242072
2026-02-15 23:00:00,50.4,47.27976348638534,49.72718073993921,47.27976348638534,43.801296450475576
2026-02-15 23:15:00,49.15,46.37951527178287,48.82693252533674,46.37951527178287,43.03547565056037
2026-02-15 23:30:00,48.23,45.47768904924392,47.925106302797786,45.47768904924392,42.254899741514144
2026-02-15 23:45:00,47.14,44.6522394734621,47.09965672701597,44.6522394734621,41.47688971798235
2026-02-16 00:00:00,46.4,43.85124636411667,46.298663617670535,43.85124636411667,40.71259903999904
2026-02-16 00:15:00,45.47,43.14190390259027,45.58932115614414,43.14190390259027,39.996516501694074
2026-02-16 00:30:00,44.61,42.36242509841919,44.80984235197305,42.36242509841919,39.335832183462436
2026-02-16 00:45:00,43.45,41.71684318989515,44.16426044344902,41.71684318989515,38.7405691628939
2026-02-16 01:00:00,42.99,41.16073220610618,43.60814945966005,41.16073220610618,38.58152894198976
2026-02-16 01:15:00,43.01,40.54915450900793,42.99657176256179,40.54915450900793,38.12194066546074
2026-02-16 01:30:00,42.07,39.98221796572208,42.429635219275944,39.98221796572208,37.72088284986208
2026-02-16 01:45:00,41.48,39.47236200749874,41.919779261052604,39.47236200749874,37.3668504541325
2026-02-16 02:00:00,41.42,39.0155951243639,41.463012377917764,39.0155951243639,37.48590154535209
2026-02-16 02:15:00,40.97,38.52167731195688,40.969094565510744,38.52167731195688,37.189512476251416
2026-02-16 02:30:00,40.53,38.233219320774076,40.68063657432794,38.233219320774076,36.908816520590705
2026-02-16 02:45:00,39.91,37.83111022263765,40.27852747619151,37.83111022263765,36.641445047556246
2026-02-16 03:00:00,39.4,37.43613138258457,39.883548636138435,37.43613138258457,36.047127228387865
2026-02-16 03:15:00,39.45,36.889101914167405,39.33651916772127,36.889101914167405,35.82162573388767
2026-02-16 03:30:00,39.07,36.683049675822254,39.13046692937612,36.683049675822254,35.63350933825221
2026-02-16 03:45:00,39.21,36.501867001950735,38.9492842555046,36.501867001950735,35.496351808964945
2026-02-16 04:00:00,39.09,36.261741481125355,38.70915873467922,36.261741481125355,35.05430491470101
2026-02-16 04:15:00,37.62,36.160005131065844,38.60742238461971,36.160005131065844,35.05237028105958
2026-02-16 04:30:00,37.42,36.068379720747465,38.51579697430133,36.068379720747465,35.12530415694633
2026-02-16 04:45:00,37.47,35.93724699556827,38.38466424912214,35.93724699556827,35.26940246994532
2026-02-16 05:00:00,37.88,35.9485015925765,38.395918846130364,35.9485015925765,35.091955400046686
2026-02-16 05:15:00,38.47,36.063260492980476,38.51067774653434,36.063260492980476,35.34273152874343
2026-02-16 05:30:00,38.7,36.163436102867124,38.61085335642099,36.163436102867124,35.621204032445405
2026-02-16 05:45:00,39.09,36.32303274393082,38.77044999748468,36.32303274393082,35.90971775167224
2026-02-16 06:00:00,39.93,36.65332388490438,39.10074113845825,36.65332388490438,36.076980817179184
2026-02-16 06:15:00,40.41,37.151571921110154,39.59898917466402,37.151571921110154,36.349734045432456
2026-02-16 06:30:00,40.57,37.62696407973766,40.07438133329153,37.62696407973766,36.61146565832172
2026-02-16 06:45:00,41.12,38.349338389635086,40.79675564318895,38.349338389635086,36.871885015097206
2026-02-16 07:00:00,41.68,39.26044537097216,41.70786262452602,39.26044537097216,37.88021216831409
2026-02-16 07:15:00,41.95,40.11860274761915,42.566020001173015,40.11860274761915,38.197393563137766
2026-02-16 07:30:00,42.2,41.166470416784286,43.61388767033815,41.166470416784286,38.58065156968274
2026-02-16 07:45:00,42.61,42.281192225217815,44.72860947877168,42.281192225217815,39.053699092493424
2026-02-16 08:00:00,44.42,43.39082004338503,45.83823729693889,43.39082004338503,41.35446696075055
2026-02-16 08:15:00,46.28,44.498513872027395,46.94593112558126,44.498513872027395,42.047656843873035
2026-02-16 08:30:00,47.48,45.69150381147861,48.13892106503248,45.69150381147861,42.84719229185397
2026-02-16 08:45:00,49.01,46.748027943372726,49.19544519692659,46.748027943372726,43.73164450012355
2026-02-16 09:00:00,49.68,47.83720674455166,50.28462399810552,47.83720674455166,44.77928514646096
2026-02-16 09:15:00,51.56,50.60653363227844,53.05395088583231,50.60653363227844,45.71777008149454
2026-02-16 09:30:00,52.43,51.55734982848167,54.004767082035535,51.55734982848167,46.608495906377
2026-02-16 09:45:00,53.11,52.49911505997181,54.94653231352567,52.49911505997181,47.399166286664496
2026-02-16 10:00:00,54.11,53.231653441190716,55.67907069474458,53.231653441190716,48.45017031372861
2026-02-16 10:15:00,55.29,53.916110398769376,56.36352765232324,53.916110398769376,48.91288412264955
2026-02-16 10:30:00,56.02,54.524116325378415,56.97153357893228,54.524116325378415,49.17561699240582
2026-02-16 10:45:00,56.59,55.052741014361374,57.50015826791524,55.052741014361374,49.2389010032402
2026-02-16 11:00:00,56.66,55.47278069257736,57.920197946131225,55.47278069257736,50.531442958133816
2026-02-16 11:15:00,57.04,55.84634883403778,58.29376608759164,55.84634883403778,50.27413410676233
2026-02-16 11:30:00,57.93,56.04714901566505,58.494566269218915,56.04714901566505,49.92712584596197
2026-02-16 11:45:00,58.6,56.12199547290802,58.569412726461884,56.12199547290802,49.549874067225296
2026-02-16 12:00:00,58.14,56.186762869358056,58.63418012291192,56.186762869358056,49.11001404431968
2026-02-16 12:15:00,57.35,56.37165014266967,58.81906739622354,56.37165014266967,48.84762947551787
2026-02-16 12:30:00,57.53,56.41511177539825,58.86252902895212,56.41511177539825,48.71218642147197
2026-02-16 12:45:00,58.13,56.491586715579025,58.93900396913289,56.491586715579025,48.7291480311854
2026-02-16 13:00:00,58.1,56.724002844095224,59.17142009764909,56.724002844095224,52.01048771545624
2026-02-16 13:15:00,60.0,56.780726119279855,59.22814337283372,56.780726119279855,52.33156682853441
2026-02-16 13:30:00,60.18,57.02354275465011,59.470960008203974,57.02354275465011,52.76828941388332
2026-02-16 13:45:00,60.63,57.18971442878246,59.637131682336324,57.18971442878246,53.27850720355743
2026-02-16 14:00:00,61.17,57.400877925157545,59.84829517871141,57.400877925157545,52.04824364270331
2026-02-16 14:15:00,60.24,57.541081539392465,59.98849879294633,57.541081539392465,52.56051127031064
2026-02-16 14:30:00,61.67,57.71049158334731,60.15790883690118,57.71049158334731,53.00836556467639
2026-02-16 14:45:00,61.93,57.75552856743335,60.20294582098722,57.75552856743335,53.36234189202108
2026-02-16 15:00:00,62.39,57.89227065920829,60.33968791276216,57.89227065920829,52.43762994376161
2026-02-16 15:15:00,62.5,59.29585824370384,61.743275497257706,59.29585824370384,52.57819249960623
2026-02-16 15:30:00,62.76,59.18608308553695,61.633500339090816,59.18608308553695,52.63134130578868
2026-02-16 15:45:00,62.66,59.33861588299274,61.78603313654661,59.33861588299274,52.62741810966904
2026-02-16 16:00:00,62.61,59.33965726196765,61.78707451552152,59.33965726196765,50.80486135039643
2026-02-16 16:15:00,62.6,59.35497775316238,61.802395006716246,59.35497775316238,50.80203277563412
2026-02-16 16:30:00,62.63,59.228705239295955,61.67612249284982,59.228705239295955,50.85505871481934
2026-02-16 16:45:00,62.33,59.26599298238754,61.7134102359414,59.26599298238754,50.990276284038195
2026-02-16 17:00:00,61.97,59.08835285663604,61.53577011018991,59.08835285663604,49.68643408673199
2026-02-16 17:15:00,61.79,59.0734069430828,61.52082419663667,59.0734069430828,50.01162452495541
2026-02-16 17:30:00,61.61,58.867665524482724,61.31508277803659,58.867665524482724,50.41531957306326
2026-02-16 17:45:00,61.56,58.95190830171108,61.399325555264944,58.95190830171108,50.869319942859086
2026-02-16 18:00:00,61.6,58.89286583304405,61.340283086597914,58.89286583304405,50.5232531015526
2026-02-16 18:15:00,62.26,59.1372179710865,61.584635224640365,59.1372179710865,50.963577945531114
2026-02-16 18:30:00,62.89,59.088812444806095,61.53622969835996,59.088812444806095,51.337289145162245
2026-02-16 18:45:00,63.72,58.91695834815501,61.36437560170888,58.91695834815501,51.610823397912114
2026-02-16 19:00:00,63.6,58.830077587962144,61.27749484151601,58.830077587962144,51.90379121164702
2026-02-16 19:15:00,62.78,58.483853614330286,60.93127086788415,58.483853614330286,51.916482477816075
2026-02-16 19:30:00,62.23,58.23980432629585,60.68722157984971,58.23980432629585,51.79228684813559
2026-02-16 19:45:00,61.79,57.72363633632659,60.17105358988046,57.72363633632659,51.54184630753759
2026-02-16 20:00:00,60.76,57.38082075357437,59.828238007128235,57.38082075357437,51.46338831350663
2026-02-16 20:15:00,59.71,56.80732378840446,59.254741041958326,56.80732378840446,51.02223370802729
2026-02-16 20:30:00,59.48,56.24071798920631,58.688135242760175,56.24071798920631,50.52248385065727
2026-02-16 20:45:00,58.7,55.6239214426279,58.07133869618177,55.6239214426279,49.98646075194888
2026-02-16 21:00:00,59.29,54.94425961017608,57.39167686372995,54.94425961017608,49.446825607139495
2026-02-16 21:15:00,57.36,53.42496738314628,55.87238463670015,53.42496738314628,48.88241776877392
2026-02-16 21:30:00,57.56,52.87609690546989,55.32351415902376,52.87609690546989,48.31179610473911
2026-02-16 21:45:00,56.7,52.16969394862652,54.61711120218038,52.16969394862652,47.73168944231384
2026-02-16 22:00:00,56.22,51.393271538615224,53.84068879216909,51.393271538615224,46.946740283166584
2026-02-16 22:15:00,55.3,50.67137009978294,53.118787353336806,50.67137009978294,46.32386665259555
2026-02-16 22:30:00,53.86,49.88957077383995,52.336988027393815,49.88957077383995,45.66750843804323
2026-02-16 22:45:00,53.01,49.04309968829155,51.490516941845414,49.04309968829155,44.9737773362652
2026-02-16 23:00:00,51.34,48.18303223133087,50.630449484884736,48.18303223133087,44.12328122836591
2026-02-16 23:15:00,50.04,47.35862669110298,49.80604394465684,47.35862669110298,43.36550340157361
2026-02-16 23:30:00,49.26,46.48679324567318,48.93421049922704,46.48679324567318,42.5927260793399
2026-02-16 23:45:00,48.62,45.62801954269409,48.075436796247956,45.62801954269409,41.82226460819028
2026-02-17 00:00:00,47.09,44.90337385773658,47.35079111129045,44.90337385773658,41.18416294514429
2026-02-17 00:15:00,46.72,44.27937266886234,46.7267899224162,44.27937266886234,40.47511258693612
2026-02-17 00:30:00,45.99,43.51477469205856,45.962191945612425,43.51477469205856,39.82119444449339
2026-02-17 00:45:00,44.85,42.94769070863723,45.3951079621911,42.94769070863723,39.23242661298784
2026-02-17 01:00:00,44.41,42.39186663538217,44.83928388893604,42.39186663538217,38.68125860794906
2026-02-17 01:15:00,43.3,41.82073004066944,44.268147294223304,41.82073004066944,38.22760931313282
2026-02-17 01:30:00,42.81,41.318506433963776,43.76592368751764,41.318506433963776,37.83220562582032
2026-02-17 01:45:00,42.49,40.83471815735101,43.28213541090488,40.83471815735101,37.483538257371876
2026-02-17 02:00:00,41.87,40.46358742713928,42.911004680693146,40.46358742713928,36.946308104260034
2026-02-17 02:15:00,41.01,40.00922076314688,42.456638016700744,40.00922076314688,36.65469389191293
2026-02-17 02:30:00,40.41,39.753984620869154,42.20140187442302,39.753984620869154,36.37847212102436
2026-02-17 02:45:00,39.74,39.37320785224438,41.82062510579824,39.37320785224438,36.115270707107804
2026-02-17 03:00:00,39.52,39.016774645447725,41.46419189900159,39.016774645447725,35.642021331229614
2026-02-17 03:15:00,39.39,37.38071381598711,39.82813106954097,37.38071381598711,35.42007211387944
2026-02-17 03:30:00,39.01,37.2125297832489,39.65994703680276,37.2125297832489,35.23519476162769
2026-02-17 03:45:00,39.02,37.05856641799211,39.50598367154598,37.05856641799211,35.10096043376112
2026-02-17 04:00:00,38.66,36.87624672830105,39.323663981854914,36.87624672830105,34.45577536846511
2026-02-17 04:15:00,38.68,36.80545155405998,39.252868807613844,36.80545155405998,34.45612530127658
2026-02-17 04:30:00,38.48,36.75391259282827,39.20132984638214,36.75391259282827,34.53102139462534
2026-02-17 04:45:00,38.72,36.675677669048305,39.12309492260217,36.675677669048305,34.676757853755575
2026-02-17 05:00:00,38.53,36.73195729553699,39.17937454909086,36.73195729553699,35.10844103549893
2026-02-17 05:15:00,39.37,36.9054119810462,39.352829234600065,36.9054119810462,35.360202911117256
2026-02-17 05:30:00,39.69,37.057069435715675,39.50448668926954,37.057069435715675,35.63933329275082
2026-02-17 05:45:00,39.64,37.25018944740295,39.69760670095682,37.25018944740295,35.92817621609259
2026-02-17 06:00:00,40.49,37.618026019632815,40.06544327318668,37.618026019632815,35.989961454594315
2026-02-17 06:15:00,41.42,38.21343843340873,40.6608556869626,38.21343843340873,36.26238505841911
2026-02-17 06:30:00,41.64,38.72300482451916,41.170422078073024,38.72300482451916,36.523457361080965
2026-02-17 06:45:00,42.06,39.456915328800676,41.90433258235454,39.456915328800676,36.78288785457073
2026-02-17 07:00:00,42.02,40.37865659594536,42.826073849499224,40.37865659594536,37.073056125326225
2026-02-17 07:15:00,42.84,41.218087747097016,43.66550500065088,41.218087747097016,37.38859089483984
2026-02-17 07:30:00,43.07,42.24631134271621,44.69372859627008,42.24631134271621,37.769874540448086
2026-02-17 07:45:00,44.71,43.31097656100988,45.758393814563746,43.31097656100988,38.24062104598229
2026-02-17 08:00:00,46.55,44.36342948555946,46.81084673911332,44.36342948555946,39.67968751844246
2026-02-17 08:15:00,48.68,45.409414968490594,47.85683222204446,45.409414968490594,40.369927256711655
2026-02-17 08:30:00,50.21,46.50253347635269,48.949950729906554,46.50253347635269,41.16619056060222
2026-02-17 08:45:00,52.16,47.46044273853302,49.907859992086884,47.46044273853302,42.0470506492743
2026-02-17 09:00:00,53.63,48.43745014727115,50.884867400825016,48.43745014727115,46.25197015628273
2026-02-17 09:15:00,55.04,49.52738341689109,51.97480067044496,49.52738341689109,47.186230027793435
2026-02-17 09:30:00,55.48,50.40948454022407,52.856901793777936,50.40948454022407,48.072418286701286
2026-02-17 09:45:00,55.88,51.297871129512785,53.74528838306665,51.297871129512785,48.85824155287002
2026-02-17 10:00:00,57.23,51.98088025152683,54.42829750508069,51.98088025152683,50.625942798623875
2026-02-17 10:15:00,58.48,52.61174072742462,55.05915798097848,52.61174072742462,51.08320017454365
2026-02-17 10:30:00,58.22,53.166604447364804,55.61402170091867,53.166604447364804,51.34017729409541
2026-02-17 10:45:00,58.41,53.65912888407707,56.106546137630936,53.65912888407707,51.3974100975987
2026-02-17 11:00:00,58.21,54.030571762323376,56.47798901587724,54.030571762323376,51.71932604190014
2026-02-17 11:15:00,59.32,54.37333421349525,56.820751467049114,54.37333421349525,51.45538753212864
2026-02-17 11:30:00,59.28,54.56879467129707,57.016211924850936,54.56879467129707,51.101467054061345
2026-02-17 11:45:00,59.22,54.63101175189018,57.07842900544404,54.63101175189018,50.71702522952188
2026-02-17 12:00:00,58.92,54.670366313457485,57.11778356701135,54.670366313457485,50.24141844129957
2026-02-17 12:15:00,59.16,54.82469761490822,57.27211486846208,54.82469761490822,49.971303199232764
2026-02-17 12:30:00,59.25,54.861289334297176,57.30870658785104,54.861289334297176,49.827867085156164
2026-02-17 12:45:00,59.38,54.92171056747436,57.36912782102823,54.92171056747436,49.83657880169423
2026-02-17 13:00:00,59.86,55.15459691047668,57.60201416403054,55.15459691047668,50.1577319291756
2026-02-17 13:15:00,60.18,55.18952826797962,57.636945521533484,55.18952826797962,50.47006492992488
2026-02-17 13:30:00,61.34,55.43111490726471,57.87853216081857,55.43111490726471,50.89780240053343
2026-02-17 13:45:00,60.96,55.571315864920614,58.01873311847448,55.571315864920614,51.39880239365829
2026-02-17 14:00:00,60.1,55.76211402654647,58.209531280100336,55.76211402654647,49.47612279704302
2026-02-17 14:15:00,59.71,55.920422226786606,58.36783948034047,55.920422226786606,49.978726949452565
2026-02-17 14:30:00,60.19,56.052680013179774,58.50009726673364,56.052680013179774,50.4167051220764
2026-02-17 14:45:00,61.09,56.08171110868454,58.5291283622384,56.08171110868454,50.76059970272129
2026-02-17 15:00:00,61.61,56.20754528701305,58.65496254056691,56.20754528701305,52.2440839474221
2026-02-17 15:15:00,61.33,57.15257811069488,59.59999536424875,57.15257811069488,52.374175221723725
2026-02-17 15:30:00,60.48,57.08787978529929,59.53529703885316,57.08787978529929,52.4166691494892
2026-02-17 15:45:00,60.48,57.26905581772327,59.716473071277136,57.26905581772327,52.40191512561142
2026-02-17 16:00:00,60.32,57.33371429443359,59.78113154798746,57.33371429443359,52.852188337162104
2026-02-17 16:15:00,61.03,57.335308241844174,59.78272549539804,57.335308241844174,52.83820054855598
2026-02-17 16:30:00,61.13,57.244463865756984,59.69188111931085,57.244463865756984,52.87991510882927
2026-02-17 16:45:00,60.76,57.293448526263234,59.7408657798171,57.293448526263234,53.003677324737986
2026-02-17 17:00:00,60.56,57.10696730554103,59.5543845590949,57.10696730554103,52.037275762859096
2026-02-17 17:15:00,60.43,57.095971724987024,59.54338897854089,57.095971724987024,52.35074795343989
2026-02-17 17:30:00,60.12,56.91498962283134,59.36240687638521,56.91498962283134,52.74260606064395
2026-02-17 17:45:00,60.27,56.95636318445205,59.40378043800592,56.95636318445205,53.18465944042036
2026-02-17 18:00:00,60.0,56.91259338855743,59.3600106421113,56.91259338855743,52.69761057514341
2026-02-17 18:15:00,60.36,57.13984247088432,59.587259724438184,57.13984247088432,53.12579465190639
2026-02-17 18:30:00,61.3,57.05559703707694,59.50301429063081,57.05559703707694,53.48728153490665
2026-02-17 18:45:00,61.76,56.97014551639556,59.41756276994943,56.97014551639556,53.74851692368378
2026-02-17 19:00:00,61.08,56.8890189063549,59.336436159908764,56.8890189063549,53.645471353294155
2026-02-17 19:15:00,60.62,56.61759622812271,59.06501348167657,56.61759622812271,53.64574195565079
2026-02-17 19:30:00,60.34,56.433064936399454,58.88048218995332,56.433064936399454,53.509078538571146
2026-02-17 19:45:00,59.47,55.999330593347544,58.44674784690141,55.999330593347544,53.24613234604085
2026-02-17 20:00:00,59.68,55.73123926520347,58.178656518757336,55.73123926520347,52.90958790438912
2026-02-17 20:15:00,56.46,55.27471678733825,57.722134040892115,55.27471678733825,52.455879881903364
2026-02-17 20:30:00,56.11,54.775343689918515,57.22276094347238,54.775343689918515,51.943566783547936
2026-02-17 20:45:00,57.31,54.24745221674442,56.694869470298286,54.24745221674442,51.39498003205825
2026-02-17 21:00:00,56.77,53.642094899415966,56.08951215296983,53.642094899415966,50.844093365264385
2026-02-17 21:15:00,56.1,51.71574569582939,54.163162949383256,51.71574569582939,50.267149368619556
2026-02-17 21:30:00,56.16,51.24106284379959,53.688480097353455,51.24106284379959,49.68401947571914
2026-02-17 21:45:00,55.59,50.749818878173826,53.19723613172769,50.749818878173826,49.09144197309457
2026-02-17 22:00:00,54.73,50.123009685277935,52.5704269388318,50.123009685277935,48.140983881018016
2026-02-17 22:15:00,54.87,49.46988973379135,51.91730698734521,49.46988973379135,47.50574253753412
2026-02-17 22:30:00,54.13,48.8385537302494,51.28597098380327,48.8385537302494,46.837082318787495
2026-02-17 22:45:00,52.65,48.07252917051315,50.519946424067015,48.07252917051315,46.13112431927213
2026-02-17 23:00:00,51.3,47.25388575017452,49.701303003728384,47.25388575017452,45.138248951163256
2026-02-17 23:15:00,50.41,46.49811027228832,48.94552752584219,46.49811027228832,44.368422500276296
2026-02-17 23:30:00,49.12,45.71051163434982,48.15792888790369,45.71051163434982,43.5836996365319
2026-02-17 23:45:00,48.19,44.78443084537982,47.23184809893369,44.78443084537982,42.8014049359192
2026-02-18 00:00:00,47.31,44.15590815901756,46.60332541257142,44.15590815901756,41.70883065817842
2026-02-18 00:15:00,46.27,43.587363057136535,46.0347803106904,43.587363057136535,40.98819914371221
2026-02-18 00:30:00,45.29,42.80332025021314,45.250737503767006,42.80332025021314,40.32283946832933
2026-02-18 00:45:00,44.53,42.27031087756156,44.71772813111543,42.27031087756156,39.722778682712416
2026-02-18 01:00:00,44.14,41.7410831451416,44.18850039869547,41.7410831451416,39.324592813656835
2026-02-18 01:15:00,43.11,41.151246890723705,43.59866414427757,41.151246890723705,38.859974242697184
2026-02-18 01:30:00,43.12,40.69423161745071,43.14164887100458,40.69423161745071,38.45377618992836
2026-02-18 01:45:00,42.67,40.189319552779196,42.63673680633306,40.189319552779196,38.09449794390531
2026-02-18 02:00:00,42.09,39.90368816167116,42.35110541522503,39.90368816167116,37.69551118752295
2026-02-18 02:15:00,41.79,39.47592979311943,41.92334704667329,39.47592979311943,37.393678359872496
2026-02-18 02:30:00,41.23,39.23445605844259,41.681873311996455,39.23445605844259,37.107446509243545
2026-02-18 02:45:00,41.02,38.887610445320604,41.33502769887447,38.887610445320604,36.83445165154001
2026-02-18 03:00:00,40.74,38.532180097103115,40.97959735065698,38.532180097103115,36.45971743541959
2026-02-18 03:15:00,40.66,37.94346093416214,40.390878187716005,37.94346093416214,36.22843180459421
2026-02-18 03:30:00,40.15,37.810100667476654,40.25751792103052,37.810100667476654,36.0344581471459
2026-02-18 03:45:00,39.93,37.73086952656507,40.17828678011894,37.73086952656507,35.89137515134693
2026-02-18 04:00:00,39.56,37.629562214016914,40.07697946757078,37.629562214016914,35.677387134815966
2026-02-18 04:15:00,39.86,37.58390093386173,40.03131818741559,37.58390093386173,35.66940562739356
2026-02-18 04:30:00,39.53,37.56672349393367,40.01414074748754,37.56672349393367,35.7362395410905
2026-02-18 04:45:00,39.67,37.52982228308916,39.977239536643026,37.52982228308916,35.874189950158005
2026-02-18 05:00:00,39.97,37.595765215754504,40.04318246930837,37.595765215754504,36.082201899834374
2026-02-18 05:15:00,40.79,37.76865272164345,40.216069975197314,37.76865272164345,36.326749875710576
2026-02-18 05:30:00,40.89,37.95539694368839,40.40281419724226,37.95539694368839,36.598962007870625
2026-02-18 05:45:00,41.04,38.12616449952125,40.57358175307512,38.12616449952125,36.88118846051804
2026-02-18 06:00:00,41.66,38.45881601095199,40.90623326450586,38.45881601095199,37.18801685503928
2026-02-18 06:15:00,43.04,39.02251551270485,41.469932766258715,39.02251551270485,37.4544451401369
2026-02-18 06:30:00,43.29,39.50069442272186,41.94811167627572,39.50069442272186,37.70984109064054
2026-02-18 06:45:00,43.92,40.13459668159484,42.58201393514871,40.13459668159484,37.963919513928744
2026-02-18 07:00:00,43.74,40.9308491256833,43.37826637923717,40.9308491256833,38.87374921996741
2026-02-18 07:15:00,44.3,41.62700698554516,44.074424239099024,41.62700698554516,39.184595572106105
2026-02-18 07:30:00,44.16,42.51738335251808,44.96480060607195,42.51738335251808,39.561529733016265
2026-02-18 07:45:00,45.73,43.40524792402982,45.85266517758369,43.40524792402982,40.028270125473334
2026-02-18 08:00:00,47.09,44.29595237851142,46.74336963206529,44.29595237851142,42.71963580298219
2026-02-18 08:15:00,49.32,45.170487564802166,47.61790481835603,45.170487564802166,43.406568574430324
2026-02-18 08:30:00,49.72,46.084374656081195,48.53179190963506,46.084374656081195,44.19988022144027
2026-02-18 08:45:00,48.03,46.89067029714584,49.338087550699704,46.89067029714584,45.078147471912125
2026-02-18 09:00:00,49.69,47.69917886853218,50.146596122086045,47.69917886853218,45.825507654349046
2026-02-18 09:15:00,51.4,48.98072586953639,51.42814312309026,48.98072586953639,46.75790189303287
2026-02-18 09:30:00,52.52,49.696567651629444,52.14398490518331,49.696567651629444,47.64259241883547
2026-02-18 09:45:00,53.8,50.463229790329926,52.91064704388379,50.463229790329926,48.42728838792868
2026-02-18 10:00:00,54.71,50.99835778474807,53.44577503830194,50.99835778474807,47.803252563796526
2026-02-18 10:15:00,55.7,51.50349565863609,53.950912912189956,51.50349565863609,48.260130129031545
2026-02-18 10:30:00,55.52,51.94666085720062,54.394078110754485,51.94666085720062,48.51710398562384
2026-02-18 10:45:00,56.31,52.34235830187797,54.78977555543184,52.34235830187797,48.574711605730144
2026-02-18 11:00:00,55.21,52.63596075832843,55.083378011882296,52.63596075832843,49.58559551288586
2026-02-18 11:15:00,55.71,52.899336658716194,55.34675391227006,52.899336658716194,49.32279155522378
2026-02-18 11:30:00,56.06,53.11499508678913,55.562412340342995,53.11499508678913,48.97038677229916
2026-02-18 11:45:00,55.84,53.14461859941482,55.592035852968685,53.14461859941482,48.5878422935725
2026-02-18 12:00:00,54.96,53.20273923516273,55.6501564887166,53.20273923516273,50.25096390010556
2026-02-18 12:15:00,53.63,53.33430365443229,55.781720907986156,53.33430365443229,49.98350979387151
2026-02-18 12:30:00,54.23,53.41189967095851,55.85931692451238,53.41189967095851,49.84311643840041
2026-02-18 12:45:00,54.19,53.44635815739631,55.89377541095018,53.44635815739631,49.85525201007634
2026-02-18 13:00:00,54.53,53.68507569134235,56.132492944896214,53.68507569134235,50.56262207312767
2026-02-18 13:15:00,55.47,53.70160226941108,56.14901952296495,53.70160226941108,50.87913851063899
2026-02-18 13:30:00,56.16,53.92654544115066,56.373962694704524,53.92654544115066,51.31143738771988
2026-02-18 13:45:00,56.05,54.01050396442413,56.457921217978,54.01050396442413,51.81737520050343
2026-02-18 14:00:00,56.55,54.17354353189468,56.620960785448545,54.17354353189468,50.748793941861734
2026-02-18 14:15:00,56.18,54.30441724061966,56.75183449417352,54.30441724061966,51.2570830495153
2026-02-18 14:30:00,57.14,54.35181592345237,56.799233177006236,54.35181592345237,51.70111639225319
2026-02-18 14:45:00,57.3,54.3372419309616,56.78465918451547,54.3372419309616,52.051433785848786
2026-02-18 15:00:00,57.23,54.41773627519607,56.865153528749936,54.41773627519607,52.643860142990796
2026-02-18 15:15:00,57.4,54.72930517554283,57.17672242909669,54.72930517554283,52.781100802839354
2026-02-18 15:30:00,56.91,54.71010607898235,57.157523332536215,54.71010607898235,52.8311025513781
2026-02-18 15:45:00,56.84,54.86822300553322,57.31564025908708,54.86822300553322,52.82421122325071
2026-02-18 16:00:00,56.04,54.92527569651603,57.3726929500699,54.92527569651603,52.16366278717865
2026-02-18 16:15:00,59.11,54.92112080693244,57.36853806048631,54.92112080693244,52.15823579990993
2026-02-18 16:30:00,59.76,54.83337931513786,57.28079656869173,54.83337931513786,52.208853916791334
2026-02-18 16:45:00,60.06,54.86989133715629,57.317308590710155,54.86989133715629,52.34185793377459
2026-02-18 17:00:00,59.38,54.685073134899135,57.132490388453,54.685073134899135,51.40345715960504
2026-02-18 17:15:00,58.92,54.67453714251518,57.12195439606904,54.67453714251518,51.72683318991506
2026-02-18 17:30:00,58.85,54.54746765494346,56.994884908497326,54.54746765494346,52.12891847979305
2026-02-18 17:45:00,59.22,54.56659502387046,57.01401227742433,54.56659502387046,52.58151697289942
2026-02-18 18:00:00,59.24,54.54174007058143,56.9891573241353,54.54174007058143,52.347191737699546
2026-02-18 18:15:00,59.33,54.713801380395886,57.16121863394975,54.713801380395886,52.78653968967195
2026-02-18 18:30:00,59.83,54.622967630624764,57.07038488417863,54.622967630624764,53.159490857824736
2026-02-18 18:45:00,60.43,54.56210009217262,57.009517345726486,54.56210009217262,53.432484686730085
2026-02-18 19:00:00,60.62,54.44508309960365,56.892500353157516,54.44508309960365,53.189459532425346
2026-02-18 19:15:00,60.1,54.20322814583778,56.65064539939164,54.20322814583778,53.20205732351149
2026-02-18 19:30:00,59.46,53.99963324308395,56.447050496637814,53.99963324308395,53.077995302021016
2026-02-18 19:45:00,58.8,53.57685463190078,56.024271885454645,53.57685463190078,52.82791768311056
2026-02-18 20:00:00,58.46,53.31510455787181,55.76252181142568,53.31510455787181,52.2211180885003
2026-02-18 20:15:00,57.8,52.8803155529499,55.32773280650377,52.8803155529499,51.78079118808125
2026-02-18 20:30:00,57.56,52.37008767366409,54.81750492721795,52.37008767366409,51.28210423406999
2026-02-18 20:45:00,57.14,51.85615386664867,54.303571120202534,51.85615386664867,50.747380924096205
2026-02-18 21:00:00,56.55,51.260049414038654,53.70746666759252,51.260049414038654,50.436634057661834
2026-02-18 21:15:00,55.88,50.870164564251894,53.31758181780576,50.870164564251894,49.87400428380908
2026-02-18 21:30:00,55.36,50.41526791274547,52.862685166299336,50.41526791274547,49.30540179179229
2026-02-18 21:45:00,54.77,49.959927612543105,52.40734486609697,49.959927612543105,48.72755653231021
2026-02-18 22:00:00,54.14,49.36007207036018,51.80748932391405,49.36007207036018,47.77378354111886
2026-02-18 22:15:00,53.21,48.742531681656835,51.1899489352107,48.742531681656835,47.15365856971442
2026-02-18 22:30:00,52.07,48.125543861389154,50.57296111494302,48.125543861389154,46.50029375000311
2026-02-18 22:45:00,51.03,47.41718831896782,49.86460557252168,47.41718831896782,45.80980132197017
2026-02-18 23:00:00,49.88,46.62581999540328,49.07323724895715,46.62581999540328,44.98866974901526
2026-02-18 23:15:00,49.12,45.90651137769222,48.353928631246085,45.90651137769222,44.234622198396316
2026-02-18 23:30:00,47.96,45.177089163661,47.62450641721487,45.177089163661,43.46582118109097
2026-02-18 23:45:00,47.07,44.32621081352234,46.7736280670762,44.32621081352234,42.699581997700804
2026-02-19 00:00:00,46.0,43.694529454708096,46.14194670826196,43.694529454708096,41.72214978963751
2026-02-19 00:15:00,45.0,43.1406274163723,45.58804466992616,43.1406274163723,41.01781295670644
2026-02-19 00:30:00,44.32,42.37134057760238,44.81875783115625,42.37134057760238,40.36885329777862
2026-02-19 00:45:00,43.59,41.84881406575441,44.296231319308276,41.84881406575441,39.78528826932266
2026-02-19 01:00:00,42.7,41.336970986425875,43.78438823997974,41.336970986425875,39.62357959556631
2026-02-19 01:15:00,42.32,40.77453601628542,43.22195326983928,40.77453601628542,39.17561923701049
2026-02-19 01:30:00,41.77,40.33819689750671,42.78561415106058,40.33819689750671,38.78614600476452
2026-02-19 01:45:00,41.44,39.82602174580097,42.27343899935484,39.82602174580097,38.4436493809729
2026-02-19 02:00:00,40.95,39.52536075890064,41.972778012454505,39.52536075890064,38.005457567812826
2026-02-19 02:15:00,40.36,39.13404135644436,41.58145860999822,39.13404135644436,37.72049040998876
2026-02-19 02:30:00,39.97,38.86943545997143,41.31685271352529,38.86943545997143,37.45115142257088
2026-02-19 02:45:00,39.99,38.51492561638355,40.962342869937416,38.51492561638355,37.1950667110306
2026-02-19 03:00:00,39.52,38.1706010967493,40.61801835030317,38.1706010967493,36.47017741262995
2026-02-19 03:15:00,39.01,37.23632210493088,39.68373935848474,37.23632210493088,36.25580673274368
2026-02-19 03:30:00,39.11,37.08997648000717,39.53739373356103,37.08997648000717,36.07873555059622
2026-02-19 03:45:00,38.54,37.02648955464363,39.4739068081975,37.02648955464363,35.95253264819656
2026-02-19 04:00:00,38.42,36.91878121495247,39.36619846850633,36.91878121495247,35.76842353418794
2026-02-19 04:15:00,38.47,36.88022097051143,39.327638224065296,36.88022097051143,35.77724771766909
2026-02-19 04:30:00,37.99,36.84777218610048,39.295189439654344,36.84777218610048,35.860835357742246
2026-02-19 04:45:00,38.28,36.81023605287075,39.257653306424615,36.81023605287075,36.01547773570975
2026-02-19 05:00:00,38.55,36.8574594014883,39.304876655042165,36.8574594014883,36.393620952836194
2026-02-19 05:15:00,39.26,37.0031408816576,39.450558135211466,37.0031408816576,36.65470818910887
2026-02-19 05:30:00,39.69,37.2023789948225,39.64979624837637,37.2023789948225,36.94336874040414
2026-02-19 05:45:00,40.1,37.37176247298717,39.81917972654104,37.37176247298717,37.24194319734934
2026-02-19 06:00:00,41.23,37.653371803462505,40.10078905701637,37.653371803462505,35.65511220260973
2026-02-19 06:15:00,40.71,38.17351802051067,40.620935274064536,38.17351802051067,35.93765923168975
2026-02-19 06:30:00,39.67,38.63112969577312,41.078546949326984,38.63112969577312,36.20904524247176
2026-02-19 06:45:00,39.88,39.227426750361914,41.67484400391578,39.227426750361914,36.47897579161018
2026-02-19 07:00:00,39.81,39.980136536061764,42.42755378961563,39.980136536061764,37.18164501942447
2026-02-19 07:15:00,40.71,40.6174352312088,43.06485248476267,40.6174352312088,37.508040268402375
2026-02-19 07:30:00,41.25,41.485670340359206,43.93308759391307,41.485670340359206,37.90035824280031
2026-02-19 07:45:00,42.51,42.32380773752927,44.77122499108314,42.32380773752927,38.382308537424976
2026-02-19 08:00:00,43.56,43.176010392308235,45.6234276458621,43.176010392308235,40.11103507506773
2026-02-19 08:15:00,45.95,44.00730444192886,46.454721695482725,44.00730444192886,40.81280392901357
2026-02-19 08:30:00,47.47,44.90701602756977,47.35443328112363,44.90701602756977,41.620752008611205
2026-02-19 08:45:00,49.6,45.689604357481,48.13702161103487,45.689604357481,42.51344773080886
2026-02-19 09:00:00,50.08,46.47564889669418,48.92306615024805,46.47564889669418,44.978244130036835
2026-02-19 09:15:00,52.23,47.20099326193332,49.648410515487186,47.20099326193332,45.92462656101377
2026-02-19 09:30:00,53.64,47.996048917174335,50.4434661707282,47.996048917174335,46.823073262879376
2026-02-19 09:45:00,54.89,48.81515458226203,51.2625718358159,48.81515458226203,47.6212856849003
2026-02-19 10:00:00,55.66,49.40949240982532,51.856909663379184,49.40949240982532,49.87476778414193
2026-02-19 10:15:00,56.13,49.98822017908096,52.43563743263483,49.98822017908096,50.344659894728046
2026-02-19 10:30:00,56.42,50.48060116052627,52.928018414080135,50.48060116052627,50.61438645437295
2026-02-19 10:45:00,56.97,50.930460938215255,53.37787819176912,50.930460938215255,50.6844779126934
2026-02-19 11:00:00,56.02,51.271292056441304,53.71870930999517,51.271292056441304,51.05997567355088
2026-02-19 11:15:00,56.29,51.57429880261421,54.021716056168074,51.57429880261421,50.80909749116296
2026-02-19 11:30:00,57.31,51.844071745276445,54.29148899883031,51.844071745276445,50.46832966383092
2026-02-19 11:45:00,57.11,51.908833828568454,54.35625108212232,51.908833828568454,50.0971270544254
2026-02-19 12:00:00,56.83,51.97292911052703,54.4203463640809,51.97292911052703,50.09063231030506
2026-02-19 12:15:00,56.34,52.10490529954433,54.55232255309819,52.10490529954433,49.83391190267557
2026-02-19 12:30:00,56.33,52.21366298794746,54.661080241501324,52.21366298794746,49.70393957085523
2026-02-19 12:45:00,56.99,52.25438834428787,54.701805597841734,52.25438834428787,49.72617804385735
2026-02-19 13:00:00,57.37,52.513415424823755,54.96083267837762,52.513415424823755,49.4932376304725
2026-02-19 13:15:00,58.23,52.52609793305397,54.973515186607834,52.52609793305397,49.81920523917455
2026-02-19 13:30:00,58.7,52.773388247489926,55.22080550104379,52.773388247489926,50.26062211588672
2026-02-19 13:45:00,58.99,52.868786000013344,55.31620325356721,52.868786000013344,50.77534018087611
2026-02-19 14:00:00,58.95,53.04968309164047,55.49710034519433,53.04968309164047,51.86779681359397
2026-02-19 14:15:00,59.15,53.20065116405487,55.648068417608734,53.20065116405487,52.384177854606996
2026-02-19 14:30:00,59.53,53.27761225819587,55.72502951174974,53.27761225819587,52.83595301613526
2026-02-19 14:45:00,59.86,53.278462363481516,55.72587961703538,53.278462363481516,53.193658452810546
2026-02-19 15:00:00,60.13,53.372457442283626,55.81987469583749,53.372457442283626,53.7054966975214
2026-02-19 15:15:00,60.25,56.02681555986404,58.474232813417906,56.02681555986404,53.849407801685935
2026-02-19 15:30:00,59.93,56.0096699988842,58.457087252438065,56.0096699988842,53.90571664464402
2026-02-19 15:45:00,60.4,56.17147160053253,58.61888885408639,56.17147160053253,53.90476634506131
2026-02-19 16:00:00,60.96,56.21484556615352,58.66226281970739,56.21484556615352,53.28126755412836
2026-02-19 16:15:00,60.6,56.241270557641975,58.68868781119584,56.241270557641975,53.28104227724001
2026-02-19 16:30:00,60.48,56.135018023252485,58.58243527680635,56.135018023252485,53.33648933518817
2026-02-19 16:45:00,60.43,56.199020324945444,58.64643757849931,56.199020324945444,53.47394777374004
2026-02-19 17:00:00,60.41,56.02854499280452,58.475962246358385,56.02854499280452,52.84306900047586
2026-02-19 17:15:00,60.27,56.01770880699157,58.46512606054544,56.01770880699157,53.17014613649751
2026-02-19 17:30:00,60.36,55.890131912827485,58.33754916638135,55.890131912827485,53.57555422341556
2026-02-19 17:45:00,60.53,55.966346508264536,58.4137637618184,55.966346508264536,54.03109642919956
2026-02-19 18:00:00,60.92,55.900540389418595,58.34795764297246,55.900540389418595,52.974592426631915
2026-02-19 18:15:00,60.95,56.08482993245124,58.53224718600511,56.08482993245124,53.416124570701946
2026-02-19 18:30:00,61.53,55.993483462929724,58.44090071648359,55.993483462929724,53.79087998081832
2026-02-19 18:45:00,62.55,55.89289741158485,58.34031466513871,55.89289741158485,54.06529829794602
2026-02-19 19:00:00,60.59,55.77584854006767,58.223265793621536,55.77584854006767,54.27335191393356
2026-02-19 19:15:00,61.41,55.50112639069557,57.94854364424943,55.50112639069557,54.28661623975535
2026-02-19 19:30:00,59.36,55.292207703590385,57.73962495714425,55.292207703590385,54.16284303215796
2026-02-19 19:45:00,60.63,54.83055802822113,57.27797528177499,54.83055802822113,53.91267766102827
2026-02-19 20:00:00,60.5,54.524026001691816,56.97144325524568,54.524026001691816,53.46935080639544
2026-02-19 20:15:00,60.21,54.06618054747581,56.513597801029675,54.06618054747581,53.02818742804176
2026-02-19 20:30:00,58.82,53.515421242117874,55.96283849567174,53.515421242117874,52.52829230282366
2026-02-19 20:45:00,58.46,52.95736165761947,55.40477891117334,52.95736165761947,51.99199121670686
2026-02-19 21:00:00,57.59,52.34244331240654,54.7898605659604,52.34244331240654,51.33977393114347
2026-02-19 21:15:00,57.19,52.660292365550994,55.10770961910486,52.660292365550994,50.77483434383234
2026-02-19 21:30:00,56.38,52.22394394874572,54.671361202299586,52.22394394874572,50.20356005550495
2026-02-19 21:45:00,56.0,51.740438597798345,54.18785585135221,51.740438597798345,49.622684001976346
2026-02-19 22:00:00,55.05,51.095206029415124,53.54262328296899,51.095206029415124,48.91651239168327
2026-02-19 22:15:00,54.51,50.50218852162361,52.949605775177474,50.50218852162361,48.292648453545794
2026-02-19 22:30:00,53.73,49.81023469805717,52.25765195161104,49.81023469805717,47.63519591822786
2026-02-19 22:45:00,53.05,49.09175227642059,51.53916952997446,49.09175227642059,46.94027086260446
2026-02-19 23:00:00,51.89,48.27942885756492,50.72684611111879,48.27942885756492,46.43861779560032
2026-02-19 23:15:00,50.8,47.47120188355446,49.91861913710832,47.47120188355446,45.67946011826033
2026-02-19 23:30:00,49.51,46.71487383723259,49.162291090786454,46.71487383723259,44.905216785078835
2026-02-19 23:45:00,48.98,45.895003077387805,48.34242033094167,45.895003077387805,44.133207730215474
2026-02-20 00:00:00,47.44,45.14076575875282,47.588183012306686,45.14076575875282,43.04290202328221
2026-02-20 00:15:00,46.45,44.49997764706611,46.947394900619976,44.49997764706611,42.332154859088625
2026-02-20 00:30:00,45.7,43.6500716048479,46.09748885840177,43.6500716048479,41.676472330618424
2026-02-20 00:45:00,44.64,43.05504041016101,45.50245766371488,43.05504041016101,41.08587725970903
2026-02-20 01:00:00,44.04,42.464837547838684,44.91225480139255,42.464837547838684,39.366706668532416
2026-02-20 01:15:00,43.59,41.79847189337015,44.245889146924014,41.79847189337015,38.91111869880384
2026-02-20 01:30:00,43.22,41.30454611122608,43.75196336477995,41.30454611122608,38.513727789562566
2026-02-20 01:45:00,42.93,40.73380534678697,43.18122260034084,40.73380534678697,38.16302944769491
2026-02-20 02:00:00,42.1,40.30049074321985,42.74790799677371,40.30049074321985,38.20696996734473
2026-02-20 02:15:00,41.56,39.846256908178326,42.29367416173219,39.846256908178326,37.913251688313125
2026-02-20 02:30:00,40.89,39.50547228008509,41.95288953363895,39.50547228008509,37.63489650790694
2026-02-20 02:45:00,40.68,39.080808826088905,41.52822607964277,39.080808826088905,37.36953713660715
2026-02-20 03:00:00,40.47,38.67548792392015,41.12290517747402,38.67548792392015,36.738174991182056
2026-02-20 03:15:00,40.05,37.464471767544744,39.91188902109861,37.464471767544744,36.51403305471938
2026-02-20 03:30:00,39.74,37.299814343452454,39.74723159700632,37.299814343452454,36.326952733584335
2026-02-20 03:45:00,39.74,37.175996508598324,39.62341376215219,37.175996508598324,36.190509909509146
2026-02-20 04:00:00,39.11,36.99515520513057,39.44257245868444,36.99515520513057,35.629228655066285
2026-02-20 04:15:00,39.22,36.93480569958687,39.38222295314073,36.93480569958687,35.627373085253815
2026-02-20 04:30:00,38.88,36.863059470057486,39.31047672361135,36.863059470057486,35.700072125291946
2026-02-20 04:45:00,39.13,36.76821959912777,39.215636852681634,36.76821959912777,35.84362456124134
2026-02-20 05:00:00,39.09,36.78459740877151,39.232014662325376,36.78459740877151,35.98721329754118
2026-02-20 05:15:00,39.62,36.861258309483524,39.30867556303739,36.861258309483524,36.23683076281709
2026-02-20 05:30:00,39.84,36.99229274123907,39.439709994792935,36.99229274123907,36.513843211579285
2026-02-20 05:45:00,40.19,37.11905539393425,39.56647264748811,37.11905539393425,36.800599050186776
2026-02-20 06:00:00,40.73,37.34424297094345,39.79166022449731,37.34424297094345,36.506472819410064
2026-02-20 06:15:00,41.59,37.747394776344294,40.19481202989816,37.747394776344294,36.776883890276295
2026-02-20 06:30:00,41.35,38.113062251806255,40.56047950536012,38.113062251806255,37.035987226059476
2026-02-20 06:45:00,42.31,38.68406336098909,41.13148061454296,38.68406336098909,37.29349641345374
2026-02-20 07:00:00,42.22,39.414437958598135,41.861855212152,39.414437958598135,38.02643424842094
2026-02-20 07:15:00,42.7,40.03853876918554,42.48595602273941,40.03853876918554,38.34015499926541
2026-02-20 07:30:00,43.23,40.91861292272806,43.366030176281924,40.91861292272806,38.71968408429531
2026-02-20 07:45:00,43.68,41.799153305888176,44.24657055944204,41.799153305888176,39.18873924455047
2026-02-20 08:00:00,46.01,42.66769790649414,45.115115160048006,42.66769790649414,42.20174520874418
2026-02-20 08:15:00,48.03,43.59431266784668,46.041729921400545,43.59431266784668,42.89043092720926
2026-02-20 08:30:00,48.96,44.587464107275004,47.03488136082887,44.587464107275004,43.685214123921945
2026-02-20 08:45:00,50.99,45.48602805078029,47.93344530433416,45.48602805078029,44.56467138061126
2026-02-20 09:00:00,51.63,46.41803301095962,48.865450264513484,46.41803301095962,47.14436102069366
2026-02-20 09:15:00,52.96,49.53378311574459,51.981200369298456,49.53378311574459,48.077382267097576
2026-02-20 09:30:00,53.66,50.46050148367881,52.90791873723268,50.46050148367881,48.962418608199336
2026-02-20 09:45:00,54.85,51.36670309185981,53.81412034541368,51.36670309185981,49.74717958004919
2026-02-20 10:00:00,55.46,52.06322623133659,54.51064348489046,52.06322623133659,51.86460965537419
2026-02-20 10:15:00,56.86,52.72391743302345,55.17133468657732,52.72391743302345,52.320992250389416
2026-02-20 10:30:00,57.31,53.303234962821,55.75065221637487,53.303234962821,52.577192232359685
2026-02-20 10:45:00,57.68,53.82542807400226,56.27284532755613,53.82542807400226,52.633747963693374
2026-02-20 11:00:00,57.51,54.24435198903083,56.6917692425847,54.24435198903083,52.71589111776033
2026-02-20 11:15:00,57.6,54.612761054039,57.060178307592864,54.612761054039,52.45148241121732
2026-02-20 11:30:00,57.06,54.85785703420638,57.30527428776025,54.85785703420638,52.09719827959859
2026-02-20 11:45:00,56.94,54.95830228686332,57.40571954041719,54.95830228686332,51.712501233866455
2026-02-20 12:00:00,56.33,55.03270775198936,57.48012500554323,55.03270775198936,51.89066855129815
2026-02-20 12:15:00,56.76,55.20646661579608,57.65388386934995,55.20646661579608,51.62052006241953
2026-02-20 12:30:00,56.5,55.294720827341074,57.74213808089494,55.294720827341074,51.47716396069713
2026-02-20 12:45:00,56.97,55.35765518426895,57.805072437822815,55.35765518426895,51.486070271752865
2026-02-20 13:00:00,57.63,55.599520764350885,58.04693801790475,55.599520764350885,52.15015801926632
2026-02-20 13:15:00,57.82,55.65770781457424,58.1051250681281,55.65770781457424,52.46291816365326
2026-02-20 13:30:00,59.03,55.90194571971893,58.3493629732728,55.90194571971893,52.89120044915056
2026-02-20 13:45:00,58.87,56.04864998281002,58.496067236363885,56.04864998281002,53.392863660387505
2026-02-20 14:00:00,59.24,56.24668466567993,58.694101919233795,56.24668466567993,52.82427241569014
2026-02-20 14:15:00,59.77,56.392934653759,58.840351907312865,56.392934653759,53.3277781842885
2026-02-20 14:30:00,61.32,56.521003015041344,58.96842026859521,56.521003015041344,53.76677766359895
2026-02-20 14:45:00,61.0,56.54772023022174,58.99513748377561,56.54772023022174,54.11181336522694
2026-02-20 15:00:00,60.76,56.67430887699127,59.121726130545134,56.67430887699127,54.09091591748993
2026-02-20 15:15:00,61.45,56.89758371710777,59.34500097066164,56.89758371710777,54.222387696249875
2026-02-20 15:30:00,61.29,56.89202615380287,59.33944340735673,56.89202615380287,54.26638138898312
2026-02-20 15:45:00,61.65,57.08448733389377,59.531904587447634,57.08448733389377,54.253245896617244
2026-02-20 16:00:00,61.45,57.17645544290542,59.62387269645929,57.17645544290542,53.283715897659505
2026-02-20 16:15:00,61.41,57.1954287302494,59.64284598380326,57.1954287302494,53.271582073427965
2026-02-20 16:30:00,61.5,57.11313853859901,59.560555792152876,57.11313853859901,53.31526695504017
2026-02-20 16:45:00,61.19,57.19956768035888,59.64698493391275,57.19956768035888,53.44111473723515
2026-02-20 17:00:00,60.82,57.05503915548324,59.50245640903711,57.05503915548324,52.483428260540826
2026-02-20 17:15:00,60.18,57.07484660863876,59.522263862192624,57.07484660863876,52.79921255747117
2026-02-20 17:30:00,60.25,56.94494520783424,59.3923624613881,56.94494520783424,53.193493760822534
2026-02-20 17:45:00,60.57,57.035486733913416,59.48290398746728,57.035486733913416,53.638079504072635
2026-02-20 18:00:00,59.95,57.00964884638786,59.45706609994173,57.00964884638786,52.62976492227764
2026-02-20 18:15:00,60.8,57.26536582946777,59.712783083021634,57.26536582946777,53.06069412896689
2026-02-20 18:30:00,61.21,57.22823748111724,59.675654734671106,57.22823748111724,53.42502934387497
2026-02-20 18:45:00,62.1,57.16876730322837,59.61618455678224,57.16876730322837,53.68921394920773
2026-02-20 19:00:00,61.82,57.089107124805444,59.53652437835931,57.089107124805444,53.481132016730655
2026-02-20 19:15:00,60.67,56.879529606103894,59.32694685965776,56.879529606103894,53.484546075560544
2026-02-20 19:30:00,59.91,56.6878680562973,59.13528530985116,56.6878680562973,53.35111918462771
2026-02-20 19:45:00,59.33,56.27128458738326,58.71870184093713,56.27128458738326,53.09149970037714
2026-02-20 20:00:00,58.43,56.01446778059005,58.46188503414392,56.01446778059005,52.275575856391306
2026-02-20 20:15:00,57.65,55.559278905391686,58.00669615894555,55.559278905391686,51.82536569539434
2026-02-20 20:30:00,56.91,55.06070809483528,57.50812534838914,55.06070809483528,51.316631160083446
2026-02-20 20:45:00,56.9,54.52381081879138,56.97122807234525,54.52381081879138,50.77170024752866
2026-02-20 21:00:00,56.66,53.93218535840511,56.37960261195897,53.93218535840511,50.20760273858333
2026-02-20 21:15:00,55.94,51.86504012346267,54.312457377016536,51.86504012346267,49.63445834360807
2026-02-20 21:30:00,55.48,51.545501486063,53.99291873961687,51.545501486063,49.05519428963197
2026-02-20 21:45:00,55.05,51.19795719265937,53.64537444621324,51.19795719265937,48.4665449387287
2026-02-20 22:00:00,54.22,50.68081158161163,53.128228835165494,50.68081158161163,47.50182975891165
2026-02-20 22:15:00,53.41,50.14439514636993,52.591812399923796,50.14439514636993,46.87062895213682
2026-02-20 22:30:00,52.65,49.5630772125721,52.01049446612596,49.5630772125721,46.206059115853826
2026-02-20 22:45:00,51.93,48.90824642419815,51.35566367775201,48.90824642419815,45.50423696855395
2026-02-20 23:00:00,50.91,48.142782402634616,50.59019965618848,48.142782402634616,44.74455554947207
2026-02-20 23:15:00,49.21,47.40085301458835,49.848270268142215,47.40085301458835,43.97894234357829
2026-02-20 23:30:00,48.55,46.70179284214973,49.149210095703594,46.70179284214973,43.19846444874445
2026-02-20 23:45:00,47.23,45.83677883505821,48.28419608861208,45.83677883505821,42.42044166567873
2026-02-21 00:00:00,46.5,45.1538201880455,47.601237441599366,45.1538201880455,41.10204631999079
2026-02-21 00:15:00,44.62,44.56625132381916,47.013668577373025,44.56625132381916,40.385725934528914
2026-02-21 00:30:00,44.26,43.72868907600641,46.17610632956028,43.72868907600641,39.72468948114683
2026-02-21 00:45:00,43.62,43.192760123014445,45.64017737656831,43.192760123014445,39.12895889511951
2026-02-21 01:00:00,42.94,42.62471977114677,45.07213702470064,42.62471977114677,37.887663395856826
2026-02-21 01:15:00,42.0,41.975876911878586,44.42329416543245,41.975876911878586,37.42737333717964
2026-02-21 01:30:00,41.5,41.51634452998638,43.96376178354024,41.51634452998638,37.02549499339974
2026-02-21 01:45:00,40.78,40.95197025716305,43.39938751071691,40.95197025716305,36.67052226216786
2026-02-21 02:00:00,40.39,40.609732480347155,43.05714973390102,40.609732480347155,35.869473575505324
2026-02-21 02:15:00,39.86,40.17128138124942,42.61869863480329,40.17128138124942,35.571901471387825
2026-02-21 02:30:00,39.09,39.877899420857425,42.32531667441129,39.877899420857425,35.28989964335095
2026-02-21 02:45:00,38.62,39.46962838768959,41.917045641243455,39.46962838768959,35.02109850901426
2026-02-21 03:00:00,38.79,39.07607480227947,41.52349205583334,39.07607480227947,34.665971399305164
2026-02-21 03:15:00,38.15,36.84568544328212,39.29310269683599,36.84568544328212,34.43878993918723
2026-02-21 03:30:00,37.6,36.733292226493354,39.18070948004722,36.733292226493354,34.24886713158597
2026-02-21 03:45:00,37.59,36.646627977490425,39.09404523104429,36.646627977490425,34.10977593065813
2026-02-21 04:00:00,37.56,36.50937050938606,38.956787762939925,36.50937050938606,33.80354084045064
2026-02-21 04:15:00,37.11,36.49753412157297,38.944951375126834,36.49753412157297,33.7994157322228
2026-02-21 04:30:00,37.48,36.4314065566659,38.878823810219764,36.4314065566659,33.8700296737574
2026-02-21 04:45:00,37.47,36.3612848252058,38.808702078759666,36.3612848252058,34.0116779446539
2026-02-21 05:00:00,37.53,36.38952027529478,38.836937528848644,36.38952027529478,34.1191251140949
2026-02-21 05:15:00,38.24,36.449694446623326,38.89711170017719,36.449694446623326,34.36718922697037
2026-02-21 05:30:00,38.38,36.65035781443119,39.097775067985054,36.65035781443119,34.64281794507569
2026-02-21 05:45:00,38.47,36.762978168725965,39.21039542227983,36.762978168725965,34.92835565334322
2026-02-21 06:00:00,38.95,36.97057122290134,39.41798847645521,36.97057122290134,35.45958267135528
2026-02-21 06:15:00,39.38,37.37041558742523,39.817832840979094,37.37041558742523,35.72909428173184
2026-02-21 06:30:00,41.62,37.765747752487655,40.21316500604152,37.765747752487655,35.98745100362294
2026-02-21 06:45:00,39.44,38.267807979583736,40.7152252331376,38.267807979583736,36.24436195757995
2026-02-21 07:00:00,39.66,38.93097245633602,41.37838970988989,38.93097245633602,36.778453684596585
2026-02-21 07:15:00,41.08,39.42869980305433,41.876117056608194,39.42869980305433,37.09185916993342
2026-02-21 07:30:00,41.83,40.206815782189366,42.65423303574323,40.206815782189366,37.47120739201395
2026-02-21 07:45:00,43.26,40.94513487935066,43.39255213290453,40.94513487935066,37.94021125546336
2026-02-21 08:00:00,44.71,41.69619758605957,44.143614839613434,41.69619758605957,41.30022930026887
2026-02-21 08:15:00,47.12,42.44901761978864,44.89643487334251,42.44901761978864,41.989108029412535
2026-02-21 08:30:00,48.62,43.30880480766296,45.756222061216825,43.30880480766296,42.78419883321957
2026-02-21 08:45:00,49.69,44.06022615253925,46.507643406093116,44.06022615253925,43.66407316592538
2026-02-21 09:00:00,51.08,44.81591130673885,47.26332856029271,44.81591130673885,46.211706467347526
2026-02-21 09:15:00,52.72,46.60814843177795,49.055565685331814,46.60814843177795,47.145348112942266
2026-02-21 09:30:00,53.49,47.48778424978256,49.93520150333642,47.48778424978256,48.03109860361641
2026-02-21 09:45:00,54.51,48.34698566198349,50.794402915537354,48.34698566198349,48.81666213977537
2026-02-21 10:00:00,55.52,48.96326683223247,51.410684085786336,48.96326683223247,50.98222102472711
2026-02-21 10:15:00,56.59,49.630312570929526,52.07772982448339,49.630312570929526,51.439566858864005
2026-02-21 10:30:00,56.41,50.17588092088699,52.623298174440855,50.17588092088699,51.69680227784183
2026-02-21 10:45:00,56.83,50.65963067710399,53.107047930657856,50.65963067710399,51.75446018543379
2026-02-21 11:00:00,57.24,51.064331268072124,53.51174852162599,51.064331268072124,52.21577752672502
2026-02-21 11:15:00,57.39,51.38122926592826,53.82864651948213,51.38122926592826,51.9525880343948
2026-02-21 11:30:00,57.31,51.72682628691196,54.174243540465824,51.72682628691196,51.599573396353385
2026-02-21 11:45:00,57.38,51.80558588504791,54.25300313860178,51.80558588504791,51.21619062693955
2026-02-21 12:00:00,56.92,51.90879397988319,54.35621123343706,51.90879397988319,50.744559958560465
2026-02-21 12:15:00,56.64,52.022984372377394,54.47040162593126,52.022984372377394,50.47579884204339
2026-02-21 12:30:00,56.78,52.165337159037584,54.61275441259145,52.165337159037584,50.33385844921648
2026-02-21 12:45:00,57.16,52.18857956886291,54.63599682241678,52.18857956886291,50.34420335620627
2026-02-21 13:00:00,57.68,52.45774415493011,54.90516140848398,52.45774415493011,50.66914200070673
2026-02-21 13:15:00,58.61,52.43483913064003,54.882256384193894,52.43483913064003,50.983370270968955
2026-02-21 13:30:00,59.24,52.66006124317646,55.10747849673032,52.66006124317646,51.413127390669885
2026-02-21 13:45:00,59.53,52.738953670263285,55.18637092381715,52.738953670263285,51.91626682545463
2026-02-21 14:00:00,59.92,52.9057522970438,55.35316955059766,52.9057522970438,52.90518585640716
2026-02-21 14:15:00,60.35,53.01679198682308,55.464209240376945,53.01679198682308,53.41015485825054
2026-02-21 14:30:00,60.89,53.07988308191299,55.527300335466855,53.07988308191299,53.850603297072844
2026-02-21 14:45:00,61.35,53.06431552886963,55.51173278242349,53.06431552886963,54.197068577529755
2026-02-21 15:00:00,61.53,53.131479159593574,55.57889641314744,53.131479159593574,53.86543679492455
2026-02-21 15:15:00,61.25,56.61969492554664,59.067112179100505,56.61969492554664,53.99828433697389
2026-02-21 15:30:00,61.72,56.623249428272246,59.07066668182611,56.623249428272246,54.043619502987596
2026-02-21 15:45:00,61.58,56.72290567696094,59.17032293051481,56.72290567696094,54.031786376721705
2026-02-21 16:00:00,61.58,56.69127379059791,59.13869104415178,56.69127379059791,53.301653767756164
2026-02-21 16:15:00,61.15,56.7512141829729,59.19863143652677,56.7512141829729,53.2907299844793
2026-02-21 16:30:00,61.22,56.62310597300529,59.07052322655915,56.62310597300529,53.335571870440006
2026-02-21 16:45:00,61.33,56.63466209173202,59.082079345285884,56.63466209173202,53.462519165896055
2026-02-21 17:00:00,61.29,56.48568114042282,58.933098393976685,56.48568114042282,52.287278112278756
2026-02-21 17:15:00,60.4,56.449301947355266,58.89671920090913,56.449301947355266,52.604033986485604
2026-02-21 17:30:00,60.32,56.32427802562713,58.771695279180996,56.32427802562713,52.99921653710657
2026-02-21 17:45:00,60.39,56.39326938271522,58.84068663626908,56.39326938271522,53.44462937312459
2026-02-21 18:00:00,60.0,56.34526499986648,58.792682253420345,56.34526499986648,52.28694894823098
2026-02-21 18:15:00,60.2,56.516614346504205,58.96403160005807,56.516614346504205,52.718545137350674
2026-02-21 18:30:00,60.75,56.44510986566543,58.892527119219295,56.44510986566543,53.083461724236436
2026-02-21 18:45:00,61.68,56.27390131771564,58.72131857126951,56.27390131771564,53.34813855741813
2026-02-21 19:00:00,60.99,56.149544197320935,58.5969614508748,56.149544197320935,53.350290742148516
2026-02-21 19:15:00,60.84,55.81042657256126,58.25784382611513,55.81042657256126,53.3540086665211
2026-02-21 19:30:00,59.82,55.49037255883216,57.93778981238603,55.49037255883216,53.22078669551176
2026-02-21 19:45:00,59.39,54.94851544976234,57.395932703316205,54.94851544976234,52.96127019557203
2026-02-21 20:00:00,58.02,54.58080772161483,57.0282249751687,54.58080772161483,51.882446639917625
2026-02-21 20:15:00,57.7,53.98873064279556,56.436147896349425,53.98873064279556,51.43212719853638
2026-02-21 20:30:00,56.6,53.36472679734229,55.81214405089616,53.36472679734229,50.923173348657876
2026-02-21 20:45:00,56.21,52.73035963714123,55.17777689069509,52.73035963714123,50.37791068691325
2026-02-21 21:00:00,55.84,52.021810164451594,54.46922741800546,52.021810164451594,49.45150658677687
2026-02-21 21:15:00,55.14,51.008404966592785,53.45582222014665,51.008404966592785,48.87779898733601
2026-02-21 21:30:00,54.99,50.590942170023915,53.03835942357778,50.590942170023915,48.29785302179513
2026-02-21 21:45:00,54.07,49.96398686528205,52.41140411883592,49.96398686528205,47.70840127741688
2026-02-21 22:00:00,53.21,49.23679617762565,51.684213431179515,49.23679617762565,46.77403619842945
2026-02-21 22:15:00,52.62,48.598324602842325,51.04574185639619,48.598324602842325,46.14178735780809
2026-02-21 22:30:00,51.59,47.86396380841732,50.31138106197118,47.86396380841732,45.4760446560412
2026-02-21 22:45:00,50.77,47.04382739067077,49.491244644224636,47.04382739067077,44.772923690372245
2026-02-21 23:00:00,49.09,46.2098156607151,48.65723291426897,46.2098156607151,43.68253408313513
2026-02-21 23:15:00,48.52,45.38723784685135,47.834655100405215,45.38723784685135,42.91536745849622
2026-02-21 23:30:00,47.46,44.587259550690646,47.03467680424451,44.587259550690646,42.133207833344464
2026-02-21 23:45:00,45.86,43.72683345556259,46.17425070911646,43.72683345556259,41.353374558895624
2026-02-22 00:00:00,45.36,42.99692907243967,45.444346325993536,42.99692907243967,40.47783767153555
2026-02-22 00:15:00,44.02,42.34607385456562,44.79349110811948,42.34607385456562,39.75944860392474
2026-02-22 00:30:00,43.3,41.560063850879665,44.00748110443353,41.560063850879665,39.096214379093574
2026-02-22 00:45:00,42.62,40.97728878349066,43.42470603704452,40.97728878349066,38.49815716244119
2026-02-22 01:00:00,41.9,40.443179587125776,42.89059684067964,40.443179587125776,37.482302548744954
2026-02-22 01:15:00,41.2,39.856217751204966,42.30363500475883,39.856217751204966,37.01942951408256
2026-02-22 01:30:00,40.53,39.338002867102624,41.78542012065649,39.338002867102624,36.614841047587
2026-02-22 01:45:00,40.11,38.80850283533334,41.25592008888721,38.80850283533334,36.257031955384164
2026-02-22 02:00:00,39.71,38.46059857547283,40.908015829026695,38.46059857547283,35.92166280109933
2026-02-22 02:15:00,38.9,38.00825356811285,40.455670821666715,38.00825356811285,35.62100525924376
2026-02-22 02:30:00,38.55,37.75285138964653,40.200268643200396,37.75285138964653,35.33579548826252
2026-02-22 02:45:00,38.13,37.378144904077054,39.82556215763092,37.378144904077054,35.063665481707176
2026-02-22 03:00:00,37.59,37.00395910799503,39.451376361548895,37.00395910799503,34.34974568962424
2026-02-22 03:15:00,37.32,35.257360682189464,37.70477793574333,35.257360682189464,34.11899888073625
2026-02-22 03:30:00,37.03,35.12520783066749,37.57262508422136,35.12520783066749,33.92539549998448
2026-02-22 03:45:00,36.79,35.038366919159884,37.48578417271375,35.038366919159884,33.782510723559305
2026-02-22 04:00:00,36.71,34.90592715710401,37.353344410657876,34.90592715710401,33.70399475886946
2026-02-22 04:15:00,36.66,34.89481734365225,37.342234597206115,34.89481734365225,33.69585736177845
2026-02-22 04:30:00,36.33,34.83466442495584,37.282081678509705,34.83466442495584,33.76235361141937
2026-02-22 04:45:00,36.37,34.77167560815811,37.21909286171198,34.77167560815811,33.89978162461032
2026-02-22 05:00:00,36.4,34.81563003629446,37.26304728984832,34.81563003629446,34.09405255476615
2026-02-22 05:15:00,37.11,34.91546427577734,37.362881529331204,34.91546427577734,34.337700379174144
2026-02-22 05:30:00,37.17,35.146540160179136,37.593957413733,35.146540160179136,34.60881963185291
2026-02-22 05:45:00,37.36,35.301523651778695,37.74894090533256,35.301523651778695,34.88975811091337
2026-02-22 06:00:00,37.7,35.57922515451908,38.026642408072945,35.57922515451908,35.03377177192069
2026-02-22 06:15:00,38.18,36.06180468767881,38.509221941232674,36.06180468767881,35.29851540821942
2026-02-22 06:30:00,38.42,36.57820778489113,39.02562503844499,36.57820778489113,35.552025439166954
2026-02-22 06:45:00,38.48,37.1715653347969,39.61898258835077,37.1715653347969,35.80401492606077
2026-02-22 07:00:00,38.32,37.94924430668354,40.396661560237405,37.94924430668354,35.91036741975288
2026-02-22 07:15:00,39.57,38.57760627001524,41.025023523569104,38.57760627001524,36.21871419909313
2026-02-22 07:30:00,40.66,39.464163804650305,41.91158105820417,39.464163804650305,36.59294148826521
2026-02-22 07:45:00,41.93,40.32694894194603,42.774366195499894,40.32694894194603,37.05676660485904
2026-02-22 08:00:00,43.77,41.23200290799141,43.67942016154527,41.23200290799141,40.278709558992674
2026-02-22 08:15:00,45.92,42.06890632420778,44.516323577761646,42.06890632420778,40.96230758192484
2026-02-22 08:30:00,47.42,43.044634590148924,45.49205184370279,43.044634590148924,41.75207373856836
2026-02-22 08:45:00,48.46,43.87873664379119,46.32615389734506,43.87873664379119,42.6265843056204
2026-02-22 09:00:00,49.67,44.70469893932342,47.15211619287729,44.70469893932342,45.442432406648685
2026-02-22 09:15:00,51.35,46.45379587769508,48.901213131248944,46.45379587769508,46.37064687796883
2026-02-22 09:30:00,52.33,47.25853210687637,49.70594936043024,47.25853210687637,47.25094607457991
2026-02-22 09:45:00,53.61,48.02770205616951,50.475119309723375,48.02770205616951,48.031039358856425
2026-02-22 10:00:00,54.01,48.554501675367355,51.00191892892122,48.554501675367355,50.22398195984657
2026-02-22 10:15:00,54.93,49.13007077217102,51.57748802572488,49.13007077217102,50.67583540272741
2026-02-22 10:30:00,55.41,49.564405502080916,52.01182275563478,49.564405502080916,50.927575381598636
2026-02-22 10:45:00,56.11,49.94176192522048,52.38917917877435,49.94176192522048,50.97974022787329
2026-02-22 11:00:00,56.06,50.233185986876485,52.68060324043035,50.233185986876485,52.68371145653635
2026-02-22 11:15:00,56.2,50.45616063356399,52.903577887117855,50.45616063356399,52.415050155777756
2026-02-22 11:30:00,56.69,50.72336466431617,53.17078191787004,50.72336466431617,52.056582676996484
2026-02-22 11:45:00,56.45,50.72389863669872,53.171315890252586,50.72389863669872,51.667771648968795
2026-02-22 12:00:00,55.95,50.77742870390415,53.224845957458015,50.77742870390415,52.226623360914964
2026-02-22 12:15:00,55.78,50.85914241790771,53.30655967146158,50.85914241790771,51.95250012454154
2026-02-22 12:30:00,55.9,50.986687433123585,53.43410468667745,50.986687433123585,51.80523922101203
2026-02-22 12:45:00,56.09,51.004914221763606,53.45233147531747,51.004914221763606,51.81031094567186
2026-02-22 13:00:00,56.52,51.29541113734245,53.742828390896314,51.29541113734245,53.231173291469226
2026-02-22 13:15:00,57.33,51.25630098104477,53.70371823459863,51.25630098104477,53.54024024151021
2026-02-22 13:30:00,57.59,51.517102656364436,53.9645199099183,51.517102656364436,53.964900585120695
2026-02-22 13:45:00,58.65,51.58483745157718,54.032254705131045,51.58483745157718,54.46301352772185
2026-02-22 14:00:00,58.59,51.776602607965465,54.22401986151933,51.776602607965465,53.71326153805758
2026-02-22 14:15:00,59.31,51.90210471391678,54.34952196747064,51.90210471391678,54.213361797424035
2026-02-22 14:30:00,59.61,51.98550535559654,54.4329226091504,51.98550535559654,54.64902892745791
2026-02-22 14:45:00,60.03,51.96202916681766,54.40944642037152,51.96202916681766,54.99080600770047
2026-02-22 15:00:00,60.02,52.019884144663806,54.46730139821767,52.019884144663806,54.57238096290198
2026-02-22 15:15:00,60.59,57.66859201908111,60.116009272634976,57.66859201908111,54.70074342492573
2026-02-22 15:30:00,60.64,57.60576923847198,60.053186492025844,57.60576923847198,54.74170344728453
2026-02-22 15:45:00,60.9,57.666147966384884,60.11356521993875,57.666147966384884,54.72561063933385
2026-02-22 16:00:00,60.89,57.54279768943786,59.99021494299173,57.54279768943786,53.92365162831048
2026-02-22 16:15:00,60.78,57.628052623271934,60.0754698768258,57.628052623271934,53.9087154557874
2026-02-22 16:30:00,61.52,57.46510869264602,59.912525946199885,57.46510869264602,53.94967666627725
2026-02-22 16:45:00,61.06,57.43237963914871,59.87979689270257,57.43237963914871,54.072880291902706
2026-02-22 17:00:00,60.78,57.26607513606548,59.71349238961935,57.26607513606548,52.93946459752745
2026-02-22 17:15:00,60.77,57.1900677537918,59.63748500734567,57.1900677537918,53.25276639823345
2026-02-22 17:30:00,60.72,57.026470304727546,59.47388755828141,57.026470304727546,53.64464730883942
2026-02-22 17:45:00,60.79,57.088793648481364,59.53621090203523,57.088793648481364,54.08691591458857
2026-02-22 18:00:00,61.05,57.02013170719146,59.467548960745326,57.02013170719146,52.46934047222856
2026-02-22 18:15:00,60.48,57.17198707699775,59.61940433055162,57.17198707699775,52.89812181186001
2026-02-22 18:30:00,60.93,57.09781273424625,59.54522998780011,57.09781273424625,53.26039532351864
2026-02-22 18:45:00,61.75,56.834843290448184,59.28226054400205,56.834843290448184,53.522605439168856
2026-02-22 19:00:00,61.43,56.717815671563145,59.16523292511701,56.717815671563145,52.502228624051334
2026-02-22 19:15:00,60.38,56.26949139654636,58.71690865010022,56.26949139654636,52.5038458530497
2026-02-22 19:30:00,60.27,55.897142624855036,58.3445598784089,55.897142624855036,52.3687126176716
2026-02-22 19:45:00,59.24,55.2729475057125,57.72036475926637,55.2729475057125,52.10747840159377
2026-02-22 20:00:00,57.87,54.847708902359,57.29512615591287,54.847708902359,51.39923771822625
2026-02-22 20:15:00,58.13,54.155130782723425,56.60254803627729,54.155130782723425,50.94759949485668
2026-02-22 20:30:00,57.56,53.477291363477704,55.92470861703157,53.477291363477704,50.43753198151538
2026-02-22 20:45:00,56.86,52.78708822548389,55.23450547903776,52.78708822548389,49.89136435798604
2026-02-22 21:00:00,56.39,52.01061534047126,54.45803259402513,52.01061534047126,48.39293678641096
2026-02-22 21:15:00,55.77,52.6216338276863,55.06905108124017,52.6216338276863,47.81875180027296
2026-02-22 21:30:00,55.29,51.98029314756393,54.42771040111779,51.98029314756393,47.23854702333861
2026-02-22 21:45:00,54.39,50.938680393695826,53.38609764724969,50.938680393695826,46.64905803078629
2026-02-22 22:00:00,53.57,49.85331378340721,52.300731036961075,49.85331378340721,45.93738166597107
2026-02-22 22:15:00,52.62,49.07513803124427,51.52255528479814,49.07513803124427,45.30554703231107
2026-02-22 22:30:00,51.72,48.04542143821716,50.49283869177103,48.04542143821716,44.640448104943204
2026-02-22 22:45:00,50.76,46.993899644613265,49.44131689816713,46.993899644613265,43.93820281956562
2026-02-22 23:00:00,49.51,46.03056033492088,48.477977588474744,46.03056033492088,42.84371053509447
2026-02-22 23:15:00,48.25,45.0460905957222,47.493507849276064,45.0460905957222,42.077889735246615
2026-02-22 23:30:00,47.13,44.031192400455474,46.47860965400934,44.031192400455474,41.29731382619862
2026-02-22 23:45:00,46.16,43.241162992715836,45.6885802462697,43.241162992715836,40.51930380262905
2026-02-23 00:00:00,44.65,42.35258380144834,44.800001055002205,42.35258380144834,39.51929850335267
2026-02-23 00:15:00,43.8,41.54827528148889,43.99569253504276,41.54827528148889,38.80321596505501
2026-02-23 00:30:00,43.18,40.809543086290354,43.25696033984422,40.809543086290354,38.14253164680346
2026-02-23 00:45:00,42.0,40.06464895606041,42.512066209614275,40.06464895606041,37.54726862627385
2026-02-23 01:00:00,41.33,39.49770178645849,41.94511904001236,39.49770178645849,37.61185110996789
2026-02-23 01:15:00,40.69,38.88912071049213,41.336537964045995,38.88912071049213,37.152262833360226
2026-02-23 01:30:00,40.13,38.2361003807187,40.68351763427257,38.2361003807187,36.75120501784869
2026-02-23 01:45:00,39.73,37.7335845503211,40.18100180387496,37.7335845503211,36.39717262219986
2026-02-23 02:00:00,39.13,37.20081426978111,39.64823152333498,37.20081426978111,36.54992254536843
2026-02-23 02:15:00,38.44,36.65433205664158,39.101749310195444,36.65433205664158,36.253533476329146
2026-02-23 02:30:00,38.16,36.356901469826695,38.80431872338056,36.356901469826695,35.97283752063987
2026-02-23 02:45:00,37.74,35.9551735907793,38.40259084433317,35.9551735907793,35.7054660476166
2026-02-23 03:00:00,37.24,35.5454919141531,37.99290916770696,35.5454919141531,34.06565336802561
2026-02-23 03:15:00,36.65,35.922787235975264,38.37020448952913,35.922787235975264,33.84015187365387
2026-02-23 03:30:00,36.45,35.67635765314102,38.123774906694884,35.67635765314102,33.65203547787699
2026-02-23 03:45:00,36.46,35.47588688731194,37.9233041408658,35.47588688731194,33.51487794864869
2026-02-23 04:00:00,36.1,35.17949103802442,37.62690829157829,35.17949103802442,33.35259541803086
2026-02-23 04:15:00,36.19,35.04420740813017,37.491624661684035,35.04420740813017,33.35066078431692
2026-02-23 04:30:00,35.87,34.919349522590636,37.3667667761445,34.919349522590636,33.42359466021011
2026-02-23 04:45:00,35.99,34.74548439562321,37.192901649177074,34.74548439562321,33.5676929732167
2026-02-23 05:00:00,35.98,34.71689163565635,37.16430888921022,34.71689163565635,33.84327039369225
2026-02-23 05:15:00,36.28,34.78909214019775,37.23650939375162,34.78909214019775,34.094046522365275
2026-02-23 05:30:00,36.97,34.84593230485916,37.29334955841303,34.84593230485916,34.3725190260732
2026-02-23 05:45:00,37.01,34.99040504157543,37.437822295129294,34.99040504157543,34.661032745303714
2026-02-23 06:00:00,37.65,35.29790406286716,37.74532131642103,35.29790406286716,34.877408637429085
2026-02-23 06:15:00,38.67,35.725536243915556,38.17295349746942,35.725536243915556,35.15016186561604
2026-02-23 06:30:00,39.25,36.1835384362936,38.63095568984747,36.1835384362936,35.411893478568196
2026-02-23 06:45:00,39.45,36.92351125389337,39.37092850744724,36.92351125389337,35.672312835355754
2026-02-23 07:00:00,39.21,37.85987433195114,40.307291585505006,37.85987433195114,36.67612282289383
2026-02-23 07:15:00,40.02,38.76241517424583,41.2098324277997,38.76241517424583,36.99330421771452
2026-02-23 07:30:00,40.18,39.868888304829596,42.31630555838346,39.868888304829596,37.376562224291895
2026-02-23 07:45:00,41.87,41.056741748750206,43.50415900230407,41.056741748750206,37.849609747069195
2026-02-23 08:00:00,43.75,42.26648141890764,44.713898672461504,42.26648141890764,40.74255799248344
2026-02-23 08:15:00,46.35,43.47122804880142,45.91864530235529,43.47122804880142,41.43574787560236
2026-02-23 08:30:00,48.67,44.777048212289806,47.22446546584367,44.777048212289806,42.235283323595866
2026-02-23 08:45:00,50.75,45.95142084598541,48.398838099539276,45.95142084598541,43.11973553187132
2026-02-23 09:00:00,51.89,47.17130067825317,49.61871793180703,47.17130067825317,46.33437189051295
2026-02-23 09:15:00,53.75,50.29896819651127,52.746385450065134,50.29896819651127,47.27285682562174
2026-02-23 09:30:00,54.75,51.34547171235084,53.79288896590471,51.34547171235084,48.16358265032748
2026-02-23 09:45:00,56.21,52.37076510131359,54.81818235486745,52.37076510131359,48.95425303079278
2026-02-23 10:00:00,56.75,53.201586279869076,55.64900353342294,53.201586279869076,51.55756764271842
2026-02-23 10:15:00,57.79,53.97010005414486,56.41751730769872,53.97010005414486,52.02028145163327
2026-02-23 10:30:00,58.25,54.6511061155796,57.09852336913347,54.6511061155796,52.28301432138305
2026-02-23 10:45:00,58.46,55.25146109461784,57.698878348171704,55.25146109461784,52.34629833215944
2026-02-23 11:00:00,58.46,55.72411697685718,58.17153423041105,55.72411697685718,53.81373470706731
2026-02-23 11:15:00,59.1,56.15650974750518,58.60392700105905,56.15650974750518,53.5564258556137
2026-02-23 11:30:00,59.18,56.36405498325824,58.81147223681211,56.36405498325824,53.20941759480933
2026-02-23 11:45:00,59.5,56.4641415977478,58.91155885130166,56.4641415977478,52.83216581614758
2026-02-23 12:00:00,58.76,56.52261821508407,58.97003546863794,56.52261821508407,53.27452604969279
2026-02-23 12:15:00,58.89,56.70785084366798,59.15526809722184,56.70785084366798,53.01214148094001
2026-02-23 12:30:00,58.28,56.73723526418208,59.18465251773595,56.73723526418208,52.8766984269449
2026-02-23 12:45:00,58.08,56.81606393337249,59.263481186926356,56.81606393337249,52.89366003661578
2026-02-23 13:00:00,59.06,57.041203691959375,59.48862094551324,57.041203691959375,53.58680886244417
2026-02-23 13:15:00,60.34,57.097199064493175,59.54461631804704,57.097199064493175,53.90788797551867
2026-02-23 13:30:00,61.21,57.344037760496136,59.79145501405,57.344037760496136,54.344610560879495
2026-02-23 13:45:00,61.46,57.52394129157066,59.971358545124524,57.52394129157066,54.854828350531534
2026-02-23 14:00:00,62.83,57.74966815412044,60.19708540767431,57.74966815412044,54.114812624195416
2026-02-23 14:15:00,62.28,57.907503483295436,60.3549207368493,57.907503483295436,54.62708025180226
2026-02-23 14:30:00,62.67,58.12200895607471,60.569426209628574,58.12200895607471,55.07493454616712
2026-02-23 14:45:00,62.45,58.18428448140621,60.631701734960075,58.18428448140621,55.42891087350718
2026-02-23 15:00:00,63.08,58.34589215278625,60.793309406340114,58.34589215278625,55.88697686898438
2026-02-23 15:15:00,61.74,59.95984360337257,62.407260856926435,59.95984360337257,56.02753942490057
2026-02-23 15:30:00,63.54,59.821664302349085,62.26908155590295,59.821664302349085,56.08068823105272
2026-02-23 15:45:00,63.81,59.94721953988075,62.394636793434614,59.94721953988075,56.076765034934965
2026-02-23 16:00:00,64.33,59.90951737046241,62.356934624016276,59.90951737046241,55.583835318105734
2026-02-23 16:15:00,62.41,59.932177989482874,62.37959524303674,59.932177989482874,55.58100674326858
2026-02-23 16:30:00,65.35,59.78043685257434,62.227854106128206,59.78043685257434,55.63403268252986
2026-02-23 16:45:00,64.32,59.7974947464466,62.24491200000047,59.7974947464466,55.76925025175286
2026-02-23 17:00:00,63.76,59.60786016643047,62.055277419984336,59.60786016643047,54.066034287418034
2026-02-23 17:15:00,63.16,59.571924622058866,62.01934187561273,59.571924622058866,54.39122472564447
2026-02-23 17:30:00,63.04,59.33619042634963,61.7836076799035,59.33619042634963,54.79491977375155
2026-02-23 17:45:00,62.94,59.43130658149719,61.878723835051055,59.43130658149719,55.24892014354266
2026-02-23 18:00:00,64.56,59.34439925551414,61.791816509068006,59.34439925551414,53.55817621094846
2026-02-23 18:15:00,64.49,59.582513746023174,62.02993099957704,59.582513746023174,53.99850105499132
2026-02-23 18:30:00,65.02,59.5325009894371,61.97991824299096,59.5325009894371,54.37221225461248
2026-02-23 18:45:00,65.44,59.30643674135207,61.75385399490594,59.30643674135207,54.64574650736092
2026-02-23 19:00:00,65.26,59.22321674704551,61.67063400059938,59.22321674704551,53.98931099878485
2026-02-23 19:15:00,64.53,58.83120397746563,61.27862123101949,58.83120397746563,54.002002264922474
2026-02-23 19:30:00,62.8,58.55325939774513,61.000676651298996,58.55325939774513,53.87780663530907
2026-02-23 19:45:00,62.34,57.98971929073333,60.4371365442872,57.98971929073333,53.6273660946391
2026-02-23 20:00:00,61.5,57.6153807413578,60.06279799491166,57.6153807413578,53.169209702912525
2026-02-23 20:15:00,60.38,56.99197728276252,59.439394536316385,56.99197728276252,52.72805509750077
2026-02-23 20:30:00,59.94,56.39244053006172,58.839857783615585,56.39244053006172,52.22830524017491
2026-02-23 20:45:00,59.76,55.742906960248945,58.19032421380281,55.742906960248945,51.692282141301725
2026-02-23 21:00:00,59.87,55.02807733476161,57.47549458831548,55.02807733476161,50.55525418787774
2026-02-23 21:15:00,59.44,54.38567136645317,56.83308862000703,54.38567136645317,49.99084634951543
2026-02-23 21:30:00,58.77,53.762862981557845,56.21028023511171,53.762862981557845,49.42022468548035
2026-02-23 21:45:00,57.7,52.89111189007759,55.338529143631455,52.89111189007759,48.84011802305489
2026-02-23 22:00:00,57.23,51.99527094006538,54.44268819361925,51.99527094006538,48.004955498448645
2026-02-23 22:15:00,56.0,51.19408390045166,53.641501154005525,51.19408390045166,47.38208186788423
2026-02-23 22:30:00,54.59,50.29398179769515,52.74139905124902,50.29398179769515,46.725723653325666
2026-02-23 22:45:00,53.84,49.35861892163753,51.806036175191394,49.35861892163753,46.03199255154265
2026-02-23 23:00:00,52.91,48.43747671306133,50.884893966615195,48.43747671306133,44.970540872176784
2026-02-23 23:15:00,51.4,47.536962840557095,49.98438009411096,47.536962840557095,44.212763045424786
2026-02-23 23:30:00,50.25,46.57486946642398,49.02228671997785,46.57486946642398,43.439985723120905
2026-02-23 23:45:00,49.45,45.72797598481178,48.17539323836564,45.72797598481178,42.66952425200114
2026-02-24 00:00:00,48.34,44.92690849125385,47.37432574480771,44.92690849125385,41.68892707403708
2026-02-24 00:15:00,47.33,44.223576539754866,46.67099379330873,44.223576539754866,40.97987671583586
2026-02-24 00:30:00,46.2,43.46415490716696,45.91157216072082,43.46415490716696,40.325958573371594
2026-02-24 00:45:00,45.46,42.84279037296772,45.290207626521585,42.84279037296772,39.73719074190769
2026-02-24 01:00:00,44.43,42.23463434964418,44.68205160319805,42.23463434964418,39.3317148940666
2026-02-24 01:15:00,43.64,41.68919617205858,44.136613425612445,41.68919617205858,38.8780655992426
2026-02-24 01:30:00,42.96,41.10282808154821,43.550245335102076,41.10282808154821,38.482661912020085
2026-02-24 01:45:00,42.63,40.61521698772907,43.062634241282936,40.61521698772907,38.13399454348648
2026-02-24 02:00:00,41.78,40.18580224215984,42.6332194957137,40.18580224215984,37.564368666236746
2026-02-24 02:15:00,41.29,39.693706842958925,42.14112409651279,39.693706842958925,37.27275445388305
2026-02-24 02:30:00,41.01,39.410968466401094,41.85838571995496,39.410968466401094,36.996532682964386
2026-02-24 02:45:00,40.36,39.00504717737436,41.452464430928224,39.00504717737436,36.73333126912616
2026-02-24 03:00:00,39.83,38.63704191237688,41.084459165930745,38.63704191237688,36.490402110043796
2026-02-24 03:15:00,39.78,37.514003683328625,39.96142093688249,37.514003683328625,36.26845289274282
2026-02-24 03:30:00,39.08,37.32554862439632,39.772965877950185,37.32554862439632,36.08357554047621
2026-02-24 03:45:00,39.19,37.135737381875515,39.58315463542938,37.135737381875515,35.94934121262174
2026-02-24 04:00:00,38.55,36.91179042726755,39.35920768082141,36.91179042726755,35.39529974629089
2026-02-24 04:15:00,38.44,36.80458285272121,39.25200010627508,36.80458285272121,35.39564967915778
2026-02-24 04:30:00,38.06,36.72661358684301,39.174030840396874,36.72661358684301,35.47054577246184
2026-02-24 04:45:00,38.48,36.610505144298074,39.05792239785194,36.610505144298074,35.61628223159966
2026-02-24 05:00:00,38.41,36.636159727871416,39.08357698142528,36.636159727871416,35.00017506111973
2026-02-24 05:15:00,38.86,36.77922049283981,39.22663774639368,36.77922049283981,35.25193693674609
2026-02-24 05:30:00,38.7,36.87933632969856,39.326753583252426,36.87933632969856,35.531067318385446
2026-02-24 05:45:00,39.01,37.04717367887497,39.494590932428835,37.04717367887497,35.81991024173025
2026-02-24 06:00:00,39.37,37.40358828961849,39.851005543172356,37.40358828961849,36.11610699360179
2026-02-24 06:15:00,40.41,37.94780178427696,40.39521903783083,37.94780178427696,36.38853059738017
2026-02-24 06:30:00,41.15,38.41792993158102,40.86534718513489,38.41792993158102,36.649602900104895
2026-02-24 06:45:00,41.54,39.173462332487105,41.62087958604097,39.173462332487105,36.909033393605824
2026-02-24 07:00:00,41.63,40.11032617568969,42.55774342924356,40.11032617568969,38.15399939106511
2026-02-24 07:15:00,42.56,41.00825121194124,43.45566846549511,41.00825121194124,38.46953416057628
2026-02-24 07:30:00,42.64,42.06789416760206,44.51531142115593,42.06789416760206,38.850817806216725
2026-02-24 07:45:00,44.36,43.200615627169604,45.64803288072347,43.200615627169604,39.32156431171735
2026-02-24 08:00:00,45.92,44.321609618663786,46.76902687221765,44.321609618663786,41.97244422792706
2026-02-24 08:15:00,48.59,45.46112793564796,47.908545189201824,45.46112793564796,42.66268396599375
2026-02-24 08:30:00,49.93,46.64047899842262,49.08789625197649,46.64047899842262,43.45894727007306
2026-02-24 08:45:00,51.31,47.691745760440824,50.13916301399469,47.691745760440824,44.33980735875041
2026-02-24 09:00:00,52.99,48.77957501947879,51.22699227303266,48.77957501947879,46.896060250339
2026-02-24 09:15:00,54.64,49.800429264903066,52.24784651845693,49.800429264903066,47.830320121853234
2026-02-24 09:30:00,55.2,50.746205930709834,53.1936231842637,50.746205930709834,48.71650838076309
2026-02-24 09:45:00,56.12,51.70016220331192,54.147579456865785,51.70016220331192,49.50233164693029
2026-02-24 10:00:00,57.18,52.457590073347085,54.90500732690095,52.457590073347085,51.35392435919802
2026-02-24 10:15:00,58.47,53.14935262322425,55.59676987677812,53.14935262322425,51.811181735065354
2026-02-24 10:30:00,59.11,53.768293029069895,56.21571028262376,53.768293029069895,52.06815885462607
2026-02-24 10:45:00,59.38,54.318560867309564,56.76597812086343,54.318560867309564,52.125391658102885
2026-02-24 11:00:00,58.87,54.741065850853914,57.18848310440778,54.741065850853914,53.123934066380315
2026-02-24 11:15:00,59.27,55.135134812593456,57.58255206614732,55.135134812593456,52.85999555656712
2026-02-24 11:30:00,59.87,55.34273583650589,57.79015309005975,55.34273583650589,52.50607507849527
2026-02-24 11:45:00,59.32,55.42820329666137,57.87562055021524,55.42820329666137,52.12163325403161
2026-02-24 12:00:00,58.89,55.48179712176322,57.92921437531709,55.48179712176322,52.477628218746794
2026-02-24 12:15:00,58.78,55.6538318657875,58.10124911934137,55.6538318657875,52.20751297675575
2026-02-24 12:30:00,58.93,55.68284436523914,58.13026161879301,55.68284436523914,52.06407686265734
2026-02-24 12:45:00,58.97,55.754529493451116,58.20194674700498,55.754529493451116,52.072788579151265
2026-02-24 13:00:00,59.48,55.980649529695505,58.42806678324937,55.980649529695505,53.83811506821797
2026-02-24 13:15:00,61.0,56.02808009147643,58.4754973450303,56.02808009147643,54.150448068962355
2026-02-24 13:30:00,61.1,56.26794261097908,58.71535986453294,56.26794261097908,54.57818553957365
2026-02-24 13:45:00,61.43,56.424818915128704,58.87223616868257,56.424818915128704,55.07918553260174
2026-02-24 14:00:00,62.37,56.627468075752255,59.07488532930612,56.627468075752255,54.271652625298486
2026-02-24 14:15:00,62.25,56.79209096431732,59.23950821787118,56.79209096431732,54.77425677770708
2026-02-24 14:30:00,62.58,56.958700973987575,59.40611822754144,56.958700973987575,55.21223495033167
2026-02-24 14:45:00,62.11,57.005207046270364,59.45262429982423,57.005207046270364,55.55612953098877
2026-02-24 15:00:00,62.99,57.15102135539055,59.59843860894441,57.15102135539055,55.11244457727385
2026-02-24 15:15:00,62.91,58.911998515129085,61.35941576868295,58.911998515129085,55.24253585158065
2026-02-24 15:30:00,62.75,58.813224250674246,61.26064150422811,58.813224250674246,55.28502977934668
2026-02-24 15:45:00,63.05,59.01262441515922,61.46004166871309,59.01262441515922,55.27027575547189
2026-02-24 16:00:00,63.54,59.06027812957763,61.5076953831315,59.06027812957763,53.62759507452562
2026-02-24 16:15:00,63.57,59.075997107625,61.523414361178865,59.075997107625,53.61360728592591
2026-02-24 16:30:00,63.92,58.983497682809826,61.43091493636369,58.983497682809826,53.65532184620426
2026-02-24 16:45:00,63.92,59.032453120946876,61.47987037450074,59.032453120946876,53.77908406211829
2026-02-24 17:00:00,62.32,58.85242473065853,61.29984198421239,58.85242473065853,52.932494472704846
2026-02-24 17:15:00,62.59,58.83575469732284,61.28317195087671,58.83575469732284,53.245966663203845
2026-02-24 17:30:00,62.74,58.64045097768306,61.087868231236925,58.64045097768306,53.63782477050383
2026-02-24 17:45:00,61.48,58.69123679876327,61.138654052317136,58.69123679876327,54.0798781502627
2026-02-24 18:00:00,62.43,58.64415690541267,61.09157415896654,58.64415690541267,52.92644571121492
2026-02-24 18:15:00,62.87,58.89559148311614,61.34300873667001,58.89559148311614,53.35462978803873
2026-02-24 18:30:00,63.52,58.836397589445106,61.28381484299897,58.836397589445106,53.71611667102925
2026-02-24 18:45:00,64.13,58.70210220694541,61.14951946049928,58.70210220694541,53.97735205980728
2026-02-24 19:00:00,63.9,58.63729761838913,61.08471487194299,58.63729761838913,53.13810100860041
2026-02-24 19:15:00,63.44,58.326892299652094,60.77430955320596,58.326892299652094,53.13837161099315
2026-02-24 19:30:00,62.23,58.13488539457321,60.582302648127076,58.13488539457321,53.001708193941404
2026-02-24 19:45:00,61.91,57.66734342694282,60.11476068049669,57.66734342694282,52.7387620013367
2026-02-24 20:00:00,61.21,57.38446026682853,59.8318775203824,57.38446026682853,51.906393213214514
2026-02-24 20:15:00,60.05,56.88343477725982,59.33085203081369,56.88343477725982,51.45268519061119
2026-02-24 20:30:00,59.65,56.37239398479461,58.81981123834848,56.37239398479461,50.940372092261214
2026-02-24 20:45:00,59.26,55.81697238326072,58.264389636814585,55.81697238326072,50.39178534077929
2026-02-24 21:00:00,58.45,55.191905906200404,57.63932315975427,55.191905906200404,49.227686597836055
2026-02-24 21:15:00,57.71,53.20328914701938,55.65070640057325,53.20328914701938,48.650742601192405
2026-02-24 21:30:00,57.56,52.68608243465423,55.1334996882081,52.68608243465423,48.06761270827718
2026-02-24 21:45:00,56.81,52.10891142070293,54.5563286742568,52.10891142070293,47.47503520563388
2026-02-24 22:00:00,56.04,51.41872156560421,53.866138819158074,51.41872156560421,46.286256276537216
2026-02-24 22:15:00,54.97,50.72624705255031,53.17366430610418,50.72624705255031,45.65101493305049
2026-02-24 22:30:00,54.26,50.02311700105667,52.470534254610534,50.02311700105667,44.98235471430624
2026-02-24 22:45:00,53.23,49.2143932467699,51.66181050032377,49.2143932467699,44.276396714786735
2026-02-24 23:00:00,52.19,48.36468910455704,50.8121063581109,48.36468910455704,43.30809842361835
2026-02-24 23:15:00,51.01,47.55314937651157,50.000566630065435,47.55314937651157,42.538271972698894
2026-02-24 23:30:00,49.58,46.713383496403694,49.16080074995756,46.713383496403694,41.753549108954445
2026-02-24 23:45:00,48.23,45.79049060225486,48.23790785580873,45.79049060225486,40.9712544083742
2026-02-25 00:00:00,47.23,45.10029809057712,47.547715344130985,45.10029809057712,39.987885267275196
2026-02-25 00:15:00,46.33,44.488363083600994,46.93578033715486,44.488363083600994,39.267253752673696
2026-02-25 00:30:00,45.02,43.67671842068433,46.1241356742382,43.67671842068433,38.60189407730732
2026-02-25 00:45:00,44.17,43.12033115267753,45.567748406231395,43.12033115267753,38.00183329169995
2026-02-25 01:00:00,43.51,42.546361316442486,44.99377856999635,42.546361316442486,37.9249292656136
2026-02-25 01:15:00,43.18,41.94189528137445,44.389312534928315,41.94189528137445,37.46031069473058
2026-02-25 01:30:00,42.14,41.44056561350822,43.887982867062085,41.44056561350822,37.054112641986556
2026-02-25 01:45:00,42.06,40.9289204493165,43.376337702870366,40.9289204493165,36.69483439586046
2026-02-25 02:00:00,41.35,40.58643561065197,43.033852864205834,40.58643561065197,36.63016056135493
2026-02-25 02:15:00,40.88,40.125748945176596,42.57316619873046,40.125748945176596,36.32832773370882
2026-02-25 02:30:00,40.4,39.863429034948346,42.31084628850221,39.863429034948346,36.0420958831093
2026-02-25 02:45:00,39.95,39.48539119929075,41.93280845284462,39.48539119929075,35.76910102541401
2026-02-25 03:00:00,39.37,39.11439728289842,41.56181453645229,39.11439728289842,35.19513920874724
2026-02-25 03:15:00,39.15,37.078707271814345,39.52612452536821,37.078707271814345,34.96385357791396
2026-02-25 03:30:00,38.54,36.91859791100025,39.36601516455411,36.91859791100025,34.76987992046139
2026-02-25 03:45:00,38.45,36.8020205822587,39.249437835812564,36.8020205822587,34.62679692465878
2026-02-25 04:00:00,38.13,36.6500430098176,39.09746026337147,36.6500430098176,34.795518794545174
2026-02-25 04:15:00,38.18,36.59486453533172,39.04228178888559,36.59486453533172,34.78753728712775
2026-02-25 04:30:00,38.01,36.55495474874973,39.002372002303595,36.55495474874973,34.85437120087986
2026-02-25 04:45:00,38.11,36.49260483920574,38.940022092759605,36.49260483920574,34.99232160995469
2026-02-25 05:00:00,38.3,36.551001759171484,38.99841901272535,36.551001759171484,35.18599937287219
2026-02-25 05:15:00,38.82,36.72772403687239,39.175141290426254,36.72772403687239,35.430547348750665
2026-02-25 05:30:00,39.15,36.89615513145923,39.3435723850131,36.89615513145923,35.70275948084714
2026-02-25 05:45:00,39.19,37.08536997199058,39.532787225544446,37.08536997199058,35.98498593357277
2026-02-25 06:00:00,39.74,37.429365075826645,39.87678232938051,37.429365075826645,36.014582227404716
2026-02-25 06:15:00,41.39,38.02292718231678,40.47034443587064,38.02292718231678,36.28101051252025
2026-02-25 06:30:00,41.2,38.52855519503355,40.97597244858741,38.52855519503355,36.536406462949685
2026-02-25 06:45:00,41.61,39.225730524659156,41.67314777821302,39.225730524659156,36.790484886321686
2026-02-25 07:00:00,41.72,40.1143030744791,42.56172032803297,40.1143030744791,37.43061114598165
2026-02-25 07:15:00,42.36,40.88374133825302,43.33115859180688,40.88374133825302,37.741457498181326
2026-02-25 07:30:00,43.06,41.8889788839221,44.336396137475965,41.8889788839221,38.118391659088935
2026-02-25 07:45:00,44.31,42.893068787455555,45.34048604100942,42.893068787455555,38.58513205154648
2026-02-25 08:00:00,45.99,43.90299121022224,46.350408463776105,43.90299121022224,41.820624491201855
2026-02-25 08:15:00,48.06,44.89691837072372,47.34433562427758,44.89691837072372,42.507557262654046
2026-02-25 08:30:00,49.95,45.94980033278465,48.39721758633851,45.94980033278465,43.300868909668274
2026-02-25 08:45:00,51.77,46.87482911646366,49.322246370017524,46.87482911646366,44.17913616014568
2026-02-25 09:00:00,52.84,47.80694565296173,50.254362906515595,47.80694565296173,46.919354824419
2026-02-25 09:15:00,54.54,49.33172105908393,51.7791383126378,49.33172105908393,47.85174906310105
2026-02-25 09:30:00,55.02,50.17093968391418,52.61835693746804,50.17093968391418,48.736439588750876
2026-02-25 09:45:00,56.32,51.03057146191597,53.477988715469834,51.03057146191597,49.5211355579315
2026-02-25 10:00:00,56.79,51.67133566439151,54.11875291794538,51.67133566439151,51.547029494408804
2026-02-25 10:15:00,58.05,52.272947205305094,54.72036445885896,52.272947205305094,52.003907059590794
2026-02-25 10:30:00,58.11,52.790818062424655,55.23823531597852,52.790818062424655,52.260880916223016
2026-02-25 10:45:00,58.58,53.25746741950511,55.70488467305898,53.25746741950511,52.31848853632155
2026-02-25 11:00:00,58.79,53.60575555503368,56.05317280858755,53.60575555503368,53.10943576248272
2026-02-25 11:15:00,59.33,53.93092348337173,56.378340736925594,53.93092348337173,52.8466318047775
2026-02-25 11:30:00,59.4,54.12880939781665,56.57622665137052,54.12880939781665,52.49422702192142
2026-02-25 11:45:00,59.62,54.19497681140899,56.64239406496286,54.19497681140899,52.111682543198555
2026-02-25 12:00:00,59.13,54.22914573073387,56.676562984287735,54.22914573073387,52.56128232509435
2026-02-25 12:15:00,58.59,54.37986408472061,56.827281338274474,54.37986408472061,52.293828218926905
2026-02-25 12:30:00,58.73,54.44018436789512,56.88760162144899,54.44018436789512,52.15343486339442
2026-02-25 12:45:00,58.7,54.491233190298075,56.93865044385194,54.491233190298075,52.16557043507504
2026-02-25 13:00:00,58.92,54.739671146869654,57.18708840042352,54.739671146869654,53.01342022386846
2026-02-25 13:15:00,60.24,54.75643416047096,57.203851414024825,54.75643416047096,53.329936661323124
2026-02-25 13:30:00,60.62,55.02234709382057,57.469764347374436,55.02234709382057,53.762235538525324
2026-02-25 13:45:00,60.68,55.14438502073288,57.59180227428674,55.14438502073288,54.26817335122142
2026-02-25 14:00:00,61.45,55.333597204685205,57.78101445823907,55.333597204685205,54.00270744505004
2026-02-25 14:15:00,61.45,55.48985718250274,57.937274436056605,55.48985718250274,54.510996552702146
2026-02-25 14:30:00,62.04,55.61188182651996,58.05929908007383,55.61188182651996,54.95502989543785
2026-02-25 14:45:00,62.74,55.628756416440005,58.07617366999387,55.628756416440005,55.30534728903113
2026-02-25 15:00:00,63.48,55.73948528647422,58.186902540028086,55.73948528647422,54.73057645959811
2026-02-25 15:15:00,62.75,58.9603907585144,61.407808012068266,58.9603907585144,54.867817119446336
2026-02-25 15:30:00,63.43,58.85055184245109,61.297969096004955,58.85055184245109,54.9178188679862
2026-02-25 15:45:00,63.56,59.01957668244838,61.46699393600225,59.01957668244838,54.91092753986183
2026-02-25 16:00:00,64.02,59.02607201814651,61.47348927170037,59.02607201814651,53.6031368753275
2026-02-25 16:15:00,63.87,59.04153862118721,61.48895587474107,59.04153862118721,53.59770988813389
2026-02-25 16:30:00,66.46,58.92193412065505,61.36935137420892,58.92193412065505,53.64832800499074
2026-02-25 16:45:00,64.26,58.964099342823026,61.41151659637689,58.964099342823026,53.78133202200948
2026-02-25 17:00:00,64.18,58.78229104459285,61.22970829814672,58.78229104459285,52.29729880875896
2026-02-25 17:15:00,63.64,58.761280161142345,61.20869741469621,58.761280161142345,52.62067483887666
2026-02-25 17:30:00,63.84,58.569522974491115,61.01694022804498,58.569522974491115,53.02276012894758
2026-02-25 17:45:00,61.7,58.65567051887512,61.103087772428985,58.65567051887512,53.47535862208658
2026-02-25 18:00:00,62.52,58.58005365371704,61.0274709072709,58.58005365371704,52.44850427406629
2026-02-25 18:15:00,62.88,58.81431079149246,61.261728045046326,58.81431079149246,52.88785222610108
2026-02-25 18:30:00,63.15,58.75512752413749,61.20254477769136,58.75512752413749,53.260803394243446
2026-02-25 18:45:00,64.17,58.57946920633316,61.026886459887024,58.57946920633316,53.53379722307025
2026-02-25 19:00:00,64.48,58.49751374363899,60.944930997192856,58.49751374363899,53.35704859801524
2026-02-25 19:15:00,63.47,58.15652057409286,60.603937827646725,58.15652057409286,53.36964638909378
2026-02-25 19:30:00,62.72,57.93159334182739,60.37901059538125,57.93159334182739,53.24558436760011
2026-02-25 19:45:00,62.23,57.416392346620555,59.86380960017442,57.416392346620555,52.99550674868996
2026-02-25 20:00:00,60.96,57.08586078524589,59.53327803879976,57.08586078524589,52.520065124628175
2026-02-25 20:15:00,60.81,56.55123488426208,58.998652137815945,56.55123488426208,52.07973822416791
2026-02-25 20:30:00,60.03,55.97898119807243,58.4263984516263,55.97898119807243,51.581051270146375
2026-02-25 20:45:00,59.87,55.38061865329742,57.828035906851284,55.38061865329742,51.046327960266886
2026-02-25 21:00:00,58.99,54.718099725246425,57.16551697880029,54.718099725246425,50.35975069254235
2026-02-25 21:15:00,58.29,53.68211360573768,56.12953085929155,53.68211360573768,49.79712091869197
2026-02-25 21:30:00,57.71,53.12434890151023,55.5717661550641,53.12434890151023,49.22851842665829
2026-02-25 21:45:00,56.92,52.454046196937554,54.90146345049142,52.454046196937554,48.65067316719364
2026-02-25 22:00:00,56.16,51.67574292898178,54.12316018253564,51.67574292898178,47.57299690702182
2026-02-25 22:15:00,55.5,50.963668175935744,53.41108542948961,50.963668175935744,46.952871935599795
2026-02-25 22:30:00,54.5,50.155042715072625,52.60245996862649,50.155042715072625,46.299507115894194
2026-02-25 22:45:00,53.66,49.318305335044855,51.76572258859872,49.318305335044855,45.609014687996904
2026-02-25 23:00:00,52.51,48.4300781404972,50.87749539405107,48.4300781404972,44.90621000663133
2026-02-25 23:15:00,51.38,47.55436608970165,50.00178334325552,47.55436608970165,44.15216245598357
2026-02-25 23:30:00,50.15,46.68123623371124,49.128653487265105,46.68123623371124,43.3833614387122
2026-02-25 23:45:00,49.12,45.824757815003395,48.27217506855726,45.824757815003395,42.61712225529215
2026-02-26 00:00:00,48.16,45.024511204361914,47.47192845791578,45.024511204361914,41.17383718195657
2026-02-26 00:15:00,47.25,44.34512565612793,46.79254290968179,44.34512565612793,40.469500349025346
2026-02-26 00:30:00,45.8,43.50144132196903,45.9488585755229,43.50144132196903,39.820540690116395
2026-02-26 00:45:00,45.12,42.88279579639435,45.33021304994821,42.88279579639435,39.23697566165146
2026-02-26 01:00:00,44.2,42.269841991364956,44.71725924491882,42.269841991364956,38.84606790599366
2026-02-26 01:15:00,44.04,41.635287542343136,44.082704795897,41.635287542343136,38.39810754751821
2026-02-26 01:30:00,43.09,41.09533652871847,43.542753782272335,41.09533652871847,38.00863431527551
2026-02-26 01:45:00,42.79,40.55790528029203,43.0053225338459,40.55790528029203,37.66613769148369
2026-02-26 02:00:00,42.3,40.10974571317434,42.55716296672821,40.10974571317434,37.001353012164145
2026-02-26 02:15:00,41.48,39.63625832170248,42.08367557525634,39.63625832170248,36.7163858544017
2026-02-26 02:30:00,41.13,39.317666754722595,41.76508400827646,39.317666754722595,36.44704686697514
2026-02-26 02:45:00,40.75,38.90406662404537,41.351483877599236,38.90406662404537,36.19096215542393
2026-02-26 03:00:00,42.87,38.51147073537111,40.95888798892498,38.51147073537111,35.727667663086436
2026-02-26 03:15:00,39.99,37.11187200427055,39.55928925782442,37.11187200427055,35.513296983220854
2026-02-26 03:30:00,39.2,36.92390575587749,39.37132300943136,36.92390575587749,35.33622580104061
2026-02-26 03:45:00,39.44,36.769485459029674,39.21690271258354,36.769485459029674,35.210022898714705
2026-02-26 04:00:00,38.74,36.561920298933984,39.00933755248785,36.561920298933984,35.16396926745716
2026-02-26 04:15:00,38.78,36.474922649264336,38.9223399028182,36.474922649264336,35.17279345094341
2026-02-26 04:30:00,38.58,36.39704902023077,38.84446627378463,36.39704902023077,35.256381091068
2026-02-26 04:45:00,38.58,36.29760396957397,38.745021223127836,36.29760396957397,35.41102346899655
2026-02-26 05:00:00,38.57,36.318749010264874,38.76616626381874,36.318749010264874,35.50690412678952
2026-02-26 05:15:00,39.18,36.45279467433691,38.90021192789077,36.45279467433691,35.76799136306334
2026-02-26 05:30:00,39.24,36.57432519465684,39.02174244821071,36.57432519465684,36.056651914373006
2026-02-26 05:45:00,39.3,36.75461260139942,39.20202985495329,36.75461260139942,36.35522637131816
2026-02-26 06:00:00,40.1,37.05418439090252,39.501601644456386,37.05418439090252,36.532418722198706
2026-02-26 06:15:00,43.39,37.576032146811485,40.02344940036535,37.576032146811485,36.814965751300385
2026-02-26 06:30:00,41.27,38.03040943711996,40.47782669067382,38.03040943711996,37.08635176197409
2026-02-26 06:45:00,41.8,38.7264304831624,41.17384773671627,38.7264304831624,37.35628231121092
2026-02-26 07:00:00,42.33,39.61294152766466,42.060358781218525,39.61294152766466,37.3717182391916
2026-02-26 07:15:00,43.07,40.42039543718099,42.86781269073486,40.42039543718099,37.698113488169184
2026-02-26 07:30:00,43.31,41.450671240091324,43.89808849364519,41.450671240091324,38.09043146256448
2026-02-26 07:45:00,44.88,42.505426090359684,44.95284334391355,42.505426090359684,38.572381757187244
2026-02-26 08:00:00,46.82,43.555929085910314,46.00334633946418,43.555929085910314,42.28242077852315
2026-02-26 08:15:00,49.25,44.634796375632284,47.08221362918615,44.634796375632284,42.9841896324616
2026-02-26 08:30:00,51.01,45.760099338293074,48.20751659184694,45.760099338293074,43.792137712063266
2026-02-26 08:45:00,49.91,46.76587749779224,49.213294751346105,46.76587749779224,44.68483343421402
2026-02-26 09:00:00,51.74,47.80374181866645,50.25115907222032,47.80374181866645,47.78939662937458
2026-02-26 09:15:00,53.31,50.120140579938884,52.56755783349275,50.120140579938884,48.73577906028445
2026-02-26 09:30:00,54.54,51.061908468008035,53.5093257215619,51.061908468008035,49.634225762060446
2026-02-26 09:45:00,55.52,52.0095367693901,54.45695402294397,52.0095367693901,50.43243818417155
2026-02-26 10:00:00,56.64,52.748549233675,55.195966487228866,52.748549233675,52.870056507944334
2026-02-26 10:15:00,56.86,53.42940387010574,55.8768211236596,53.42940387010574,53.339948618475326
2026-02-26 10:30:00,57.95,54.02848369121551,56.47590094476938,54.02848369121551,53.60967517815387
2026-02-26 10:45:00,58.22,54.56834836602211,57.01576561957597,54.56834836602211,53.67976663648288
2026-02-26 11:00:00,58.57,54.98271624803542,57.43013350158929,54.98271624803542,55.32496920814368
2026-02-26 11:15:00,59.04,55.367027595043176,57.81444484859704,55.367027595043176,55.07409102574832
2026-02-26 11:30:00,59.33,55.57508555054664,58.022502804100505,55.57508555054664,54.73332319848352
2026-02-26 11:45:00,59.06,55.67410156369209,58.121518817245956,55.67410156369209,54.3621205890044
2026-02-26 12:00:00,58.69,55.71031604886055,58.157733302414414,55.71031604886055,54.50893394561014
2026-02-26 12:15:00,58.02,55.88635957062244,58.333776824176304,55.88635957062244,54.252213537989604
2026-02-26 12:30:00,57.98,55.929776041507715,58.37719329506158,55.929776041507715,54.12224120610972
2026-02-26 12:45:00,57.85,55.991318351030344,58.43873560458421,55.991318351030344,54.14447967911626
2026-02-26 13:00:00,60.79,56.22292687952518,58.67034413307905,56.22292687952518,55.54057197388673
2026-02-26 13:15:00,64.86,56.26542948722839,58.712846740782254,56.26542948722839,55.86653958264089
2026-02-26 13:30:00,62.56,56.527129086256025,58.97454633980989,56.527129086256025,56.30795645930017
2026-02-26 13:45:00,62.71,56.67529712438583,59.122714377939694,56.67529712438583,56.8226745242908
2026-02-26 14:00:00,63.2,56.8790487653017,59.32646601885556,56.8790487653017,55.76008658083849
2026-02-26 14:15:00,63.76,57.04468912363052,59.492106377184385,57.04468912363052,56.276467621850024
2026-02-26 14:30:00,64.37,57.206554483175275,59.65397173672914,57.206554483175275,56.728242783376594
2026-02-26 14:45:00,64.75,57.24663960397243,59.6940568575263,57.24663960397243,57.085948220049595
2026-02-26 15:00:00,64.33,57.38713809847831,59.834555352032176,57.38713809847831,56.77440863201893
2026-02-26 15:15:00,64.59,60.02976741969585,62.47718467324972,60.02976741969585,56.918319736156505
2026-02-26 15:30:00,65.01,59.901616704463954,62.34903395801782,59.901616704463954,56.97462857911626
2026-02-26 15:45:00,66.22,60.058578019142146,62.50599527269601,60.058578019142146,56.9736782795627
2026-02-26 16:00:00,66.76,60.04878586888313,62.496203122436995,60.04878586888313,55.80002988382505
2026-02-26 16:15:00,66.57,60.069687832593914,62.51710508614778,60.069687832593914,55.79980460697755
2026-02-26 16:30:00,66.55,59.92866599202156,62.37608324557542,59.92866599202156,55.855251664904344
2026-02-26 16:45:00,66.3,59.980604768395416,62.42802202194928,59.980604768395416,55.9927101034916
2026-02-26 17:00:00,67.19,59.80179309129714,62.24921034485101,59.80179309129714,54.60650510032033
2026-02-26 17:15:00,63.8,59.77874992489814,62.22616717845201,59.77874992489814,54.93358223625925
2026-02-26 17:30:00,65.12,59.571608489155764,62.01902574270963,59.571608489155764,55.33899032326397
2026-02-26 17:45:00,65.6,59.696050620079035,62.1434678736329,59.696050620079035,55.79453252908
2026-02-26 18:00:00,65.28,59.59508999109268,62.04250724464654,59.59508999109268,54.5166480919139
2026-02-26 18:15:00,66.46,59.84209605157375,62.28951330512761,59.84209605157375,54.95818023597621
2026-02-26 18:30:00,68.05,59.80187013208866,62.249287385642525,59.80187013208866,55.332935646086604
2026-02-26 18:45:00,68.26,59.58067273676395,62.02808999031782,59.58067273676395,55.6073539632057
2026-02-26 19:00:00,65.6,59.49549484372138,61.94291209727525,59.49549484372138,55.397769705649125
2026-02-26 19:15:00,65.52,59.13046494722366,61.57788220077752,59.13046494722366,55.411034031409095
2026-02-26 19:30:00,64.71,58.88913068294524,61.33654793649911,58.88913068294524,55.28726082380851
2026-02-26 19:45:00,62.83,58.33310869455337,60.78052594810723,58.33310869455337,55.0370954526786
2026-02-26 20:00:00,61.73,57.97472024559974,60.42213749915361,57.97472024559974,54.10148962944739
2026-02-26 20:15:00,60.41,57.4006600856781,59.84807733923196,57.4006600856781,53.66032625097867
2026-02-26 20:30:00,60.53,56.79702688813209,59.24444414168595,56.79702688813209,53.16043112580927
2026-02-26 20:45:00,60.37,56.16088513314723,58.6083023867011,56.16088513314723,52.624130039727085
2026-02-26 21:00:00,60.1,55.47742970585823,57.92484695941209,55.47742970585823,51.74177451013384
2026-02-26 21:15:00,58.89,55.45091704726219,57.89833430081605,55.45091704726219,51.176834922825954
2026-02-26 21:30:00,58.44,54.818258067369456,57.26567532092332,54.818258067369456,50.60556063448259
2026-02-26 21:45:00,57.66,53.97932103991508,56.426738293468944,53.97932103991508,50.02468458096997
2026-02-26 22:00:00,56.47,53.07412893176078,55.52154618531465,53.07412893176078,49.29933029813583
2026-02-26 22:15:00,55.98,52.28991211891174,54.7373293724656,52.28991211891174,48.67546636014677
2026-02-26 22:30:00,54.66,51.33544578313827,53.782863036692135,51.33544578313827,48.01801382468728
2026-02-26 22:45:00,53.56,50.43464765667915,52.88206491023301,50.43464765667915,47.32308876907399
2026-02-26 23:00:00,52.38,49.48904366850853,51.936460922062395,49.48904366850853,45.916549318446556
2026-02-26 23:15:00,51.2,48.52047886788845,50.967896121442315,48.52047886788845,45.15739164110439
2026-02-26 23:30:00,50.2,47.5713921046257,50.01880935817957,47.5713921046257,44.3831483079576
2026-02-26 23:45:00,48.85,46.774014599323266,49.22143185287713,46.774014599323266,43.61113925321694
2026-02-27 00:00:00,47.91,45.86590291082859,48.31332016438245,45.86590291082859,42.43229616287439
2026-02-27 00:15:00,46.96,45.10037513136864,47.5477923849225,45.10037513136864,41.72154899868344
2026-02-27 00:30:00,46.21,44.24928691148757,46.69670416504144,44.24928691148757,41.06586647023331
2026-02-27 00:45:00,45.43,43.58263965964317,46.030056913197036,43.58263965964317,40.475271399309655
2026-02-27 01:00:00,44.67,42.904084292352195,45.35150154590606,42.904084292352195,39.81170980769077
2026-02-27 01:15:00,44.39,42.28058121204376,44.72799846559762,42.28058121204376,39.35612183796936
2026-02-27 01:30:00,43.75,41.68615571737289,44.13357297092676,41.68615571737289,38.95873092873134
2026-02-27 01:45:00,43.24,41.155421704649925,43.60283895820379,41.155421704649925,38.608032586862514
2026-02-27 02:00:00,42.45,40.60681157171726,43.054228825271124,40.60681157171726,38.529736891147266
2026-02-27 02:15:00,42.2,40.105276018977165,42.55269327253103,40.105276018977165,38.23601861211007
2026-02-27 02:30:00,42.11,39.74159832119941,42.18901557475328,39.74159832119941,37.957663431695195
2026-02-27 02:45:00,41.8,39.28949373424053,41.736910987794396,39.28949373424053,37.69230406038468
2026-02-27 03:00:00,41.22,38.88402406364679,41.33144131720066,38.88402406364679,37.30168699492681
2026-02-27 03:15:00,40.77,37.63754390567541,40.08496115922927,37.63754390567541,37.07754505844669
2026-02-27 03:30:00,40.61,37.45673315286636,39.90415040642023,37.45673315286636,36.890464737275785
2026-02-27 03:45:00,40.02,37.28833792209625,39.73575517565011,37.28833792209625,36.75402191336118
2026-02-27 04:00:00,39.78,37.058461483120915,39.50587873667478,37.058461483120915,36.3293110608364
2026-02-27 04:15:00,39.54,36.95921169102192,39.406628944575786,36.95921169102192,36.32745549102704
2026-02-27 04:30:00,39.76,36.8966319873929,39.34404924094677,36.8966319873929,36.400154531119234
2026-02-27 04:45:00,39.75,36.797356957793234,39.2447742113471,36.797356957793234,36.54370696702719
2026-02-27 05:00:00,39.88,36.84816137492656,39.29557862848043,36.84816137492656,36.39780174254525
2026-02-27 05:15:00,40.5,37.00734890282154,39.454766156375406,37.00734890282154,36.64741920773243
2026-02-27 05:30:00,41.07,37.111450936496254,39.55886819005012,37.111450936496254,36.92443165656251
2026-02-27 05:45:00,41.07,37.310352992415424,39.75777024596929,37.310352992415424,37.21118749517534
2026-02-27 06:00:00,41.46,37.68354522794485,40.13096248149871,37.68354522794485,37.252859267016625
2026-02-27 06:15:00,42.65,38.19948342382908,40.646900677382945,38.19948342382908,37.5232703378807
2026-02-27 06:30:00,43.1,38.660560606420034,41.1079778599739,38.660560606420034,37.7823736736613
2026-02-27 06:45:00,44.74,39.42634341746568,41.87376067101955,39.42634341746568,38.03988286105202
2026-02-27 07:00:00,43.41,40.378878420293326,42.82629567384719,40.378878420293326,39.26622079971053
2026-02-27 07:15:00,44.55,41.31044371664524,43.757860970199104,41.31044371664524,39.57994155058592
2026-02-27 07:30:00,44.48,42.397448107898235,44.8448653614521,42.397448107898235,39.959470635556784
2026-02-27 07:45:00,45.57,43.56179348409176,46.009210737645624,43.56179348409176,40.42852579583644
2026-02-27 08:00:00,47.98,44.709422336816786,47.15683959037065,44.709422336816786,43.07890238108083
2026-02-27 08:15:00,50.14,45.899705222249025,48.34712247580289,45.899705222249025,43.76758809953474
2026-02-27 08:30:00,51.43,47.11799642026424,49.56541367381811,47.11799642026424,44.562371296252614
2026-02-27 08:45:00,53.27,48.21310736238956,50.66052461594342,48.21310736238956,45.44182855289762
2026-02-27 09:00:00,54.56,49.356724780797954,51.80414203435182,49.356724780797954,47.50466214744188
2026-02-27 09:15:00,56.03,51.980920100212096,54.42833735376596,51.980920100212096,48.43768339359915
2026-02-27 09:30:00,57.07,52.950550189018244,55.39796744257211,52.950550189018244,49.32271973486495
2026-02-27 09:45:00,58.27,53.89221712708473,56.33963438063859,53.89221712708473,50.10748070680154
2026-02-27 10:00:00,59.53,54.644868468046184,57.09228572160005,54.644868468046184,52.9567810700623
2026-02-27 10:15:00,60.36,55.30053873538971,57.74795598894357,55.30053873538971,53.413163665138995
2026-02-27 10:30:00,60.67,55.89589934587478,58.34331659942865,55.89589934587478,53.66936364710343
2026-02-27 10:45:00,61.02,56.42416539669036,58.87158265024423,56.42416539669036,53.72591937843907
2026-02-27 11:00:00,61.53,56.8328428864479,59.280260140001765,56.8328428864479,54.640380147571015
2026-02-27 11:15:00,61.52,57.21070405960082,59.65812131315469,57.21070405960082,54.37597144102149
2026-02-27 11:30:00,61.44,57.3747106218338,59.822127875387665,57.3747106218338,54.021687309473315
2026-02-27 11:45:00,61.28,57.44776123166084,59.89517848521471,57.44776123166084,53.63699026360343
2026-02-27 12:00:00,61.63,57.49395382761955,59.941371081173415,57.49395382761955,54.64376844154078
2026-02-27 12:15:00,61.13,57.69990777254104,60.147325026094904,57.69990777254104,54.373619952710584
2026-02-27 12:30:00,61.14,57.7249619692564,60.172379222810264,57.7249619692564,54.230263850992884
2026-02-27 12:45:00,60.64,57.822043992877,60.269461246430865,57.822043992877,54.23917016205304
2026-02-27 13:00:00,61.43,58.04281102240085,60.49022827595471,58.04281102240085,56.37169762411045
2026-02-27 13:15:00,62.67,58.149900379180906,60.59731763273477,58.149900379180906,56.68445776850134
2026-02-27 13:30:00,56.53,58.402105364799496,60.84952261835336,58.402105364799496,57.11274005400247
2026-02-27 13:45:00,60.43,58.58973954081535,61.03715679436922,58.58973954081535,57.61440326524066
2026-02-27 14:00:00,61.68,58.81974083900451,61.267158092558375,58.81974083900451,57.306617011738716
2026-02-27 14:15:00,60.92,58.98188513934612,61.429302392899984,58.98188513934612,57.81012278032781
2026-02-27 14:30:00,61.7,59.18284205913543,61.6302593126893,59.18284205913543,58.249122259684185
2026-02-27 14:45:00,61.24,59.23735771715641,61.68477497071027,59.23735771715641,58.594157961269694
2026-02-27 15:00:00,62.4,59.40171760439872,61.849134857952585,59.40171760439872,58.59431280875179
2026-02-27 15:15:00,64.35,60.58675374627113,63.034170999824994,60.58675374627113,58.725784587483446
2026-02-27 15:30:00,66.7,60.44454175829887,62.891959011852734,60.44454175829887,58.7697782801961
2026-02-27 15:45:00,65.76,60.606316794157024,63.05373404771089,60.606316794157024,58.75664278788292
2026-02-27 16:00:00,65.93,60.59311093986034,63.040528193414204,60.59311093986034,57.41910103493451
2026-02-27 16:15:00,65.52,60.610747967958446,63.05816522151231,60.610747967958446,57.40696721063915
2026-02-27 16:30:00,65.45,60.464731758832926,62.91214901238679,60.464731758832926,57.45065209229835
2026-02-27 16:45:00,64.83,60.527357952594755,62.97477520614862,60.527357952594755,57.57649987452719
2026-02-27 17:00:00,62.41,60.360376021862024,62.80779327541589,60.360376021862024,56.81952607905753
2026-02-27 17:15:00,64.66,60.361430683732024,62.80884793728589,60.361430683732024,57.13531037605574
2026-02-27 17:30:00,64.3,60.15717429280281,62.60459154635667,60.15717429280281,57.529591579405654
2026-02-27 17:45:00,64.7,60.30764824151992,62.75506549507379,60.30764824151992,57.97417732265231
2026-02-27 18:00:00,64.37,60.21985893130302,62.66727618485689,60.21985893130302,52.99272535173636
2026-02-27 18:15:00,64.61,60.51060556530952,62.958022818863384,60.51060556530952,53.42365455841786
2026-02-27 18:30:00,64.99,60.50500549674034,62.952422750294204,60.50500549674034,53.787989773296815
2026-02-27 18:45:00,66.31,60.29262794375419,62.740045197308056,60.29262794375419,54.05217437870913
2026-02-27 19:00:00,65.19,60.22345062613487,62.670867879688736,60.22345062613487,55.74949348734714
2026-02-27 19:15:00,64.75,59.86915862202644,62.316575875580305,59.86915862202644,55.752907546171066
2026-02-27 19:30:00,63.85,59.62849381566047,62.075911069214335,59.62849381566047,55.61948065517622
2026-02-27 19:45:00,62.81,59.068986395597456,61.51640364915132,59.068986395597456,55.35986117092525
2026-02-27 20:00:00,62.52,58.714224177002905,61.16164143055677,58.714224177002905,54.415206303265634
2026-02-27 20:15:00,61.59,58.115141699314115,60.56255895286798,58.115141699314115,53.96499614219687
2026-02-27 20:30:00,61.07,57.52224108099937,59.96965833455324,57.52224108099937,53.456261606891175
2026-02-27 20:45:00,60.5,56.87007484138012,59.31749209493398,56.87007484138012,52.91133069437073
2026-02-27 21:00:00,60.12,56.18037114024162,58.627788393795484,56.18037114024162,49.34739174570004
