datetime,actual,lstm,lstm_margin,hybrid,prophet
2025-12-28 09:15:00,3.12,2.6274785184860234,2.7939246654510503,2.6274785184860234,3.0070164680660927
2025-12-28 09:30:00,3.08,2.6535618066787725,2.8200079536437994,2.6535618066787725,3.0247171950864034
2025-12-28 09:45:00,3.08,2.66201605796814,2.828462204933167,2.66201605796814,3.0368607059898087
2025-12-28 10:00:00,3.08,2.673826189041138,2.840272336006165,2.673826189041138,3.0208538871629784
2025-12-28 10:15:00,3.08,2.6872546005249025,2.8537007474899294,2.6872546005249025,3.021313974192271
2025-12-28 10:30:00,3.18,2.687547597885132,2.853993744850159,2.687547597885132,3.0160583431005437
2025-12-28 10:45:00,3.18,2.684998955726624,2.8514451026916507,2.684998955726624,3.005595315796247
2025-12-28 11:00:00,3.14,2.6878819084167485,2.8543280553817754,2.6878819084167485,3.0124906860196767
2025-12-28 11:15:00,3.13,2.6794053697586064,2.8458515167236333,2.6794053697586064,2.9947144792422375
2025-12-28 11:30:00,2.98,2.6786326503753664,2.8450787973403933,2.6786326503753664,2.975573505542505
2025-12-28 11:45:00,3.03,2.6767953014373784,2.8432414484024053,2.6767953014373784,2.956941679951316
2025-12-28 12:00:00,3.06,2.697325229644776,2.8637713766098027,2.697325229644776,2.921365305077522
2025-12-28 12:15:00,3.07,2.6684799385070805,2.8349260854721074,2.6684799385070805,2.9094696867021383
2025-12-28 12:30:00,3.03,2.6866802930831915,2.8531264400482184,2.6866802930831915,2.903371973242459
2025-12-28 12:45:00,3.01,2.689733662605286,2.856179809570313,2.689733662605286,2.9041075425017113
2025-12-28 13:00:00,3.01,2.6857559108734135,2.8522020578384404,2.6857559108734135,2.863965756487731
2025-12-28 13:15:00,3.06,2.725173025131226,2.8916191720962527,2.725173025131226,2.8790214289371727
2025-12-28 13:30:00,3.11,2.717103910446167,2.883550057411194,2.717103910446167,2.9002924150663
2025-12-28 13:45:00,3.04,2.728122024536133,2.89456817150116,2.728122024536133,2.9264307678947414
2025-12-28 14:00:00,3.09,2.7530507183074953,2.919496865272522,2.7530507183074953,2.9160133676100624
2025-12-28 14:15:00,3.1,2.7812135267257694,2.9476596736907963,2.7812135267257694,2.946722967283185
2025-12-28 14:30:00,3.2,2.814760093688965,2.981206240653992,2.814760093688965,2.9771404065740796
2025-12-28 14:45:00,3.26,2.8390979003906254,3.0055440473556523,2.8390979003906254,3.0059196346497714
2025-12-28 15:00:00,3.26,2.869056744575501,3.0355028915405278,2.869056744575501,3.083817753213726
2025-12-28 15:15:00,3.26,3.04784520149231,3.214291348457337,3.04784520149231,3.1073547959578693
2025-12-28 15:30:00,3.31,3.1035223102569582,3.269968457221985,3.1035223102569582,3.128454489051097
2025-12-28 15:45:00,3.35,3.130016555786133,3.29646270275116,3.130016555786133,3.1479242554099063
2025-12-28 16:00:00,3.36,3.1684448719024663,3.334891018867493,3.1684448719024663,3.1722960780949454
2025-12-28 16:15:00,3.46,3.2075847530364996,3.3740309000015265,3.2075847530364996,3.191987175802937
2025-12-28 16:30:00,3.52,3.2421429491043097,3.4085890960693366,3.2421429491043097,3.2134778422845276
2025-12-28 16:45:00,3.59,3.277794857025147,3.444241003990174,3.277794857025147,3.2374663166414894
2025-12-28 17:00:00,3.58,3.2963567018508915,3.4628028488159184,3.2963567018508915,3.247509681277661
2025-12-28 17:15:00,3.64,3.3220374584198002,3.488483605384827,3.3220374584198002,3.276258915177137
2025-12-28 17:30:00,3.61,3.329069395065308,3.495515542030335,3.329069395065308,3.305952810961315
2025-12-28 17:45:00,3.71,3.3443607044219976,3.5108068513870245,3.3443607044219976,3.334849917140917
2025-12-28 18:00:00,3.72,3.3430229187011724,3.5094690656661993,3.3430229187011724,3.3627139870278615
2025-12-28 18:15:00,3.85,3.358748831748963,3.52519497871399,3.358748831748963,3.3835330679702893
2025-12-28 18:30:00,4.07,3.342085218429566,3.508531365394593,3.342085218429566,3.3970999585176926
2025-12-28 18:45:00,4.07,3.351691617965699,3.5181377649307257,3.351691617965699,3.401753727430943
2025-12-28 19:00:00,4.0,3.335017404556275,3.5014635515213017,3.335017404556275,3.4719480792364545
2025-12-28 19:15:00,3.96,3.3509561347961427,3.5174022817611696,3.3509561347961427,3.456561735025058
2025-12-28 19:30:00,3.88,3.3031366825103765,3.4695828294754034,3.3031366825103765,3.431696465460112
2025-12-28 19:45:00,3.71,3.276322803497315,3.4427689504623418,3.276322803497315,3.3987758597247453
2025-12-28 20:00:00,3.59,3.242021455764771,3.408467602729798,3.242021455764771,3.305992614019095
2025-12-28 20:15:00,3.53,3.2201991319656376,3.3866452789306645,3.2201991319656376,3.263439305372689
2025-12-28 20:30:00,3.48,3.173828630447388,3.340274777412415,3.173828630447388,3.2197488246028967
2025-12-28 20:45:00,3.49,3.145489153862,3.311935300827027,3.145489153862,3.1771730950478885
2025-12-28 21:00:00,3.42,3.110006575584412,3.276452722549439,3.110006575584412,3.131862290148217
2025-12-28 21:15:00,3.42,3.192690267562867,3.3591364145278937,3.192690267562867,3.0961221517954765
2025-12-28 21:30:00,3.38,3.1620130634307864,3.3284592103958133,3.1620130634307864,3.0646434857777387
2025-12-28 21:45:00,3.37,3.124163675308228,3.2906098222732547,3.124163675308228,3.0369658944900646
2025-12-28 22:00:00,3.32,3.084965629577637,3.251411776542664,3.084965629577637,3.036987060033942
2025-12-28 22:15:00,3.27,3.0487937736511235,3.2152399206161504,3.0487937736511235,3.0131611389755952
2025-12-28 22:30:00,3.27,3.0085734987258914,3.1750196456909183,3.0085734987258914,2.9887756654716426
2025-12-28 22:45:00,3.22,2.9664922285079958,3.1329383754730227,2.9664922285079958,2.962225054814235
2025-12-28 23:00:00,3.11,2.918775515556336,3.085221662521363,2.918775515556336,2.9577622337259575
2025-12-28 23:15:00,3.12,2.87960057258606,3.0460467195510867,2.87960057258606,2.9237402501143204
2025-12-28 23:30:00,3.07,2.834704570770264,3.0011507177352907,2.834704570770264,2.885663043775314
2025-12-28 23:45:00,3.01,2.793437333106995,2.9598834800720217,2.793437333106995,2.844236708802161
2025-12-29 00:00:00,2.92,2.769737434387207,2.936183581352234,2.769737434387207,2.7358575668972485
2025-12-29 00:15:00,2.92,2.716919631958008,2.883365778923035,2.716919631958008,2.6920656731830093
2025-12-29 00:30:00,2.8,2.6768719482421877,2.8433180952072146,2.6768719482421877,2.649851024343322
2025-12-29 00:45:00,2.8,2.630226931571961,2.7966730785369878,2.630226931571961,2.611021448470872
2025-12-29 01:00:00,2.7,2.5962479352951053,2.7626940822601322,2.5962479352951053,2.6106911095910257
2025-12-29 01:15:00,2.66,2.56560905456543,2.732055201530457,2.56560905456543,2.582480984447053
2025-12-29 01:30:00,2.6,2.534768228530884,2.701214375495911,2.534768228530884,2.5602948111268837
2025-12-29 01:45:00,2.56,2.503382720947266,2.669828867912293,2.503382720947266,2.5436966946748703
2025-12-29 02:00:00,2.54,2.488398542404175,2.654844689369202,2.488398542404175,2.524290401377183
2025-12-29 02:15:00,2.5,2.4387295103073123,2.6051756572723392,2.4387295103073123,2.515267878099226
2025-12-29 02:30:00,2.45,2.404108800888062,2.570554947853089,2.404108800888062,2.5075615152488906
2025-12-29 02:45:00,2.47,2.383954496383667,2.550400643348694,2.383954496383667,2.4994882566792858
2025-12-29 03:00:00,2.44,2.3690393543243413,2.5354855012893682,2.3690393543243413,2.517539594787228
2025-12-29 03:15:00,2.39,2.2874564409255984,2.4539025878906253,2.2874564409255984,2.5050656800799813
2025-12-29 03:30:00,2.39,2.2832533693313604,2.4496995162963873,2.2832533693313604,2.4897090221454183
2025-12-29 03:45:00,2.38,2.2857013106346136,2.4521474575996405,2.2857013106346136,2.471927837501416
2025-12-29 04:00:00,2.34,2.2820446872711186,2.4484908342361456,2.2820446872711186,2.436131979575886
2025-12-29 04:15:00,2.34,2.2914566159248357,2.4579027628898626,2.2914566159248357,2.417359544154476
2025-12-29 04:30:00,2.33,2.2912736964225773,2.457719843387604,2.2912736964225773,2.400864155447877
2025-12-29 04:45:00,2.34,2.297797372341156,2.464243519306183,2.297797372341156,2.3886840260223856
2025-12-29 05:00:00,2.28,2.309506666660309,2.475952813625336,2.309506666660309,2.3588422174628842
2025-12-29 05:15:00,2.28,2.331239976882935,2.497686123847962,2.331239976882935,2.3605352068594043
2025-12-29 05:30:00,2.29,2.3545020103454593,2.520948157310486,2.3545020103454593,2.3708563910697107
2025-12-29 05:45:00,2.29,2.3645560598373416,2.5310022068023685,2.3645560598373416,2.3901119885565656
2025-12-29 06:00:00,2.29,2.40503345489502,2.5714796018600468,2.40503345489502,2.431462561068673
2025-12-29 06:15:00,2.39,2.429745254516602,2.596191401481629,2.429745254516602,2.4669703827546097
2025-12-29 06:30:00,2.39,2.4866239786148077,2.6530701255798346,2.4866239786148077,2.508754051644973
2025-12-29 06:45:00,2.5,2.5110838222503666,2.6775299692153935,2.5110838222503666,2.555137087209707
2025-12-29 07:00:00,2.6,2.5460331344604494,2.7124792814254763,2.5460331344604494,2.521618023003235
2025-12-29 07:15:00,2.7,2.583532991409302,2.749979138374329,2.583532991409302,2.5718926413517083
2025-12-29 07:30:00,2.81,2.6214932727813722,2.787939419746399,2.6214932727813722,2.62170081874659
2025-12-29 07:45:00,2.87,2.659888973236084,2.826335120201111,2.659888973236084,2.6697639306259235
2025-12-29 08:00:00,2.91,2.707173528671265,2.873619675636292,2.707173528671265,2.7151568578978043
2025-12-29 08:15:00,3.12,2.7292575931549075,2.8957037401199344,2.7292575931549075,2.7570483475222236
2025-12-29 08:30:00,3.12,2.759216437339783,2.92566258430481,2.759216437339783,2.7949963238671534
2025-12-29 08:45:00,3.17,2.782910628318787,2.949356775283814,2.782910628318787,2.828633299272824
2025-12-29 09:00:00,3.17,2.812348980903626,2.978795127868653,2.812348980903626,2.866496889058876
2025-12-29 09:15:00,3.23,2.864771318435669,3.031217465400696,2.864771318435669,2.8905889450705593
2025-12-29 09:30:00,3.28,2.8954017734527593,3.061847920417786,2.8954017734527593,2.909437101047316
2025-12-29 09:45:00,3.23,2.9022581291198732,3.0687042760849,2.9022581291198732,2.9227302153756196
2025-12-29 10:00:00,3.22,2.914908657073975,3.0813548040390017,2.914908657073975,2.9550286349006125
2025-12-29 10:15:00,3.29,2.9298974561691287,3.0963436031341556,2.9298974561691287,2.956640806826383
2025-12-29 10:30:00,3.29,2.93090446472168,3.097350611686707,2.93090446472168,2.9525375621211256
2025-12-29 10:45:00,3.33,2.930732145309449,3.0971782922744757,2.930732145309449,2.9432265935351016
2025-12-29 11:00:00,3.35,2.9341459178924563,3.100592064857483,2.9341459178924563,2.96137515554691
2025-12-29 11:15:00,3.33,2.936799201965332,3.103245348930359,2.936799201965332,2.9447484581379313
2025-12-29 11:30:00,3.32,2.933585743904114,3.100031890869141,2.933585743904114,2.9267547698948913
2025-12-29 11:45:00,3.38,2.930808248519898,3.0972543954849248,2.930808248519898,2.9092673722478777
2025-12-29 12:00:00,3.33,2.9556994342803957,3.1221455812454226,2.9556994342803957,2.8998800559913
2025-12-29 12:15:00,3.23,2.928110389709473,3.0945565366745,2.928110389709473,2.889121249820994
2025-12-29 12:30:00,3.24,2.9514979934692387,3.1179441404342656,2.9514979934692387,2.8841555914386383
2025-12-29 12:45:00,3.28,2.9576408815383917,3.1240870285034186,2.9576408815383917,2.8860178272768033
2025-12-29 13:00:00,3.23,2.9598576593399053,3.126303806304932,2.9598576593399053,2.9590574807050016
2025-12-29 13:15:00,3.25,2.998556685447693,3.16500283241272,2.998556685447693,2.9752271553876244
2025-12-29 13:30:00,3.3,2.9976361083984377,3.1640822553634647,2.9976361083984377,2.997604872387429
2025-12-29 13:45:00,3.37,3.004261980056763,3.17070812702179,3.004261980056763,3.0248420622647645
2025-12-29 14:00:00,3.31,3.038381223678589,3.204827370643616,3.038381223678589,3.0266271395888658
2025-12-29 14:15:00,3.41,3.066220865249634,3.232667012214661,3.066220865249634,3.058417934859704
2025-12-29 14:30:00,3.43,3.1046162939071658,3.2710624408721927,3.1046162939071658,3.0899068299401313
2025-12-29 14:45:00,3.53,3.133897275924683,3.3003434228897097,3.133897275924683,3.1197471671273975
2025-12-29 15:00:00,3.59,3.1731904506683355,3.3396365976333624,3.1731904506683355,3.1537476174476895
2025-12-29 15:15:00,3.62,3.3051303148269655,3.4715764617919924,3.3051303148269655,3.1783232755888133
2025-12-29 15:30:00,3.62,3.3604179382324224,3.5268640851974493,3.3604179382324224,3.200449448134739
2025-12-29 15:45:00,3.64,3.3808299064636236,3.5472760534286505,3.3808299064636236,3.2209329733151093
2025-12-29 16:00:00,3.67,3.4198985767364505,3.5863447237014774,3.4198985767364505,3.2201287253061266
2025-12-29 16:15:00,3.8,3.4577180671691896,3.6241642141342165,3.4577180671691896,3.240806413134016
2025-12-29 16:30:00,3.76,3.489295191764832,3.6557413387298587,3.489295191764832,3.2632692359337643
2025-12-29 16:45:00,3.82,3.525572776794434,3.692018923759461,3.525572776794434,3.2882148766575034
2025-12-29 17:00:00,3.83,3.544644241333008,3.711090388298035,3.544644241333008,3.3049946966665757
2025-12-29 17:15:00,3.85,3.5776637935638433,3.7441099405288703,3.5776637935638433,3.334669481387503
2025-12-29 17:30:00,3.9,3.5842839574813845,3.7507301044464114,3.5842839574813845,3.3652723196940446
2025-12-29 17:45:00,3.96,3.60173415184021,3.768180298805237,3.60173415184021,3.3950612385729086
2025-12-29 18:00:00,3.97,3.6118341350555423,3.778280282020569,3.6118341350555423,3.447346933622282
2025-12-29 18:15:00,3.98,3.6248977947235113,3.791343941688538,3.6248977947235113,3.4690220416909026
2025-12-29 18:30:00,4.09,3.6186622238159183,3.785108370780945,3.6186622238159183,3.4834263238074232
2025-12-29 18:45:00,4.19,3.6319664239883425,3.7984125709533694,3.6319664239883425,3.488898367578687
2025-12-29 19:00:00,4.19,3.6214285755157474,3.7878747224807743,3.6214285755157474,3.497368471777391
2025-12-29 19:15:00,4.14,3.639055981636048,3.805502128601075,3.639055981636048,3.4827607696564327
2025-12-29 19:30:00,3.97,3.6019026660919193,3.7683488130569462,3.6019026660919193,3.4586536489922666
2025-12-29 19:45:00,3.93,3.5775126743316656,3.7439588212966926,3.5775126743316656,3.4264702635354634
2025-12-29 20:00:00,3.89,3.555353593826294,3.721799740791321,3.555353593826294,3.3615614431687066
2025-12-29 20:15:00,3.76,3.531637659072876,3.698083806037903,3.531637659072876,3.3197022403520147
2025-12-29 20:30:00,3.7,3.4928212165832524,3.6592673635482793,3.4928212165832524,3.276683704923072
2025-12-29 20:45:00,3.61,3.4640830135345464,3.6305291604995733,3.4640830135345464,3.2347573753337917
2025-12-29 21:00:00,3.61,3.4350947570800785,3.6015409040451054,3.4350947570800785,3.2000201535511894
2025-12-29 21:15:00,3.52,3.3571944236755376,3.5236405706405645,3.3571944236755376,3.164883223517103
2025-12-29 21:30:00,3.55,3.328517103195191,3.4949632501602177,3.328517103195191,3.13398414700116
2025-12-29 21:45:00,3.51,3.2898050308227544,3.4562511777877813,3.2898050308227544,3.106862196442823
2025-12-29 22:00:00,3.5,3.2521208953857426,3.4185670423507695,3.2521208953857426,3.0886302175533427
2025-12-29 22:15:00,3.49,3.214022541046143,3.38046868801117,3.214022541046143,3.065311107471976
2025-12-29 22:30:00,3.52,3.172062764167786,3.338508911132813,3.172062764167786,3.0414075933053173
2025-12-29 22:45:00,3.39,3.1320737886428835,3.2985199356079105,3.1320737886428835,3.0153138190533677
2025-12-29 23:00:00,3.27,3.08503249168396,3.251478638648987,3.08503249168396,2.9797612595332685
2025-12-29 23:15:00,3.24,3.0457730197906496,3.2122191667556765,3.0457730197906496,2.9461451135938663
2025-12-29 23:30:00,3.17,2.999367728233338,3.165813875198365,2.999367728233338,2.9084479000271535
2025-12-29 23:45:00,3.12,2.9561484432220464,3.1225945901870733,2.9561484432220464,2.8673755034450843
2025-12-30 00:00:00,3.07,2.93827940940857,3.1047255563735967,2.93827940940857,2.8182011836228114
2025-12-30 00:15:00,2.98,2.876561336517334,3.043007483482361,2.876561336517334,2.7747105546802193
2025-12-30 00:30:00,2.9,2.8410741376876834,3.0075202846527103,2.8410741376876834,2.7327705835462246
2025-12-30 00:45:00,2.84,2.7955562639236455,2.9620024108886724,2.7955562639236455,2.694188953043898
2025-12-30 01:00:00,2.85,2.759016938209534,2.925463085174561,2.759016938209534,2.648808663570731
2025-12-30 01:15:00,2.73,2.732886085510254,2.899332232475281,2.732886085510254,2.62079264907474
2025-12-30 01:30:00,2.7,2.6991976404190066,2.8656437873840335,2.6991976404190066,2.5987735169977686
2025-12-30 01:45:00,2.69,2.664410047531128,2.830856194496155,2.664410047531128,2.582315293160931
2025-12-30 02:00:00,2.62,2.65080605506897,2.817252202033997,2.65080605506897,2.5784092645794603
2025-12-30 02:15:00,2.65,2.601020421981812,2.7674665689468387,2.601020421981812,2.569472165864581
2025-12-30 02:30:00,2.52,2.568324580192566,2.734770727157593,2.568324580192566,2.561823941683709
2025-12-30 02:45:00,2.53,2.5412750530242922,2.707721199989319,2.5412750530242922,2.5537815237274955
2025-12-30 03:00:00,2.55,2.529034667015076,2.6954808139801028,2.529034667015076,2.503645602415371
2025-12-30 03:15:00,2.47,2.3368687605857854,2.5033149075508123,2.3368687605857854,2.4911479630746474
2025-12-30 03:30:00,2.47,2.3325957012176515,2.4990418481826784,2.3325957012176515,2.475740347012797
2025-12-30 03:45:00,2.43,2.3353587913513185,2.5018049383163454,2.3353587913513185,2.4578810259464254
2025-12-30 04:00:00,2.42,2.332937622070313,2.4993837690353398,2.332937622070313,2.4163307838377284
2025-12-30 04:15:00,2.34,2.3428519678115847,2.5092981147766116,2.3428519678115847,2.397426088129632
2025-12-30 04:30:00,2.39,2.34355565071106,2.510001797676087,2.34355565071106,2.3807715270646
2025-12-30 04:45:00,2.34,2.3535083198547366,2.5199544668197635,2.3535083198547366,2.3684054353056716
2025-12-30 05:00:00,2.33,2.3676540040969853,2.5341001510620123,2.3676540040969853,2.3480115517896696
2025-12-30 05:15:00,2.31,2.390321617126465,2.556767764091492,2.390321617126465,2.349465431504333
2025-12-30 05:30:00,2.33,2.4173252105712892,2.583771357536316,2.4173252105712892,2.3595211815340043
2025-12-30 05:45:00,2.35,2.4276067543029787,2.5940529012680056,2.4276067543029787,2.378485208220902
2025-12-30 06:00:00,2.37,2.4736853456497196,2.6401314926147466,2.4736853456497196,2.410407517958235
2025-12-30 06:15:00,2.43,2.5015249872207646,2.6679711341857915,2.5015249872207646,2.4455721237894346
2025-12-30 06:30:00,2.45,2.5598825597763066,2.7263287067413335,2.5598825597763066,2.4869871003188875
2025-12-30 06:45:00,2.57,2.5858019542694097,2.7522481012344366,2.5858019542694097,2.53297621876731
2025-12-30 07:00:00,2.61,2.6256490516662603,2.792095198631287,2.6256490516662603,2.6314762785224928
2025-12-30 07:15:00,2.73,2.661573572158814,2.8280197191238408,2.661573572158814,2.6813073476626057
2025-12-30 07:30:00,2.79,2.701369299888611,2.867815446853638,2.701369299888611,2.7306475991206636
2025-12-30 07:45:00,2.9,2.7371772193908694,2.9036233663558964,2.7371772193908694,2.778218721398283
2025-12-30 08:00:00,2.93,2.7830478858947756,2.9494940328598025,2.7830478858947756,2.7696650174234483
2025-12-30 08:15:00,3.05,2.806473541259766,2.972919688224793,2.806473541259766,2.8110173882266145
2025-12-30 08:30:00,3.11,2.832776441574097,2.9992225885391237,2.832776441574097,2.8484032092332496
2025-12-30 08:45:00,3.2,2.8509651088714603,3.017411255836487,2.8509651088714603,2.881455363832879
2025-12-30 09:00:00,3.16,2.8812373352050784,3.0476834821701053,2.8812373352050784,2.904843666313529
2025-12-30 09:15:00,3.16,2.8939346122741703,3.060380759239197,2.8939346122741703,2.9283067390213438
2025-12-30 09:30:00,3.16,2.9220732307434085,3.0885193777084354,2.9220732307434085,2.9465044417464155
2025-12-30 09:45:00,3.15,2.9295982074737554,3.0960443544387823,2.9295982074737554,2.959126058012617
2025-12-30 10:00:00,3.16,2.940682911872864,3.107129058837891,2.940682911872864,2.9454021643327275
2025-12-30 10:15:00,3.2,2.95548906326294,3.1219352102279667,2.95548906326294,2.946302075040255
2025-12-30 10:30:00,3.2,2.9563300037384037,3.1227761507034306,2.9563300037384037,2.941466875590416
2025-12-30 10:45:00,3.26,2.9568464183807377,3.1232925653457646,2.9568464183807377,2.9314047334671964
2025-12-30 11:00:00,3.3,2.960420551300049,3.126866698265076,2.960420551300049,2.9437619304572755
2025-12-30 11:15:00,3.29,2.9641240596771246,3.1305702066421515,2.9641240596771246,2.926347092367072
2025-12-30 11:30:00,3.26,2.96326626777649,3.1297124147415167,2.96326626777649,2.907547537385184
2025-12-30 11:45:00,3.2,2.9601579952239994,3.1266041421890263,2.9601579952239994,2.8892370662420412
2025-12-30 12:00:00,3.26,2.98775899887085,3.154205145835877,2.98775899887085,2.8721054931217895
2025-12-30 12:15:00,3.19,2.9598378181457523,3.126283965110779,2.9598378181457523,2.860490798723913
2025-12-30 12:30:00,3.12,2.98645980834961,3.152905955314637,2.98645980834961,2.854653663661977
2025-12-30 12:45:00,3.21,2.992586116790772,3.159032263755799,2.992586116790772,2.855629392750792
2025-12-30 13:00:00,3.17,2.9976882934570317,3.1641344404220586,2.9976882934570317,2.930397153075502
2025-12-30 13:15:00,3.23,3.035284094810486,3.201730241775513,3.035284094810486,2.945651970956152
2025-12-30 13:30:00,3.28,3.0373114299774175,3.2037575769424445,3.0373114299774175,2.9671015277565758
2025-12-30 13:45:00,3.3,3.0444662189483647,3.2109123659133916,3.0444662189483647,2.9933978455074888
2025-12-30 14:00:00,3.29,3.0789431476593023,3.2453892946243292,3.0789431476593023,3.002389808560381
2025-12-30 14:15:00,3.39,3.1063316059112553,3.2727777528762823,3.1063316059112553,3.033216111119557
2025-12-30 14:30:00,3.45,3.1443690776824953,3.310815224647522,3.1443690776824953,3.063729618243654
2025-12-30 14:45:00,3.53,3.173930826187134,3.340376973152161,3.173930826187134,3.0925842905239183
2025-12-30 15:00:00,3.5,3.2136599636077885,3.3801061105728154,3.2136599636077885,3.1233239963305
2025-12-30 15:15:00,3.49,3.366775817871094,3.533221964836121,3.366775817871094,3.1468953129157433
2025-12-30 15:30:00,3.53,3.421713094711304,3.588159241676331,3.421713094711304,3.168008754326299
2025-12-30 15:45:00,3.61,3.4398816490173343,3.606327795982361,3.4398816490173343,3.187471797328375
2025-12-30 16:00:00,3.65,3.477083344459534,3.643529491424561,3.477083344459534,3.1728222784716884
2025-12-30 16:15:00,3.69,3.513519659042359,3.679965806007386,3.513519659042359,3.192465913316049
2025-12-30 16:30:00,3.72,3.542336955070496,3.708783102035523,3.542336955070496,3.2138888701046557
2025-12-30 16:45:00,3.76,3.57700930595398,3.7434554529190067,3.57700930595398,3.237789483801459
2025-12-30 17:00:00,3.76,3.593864808082581,3.7603109550476077,3.593864808082581,3.2542657994518756
2025-12-30 17:15:00,3.75,3.6253511524200444,3.7917972993850713,3.6253511524200444,3.2828871999126363
2025-12-30 17:30:00,3.8,3.628873100280762,3.795319247245789,3.628873100280762,3.3124334610442716
2025-12-30 17:45:00,3.84,3.6443476009368903,3.810793747901917,3.6443476009368903,3.341163268403637
2025-12-30 18:00:00,3.92,3.65390290260315,3.820349049568177,3.65390290260315,3.367585157756385
2025-12-30 18:15:00,3.99,3.6619644069671633,3.82841055393219,3.6619644069671633,3.3881980632047513
2025-12-30 18:30:00,3.99,3.657213935852051,3.823660082817078,3.657213935852051,3.4015395857400796
2025-12-30 18:45:00,4.12,3.6676080036163334,3.8340541505813603,3.6676080036163334,3.4059489711760174
2025-12-30 19:00:00,4.09,3.6545796775817876,3.8210258245468145,3.6545796775817876,3.3857477593134675
2025-12-30 19:15:00,4.01,3.67310727596283,3.8395534229278567,3.67310727596283,3.3700795708330262
2025-12-30 19:30:00,3.81,3.6322395801544194,3.7986857271194463,3.6322395801544194,3.344914030873016
2025-12-30 19:45:00,3.76,3.6071486234664922,3.773594770431519,3.6071486234664922,3.311674944119713
2025-12-30 20:00:00,3.68,3.585156698226929,3.751602845191956,3.585156698226929,3.24069232935903
2025-12-30 20:15:00,3.62,3.559022855758667,3.725469002723694,3.559022855758667,3.19778480192858
2025-12-30 20:30:00,3.52,3.5187854576110844,3.6852316045761113,3.5187854576110844,3.1537225935100803
2025-12-30 20:45:00,3.44,3.488299598693848,3.654745745658875,3.488299598693848,3.1107578793867363
2025-12-30 21:00:00,3.47,3.460029702186585,3.626475849151612,3.460029702186585,3.098026312566407
2025-12-30 21:15:00,3.42,3.312255477905274,3.478701624870301,3.312255477905274,3.0618634665865514
2025-12-30 21:30:00,3.42,3.2773442173004153,3.443790364265442,3.2773442173004153,3.029945643881233
2025-12-30 21:45:00,3.33,3.2364805984497074,3.4029267454147343,3.2364805984497074,3.001812732985418
2025-12-30 22:00:00,3.3,3.193300452232361,3.359746599197388,3.193300452232361,2.9769290480090103
2025-12-30 22:15:00,3.23,3.15221531867981,3.318661465644837,3.15221531867981,2.952616372316438
2025-12-30 22:30:00,3.17,3.106901836395264,3.2733479833602908,3.106901836395264,2.927728887886815
2025-12-30 22:45:00,3.2,3.062929944992066,3.229376091957093,3.062929944992066,2.900661327702558
2025-12-30 23:00:00,3.15,3.013466663360596,3.179912810325623,3.013466663360596,2.847198323438308
2025-12-30 23:15:00,3.0,2.9709706306457524,3.1374167776107793,2.9709706306457524,2.8126304958687154
2025-12-30 23:30:00,3.0,2.9230381107330325,3.0894842576980595,2.9230381107330325,2.7739935040682084
2025-12-30 23:45:00,2.93,2.876433048248291,3.042879195213318,2.876433048248291,2.731993788546134
2025-12-31 00:00:00,2.84,2.8566706752777105,3.0231168222427374,2.8566706752777105,2.6922712799158353
2025-12-31 00:15:00,2.82,2.792344164848328,2.9587903118133547,2.792344164848328,2.647879881165713
2025-12-31 00:30:00,2.72,2.755040273666382,2.921486420631409,2.755040273666382,2.6050532106707456
2025-12-31 00:45:00,2.67,2.705075254440308,2.8715214014053347,2.705075254440308,2.5655994684282453
2025-12-31 01:00:00,2.65,2.668873500823975,2.8353196477890017,2.668873500823975,2.5768231940526984
2025-12-31 01:15:00,2.62,2.6394691228866582,2.805915269851685,2.6394691228866582,2.547965752062492
2025-12-31 01:30:00,2.52,2.603609018325806,2.7700551652908327,2.603609018325806,2.5251212671959125
2025-12-31 01:45:00,2.43,2.567669005393982,2.734115152359009,2.567669005393982,2.5078542385188274
2025-12-31 02:00:00,2.38,2.5504427719116216,2.7168889188766485,2.5504427719116216,2.4777850866750417
2025-12-31 02:15:00,2.38,2.4959384679794314,2.6623846149444583,2.4959384679794314,2.4680736515912867
2025-12-31 02:30:00,2.33,2.460045747756958,2.626491894721985,2.460045747756958,2.459668987298449
2025-12-31 02:45:00,2.3,2.430490522384644,2.5969366693496707,2.430490522384644,2.450888450205625
2025-12-31 03:00:00,2.28,2.4179916572570805,2.5844378042221074,2.4179916572570805,2.3840178770487657
2025-12-31 03:15:00,2.28,2.188327660560608,2.354773807525635,2.188327660560608,2.3708199832991697
2025-12-31 03:30:00,2.22,2.1848095178604128,2.3512556648254397,2.1848095178604128,2.3547316302617367
2025-12-31 03:45:00,2.19,2.187860441207886,2.354306588172913,2.187860441207886,2.336211461794813
2025-12-31 04:00:00,2.19,2.18582590341568,2.352272050380707,2.18582590341568,2.2704731660434527
2025-12-31 04:15:00,2.13,2.1964255857467654,2.3628717327117923,2.1964255857467654,2.250948463447052
2025-12-31 04:30:00,2.12,2.1989262557029723,2.365372402667999,2.1989262557029723,2.233694818393011
2025-12-31 04:45:00,2.13,2.2097360372543338,2.3761821842193607,2.2097360372543338,2.2207508816537187
2025-12-31 05:00:00,2.13,2.2267937564849856,2.3932399034500125,2.2267937564849856,2.185423172455437
2025-12-31 05:15:00,2.13,2.2509119510650635,2.4173580980300904,2.2509119510650635,2.1863425754700216
2025-12-31 05:30:00,2.13,2.2806486010551454,2.4470947480201724,2.2806486010551454,2.195885948642182
2025-12-31 05:45:00,2.13,2.2931580662727358,2.4596042132377627,2.2931580662727358,2.214359955585695
2025-12-31 06:00:00,2.13,2.3401937913894657,2.5066399383544926,2.3401937913894657,2.2153037109597706
2025-12-31 06:15:00,2.17,2.375720129013062,2.5421662759780888,2.375720129013062,2.2500237227196753
2025-12-31 06:30:00,2.22,2.434526166915894,2.600972313880921,2.434526166915894,2.2910171432547344
2025-12-31 06:45:00,2.27,2.463134994506836,2.629581141471863,2.463134994506836,2.336607940131647
2025-12-31 07:00:00,2.37,2.5068024730682374,2.6732486200332644,2.5068024730682374,2.4727764161141375
2025-12-31 07:15:00,2.48,2.5432828187942507,2.7097289657592776,2.5432828187942507,2.5222561594603152
2025-12-31 07:30:00,2.58,2.5854820489883426,2.7519281959533695,2.5854820489883426,2.571268815312696
2025-12-31 07:45:00,2.68,2.6241389465332037,2.7905850934982306,2.6241389465332037,2.6185362061383066
2025-12-31 08:00:00,2.73,2.6688234901428225,2.8352696371078494,2.6688234901428225,2.684798065984299
2025-12-31 08:15:00,2.83,2.6933173084259034,2.8597634553909304,2.6933173084259034,2.7258947726321896
2025-12-31 08:30:00,2.88,2.719401140213013,2.88584728717804,2.719401140213013,2.7630491010525255
2025-12-31 08:45:00,2.82,2.7372130966186528,2.9036592435836797,2.7372130966186528,2.795894005549144
2025-12-31 09:00:00,2.93,2.7673113727569585,2.9337575197219854,2.7673113727569585,2.8222969409366057
2025-12-31 09:15:00,2.98,2.692203211784363,2.85864935874939,2.692203211784363,2.845601398076185
2025-12-31 09:30:00,3.03,2.717689905166626,2.884136052131653,2.717689905166626,2.863664845725145
2025-12-31 09:45:00,3.01,2.7260536479949953,2.892499794960022,2.7260536479949953,2.876176575275514
2025-12-31 10:00:00,3.08,2.734316282272339,2.900762429237366,2.734316282272339,2.876617720850737
2025-12-31 10:15:00,3.15,2.7463047122955326,2.9127508592605595,2.7463047122955326,2.877456442424432
2025-12-31 10:30:00,3.21,2.747163319587708,2.913609466552735,2.747163319587708,2.8725843518970082
2025-12-31 10:45:00,3.15,2.742161979675293,2.90860812664032,2.742161979675293,2.862509562262317
2025-12-31 11:00:00,3.2,2.744162950515747,2.910609097480774,2.744162950515747,2.8642076848999296
2025-12-31 11:15:00,3.17,2.7410492420196535,2.9074953889846804,2.7410492420196535,2.846828461500816
2025-12-31 11:30:00,3.16,2.736504249572754,2.902950396537781,2.736504249572754,2.828088509372234
2025-12-31 11:45:00,3.2,2.7310231876373297,2.8974693346023566,2.7310231876373297,2.809861513819995
2025-12-31 12:00:00,3.04,2.7549391651153567,2.9213853120803837,2.7549391651153567,2.773114972266757
2025-12-31 12:15:00,3.05,2.7271326828002933,2.89357882976532,2.7271326828002933,2.761631093116318
2025-12-31 12:30:00,3.13,2.7482643699646,2.914710516929627,2.7482643699646,2.7559482107929187
2025-12-31 12:45:00,3.14,2.7503971624374395,2.9168433094024664,2.7503971624374395,2.7571014558388978
2025-12-31 13:00:00,3.18,2.7558896398544315,2.9223357868194584,2.7558896398544315,2.892796207209278
2025-12-31 13:15:00,3.09,2.7945699119567875,2.9610160589218144,2.7945699119567875,2.9082744876686806
2025-12-31 13:30:00,3.13,2.7939205884933473,2.9603667354583743,2.7939205884933473,2.92997016236678
2025-12-31 13:45:00,3.2,2.801971220970154,2.968417367935181,2.801971220970154,2.9565350229827336
2025-12-31 14:00:00,3.31,2.834403147697449,3.000849294662476,2.834403147697449,2.964562345177648
2025-12-31 14:15:00,3.32,2.867424058914185,3.0338702058792117,2.867424058914185,2.995701295481831
2025-12-31 14:30:00,3.37,2.907559804916382,3.074005951881409,2.907559804916382,3.0265491038713073
2025-12-31 14:45:00,3.33,2.939089093208313,3.10553524017334,2.939089093208313,3.055759447808531
2025-12-31 15:00:00,3.4,2.979185428619385,3.145631575584412,2.979185428619385,3.064642983893204
2025-12-31 15:15:00,3.41,3.1359455394744877,3.3023916864395146,3.1359455394744877,3.08861181322574
2025-12-31 15:30:00,3.54,3.1873815250396733,3.3538276720047002,3.1873815250396733,3.110143213642217
2025-12-31 15:45:00,3.61,3.205744142532349,3.372190289497376,3.205744142532349,3.130044329872237
2025-12-31 16:00:00,3.73,3.239417638778687,3.4058637857437137,3.239417638778687,3.1278969671441867
2025-12-31 16:15:00,3.71,3.2722420406341555,3.4386881875991824,3.2722420406341555,3.1480178615753944
2025-12-31 16:30:00,3.78,3.3040105104446416,3.4704566574096685,3.3040105104446416,3.1699371278296185
2025-12-31 16:45:00,3.84,3.339528150558472,3.505974297523499,3.339528150558472,3.194352724345371
2025-12-31 17:00:00,3.92,3.358088636398316,3.5245347833633427,3.358088636398316,3.149507499920196
2025-12-31 17:15:00,3.96,3.3849737262725834,3.5514198732376103,3.3849737262725834,3.1786800590461195
2025-12-31 17:30:00,3.88,3.3935657787323,3.560011925697327,3.3935657787323,3.2087949615232922
2025-12-31 17:45:00,3.95,3.408975591659546,3.575421738624573,3.408975591659546,3.238110476741568
2025-12-31 18:00:00,3.84,3.4154976367950445,3.5819437837600714,3.4154976367950445,3.250638846838116
2025-12-31 18:15:00,3.9,3.4317348003387456,3.5981809473037725,3.4317348003387456,3.271870308520151
2025-12-31 18:30:00,3.97,3.4145311260223394,3.5809772729873663,3.4145311260223394,3.285846151964566
2025-12-31 18:45:00,4.06,3.42851019859314,3.594956345558167,3.42851019859314,3.290905172407884
2025-12-31 19:00:00,4.1,3.4208936262130742,3.587339773178101,3.4208936262130742,3.2610341621209584
2025-12-31 19:15:00,3.93,3.433134827613831,3.599580974578858,3.433134827613831,3.2460448544986917
2025-12-31 19:30:00,3.87,3.4003090667724614,3.5667552137374883,3.4003090667724614,3.2215721127389667
2025-12-31 19:45:00,3.65,3.374576396942139,3.541022543907166,3.374576396942139,3.189039262116273
2025-12-31 20:00:00,3.48,3.3485045242309575,3.5149506711959844,3.3485045242309575,3.153317096488129
2025-12-31 20:15:00,3.38,3.326895017623902,3.4933411645889287,3.326895017623902,3.1111412179609084
2025-12-31 20:30:00,3.46,3.2859427928924565,3.4523889398574834,3.2859427928924565,3.067822621806147
2025-12-31 20:45:00,3.15,3.251964883804322,3.4184110307693487,3.251964883804322,3.025612980856402
2025-12-31 21:00:00,3.07,3.2187259912490847,3.3851721382141116,3.2187259912490847,2.9321569571793593
2025-12-31 21:15:00,3.02,3.235609760284424,3.402055907249451,3.235609760284424,2.8967705800639845
2025-12-31 21:30:00,2.99,3.198080821037293,3.3645269680023198,3.198080821037293,2.86563915248437
2025-12-31 21:45:00,2.82,3.1583155345916754,3.3247616815567023,3.1583155345916754,2.8383020435506143
2025-12-31 22:00:00,2.77,3.1108222389221196,3.2772683858871465,3.1108222389221196,2.806690856042385
2025-12-31 22:15:00,2.72,3.0682419490814214,3.2346880960464484,3.0682419490814214,2.7831912248912456
2025-12-31 22:30:00,2.67,3.0199895238876344,3.1864356708526613,3.0199895238876344,2.759124615290121
2025-12-31 22:45:00,2.62,2.9720822811126713,3.138528428077698,2.9720822811126713,2.732885229913927
2025-12-31 23:00:00,2.51,2.92159595489502,3.088042101860047,2.92159595489502,2.7396012481251617
2025-12-31 23:15:00,2.46,2.8732464981079104,3.0396926450729373,2.8732464981079104,2.7058745976636094
2025-12-31 23:30:00,2.42,2.8247312450408937,2.9911773920059206,2.8247312450408937,2.6680844829342387
2025-12-31 23:45:00,2.3,2.778237619400025,2.944683766365052,2.778237619400025,2.626936809368058
2026-01-01 00:00:00,2.25,2.754128937721253,2.9205750846862797,2.754128937721253,2.5764494833161518
2026-01-01 00:15:00,2.25,2.6887907981872563,2.855236945152283,2.6887907981872563,2.532918850500036
2026-01-01 00:30:00,2.36,2.6451939868927004,2.8116401338577273,2.6451939868927004,2.4909565057152605
2026-01-01 00:45:00,2.46,2.5908693408966066,2.7573154878616335,2.5908693408966066,2.452370115242444
2026-01-01 01:00:00,2.48,2.5540242433547977,2.7204703903198246,2.5540242433547977,2.4235272546287945
2026-01-01 01:15:00,2.48,2.520836448669434,2.687282595634461,2.520836448669434,2.3955416208250746
2026-01-01 01:30:00,2.41,2.4834803724288945,2.6499265193939214,2.4834803724288945,2.3735703781666273
2026-01-01 01:45:00,2.42,2.4482111549377445,2.6146573019027715,2.4482111549377445,2.3571774993418213
2026-01-01 02:00:00,2.36,2.4234248828887943,2.5898710298538212,2.4234248828887943,2.355355603382299
2026-01-01 02:15:00,2.37,2.365985984802246,2.532432131767273,2.365985984802246,2.346518565623738
2026-01-01 02:30:00,2.31,2.3278066349029545,2.4942527818679814,2.3278066349029545,2.3389876450556577
2026-01-01 02:45:00,2.31,2.294172005653382,2.4606181526184088,2.294172005653382,2.331079684841166
2026-01-01 03:00:00,2.25,2.2786495327949523,2.445095679759979,2.2786495327949523,2.2855482284308093
2026-01-01 03:15:00,2.26,2.0164501905441283,2.1828963375091552,2.0164501905441283,2.273219055098784
2026-01-01 03:30:00,2.2,2.0037799572944643,2.1702261042594913,2.0037799572944643,2.2579967422301968
2026-01-01 03:45:00,2.24,2.0126109194755553,2.179057066440582,2.0126109194755553,2.240339439102411
2026-01-01 04:00:00,2.21,2.0063555073738097,2.1728016543388367,2.0063555073738097,2.2059123052585874
2026-01-01 04:15:00,2.17,2.0173011875152587,2.1837473344802856,2.0173011875152587,2.1872426570027463
2026-01-01 04:30:00,2.21,2.020496435165405,2.186942582130432,2.020496435165405,2.170839442058348
2026-01-01 04:45:00,2.16,2.027573354244232,2.194019501209259,2.027573354244232,2.1587408405657604
2026-01-01 05:00:00,2.18,2.041552562713623,2.20799870967865,2.041552562713623,2.119476751650195
2026-01-01 05:15:00,2.12,2.0662556648254395,2.2327018117904665,2.0662556648254395,2.121229915531054
2026-01-01 05:30:00,2.17,2.097926015853882,2.264372162818909,2.097926015853882,2.1316005844514505
2026-01-01 05:45:00,2.16,2.11142142534256,2.2778675723075867,2.11142142534256,2.150894980135629
2026-01-01 06:00:00,2.11,2.1544556164741517,2.3209017634391786,2.1544556164741517,2.168667048889532
2026-01-01 06:15:00,2.16,2.1979366421699527,2.3643827891349796,2.1979366421699527,2.2041923415862095
2026-01-01 06:30:00,2.17,2.256582455635071,2.423028602600098,2.256582455635071,2.245982858878649
2026-01-01 06:45:00,2.22,2.288562791347504,2.455008938312531,2.288562791347504,2.292362159588449
2026-01-01 07:00:00,2.27,2.3341791915893557,2.5006253385543826,2.3341791915893557,2.299019227905347
2026-01-01 07:15:00,2.38,2.3674604845047,2.5339066314697267,2.3674604845047,2.349269099118858
2026-01-01 07:30:00,2.43,2.420331559181214,2.5867777061462407,2.420331559181214,2.399042118339059
2026-01-01 07:45:00,2.43,2.464267029762268,2.630713176727295,2.464267029762268,2.4470597364130615
2026-01-01 08:00:00,2.48,2.513239717483521,2.679685864448548,2.513239717483521,2.4700456556234913
2026-01-01 08:15:00,2.59,2.5381145954132083,2.704560742378235,2.5381145954132083,2.511871242051183
2026-01-01 08:30:00,2.64,2.5727923822402956,2.7392385292053225,2.5727923822402956,2.549743259165149
2026-01-01 08:45:00,2.69,2.6012239980697633,2.7676701450347903,2.6012239980697633,2.5832943301613307
2026-01-01 09:00:00,2.79,2.630652837753296,2.797098984718323,2.630652837753296,2.6295452669154455
2026-01-01 09:15:00,2.9,2.6130444574356084,2.7794906044006353,2.6130444574356084,2.6535318954743294
2026-01-01 09:30:00,2.9,2.631560368537903,2.79800651550293,2.631560368537903,2.672265063352332
2026-01-01 09:45:00,2.9,2.6448088502883915,2.8112549972534184,2.6448088502883915,2.6854337741924184
2026-01-01 10:00:00,3.0,2.6498036670684817,2.8162498140335086,2.6498036670684817,2.6947379301062084
2026-01-01 10:15:00,3.01,2.666170477867127,2.832616624832154,2.666170477867127,2.696207336919433
2026-01-01 10:30:00,3.07,2.6644924020767213,2.8309385490417482,2.6644924020767213,2.6919523973182278
2026-01-01 10:45:00,3.14,2.659313306808472,2.825759453773499,2.659313306808472,2.6824809821796096
2026-01-01 11:00:00,3.14,2.6628010082244877,2.8292471551895146,2.6628010082244877,2.6774815866980948
2026-01-01 11:15:00,3.09,2.658965406417847,2.825411553382874,2.658965406417847,2.6606775053844056
2026-01-01 11:30:00,3.04,2.660212955474854,2.826659102439881,2.660212955474854,2.642498263000907
2026-01-01 11:45:00,3.14,2.6607456779479985,2.8271918249130255,2.6607456779479985,2.6248173499805385
2026-01-01 12:00:00,3.03,2.688682351112366,2.8551284980773928,2.688682351112366,2.606500393639351
2026-01-01 12:15:00,3.03,2.668413076400757,2.834859223365784,2.668413076400757,2.5955328060142473
2026-01-01 12:30:00,3.03,2.69543053150177,2.861876678466797,2.69543053150177,2.590351075552864
2026-01-01 12:45:00,3.05,2.701409254074097,2.8678554010391237,2.701409254074097,2.591990186196518
2026-01-01 13:00:00,3.04,2.71356674194336,2.8800128889083867,2.71356674194336,2.6457054014420662
2026-01-01 13:15:00,3.08,2.75758782863617,2.924033975601197,2.75758782863617,2.6616385837646668
2026-01-01 13:30:00,3.14,2.7669275951385504,2.9333737421035773,2.7669275951385504,2.683773507196124
2026-01-01 13:45:00,3.15,2.7854826450347905,2.9519287919998174,2.7854826450347905,2.710761865446069
2026-01-01 14:00:00,3.14,2.8195448112487798,2.9859909582138067,2.8195448112487798,2.7292397665339996
2026-01-01 14:15:00,3.19,2.856223297119141,3.0226694440841677,2.856223297119141,2.760770467012708
2026-01-01 14:30:00,3.19,2.9080321884155276,3.0744783353805545,2.9080321884155276,2.7919940534162877
2026-01-01 14:45:00,3.25,2.947223167419434,3.113669314384461,2.947223167419434,2.8215641536569263
2026-01-01 15:00:00,3.31,2.9875834178924565,3.1540295648574834,2.9875834178924565,2.8376367195368224
2026-01-01 15:15:00,3.45,3.0935941028594973,3.2600402498245242,3.0935941028594973,2.861933161072203
2026-01-01 15:30:00,3.44,3.141348323822022,3.307794470787049,3.141348323822022,2.883776075081307
2026-01-01 15:45:00,3.5,3.1654284667968753,3.331874613761902,3.1654284667968753,2.90397260432474
2026-01-01 16:00:00,3.55,3.195808324813843,3.36225447177887,3.195808324813843,2.9173146264871415
2026-01-01 16:15:00,3.5,3.226479005813599,3.3929251527786257,3.226479005813599,2.937698773485878
2026-01-01 16:30:00,3.6,3.2615620422363283,3.428008189201355,3.2615620422363283,2.9598652555232094
2026-01-01 16:45:00,3.64,3.2940200614929203,3.460466208457947,3.2940200614929203,2.9845120751836816
2026-01-01 17:00:00,3.66,3.307089972496033,3.47353611946106,3.307089972496033,3.0023646283423413
2026-01-01 17:15:00,3.69,3.3286644172668463,3.495110564231873,3.3286644172668463,3.031736602597128
2026-01-01 17:30:00,3.64,3.3310323143005376,3.4974784612655645,3.3310323143005376,3.062035126868146
2026-01-01 17:45:00,3.67,3.341908006668091,3.508354153633118,3.341908006668091,3.0915185588137724
2026-01-01 18:00:00,3.61,3.335913248062134,3.502359395027161,3.335913248062134,3.133209705766091
2026-01-01 18:15:00,3.63,3.362845087051392,3.529291234016419,3.362845087051392,3.1545779812221855
2026-01-01 18:30:00,3.71,3.3186938095092775,3.4851399564743044,3.3186938095092775,3.1686752613331657
2026-01-01 18:45:00,3.9,3.3259100246429445,3.4923561716079714,3.3259100246429445,3.173840471161123
2026-01-01 19:00:00,3.84,3.314277105331421,3.480723252296448,3.314277105331421,3.250399913614649
2026-01-01 19:15:00,3.76,3.311623277664185,3.478069424629212,3.311623277664185,3.2354867297737644
2026-01-01 19:30:00,3.65,3.274120702743531,3.4405668497085578,3.274120702743531,3.21107531274237
2026-01-01 19:45:00,3.56,3.2351417255401613,3.4015878725051882,3.2351417255401613,3.1785891561136665
2026-01-01 20:00:00,3.51,3.193595895767212,3.360042042732239,3.193595895767212,3.1206663152291823
2026-01-01 20:15:00,3.44,3.1695692968368534,3.3360154438018803,3.1695692968368534,3.0785084104035496
2026-01-01 20:30:00,3.38,3.1145067214965825,3.2809528684616094,3.1145067214965825,3.035193715912216
2026-01-01 20:45:00,3.44,3.071969919204712,3.238416066169739,3.071969919204712,2.9929741079388803
2026-01-01 21:00:00,3.32,3.0270339632034307,3.1934801101684576,3.0270339632034307,3.0013348125952777
2026-01-01 21:15:00,3.32,3.1817150974273685,3.3481612443923954,3.1817150974273685,2.965911373533822
2026-01-01 21:30:00,3.24,3.134172334671021,3.300618481636048,3.134172334671021,2.934729673373727
2026-01-01 21:45:00,3.31,3.097103276252747,3.263549423217774,3.097103276252747,2.907329315693347
2026-01-01 22:00:00,3.32,3.0414905834198,3.207936730384827,3.0414905834198,2.8335686955347903
2026-01-01 22:15:00,3.3,2.998533039093018,3.1649791860580447,2.998533039093018,2.8099805951035477
2026-01-01 22:30:00,3.19,2.944399738311768,3.110845885276795,2.944399738311768,2.7858132852904003
2026-01-01 22:45:00,3.13,2.89121283531189,3.057658982276917,2.89121283531189,2.7594612301704156
2026-01-01 23:00:00,3.08,2.8369982671737675,3.0034444141387944,2.8369982671737675,2.745379801739689
2026-01-01 23:15:00,3.03,2.77929735660553,2.945743503570557,2.77929735660553,2.711517350565023
2026-01-01 23:30:00,2.9,2.7336900615692143,2.9001362085342413,2.7336900615692143,2.6735802848995607
2026-01-01 23:45:00,2.81,2.6801729249954227,2.8466190719604496,2.6801729249954227,2.632274793959898
2026-01-02 00:00:00,2.81,2.6494568538665777,2.8159030008316046,2.6494568538665777,2.575498641291718
2026-01-02 00:15:00,2.74,2.5810813808441164,2.7475275278091433,2.5810813808441164,2.5317893289025424
2026-01-02 00:30:00,2.69,2.531689581871033,2.69813572883606,2.531689581871033,2.4896383176265426
2026-01-02 00:45:00,2.63,2.4744259929656987,2.6408721399307256,2.4744259929656987,2.450853575233138
2026-01-02 01:00:00,2.56,2.431638593673706,2.598084740638733,2.431638593673706,2.366343343972931
2026-01-02 01:15:00,2.49,2.3926356983184816,2.5590818452835085,2.3926356983184816,2.338140906276178
2026-01-02 01:30:00,2.47,2.3517177200317385,2.5181638669967654,2.3517177200317385,2.315944099596769
2026-01-02 01:45:00,2.44,2.3162253570556643,2.4826715040206913,2.3162253570556643,2.299317210936623
2026-01-02 02:00:00,2.32,2.2836374187469484,2.4500835657119753,2.2836374187469484,2.26479982149816
2026-01-02 02:15:00,2.34,2.221673641204834,2.388119788169861,2.221673641204834,2.2557128346954394
2026-01-02 02:30:00,2.27,2.181874380111694,2.348320527076721,2.181874380111694,2.2479244756128893
2026-01-02 02:45:00,2.22,2.149964168071747,2.316410315036774,2.149964168071747,2.239751909608527
2026-01-02 03:00:00,2.23,2.1333868503570557,2.2998329973220826,2.1333868503570557,2.2193795049029674
2026-01-02 03:15:00,2.18,2.03686270236969,2.203308849334717,2.03686270236969,2.206772362265104
2026-01-02 03:30:00,2.19,2.0245387387275695,2.1909848856925964,2.0245387387275695,2.1912658853134244
2026-01-02 03:45:00,2.13,2.0276127648353577,2.1940589118003846,2.0276127648353577,2.173318548420758
2026-01-02 04:00:00,2.13,2.020539107322693,2.1869852542877197,2.020539107322693,2.166860273128957
2026-01-02 04:15:00,2.07,2.0280533480644225,2.1944994950294494,2.0280533480644225,2.1478898265564506
2026-01-02 04:30:00,2.06,2.028346481323242,2.194792628288269,2.028346481323242,2.131180917432629
2026-01-02 04:45:00,2.06,2.0316634941101075,2.1981096410751344,2.0316634941101075,2.1187720489930992
2026-01-02 05:00:00,2.06,2.044375720024109,2.2108218669891357,2.044375720024109,2.1121748618299447
2026-01-02 05:15:00,2.07,2.0680676007270815,2.2345137476921084,2.0680676007270815,2.1136095771819345
2026-01-02 05:30:00,2.07,2.0935061860084536,2.2599523329734805,2.0935061860084536,2.1236581853659637
2026-01-02 05:45:00,2.07,2.1061667704582216,2.2726129174232486,2.1061667704582216,2.1426272244182396
2026-01-02 06:00:00,2.06,2.1464842128753663,2.312930359840393,2.1464842128753663,2.1537941306625283
2026-01-02 06:15:00,2.1,2.1923792052268984,2.3588253521919254,2.1923792052268984,2.188988413833255
2026-01-02 06:30:00,2.18,2.250039482116699,2.416485629081726,2.250039482116699,2.230445558902199
2026-01-02 06:45:00,2.24,2.278896052837372,2.4453421998023988,2.278896052837372,2.2764894296152187
2026-01-02 07:00:00,2.33,2.3259127521514897,2.4923588991165166,2.3259127521514897,2.3842860141585263
2026-01-02 07:15:00,2.43,2.361586675643921,2.528032822608948,2.361586675643921,2.434197240086139
2026-01-02 07:30:00,2.49,2.415164151191712,2.581610298156739,2.415164151191712,2.4836304486501226
2026-01-02 07:45:00,2.59,2.4606491374969486,2.6270952844619755,2.4606491374969486,2.5313073798330246
2026-01-02 08:00:00,2.75,2.5137199831008914,2.6801661300659183,2.5137199831008914,2.5700264596029396
2026-01-02 08:15:00,2.89,2.5438470697402957,2.7102932167053226,2.5438470697402957,2.6115104555574176
2026-01-02 08:30:00,2.91,2.5824852132797242,2.748931360244751,2.5824852132797242,2.649040844932709
2026-01-02 08:45:00,2.88,2.612637305259705,2.779083452224732,2.612637305259705,2.6822505202906406
2026-01-02 09:00:00,3.05,2.6474523496627813,2.813898496627808,2.6474523496627813,2.7191089714114023
2026-01-02 09:15:00,3.01,2.5965145683288577,2.7629607152938847,2.5965145683288577,2.7427554541749593
2026-01-02 09:30:00,3.02,2.6197602939605718,2.7862064409255987,2.6197602939605718,2.7611494822601452
2026-01-02 09:45:00,3.01,2.6305930423736577,2.7970391893386846,2.6305930423736577,2.77398030516069
2026-01-02 10:00:00,3.1,2.6388377380371097,2.8052838850021367,2.6388377380371097,2.7997093594489177
2026-01-02 10:15:00,3.19,2.6554312276840215,2.8218773746490484,2.6554312276840215,2.8008440938065116
2026-01-02 10:30:00,3.19,2.6527243995666505,2.8191705465316774,2.6527243995666505,2.7962564319824716
2026-01-02 10:45:00,3.18,2.6473338460922244,2.8137799930572513,2.6473338460922244,2.7864544639327398
2026-01-02 11:00:00,3.2,2.6511126422882083,2.817558789253235,2.6511126422882083,2.7833331499485996
2026-01-02 11:15:00,3.14,2.6436300659179692,2.810076212882996,2.6436300659179692,2.766203482819911
2026-01-02 11:30:00,3.17,2.640953950881958,2.807400097846985,2.640953950881958,2.7477014375751896
2026-01-02 11:45:00,3.16,2.640726456642151,2.807172603607178,2.640726456642151,2.7297006941459823
2026-01-02 12:00:00,3.1,2.665166187286377,2.831612334251404,2.665166187286377,2.7313577568384306
2026-01-02 12:15:00,3.11,2.6449129486083987,2.8113590955734256,2.6449129486083987,2.7200768208216948
2026-01-02 12:30:00,3.06,2.6683565425872806,2.8348026895523075,2.6683565425872806,2.714585235562356
2026-01-02 12:45:00,3.01,2.6751324462890627,2.8415785932540896,2.6751324462890627,2.7159181425332024
2026-01-02 13:00:00,3.09,2.6832575511932375,2.8497036981582644,2.6832575511932375,2.678433843885739
2026-01-02 13:15:00,3.22,2.730484485626221,2.896930632591248,2.730484485626221,2.6940685640595863
2026-01-02 13:30:00,3.08,2.735076227188111,2.9015223741531377,2.735076227188111,2.715909098861836
2026-01-02 13:45:00,3.12,2.752650904655457,2.9190970516204837,2.752650904655457,2.7426072657344207
2026-01-02 14:00:00,3.15,2.7882685661315922,2.954714713096619,2.7882685661315922,2.816859270094094
2026-01-02 14:15:00,3.24,2.8295132446289064,2.9959593915939333,2.8295132446289064,2.8481085101883283
2026-01-02 14:30:00,3.23,2.883948512077332,3.0503946590423587,2.883948512077332,2.879055152420441
2026-01-02 14:45:00,3.25,2.922573065757752,3.089019212722779,2.922573065757752,2.9083529133453725
2026-01-02 15:00:00,3.28,2.963718538284302,3.130164685249329,2.963718538284302,2.9487153406968507
2026-01-02 15:15:00,3.38,2.9609695816040045,3.1274157285690314,2.9609695816040045,2.9727488830445328
2026-01-02 15:30:00,3.46,3.0188254165649417,3.1852715635299687,3.0188254165649417,2.994333715198013
2026-01-02 15:45:00,3.55,3.042666921615601,3.2091130685806277,3.042666921615601,3.0142770327900714
2026-01-02 16:00:00,3.5,3.085219488143921,3.251665635108948,3.085219488143921,3.0287444691409133
2026-01-02 16:15:00,3.62,3.125073380470276,3.291519527435303,3.125073380470276,3.04888526751837
2026-01-02 16:30:00,3.66,3.1709242057800298,3.3373703527450567,3.1709242057800298,3.0708133757536404
2026-01-02 16:45:00,3.69,3.215887613296509,3.382333760261536,3.215887613296509,3.09522681332166
2026-01-02 17:00:00,3.7,3.2386114883422854,3.4050576353073123,3.2386114883422854,3.1242084404661834
2026-01-02 17:15:00,3.75,3.2720289516448977,3.4384750986099246,3.2720289516448977,3.1533570309625456
2026-01-02 17:30:00,3.73,3.2837088918685917,3.4501550388336186,3.2837088918685917,3.18343716030118
2026-01-02 17:45:00,3.83,3.304779968261719,3.471226115226746,3.304779968261719,3.2127071674341035
2026-01-02 18:00:00,3.8,3.2994184970855716,3.4658646440505985,3.2994184970855716,3.278728618717737
2026-01-02 18:15:00,3.86,3.3458202552795413,3.512266402244568,3.3458202552795413,3.2998933185204704
2026-01-02 18:30:00,3.92,3.3083557319641117,3.4748018789291386,3.3083557319641117,3.3137918846991345
2026-01-02 18:45:00,4.04,3.3293270587921144,3.4957732057571413,3.3293270587921144,3.3187631889687306
2026-01-02 19:00:00,4.04,3.3274638891220096,3.4939100360870365,3.3274638891220096,3.302740190649256
2026-01-02 19:15:00,3.83,3.3313079166412356,3.4977540636062625,3.3313079166412356,3.2876425243199834
2026-01-02 19:30:00,3.76,3.2985014533996586,3.4649476003646855,3.2985014533996586,3.263051222899994
2026-01-02 19:45:00,3.58,3.2641685771942144,3.4306147241592413,3.2641685771942144,3.2303896935014156
2026-01-02 20:00:00,3.57,3.2279483413696295,3.3943944883346564,3.2279483413696295,3.1668328848790828
2026-01-02 20:15:00,3.56,3.2099135112762456,3.3763596582412725,3.2099135112762456,3.1245083391829653
2026-01-02 20:30:00,3.58,3.1598560810089116,3.3263022279739385,3.1598560810089116,3.0810312085050584
2026-01-02 20:45:00,3.57,3.124665956497193,3.2911121034622197,3.124665956497193,3.0386532513962408
2026-01-02 21:00:00,3.56,3.0817948436737064,3.2482409906387333,3.0817948436737064,2.9761580327200607
2026-01-02 21:15:00,3.58,3.17497615814209,3.341422305107117,3.17497615814209,2.940584036171429
2026-01-02 21:30:00,3.5,3.138726024627686,3.3051721715927127,3.138726024627686,2.909255468756307
2026-01-02 21:45:00,3.5,3.0982858657836916,3.2647320127487185,3.0982858657836916,2.881711787747527
2026-01-02 22:00:00,3.48,3.0521488380432134,3.2185949850082403,3.0521488380432134,2.8407147516361673
2026-01-02 22:15:00,3.3,3.0124205160140995,3.1788666629791265,3.0124205160140995,2.816989950043219
2026-01-02 22:30:00,3.3,2.965203094482422,3.131649241447449,2.965203094482422,2.792689004430957
2026-01-02 22:45:00,3.26,2.9164867115020754,3.0829328584671023,2.9164867115020754,2.766206206822271
2026-01-02 23:00:00,3.2,2.8629021692276004,3.0293483161926273,2.8629021692276004,2.744287042122671
2026-01-02 23:15:00,3.15,2.8161027717590335,2.9825489187240604,2.8161027717590335,2.710299095397817
2026-01-02 23:30:00,3.05,2.7646254730224613,2.931071619987488,2.7646254730224613,2.6722388766165373
2026-01-02 23:45:00,2.94,2.7219410848617556,2.8883872318267825,2.7219410848617556,2.6308123805440213
2026-01-03 00:00:00,2.88,2.687395935058594,2.853842082023621,2.687395935058594,2.6402185659339006
2026-01-03 00:15:00,2.79,2.636679668426514,2.803125815391541,2.636679668426514,2.596391941130095
2026-01-03 00:30:00,2.69,2.5868981122970585,2.7533442592620854,2.5868981122970585,2.5541251528105158
2026-01-03 00:45:00,2.64,2.5356347179412846,2.7020808649063115,2.5356347179412846,2.5152259555982024
2026-01-03 01:00:00,2.63,2.4974135112762452,2.663859658241272,2.4974135112762452,2.4841516273548647
2026-01-03 01:15:00,2.58,2.4587721061706547,2.6252182531356816,2.4587721061706547,2.4558367239182823
2026-01-03 01:30:00,2.58,2.428162035942078,2.594608182907105,2.428162035942078,2.4335281109907383
2026-01-03 01:45:00,2.52,2.395346603393555,2.561792750358582,2.395346603393555,2.41678984775272
2026-01-03 02:00:00,2.53,2.373957252502442,2.540403399467469,2.373957252502442,2.388438108398767
2026-01-03 02:15:00,2.47,2.316319398880005,2.482765545845032,2.316319398880005,2.3792399150821604
2026-01-03 02:30:00,2.43,2.2817538642883304,2.4482000112533573,2.2817538642883304,2.37134008068188
2026-01-03 02:45:00,2.48,2.2561261081695556,2.4225722551345825,2.2561261081695556,2.363055532309141
2026-01-03 03:00:00,2.43,2.235920433998108,2.4023665809631347,2.235920433998108,2.28223498598794
2026-01-03 03:15:00,2.41,2.123613839149475,2.290059986114502,2.123613839149475,2.269514124753148
2026-01-03 03:30:00,2.38,2.109980492591858,2.276426639556885,2.109980492591858,2.2538926970247064
2026-01-03 03:45:00,2.33,2.11024631023407,2.276692457199097,2.11024631023407,2.2358289329573156
2026-01-03 04:00:00,2.34,2.1014860153198245,2.2679321622848514,2.1014860153198245,2.1915728364032927
2026-01-03 04:15:00,2.28,2.1059494686126707,2.2723956155776976,2.1059494686126707,2.172482274350764
2026-01-03 04:30:00,2.34,2.103763403892517,2.270209550857544,2.103763403892517,2.1556510371480586
2026-01-03 04:45:00,2.29,2.103141803741455,2.269587950706482,2.103141803741455,2.1431173823813987
2026-01-03 05:00:00,2.28,2.111336624622345,2.277782771587372,2.111336624622345,2.080187037542773
2026-01-03 05:15:00,2.27,2.1315868735313415,2.2980330204963684,2.1315868735313415,2.081491314982904
2026-01-03 05:30:00,2.28,2.151201524734497,2.317647671699524,2.151201524734497,2.0914062935237387
2026-01-03 05:45:00,2.29,2.16360648393631,2.3300526309013367,2.16360648393631,2.1102382687949848
2026-01-03 06:00:00,2.16,2.1949156165122985,2.3613617634773254,2.1949156165122985,2.121714598152341
2026-01-03 06:15:00,2.37,2.2245739889144898,2.3910201358795167,2.2245739889144898,2.1567642284863995
2026-01-03 06:30:00,2.37,2.284749884605408,2.451196031570435,2.284749884605408,2.1980725696972376
2026-01-03 06:45:00,2.49,2.3072932863235476,2.4737394332885745,2.3072932863235476,2.2439632510177674
2026-01-03 07:00:00,2.54,2.3468965816497804,2.5133427286148073,2.3468965816497804,2.280331983648635
2026-01-03 07:15:00,2.6,2.3881880092620853,2.554634156227112,2.3881880092620853,2.3300805563981553
2026-01-03 07:30:00,2.68,2.435817747116089,2.602263894081116,2.435817747116089,2.3793460397582247
2026-01-03 07:45:00,2.69,2.485370721817017,2.651816868782044,2.485370721817017,2.4268499515893964
2026-01-03 08:00:00,2.72,2.5430797863006593,2.7095259332656862,2.5430797863006593,2.453973869560527
2026-01-03 08:15:00,2.89,2.5737216567993166,2.7401678037643435,2.5737216567993166,2.4952736068266486
2026-01-03 08:30:00,3.02,2.620274262428284,2.786720409393311,2.620274262428284,2.5326138007450987
2026-01-03 08:45:00,2.95,2.6594888877868654,2.8259350347518923,2.6594888877868654,2.5656271385479505
2026-01-03 09:00:00,2.99,2.697831315994263,2.86427746295929,2.697831315994263,2.6186891635634857
2026-01-03 09:15:00,3.0,2.6210994386672977,2.7875455856323246,2.6210994386672977,2.6421264282911263
2026-01-03 09:30:00,3.01,2.6537876701354985,2.8202338171005255,2.6537876701354985,2.6603045104602874
2026-01-03 09:45:00,3.1,2.6676917266845708,2.8341378736495977,2.6676917266845708,2.6729124752506093
2026-01-03 10:00:00,3.05,2.6824568367004398,2.8489029836654667,2.6824568367004398,2.7205853232693356
2026-01-03 10:15:00,3.11,2.7049744176864627,2.8714205646514896,2.7049744176864627,2.7214828459330636
2026-01-03 10:30:00,3.22,2.7079215145111086,2.8743676614761355,2.7079215145111086,2.7166505435145907
2026-01-03 10:45:00,3.22,2.708636341094971,2.875082488059998,2.708636341094971,2.706596346601836
2026-01-03 11:00:00,3.1,2.7171658802032472,2.883612027168274,2.7171658802032472,2.6954188418245697
2026-01-03 11:15:00,3.09,2.7135884857177737,2.8800346326828006,2.7135884857177737,2.6780213187305786
2026-01-03 11:30:00,3.14,2.714663715362549,2.881109862327576,2.714663715362549,2.659243392982343
2026-01-03 11:45:00,3.1,2.7165132951736455,2.8829594421386724,2.7165132951736455,2.6409586137171988
2026-01-03 12:00:00,2.98,2.7395027160644534,2.9059488630294803,2.7395027160644534,2.6295648554438458
2026-01-03 12:15:00,2.92,2.7173936462402346,2.8838397932052615,2.7173936462402346,2.617983211490089
2026-01-03 12:30:00,2.88,2.7391115999221807,2.9055577468872076,2.7391115999221807,2.6121824174416943
2026-01-03 12:45:00,2.99,2.745363750457764,2.911809897422791,2.745363750457764,2.6131975158028773
2026-01-03 13:00:00,2.93,2.746668376922608,2.913114523887635,2.746668376922608,2.671550590709527
2026-01-03 13:15:00,2.97,2.7891258144378663,2.9555719614028932,2.7891258144378663,2.686850039627884
2026-01-03 13:30:00,3.03,2.7824741220474247,2.9489202690124516,2.7824741220474247,2.7083464576549137
2026-01-03 13:45:00,3.08,2.797935576438904,2.964381723403931,2.797935576438904,2.734691597950043
2026-01-03 14:00:00,3.04,2.820733923912049,2.9871800708770757,2.820733923912049,2.7437932484435437
2026-01-03 14:15:00,3.15,2.8517027664184575,3.0181489133834845,2.8517027664184575,2.774671485732535
2026-01-03 14:30:00,3.09,2.8933486175537113,3.059794764518738,2.8933486175537113,2.8052380772452263
2026-01-03 14:45:00,3.2,2.920515561103821,3.086961708068848,2.920515561103821,2.834146712249999
2026-01-03 15:00:00,3.2,2.954714441299439,3.1211605882644657,2.954714441299439,2.916548019941826
2026-01-03 15:15:00,3.3,2.9847463989257816,3.1511925458908085,2.9847463989257816,2.940174242302863
2026-01-03 15:30:00,3.36,3.0419395923614507,3.2083857393264776,3.0419395923614507,2.961342655069994
2026-01-03 15:45:00,3.36,3.070950679779053,3.23739682674408,3.070950679779053,2.98086046537398
2026-01-03 16:00:00,3.35,3.110612411499024,3.277058558464051,3.110612411499024,2.95201467573674
2026-01-03 16:15:00,3.42,3.151004190444947,3.3174503374099737,3.151004190444947,2.9717118653956223
2026-01-03 16:30:00,3.46,3.1918917274475103,3.358337874412537,3.1918917274475103,2.9931873714532515
2026-01-03 16:45:00,3.46,3.22955792427063,3.396004071235657,3.22955792427063,3.0171392650236935
2026-01-03 17:00:00,3.52,3.246346292495728,3.412792439460755,3.246346292495728,3.075593093234856
2026-01-03 17:15:00,3.52,3.272313795089722,3.438759942054749,3.272313795089722,3.1042624517749977
2026-01-03 17:30:00,3.59,3.275893092155457,3.442339239120484,3.275893092155457,3.1338546234458127
2026-01-03 17:45:00,3.64,3.290682392120362,3.4571285390853888,3.290682392120362,3.1626280397399595
2026-01-03 18:00:00,3.58,3.2781180238723757,3.4445641708374026,3.2781180238723757,3.0333020960078962
2026-01-03 18:15:00,3.63,3.309738636016846,3.476184782981873,3.309738636016846,3.0539532572389323
2026-01-03 18:30:00,3.58,3.271951761245728,3.4383979082107547,3.271951761245728,3.067329990817849
2026-01-03 18:45:00,3.56,3.2812330913543706,3.4476792383193975,3.2812330913543706,3.071771302011852
2026-01-03 19:00:00,3.57,3.2648002338409428,3.4312463808059697,3.2648002338409428,3.2554106513738774
2026-01-03 19:15:00,3.51,3.271673984527588,3.438120131492615,3.271673984527588,3.239767112495722
2026-01-03 19:30:00,3.42,3.2202040243148806,3.3866501712799075,3.2202040243148806,3.214622239834536
2026-01-03 19:45:00,3.31,3.1830414676666265,3.3494876146316535,3.1830414676666265,3.1813996146617507
2026-01-03 20:00:00,3.26,3.138050336837769,3.304496483802796,3.138050336837769,3.1018141945757005
2026-01-03 20:15:00,3.21,3.1158488559722906,3.2822950029373175,3.1158488559722906,3.0589140664925876
2026-01-03 20:30:00,3.2,3.058202033042908,3.224648180007935,3.058202033042908,3.014854411131992
2026-01-03 20:45:00,3.2,3.024408674240113,3.1908548212051397,3.024408674240113,2.9718872008099955
2026-01-03 21:00:00,3.15,2.979666237831116,3.146112384796143,2.979666237831116,2.865790615621527
2026-01-03 21:15:00,3.1,2.9625133895874027,3.1289595365524296,2.9625133895874027,2.829614588542288
2026-01-03 21:30:00,3.1,2.9242568492889407,3.0907029962539676,2.9242568492889407,2.797677960835434
2026-01-03 21:45:00,3.1,2.8839308452606205,3.0503769922256474,2.8839308452606205,2.7695204414983845
2026-01-03 22:00:00,3.05,2.833917446136475,3.000363593101502,2.833917446136475,2.774430449483324
2026-01-03 22:15:00,3.0,2.7980236387252813,2.964469785690308,2.7980236387252813,2.750081045218569
2026-01-03 22:30:00,3.0,2.7518404054641725,2.9182865524291994,2.7518404054641725,2.7251505285386477
2026-01-03 22:45:00,2.95,2.7012940120697024,2.8677401590347293,2.7012940120697024,2.698033479021408
2026-01-03 23:00:00,2.9,2.649964842796326,2.8164109897613527,2.649964842796326,2.6807338306949684
2026-01-03 23:15:00,2.85,2.6030917882919313,2.7695379352569582,2.6030917882919313,2.6461031670003723
2026-01-03 23:30:00,2.79,2.5551557350158696,2.7216018819808965,2.5551557350158696,2.6073964635743265
2026-01-03 23:45:00,2.74,2.512443895339966,2.678890042304993,2.512443895339966,2.5653200358498442
2026-01-04 00:00:00,2.69,2.4737630796432497,2.6402092266082766,2.4737630796432497,2.5115271638003662
2026-01-04 00:15:00,2.64,2.424492774009705,2.590938920974732,2.424492774009705,2.4670447061430627
2026-01-04 00:30:00,2.66,2.3757831859588627,2.5422293329238896,2.3757831859588627,2.424119645737251
2026-01-04 00:45:00,2.64,2.3236084556579595,2.4900546026229864,2.3236084556579595,2.3845600877240978
2026-01-04 01:00:00,2.6,2.2857405853271486,2.4521867322921755,2.2857405853271486,2.398094702146634
2026-01-04 01:15:00,2.54,2.245428035259247,2.411874182224274,2.245428035259247,2.3691163393335444
2026-01-04 01:30:00,2.54,2.2114690160751342,2.377915163040161,2.2114690160751342,2.3461432702637253
2026-01-04 01:45:00,2.43,2.1838273787498474,2.3502735257148744,2.1838273787498474,2.3287399307859227
2026-01-04 02:00:00,2.38,2.157372679710388,2.323818826675415,2.157372679710388,2.2811968824965034
2026-01-04 02:15:00,2.38,2.0992860889434817,2.2657322359085086,2.0992860889434817,2.2713335260688625
2026-01-04 02:30:00,2.37,2.059507212638855,2.225953359603882,2.059507212638855,2.2627690727909027
2026-01-04 02:45:00,2.3,2.0417228436470034,2.2081689906120303,2.0417228436470034,2.2538208484355566
2026-01-04 03:00:00,2.3,2.0212561082839966,2.1877022552490235,2.0212561082839966,2.2022805975632336
2026-01-04 03:15:00,2.24,2.0005754685401915,2.1670216155052184,2.0005754685401915,2.1888991610661526
2026-01-04 03:30:00,2.25,1.9924586534500122,2.158904800415039,1.9924586534500122,2.1726193246245837
2026-01-04 03:45:00,2.2,2.00082049369812,2.167266640663147,2.00082049369812,2.153899734537108
2026-01-04 04:00:00,2.21,1.9975358247756958,2.1639819717407227,1.9975358247756958,2.130086712571174
2026-01-04 04:15:00,2.2,2.009451005458832,2.175897152423859,2.009451005458832,2.110346752416609
2026-01-04 04:30:00,2.15,2.014526410102844,2.180972557067871,2.014526410102844,2.0928699686321206
2026-01-04 04:45:00,2.15,2.020183460712433,2.18662960767746,2.020183460712433,2.079695047554474
2026-01-04 05:00:00,2.1,2.0359693050384524,2.2024154520034793,2.0359693050384524,2.0944210460318065
2026-01-04 05:15:00,2.09,2.0614464855194092,2.227892632484436,2.0614464855194092,2.0950939129436748
2026-01-04 05:30:00,2.1,2.09269650220871,2.2591426491737367,2.09269650220871,2.1043830602210405
2026-01-04 05:45:00,2.09,2.1111849617958067,2.2776311087608336,2.1111849617958067,2.1225952196628484
2026-01-04 06:00:00,2.15,2.151999113559723,2.31844526052475,2.151999113559723,2.1592437281853387
2026-01-04 06:15:00,2.28,2.180941843986511,2.347387990951538,2.180941843986511,2.1936868858824083
2026-01-04 06:30:00,2.32,2.24622141122818,2.412667558193207,2.24622141122818,2.234396083295543
2026-01-04 06:45:00,2.58,2.273475465774536,2.439921612739563,2.273475465774536,2.2796953878896704
2026-01-04 07:00:00,2.5,2.314423341751099,2.480869488716126,2.314423341751099,2.3628990633322466
2026-01-04 07:15:00,2.66,2.355104312896729,2.5215504598617557,2.355104312896729,2.4120731067228447
2026-01-04 07:30:00,2.67,2.401979541778565,2.568425688743592,2.401979541778565,2.460773139274103
2026-01-04 07:45:00,2.76,2.4523816108703618,2.6188277578353887,2.4523816108703618,2.5077211137249518
2026-01-04 08:00:00,2.84,2.5033218383789064,2.6697679853439333,2.5033218383789064,2.544018753061788
2026-01-04 08:15:00,2.94,2.5250351715087893,2.691481318473816,2.5250351715087893,2.5847828772318455
2026-01-04 08:30:00,3.02,2.5669131374359133,2.7333592844009402,2.5669131374359133,2.6215982644073046
2026-01-04 08:45:00,2.96,2.6022027397155765,2.7686488866806034,2.6022027397155765,2.6540980277324624
2026-01-04 09:00:00,3.02,2.6338991832733156,2.8003453302383425,2.6338991832733156,2.65051163895749
2026-01-04 09:15:00,3.07,2.590134944915772,2.7565810918807987,2.590134944915772,2.673459058633515
2026-01-04 09:30:00,3.12,2.618083848953247,2.784529995918274,2.618083848953247,2.691159785654653
2026-01-04 09:45:00,3.12,2.6335154056549075,2.7999615526199344,2.6335154056549075,2.7033032965595796
2026-01-04 10:00:00,3.17,2.646624727249146,2.813070874214173,2.646624727249146,2.712726979116524
2026-01-04 10:15:00,3.17,2.6677151012420657,2.8341612482070926,2.6677151012420657,2.7131870661455832
2026-01-04 10:30:00,3.17,2.669603548049927,2.836049695014954,2.669603548049927,2.7079314350533505
2026-01-04 10:45:00,3.14,2.6693510484695437,2.8357971954345707,2.6693510484695437,2.697468407750477
2026-01-04 11:00:00,3.13,2.6777188682556154,2.8441650152206424,2.6777188682556154,2.697340924757535
2026-01-04 11:15:00,2.97,2.6709978675842287,2.8374440145492557,2.6709978675842287,2.6795647179848494
2026-01-04 11:30:00,3.04,2.6764278316497805,2.8428739786148074,2.6764278316497805,2.660423744279345
2026-01-04 11:45:00,3.03,2.6767085981369023,2.8431547451019292,2.6767085981369023,2.641791918687873
2026-01-04 12:00:00,2.99,2.7059743595123296,2.8724205064773565,2.7059743595123296,2.65047651673204
2026-01-04 12:15:00,2.98,2.678834323883057,2.845280470848084,2.678834323883057,2.638580898349327
2026-01-04 12:30:00,2.94,2.7030873298645024,2.8695334768295293,2.7030873298645024,2.632483184889863
2026-01-04 12:45:00,2.94,2.709182109832764,2.875628256797791,2.709182109832764,2.633218754154212
2026-01-04 13:00:00,2.94,2.71070689201355,2.877153038978577,2.71070689201355,2.618811945889285
2026-01-04 13:15:00,2.95,2.752216572761536,2.918662719726563,2.752216572761536,2.633867618339294
2026-01-04 13:30:00,3.01,2.7486688041687013,2.915114951133728,2.7486688041687013,2.655138604468203
2026-01-04 13:45:00,3.01,2.7653025197982792,2.931748666763306,2.7653025197982792,2.6812769572980817
2026-01-04 14:00:00,3.15,2.786700568199158,2.953146715164185,2.786700568199158,2.671241936522423
2026-01-04 14:15:00,3.1,2.817162780761719,2.983608927726746,2.817162780761719,2.7019515361962205
2026-01-04 14:30:00,3.12,2.8585140037536623,3.024960150718689,2.8585140037536623,2.7323689754872698
2026-01-04 14:45:00,3.19,2.8836715507507327,3.0501176977157596,2.8836715507507327,2.761148203563092
2026-01-04 15:00:00,3.28,2.9150627660751347,3.0815089130401616,2.9150627660751347,2.746621205366856
2026-01-04 15:15:00,3.31,2.9849540519714357,3.1514001989364626,2.9849540519714357,2.7701582481077915
2026-01-04 15:30:00,3.41,3.041655836105347,3.208101983070374,3.041655836105347,2.791257941203637
2026-01-04 15:45:00,3.42,3.0746433162689213,3.241089463233948,3.0746433162689213,2.810727707562311
2026-01-04 16:00:00,3.4,3.112432365417481,3.2788785123825077,3.112432365417481,2.7966146546823096
2026-01-04 16:15:00,3.57,3.1531236648559573,3.319569811820984,3.1531236648559573,2.816305752388451
2026-01-04 16:30:00,3.53,3.192365741729737,3.3588118886947638,3.192365741729737,2.8377964188724465
2026-01-04 16:45:00,3.68,3.226749715805054,3.393195862770081,3.226749715805054,2.861784893228621
2026-01-04 17:00:00,3.71,3.24266942024231,3.409115567207337,3.24266942024231,2.922120751734828
2026-01-04 17:15:00,3.73,3.2654476547241216,3.4318938016891485,3.2654476547241216,2.950869985641702
2026-01-04 17:30:00,3.73,3.2673948097229006,3.4338409566879275,3.2673948097229006,2.9805638814258844
2026-01-04 17:45:00,3.71,3.277354001998902,3.4438001489639287,3.277354001998902,3.009460987603204
2026-01-04 18:00:00,3.68,3.266516361236573,3.4329625082015998,3.266516361236573,3.0328721073089024
2026-01-04 18:15:00,3.75,3.288743391036988,3.455189538002015,3.288743391036988,3.053691188250386
2026-01-04 18:30:00,3.88,3.2547671127319338,3.4212132596969607,3.2547671127319338,3.067258078796021
2026-01-04 18:45:00,3.91,3.25819338798523,3.424639534950257,3.25819338798523,3.0719118477110436
2026-01-04 19:00:00,3.85,3.2384755897521975,3.4049217367172244,3.2384755897521975,3.093069070410795
2026-01-04 19:15:00,3.82,3.2454784440994264,3.4119245910644533,3.2454784440994264,3.077682726195228
2026-01-04 19:30:00,3.79,3.1894384860992435,3.3558846330642704,3.1894384860992435,3.0528174566299686
2026-01-04 19:45:00,3.66,3.1500104999542238,3.3164566469192507,3.1500104999542238,3.0198968509015334
2026-01-04 20:00:00,3.59,3.1027759552001957,3.2692221021652226,3.1027759552001957,2.960489812451986
2026-01-04 20:15:00,3.46,3.0794758701324465,3.2459220170974734,3.0794758701324465,2.9179365038056044
2026-01-04 20:30:00,3.46,3.0213373661041265,3.1877835130691534,3.0213373661041265,2.874246023042054
2026-01-04 20:45:00,3.39,2.9874632835388186,3.1539094305038455,2.9874632835388186,2.8316702934800646
2026-01-04 21:00:00,3.35,2.9444981288909915,3.1109442758560184,2.9444981288909915,2.801446394662737
2026-01-04 21:15:00,3.27,3.061643257141114,3.2280894041061408,3.061643257141114,2.765706256310686
2026-01-04 21:30:00,3.22,3.0210674715042116,3.1875136184692385,3.0210674715042116,2.734227590293393
2026-01-04 21:45:00,3.21,2.9833716487884523,3.149817795753479,2.9833716487884523,2.7065499990060515
2026-01-04 22:00:00,3.18,2.934556875228882,3.101003022193909,2.934556875228882,2.6834520405496285
2026-01-04 22:15:00,3.13,2.8967477130889896,3.0631938600540165,2.8967477130889896,2.659626119491483
2026-01-04 22:30:00,3.06,2.851578555107117,3.018024702072144,2.851578555107117,2.6352406459909643
2026-01-04 22:45:00,2.99,2.8010626029968266,2.9675087499618535,2.8010626029968266,2.6086900353301488
2026-01-04 23:00:00,2.96,2.749677987098694,2.916124134063721,2.749677987098694,2.5626631002496305
2026-01-04 23:15:00,2.87,2.704407720565796,2.870853867530823,2.704407720565796,2.528641116634325
2026-01-04 23:30:00,2.82,2.6577787399291997,2.8242248868942266,2.6577787399291997,2.4905639102986563
2026-01-04 23:45:00,2.77,2.612032556533814,2.7784787034988407,2.612032556533814,2.4491375753255293
2026-01-05 00:00:00,2.78,2.583330230712891,2.749776377677918,2.583330230712891,2.375035661683694
2026-01-05 00:15:00,2.67,2.5273239755630494,2.6937701225280763,2.5273239755630494,2.3312437679632243
2026-01-05 00:30:00,2.66,2.48232985496521,2.648776001930237,2.48232985496521,2.2890291191236285
2026-01-05 00:45:00,2.6,2.4287072610855107,2.5951534080505376,2.4287072610855107,2.2501995432493587
2026-01-05 01:00:00,2.58,2.3945809507369997,2.5610270977020266,2.3945809507369997,2.1526274875653577
2026-01-05 01:15:00,2.46,2.355666933059693,2.52211308002472,2.355666933059693,2.124417362419268
2026-01-05 01:30:00,2.45,2.3229513859748843,2.489397532939911,2.3229513859748843,2.102231189101314
2026-01-05 01:45:00,2.47,2.2909218549728396,2.4573680019378665,2.2909218549728396,2.085633072649207
2026-01-05 02:00:00,2.45,2.268412835597992,2.4348589825630187,2.268412835597992,2.0811050271909926
2026-01-05 02:15:00,2.35,2.2107781076431277,2.3772242546081546,2.2107781076431277,2.072082503912706
2026-01-05 02:30:00,2.3,2.1730970978736877,2.3395432448387146,2.1730970978736877,2.0643761410619637
2026-01-05 02:45:00,2.32,2.151196904182434,2.317643051147461,2.151196904182434,2.056302882491968
2026-01-05 03:00:00,2.24,2.1350369310379027,2.3014830780029296,2.1350369310379027,2.0407046747267588
2026-01-05 03:15:00,2.26,2.0344543075561523,2.200900454521179,2.0344543075561523,2.0282307600191025
2026-01-05 03:30:00,2.2,2.0227993726730347,2.1892455196380616,2.0227993726730347,2.012874102090715
2026-01-05 03:45:00,2.19,2.0292974996566775,2.1957436466217044,2.0292974996566775,1.9950929174420637
2026-01-05 04:00:00,2.19,2.022082099914551,2.188528246879578,2.022082099914551,1.9727424221114034
2026-01-05 04:15:00,2.2,2.03148220539093,2.197928352355957,2.03148220539093,1.9539699866904714
2026-01-05 04:30:00,2.14,2.033333144187927,2.199779291152954,2.033333144187927,1.9374745979773547
2026-01-05 04:45:00,2.14,2.0360027360916138,2.2024488830566407,2.0360027360916138,1.9252944685524103
2026-01-05 05:00:00,2.19,2.0499523186683657,2.2163984656333926,2.0499523186683657,1.8963256452557988
2026-01-05 05:15:00,2.15,2.0757926201820376,2.2422387671470645,2.0757926201820376,1.8980186346502355
2026-01-05 05:30:00,2.15,2.1056189632415774,2.2720651102066043,2.1056189632415774,1.9083398188601806
2026-01-05 05:45:00,2.14,2.1188058829307557,2.2852520298957826,2.1188058829307557,1.9275954163459026
2026-01-05 06:00:00,2.15,2.1677069520950316,2.3341530990600585,2.1677069520950316,1.9541860880087494
2026-01-05 06:15:00,2.26,2.1998033452034,2.3662494921684267,2.1998033452034,1.9896939096903532
2026-01-05 06:30:00,2.3,2.263376569747925,2.429822716712952,2.263376569747925,2.0314775785853456
2026-01-05 06:45:00,2.3,2.2916697049140935,2.4581158518791204,2.2916697049140935,2.0778606141499374
2026-01-05 07:00:00,2.41,2.337299695014954,2.5037458419799807,2.337299695014954,2.234358928066675
2026-01-05 07:15:00,2.52,2.3755412864685064,2.5419874334335333,2.3755412864685064,2.2846335464192253
2026-01-05 07:30:00,2.57,2.4281038713455203,2.594550018310547,2.4281038713455203,2.334441723813843
2026-01-05 07:45:00,2.73,2.4749021816253665,2.6413483285903934,2.4749021816253665,2.382504835690579
2026-01-05 08:00:00,2.69,2.528892788887024,2.695338935852051,2.528892788887024,2.4317822042604664
2026-01-05 08:15:00,2.79,2.551694941520691,2.718141088485718,2.551694941520691,2.4736736938845096
2026-01-05 08:30:00,2.92,2.5927322387695315,2.7591783857345584,2.5927322387695315,2.511621670226872
2026-01-05 08:45:00,2.92,2.623116173744202,2.789562320709229,2.623116173744202,2.5452586456325763
2026-01-05 09:00:00,2.94,2.656338758468628,2.822784905433655,2.656338758468628,2.5962357830934613
2026-01-05 09:15:00,3.0,2.689656200408936,2.856102347373963,2.689656200408936,2.6203278391052516
2026-01-05 09:30:00,3.01,2.7219351053237917,2.8883812522888186,2.7219351053237917,2.6391759950819913
2026-01-05 09:45:00,2.93,2.7347957324981693,2.9012418794631962,2.7347957324981693,2.6524691094102395
2026-01-05 10:00:00,2.99,2.7478460741043094,2.9142922210693363,2.7478460741043094,2.6501266508154497
2026-01-05 10:15:00,3.0,2.7673317575454717,2.9337779045104986,2.7673317575454717,2.6517388227428738
2026-01-05 10:30:00,3.05,2.7706887245178224,2.9371348714828494,2.7706887245178224,2.6476355780356524
2026-01-05 10:45:00,3.1,2.768955745697022,2.935401892662049,2.768955745697022,2.6383246094462356
2026-01-05 11:00:00,3.06,2.774907560348511,2.941353707313538,2.774907560348511,2.6240789903558066
2026-01-05 11:15:00,3.09,2.7735137844085695,2.9399599313735965,2.7735137844085695,2.6074522929513626
2026-01-05 11:30:00,3.08,2.772451601028443,2.9388977479934697,2.772451601028443,2.5894586047027763
2026-01-05 11:45:00,3.12,2.7692226505279542,2.935668797492981,2.7692226505279542,2.5719712070616216
2026-01-05 12:00:00,2.99,2.797012281417847,2.9634584283828738,2.797012281417847,2.576088426889914
2026-01-05 12:15:00,3.05,2.768320827484131,2.934766974449158,2.768320827484131,2.56532962071243
2026-01-05 12:30:00,3.07,2.788625164031983,2.9550713109970097,2.788625164031983,2.5603639623330436
2026-01-05 12:45:00,3.0,2.7945557785034185,2.9610019254684454,2.7945557785034185,2.562226198173348
2026-01-05 13:00:00,2.99,2.7954184627532963,2.961864609718323,2.7954184627532963,2.594693069852692
2026-01-05 13:15:00,3.03,2.8355327367782595,3.0019788837432864,2.8355327367782595,2.610862744535753
2026-01-05 13:30:00,3.05,2.8309774160385137,2.9974235630035406,2.8309774160385137,2.6332404615361975
2026-01-05 13:45:00,3.06,2.84011034488678,3.006556491851807,2.84011034488678,2.6604776514141864
2026-01-05 14:00:00,3.13,2.8668636131286624,3.0333097600936894,2.8668636131286624,2.705591542896141
2026-01-05 14:15:00,3.18,2.896321535110474,3.062767682075501,2.896321535110474,2.7373823381672158
2026-01-05 14:30:00,3.17,2.937423520088196,3.103869667053223,2.937423520088196,2.7688712332476673
2026-01-05 14:45:00,3.28,2.9655357742309576,3.1319819211959845,2.9655357742309576,2.7987115704303602
2026-01-05 15:00:00,3.29,3.001668491363526,3.168114638328553,3.001668491363526,2.8184022818030505
2026-01-05 15:15:00,3.35,3.0330333423614504,3.1994794893264773,3.0330333423614504,2.8429779399439523
2026-01-05 15:30:00,3.38,3.087094345092774,3.253540492057801,3.087094345092774,2.8651041124896124
2026-01-05 15:45:00,3.38,3.1136125087738042,3.280058655738831,3.1136125087738042,2.885587637666447
2026-01-05 16:00:00,3.43,3.1507916450500493,3.317237792015076,3.1507916450500493,2.9252782682687397
2026-01-05 16:15:00,3.52,3.1883869028091434,3.3548330497741703,3.1883869028091434,2.9459559560946658
2026-01-05 16:30:00,3.58,3.2255315208435063,3.391977667808533,3.2255315208435063,2.9684187788961616
2026-01-05 16:45:00,3.63,3.261368522644043,3.42781466960907,3.261368522644043,2.9933644196198914
2026-01-05 17:00:00,3.76,3.2803027296066287,3.4467488765716556,3.2803027296066287,3.03034842290918
2026-01-05 17:15:00,3.76,3.3078773689270022,3.474323515892029,3.3078773689270022,3.060023207632479
2026-01-05 17:30:00,3.78,3.315041942596436,3.481488089561463,3.315041942596436,3.09062604593645
2026-01-05 17:45:00,3.82,3.3290177536010748,3.4954639005661017,3.3290177536010748,3.1204149648179
2026-01-05 18:00:00,3.77,3.330857005119324,3.497303152084351,3.330857005119324,3.141561843531336
2026-01-05 18:15:00,3.81,3.3494541835784917,3.5159003305435186,3.3494541835784917,3.163236951598883
2026-01-05 18:30:00,3.94,3.326525917053223,3.49297206401825,3.326525917053223,3.1776412337159607
2026-01-05 18:45:00,3.87,3.3376929759979252,3.504139122962952,3.3376929759979252,3.1831132774868154
2026-01-05 19:00:00,3.91,3.326127462387085,3.492573609352112,3.326127462387085,3.2210844537469914
2026-01-05 19:15:00,3.82,3.335804257392884,3.502250404357911,3.335804257392884,3.206476751620019
2026-01-05 19:30:00,3.77,3.2943511104583743,3.460797257423401,3.2943511104583743,3.18236963095491
2026-01-05 19:45:00,3.71,3.2624899578094486,3.4289361047744755,3.2624899578094486,3.1501862455111236
2026-01-05 20:00:00,3.66,3.227764878273011,3.3942110252380377,3.227764878273011,3.1044311026752616
2026-01-05 20:15:00,3.53,3.2048635196685793,3.371309666633606,3.2048635196685793,3.0625718998586584
2026-01-05 20:30:00,3.48,3.1576806163787845,3.3241267633438114,3.1576806163787845,3.0195533644298815
2026-01-05 20:45:00,3.52,3.1240826797485357,3.2905288267135626,3.1240826797485357,2.9776270348408262
2026-01-05 21:00:00,3.38,3.0878915262222293,3.254337673187256,3.0878915262222293,2.9225399442421853
2026-01-05 21:15:00,3.31,3.1646234035491947,3.3310695505142216,3.1646234035491947,2.8874030142159364
2026-01-05 21:30:00,3.31,3.1289842700958257,3.2954304170608526,3.1289842700958257,2.856503937693044
2026-01-05 21:45:00,3.19,3.089865589141846,3.256311736106873,3.089865589141846,2.829381987132413
2026-01-05 22:00:00,3.16,3.0444520854949957,3.2108982324600226,3.0444520854949957,2.7989600104270256
2026-01-05 22:15:00,3.13,3.006303176879883,3.17274932384491,3.006303176879883,2.775640900343118
2026-01-05 22:30:00,3.04,2.9618779277801517,3.1283240747451786,2.9618779277801517,2.7517373861715853
2026-01-05 22:45:00,3.01,2.9153872919082646,3.0818334388732915,2.9153872919082646,2.7256436119245016
2026-01-05 23:00:00,2.94,2.8654964733123784,3.0319426202774054,2.8654964733123784,2.6787927694883003
2026-01-05 23:15:00,2.83,2.823405961990357,2.989852108955384,2.823405961990357,2.645176623545245
2026-01-05 23:30:00,2.72,2.7761344528198246,2.9425805997848515,2.7761344528198246,2.607479409982049
2026-01-05 23:45:00,2.67,2.7316869163513187,2.8981330633163456,2.7316869163513187,2.566407013398702
2026-01-06 00:00:00,2.67,2.7076720046997074,2.8741181516647343,2.7076720046997074,2.5235686909116017
2026-01-06 00:15:00,2.62,2.649156517982483,2.81560266494751,2.649156517982483,2.4800780619710316
2026-01-06 00:30:00,2.55,2.6072089719772342,2.773655118942261,2.6072089719772342,2.4381380908370933
2026-01-06 00:45:00,2.5,2.559344944953919,2.725791091918946,2.559344944953919,2.399556460334807
2026-01-06 01:00:00,2.4,2.5232603359222416,2.6897064828872685,2.5232603359222416,2.3087276155767746
2026-01-06 01:15:00,2.41,2.490634346008301,2.657080492973328,2.490634346008301,2.280711601080953
2026-01-06 01:30:00,2.38,2.45856390953064,2.625010056495667,2.45856390953064,2.258692469003958
2026-01-06 01:45:00,2.31,2.4251801490783693,2.5916262960433962,2.4251801490783693,2.242234245166944
2026-01-06 02:00:00,2.3,2.4075266504287725,2.5739727973937994,2.4075266504287725,2.2371320253107037
2026-01-06 02:15:00,2.3,2.3524629878997807,2.5189091348648076,2.3524629878997807,2.2281949265969043
2026-01-06 02:30:00,2.26,2.3179018020629885,2.4843479490280154,2.3179018020629885,2.2205467024163505
2026-01-06 02:45:00,2.2,2.2931250429153445,2.4595711898803714,2.2931250429153445,2.212504284459598
2026-01-06 03:00:00,2.2,2.2782241702079773,2.444670317173004,2.2782241702079773,2.179070484643576
2026-01-06 03:15:00,2.2,2.052317225933075,2.2187633728981018,2.052317225933075,2.1665728453024427
2026-01-06 03:30:00,2.19,2.037334542274475,2.203780689239502,2.037334542274475,2.1511652292535786
2026-01-06 03:45:00,2.2,2.043402142524719,2.209848289489746,2.043402142524719,2.1333059081737824
2026-01-06 04:00:00,2.15,2.0356769871711733,2.2021231341362,2.0356769871711733,2.104004837380455
2026-01-06 04:15:00,2.16,2.0437489557266235,2.2101951026916504,2.0437489557266235,2.0851001416795314
2026-01-06 04:30:00,2.1,2.0466101646423343,2.213056311607361,2.0466101646423343,2.068445580607961
2026-01-06 04:45:00,2.15,2.0512925505638124,2.2177386975288393,2.0512925505638124,2.056079488854138
2026-01-06 05:00:00,2.14,2.0653285646438597,2.2317747116088866,2.0653285646438597,2.0665791187967724
2026-01-06 05:15:00,2.11,2.0928750729560854,2.2593212199211123,2.0928750729560854,2.0680329985099313
2026-01-06 05:30:00,2.07,2.1244338512420655,2.2908799982070924,2.1244338512420655,2.0780887485392787
2026-01-06 05:45:00,2.13,2.138327035903931,2.3047731828689577,2.138327035903931,2.097052775227614
2026-01-06 06:00:00,2.12,2.188442087173462,2.354888234138489,2.188442087173462,2.1305536557489053
2026-01-06 06:15:00,2.23,2.2261474227905276,2.3925935697555545,2.2261474227905276,2.165718261575782
2026-01-06 06:30:00,2.23,2.2901048326492313,2.456550979614258,2.2901048326492313,2.2071332381091473
2026-01-06 06:45:00,2.33,2.3204214978218083,2.486867644786835,2.3204214978218083,2.2531223565584306
2026-01-06 07:00:00,2.38,2.371739115715027,2.538185262680054,2.371739115715027,2.355566031095541
2026-01-06 07:15:00,2.54,2.4098491573333742,2.576295304298401,2.4098491573333742,2.405397100239619
2026-01-06 07:30:00,2.54,2.4660502910614017,2.6324964380264286,2.4660502910614017,2.4547373516973905
2026-01-06 07:45:00,2.6,2.5118369722366336,2.6782831192016605,2.5118369722366336,2.5023084739747823
2026-01-06 08:00:00,2.69,2.5684373760223393,2.7348835229873663,2.5684373760223393,2.5707331300296747
2026-01-06 08:15:00,2.85,2.59521918296814,2.761665329933167,2.59521918296814,2.6120855008327784
2026-01-06 08:30:00,2.91,2.6352418613433843,2.8016880083084112,2.6352418613433843,2.6494713218394104
2026-01-06 08:45:00,2.86,2.6656910276412966,2.8321371746063235,2.6656910276412966,2.682523476439129
2026-01-06 09:00:00,3.01,2.701896314620972,2.868342461585999,2.701896314620972,2.7511828137171834
2026-01-06 09:15:00,3.01,2.7236713457107546,2.8901174926757816,2.7236713457107546,2.7746458864308616
2026-01-06 09:30:00,2.95,2.753906879425049,2.920353026390076,2.753906879425049,2.792843589156631
2026-01-06 09:45:00,2.94,2.7685227727890016,2.9349689197540285,2.7685227727890016,2.805465205420515
2026-01-06 10:00:00,3.01,2.780787892341614,2.947234039306641,2.780787892341614,2.8575397358441883
2026-01-06 10:15:00,3.01,2.8007253026962284,2.9671714496612553,2.8007253026962284,2.858439646551358
2026-01-06 10:30:00,3.01,2.8036313581466676,2.9700775051116945,2.8036313581466676,2.8536044471016995
2026-01-06 10:45:00,3.12,2.8028485822677616,2.9692947292327885,2.8028485822677616,2.843542304977362
2026-01-06 11:00:00,3.01,2.8095451211929325,2.9759912681579594,2.8095451211929325,2.866324799621686
2026-01-06 11:15:00,3.06,2.8102276039123537,2.9766737508773806,2.8102276039123537,2.8489099615378635
2026-01-06 11:30:00,3.01,2.8113835573196413,2.977829704284668,2.8113835573196413,2.83011040655031
2026-01-06 11:45:00,3.07,2.809188795089722,2.9756349420547488,2.809188795089722,2.811799935406927
2026-01-06 12:00:00,3.02,2.8405976772308352,3.007043824195862,2.8405976772308352,2.8421456502580873
2026-01-06 12:15:00,3.08,2.8117002010345464,2.9781463479995733,2.8117002010345464,2.830530955860254
2026-01-06 12:30:00,3.01,2.8369180870056154,3.0033642339706423,2.8369180870056154,2.824693820798593
2026-01-06 12:45:00,3.01,2.8436048412323003,3.010050988197327,2.8436048412323003,2.8256695498879245
2026-01-06 13:00:00,3.01,2.8486254787445073,3.0150716257095342,2.8486254787445073,2.865864214487286
2026-01-06 13:15:00,3.11,2.8905762863159183,3.0570224332809453,2.8905762863159183,2.8811190323687534
2026-01-06 13:30:00,3.17,2.8899864864349367,3.0564326333999636,2.8899864864349367,2.9025685891711897
2026-01-06 13:45:00,3.17,2.901660718917847,3.068106865882874,2.901660718917847,2.9288649069218295
2026-01-06 14:00:00,3.17,2.9301238632202153,3.0965700101852422,2.9301238632202153,2.9457122645967386
2026-01-06 14:15:00,3.27,2.9612576866149904,3.1277038335800174,2.9612576866149904,2.976538567159931
2026-01-06 14:30:00,3.33,3.005102920532227,3.1715490674972537,3.005102920532227,3.0070520742772344
2026-01-06 14:45:00,3.39,3.0354496192932134,3.2018957662582404,3.0354496192932134,3.0359067465598777
2026-01-06 15:00:00,3.45,3.074420442581177,3.240866589546204,3.074420442581177,3.0191878940454586
2026-01-06 15:15:00,3.47,3.1822820663452154,3.3487282133102423,3.1822820663452154,3.042759210630487
2026-01-06 15:30:00,3.45,3.238171176910401,3.404617323875428,3.238171176910401,3.063872652038049
2026-01-06 15:45:00,3.61,3.2599633312225347,3.4264094781875616,3.2599633312225347,3.0833356950426847
2026-01-06 16:00:00,3.55,3.2969685173034673,3.463414664268494,3.2969685173034673,3.1083672430234377
2026-01-06 16:15:00,3.74,3.332217350006104,3.498663496971131,3.332217350006104,3.128010877867909
2026-01-06 16:30:00,3.75,3.3668274593353273,3.5332736063003543,3.3668274593353273,3.1494338346580344
2026-01-06 16:45:00,3.81,3.402477736473084,3.568923883438111,3.402477736473084,3.17333444835295
2026-01-06 17:00:00,3.81,3.419110093116761,3.5855562400817877,3.419110093116761,3.163634233249473
2026-01-06 17:15:00,3.91,3.4478463935852055,3.6142925405502324,3.4478463935852055,3.1922556337103445
2026-01-06 17:30:00,3.96,3.4500128889083865,3.6164590358734134,3.4500128889083865,3.2218018948394853
2026-01-06 17:45:00,4.01,3.463260011672974,3.629706158638001,3.463260011672974,3.250531702201208
2026-01-06 18:00:00,4.08,3.4637995290756227,3.6302456760406496,3.4637995290756227,3.2952155541922368
2026-01-06 18:15:00,4.11,3.4794824981689456,3.6459286451339725,3.4794824981689456,3.3158284596374887
2026-01-06 18:30:00,4.18,3.456764602661133,3.62321074962616,3.456764602661133,3.3291699821731497
2026-01-06 18:45:00,4.13,3.4650913810729986,3.6315375280380255,3.4650913810729986,3.333579367608602
2026-01-06 19:00:00,4.09,3.4509378147125247,3.6173839616775516,3.4509378147125247,3.3462543337001716
2026-01-06 19:15:00,4.1,3.4614395141601566,3.6278856611251835,3.4614395141601566,3.330586145217352
2026-01-06 19:30:00,4.05,3.415702843666077,3.582148990631104,3.415702843666077,3.3054206052590125
2026-01-06 19:45:00,3.96,3.38286566734314,3.549311814308167,3.38286566734314,3.272181518505373
2026-01-06 20:00:00,3.84,3.348359928131104,3.5148060750961307,3.348359928131104,3.255944347805346
2026-01-06 20:15:00,3.76,3.324178676605225,3.490624823570252,3.324178676605225,3.2130368203749966
2026-01-06 20:30:00,3.65,3.2724627399444586,3.4389088869094855,3.2724627399444586,3.16897461195466
2026-01-06 20:45:00,3.72,3.236399331092835,3.402845478057862,3.236399331092835,3.126009897839819
2026-01-06 21:00:00,3.65,3.200986061096192,3.367432208061219,3.200986061096192,3.107629189558551
2026-01-06 21:15:00,3.58,3.3303935909271245,3.4968397378921514,3.3303935909271245,3.0714663435762346
2026-01-06 21:30:00,3.61,3.3004964447021488,3.4669425916671757,3.3004964447021488,3.0395485208713366
2026-01-06 21:45:00,3.61,3.2617321872711185,3.4281783342361454,3.2617321872711185,3.01141560997342
2026-01-06 22:00:00,3.52,3.2223063755035404,3.3887525224685673,3.2223063755035404,2.965436026811481
2026-01-06 22:15:00,3.42,3.184240908622742,3.350687055587769,3.184240908622742,2.9411233511253205
2026-01-06 22:30:00,3.43,3.140826473236084,3.307272620201111,3.140826473236084,2.9162358666848562
2026-01-06 22:45:00,3.37,3.0996755647659304,3.2661217117309573,3.0996755647659304,2.8891683065053413
2026-01-06 23:00:00,3.25,3.0528185462951662,3.219264693260193,3.0528185462951662,2.837529175899869
2026-01-06 23:15:00,3.23,3.0111808490753176,3.1776269960403445,3.0111808490753176,2.802961348326643
2026-01-06 23:30:00,3.16,2.9646097612380986,3.1310559082031255,2.9646097612380986,2.764324356529561
2026-01-06 23:45:00,3.1,2.9205408382415774,3.0869869852066043,2.9205408382415774,2.722324641007315
2026-01-07 00:00:00,3.05,2.9019162082672123,3.068362355232239,2.9019162082672123,2.7168201871400997
2026-01-07 00:15:00,2.95,2.838403186798096,3.004849333763123,2.838403186798096,2.672428788389954
2026-01-07 00:30:00,2.89,2.802924957275391,2.969371104240418,2.802924957275391,2.6296021178950846
2026-01-07 00:45:00,2.8,2.75713936328888,2.923585510253907,2.75713936328888,2.5901483756527766
2026-01-07 01:00:00,2.83,2.7200031709671024,2.8864493179321293,2.7200031709671024,2.4985535218056842
2026-01-07 01:15:00,2.8,2.694814910888672,2.861261057853699,2.694814910888672,2.4696960798157326
2026-01-07 01:30:00,2.74,2.6587857484817508,2.8252318954467777,2.6587857484817508,2.446851594951613
2026-01-07 01:45:00,2.77,2.62507637500763,2.7915225219726567,2.62507637500763,2.4295845662744906
2026-01-07 02:00:00,2.7,2.608376069068909,2.774822216033936,2.608376069068909,2.4440995933545175
2026-01-07 02:15:00,2.7,2.5577796649932862,2.724225811958313,2.5577796649932862,2.4343881582746505
2026-01-07 02:30:00,2.69,2.525481190681458,2.6919273376464847,2.525481190681458,2.425983493978806
2026-01-07 02:45:00,2.68,2.496939496994019,2.663385643959046,2.496939496994019,2.4172029568877154
2026-01-07 03:00:00,2.65,2.485315003395081,2.651761150360108,2.485315003395081,2.3143091849523842
2026-01-07 03:15:00,2.7,2.318318195343018,2.4847643423080448,2.318318195343018,2.301111291202332
2026-01-07 03:30:00,2.63,2.308884658813477,2.475330805778504,2.308884658813477,2.285022938171088
2026-01-07 03:45:00,2.63,2.3100421071052555,2.4764882540702824,2.3100421071052555,2.2665027696975883
2026-01-07 04:00:00,2.64,2.3045744991302493,2.471020646095276,2.3045744991302493,2.2697013099762087
2026-01-07 04:15:00,2.57,2.310971109867096,2.477417256832123,2.310971109867096,2.2501766073726115
2026-01-07 04:30:00,2.58,2.308764388561249,2.475210535526276,2.308764388561249,2.2329229623190194
2026-01-07 04:45:00,2.63,2.314318156242371,2.480764303207398,2.314318156242371,2.2199790255848693
2026-01-07 05:00:00,2.63,2.326213088035584,2.4926592350006107,2.326213088035584,2.161995577056879
2026-01-07 05:15:00,2.58,2.345855054855347,2.512301201820374,2.345855054855347,2.1629149800692846
2026-01-07 05:30:00,2.7,2.3697723913192754,2.5362185382843023,2.3697723913192754,2.172458353244013
2026-01-07 05:45:00,2.69,2.378693590164185,2.5451397371292117,2.378693590164185,2.19093236018894
2026-01-07 06:00:00,2.69,2.422348022460938,2.588794169425965,2.422348022460938,2.2259758233388434
2026-01-07 06:15:00,2.75,2.4507296276092534,2.6171757745742803,2.4507296276092534,2.2606958350898703
2026-01-07 06:30:00,2.79,2.5097090721130373,2.676155219078064,2.5097090721130373,2.301689255633435
2026-01-07 06:45:00,2.83,2.5338210153579714,2.7002671623229983,2.5338210153579714,2.347280052510901
2026-01-07 07:00:00,3.01,2.5758628749847414,2.7423090219497683,2.5758628749847414,2.5321811812331134
2026-01-07 07:15:00,3.06,2.6127302598953253,2.779176406860352,2.6127302598953253,2.5816609245790336
2026-01-07 07:30:00,3.1,2.657213673591614,2.823659820556641,2.657213673591614,2.630673580431165
2026-01-07 07:45:00,3.15,2.696793594360352,2.863239741325379,2.696793594360352,2.6779409712476125
2026-01-07 08:00:00,3.16,2.746201701164246,2.912647848129273,2.746201701164246,2.6793871303479113
2026-01-07 08:15:00,3.3,2.773737201690674,2.940183348655701,2.773737201690674,2.7204838369939925
2026-01-07 08:30:00,3.25,2.807480006217957,2.9739261531829837,2.807480006217957,2.7576381654160103
2026-01-07 08:45:00,3.31,2.830169363021851,2.996615509986878,2.830169363021851,2.7904830699128143
2026-01-07 09:00:00,3.38,2.865319805145264,3.031765952110291,2.865319805145264,2.805528548888397
2026-01-07 09:15:00,3.24,2.8982920646667485,3.0647382116317754,2.8982920646667485,2.8288330060302465
2026-01-07 09:30:00,3.15,2.9253755664825443,3.091821713447571,2.9253755664825443,2.846896453679253
2026-01-07 09:45:00,3.22,2.930859346389771,3.097305493354798,2.930859346389771,2.8594081832273206
2026-01-07 10:00:00,3.22,2.9433419036865236,3.1097880506515505,2.9433419036865236,2.829788356756108
2026-01-07 10:15:00,3.21,2.958199968338013,3.12464611530304,2.958199968338013,2.8306270783293908
2026-01-07 10:30:00,3.18,2.9552724409103397,3.1217185878753666,2.9552724409103397,2.825754987802089
2026-01-07 10:45:00,3.11,2.957617235183716,3.124063382148743,2.957617235183716,2.815680198166441
2026-01-07 11:00:00,3.07,2.9640658950805667,3.1305120420455936,2.9640658950805667,2.7326310781861003
2026-01-07 11:15:00,3.12,2.9646747207641604,3.1311208677291873,2.9646747207641604,2.715251854788175
2026-01-07 11:30:00,3.0,2.966594967842102,3.133041114807129,2.966594967842102,2.6965119026591866
2026-01-07 11:45:00,2.99,2.9674736881256107,3.1339198350906377,2.9674736881256107,2.678284907106666
2026-01-07 12:00:00,2.93,2.9995805454254154,3.1660266923904423,2.9995805454254154,2.6218435176673687
2026-01-07 12:15:00,2.94,2.968551635742188,3.134997782707215,2.968551635742188,2.6103596385195433
2026-01-07 12:30:00,2.83,3.002228393554688,3.168674540519715,3.002228393554688,2.6046767561939466
2026-01-07 12:45:00,2.85,3.0094639062881474,3.1759100532531743,3.0094639062881474,2.6058300012403866
2026-01-07 13:00:00,2.9,3.015697574615479,3.182143721580506,3.015697574615479,2.5433156685412404
2026-01-07 13:15:00,2.99,3.059511280059815,3.225957427024842,3.059511280059815,2.558793949002156
2026-01-07 13:30:00,2.98,3.0611616325378423,3.2276077795028693,3.0611616325378423,2.5804896237014354
2026-01-07 13:45:00,2.78,3.075629396438599,3.242075543403626,3.075629396438599,2.6070544843165933
2026-01-07 14:00:00,2.79,3.107568283081055,3.274014430046082,3.107568283081055,2.6188479008053784
2026-01-07 14:15:00,3.08,3.137398023605347,3.303844170570374,3.137398023605347,2.6499868511217493
2026-01-07 14:30:00,3.09,3.1783600330352786,3.3448061800003055,3.1783600330352786,2.6808346595114227
2026-01-07 14:45:00,3.11,3.203393640518189,3.3698397874832158,3.203393640518189,2.710045003443854
2026-01-07 15:00:00,3.21,3.2441996383666996,3.4106457853317265,3.2441996383666996,2.7773809044054745
2026-01-07 15:15:00,3.29,3.0010281372070318,3.1674742841720587,3.0010281372070318,2.8013497337341633
2026-01-07 15:30:00,3.21,3.057477149963379,3.223923296928406,3.057477149963379,2.822881134154071
2026-01-07 15:45:00,3.42,3.080592412948609,3.2470385599136358,3.080592412948609,2.84278225038379
2026-01-07 16:00:00,3.42,3.1187630653381353,3.285209212303162,3.1187630653381353,2.9074519825484115
2026-01-07 16:15:00,3.4,3.1562623786926274,3.3227085256576543,3.1562623786926274,2.927572876981431
2026-01-07 16:30:00,3.44,3.18850567817688,3.354951825141907,3.18850567817688,2.949492143235585
2026-01-07 16:45:00,3.45,3.2230706691741946,3.3895168161392215,3.2230706691741946,2.973907739749259
2026-01-07 17:00:00,3.43,3.243043684959412,3.409489831924439,3.243043684959412,3.002129095516846
2026-01-07 17:15:00,3.45,3.267557344436646,3.434003491401673,3.267557344436646,3.0313016546428657
2026-01-07 17:30:00,3.55,3.27104287147522,3.437489018440247,3.27104287147522,3.061416557117407
2026-01-07 17:45:00,3.5,3.285591630935669,3.452037777900696,3.285591630935669,3.0907320723409497
2026-01-07 18:00:00,3.55,3.284714541435242,3.451160688400269,3.284714541435242,3.114677072333723
2026-01-07 18:15:00,3.66,3.2947756576538088,3.4612218046188357,3.2947756576538088,3.13590853401996
2026-01-07 18:30:00,3.6,3.283404750823975,3.449850897789002,3.283404750823975,3.149884377464036
2026-01-07 18:45:00,3.61,3.2921275377273562,3.458573684692383,3.2921275377273562,3.154943397906879
2026-01-07 19:00:00,3.61,3.275607433319092,3.442053580284119,3.275607433319092,3.0632995939435785
2026-01-07 19:15:00,3.46,3.2955562591552736,3.4620024061203005,3.2955562591552736,3.0483102863209175
2026-01-07 19:30:00,3.44,3.2446709346771243,3.411117081642151,3.2446709346771243,3.023837544569714
2026-01-07 19:45:00,3.41,3.220071659088135,3.386517806053162,3.220071659088135,2.991304693937781
2026-01-07 20:00:00,3.32,3.1869341468811037,3.3533802938461306,3.1869341468811037,3.053060939090943
2026-01-07 20:15:00,3.2,3.165438795089722,3.331884942054749,3.165438795089722,3.0108850605706254
2026-01-07 20:30:00,3.24,3.1217984962463383,3.2882446432113652,3.1217984962463383,2.96756646440707
2026-01-07 20:45:00,3.13,3.0901580429077153,3.2566041898727422,3.0901580429077153,2.925356823459679
2026-01-07 21:00:00,3.19,3.060999097824097,3.227445244789124,3.060999097824097,2.877290181577002
2026-01-07 21:15:00,3.15,2.956206607818604,3.1226527547836307,2.956206607818604,2.841903804459317
2026-01-07 21:30:00,3.09,2.92853819847107,3.094984345436097,2.92853819847107,2.810772376880031
2026-01-07 21:45:00,3.04,2.8875799942016607,3.0540261411666876,2.8875799942016607,2.78343526794402
2026-01-07 22:00:00,2.99,2.8484156513214116,3.0148617982864385,2.8484156513214116,2.7604659482840326
2026-01-07 22:15:00,2.99,2.8144328498840334,2.9808789968490603,2.8144328498840334,2.7369663171359417
2026-01-07 22:30:00,2.88,2.7747814464569096,2.9412275934219365,2.7747814464569096,2.712899707531935
2026-01-07 22:45:00,2.88,2.7333470535278326,2.8997932004928595,2.7333470535278326,2.686660322155797
2026-01-07 23:00:00,2.84,2.69137885093689,2.857824997901917,2.69137885093689,2.697055922632228
2026-01-07 23:15:00,2.76,2.6508098602294927,2.8172560071945196,2.6508098602294927,2.663329272170479
2026-01-07 23:30:00,2.73,2.6076427602767946,2.7740889072418216,2.6076427602767946,2.6255391574489972
2026-01-07 23:45:00,2.67,2.57245834350586,2.738904490470887,2.57245834350586,2.584391483874815
2026-01-08 00:00:00,2.65,2.5463397216796877,2.7127858686447146,2.5463397216796877,2.558884497303948
2026-01-08 00:15:00,2.65,2.4928022003173833,2.65924834728241,2.4928022003173833,2.5153538644877984
2026-01-08 00:30:00,2.56,2.4545521831512453,2.6209983301162723,2.4545521831512453,2.4733915197013223
2026-01-08 00:45:00,2.55,2.414374308586121,2.580820455551148,2.414374308586121,2.4348051292275734
2026-01-08 01:00:00,2.49,2.380351009368897,2.546797156333924,2.380351009368897,2.3662134193881696
2026-01-08 01:15:00,2.51,2.3577418327331547,2.5241879796981816,2.3577418327331547,2.3382277855772213
2026-01-08 01:30:00,2.51,2.3238006162643434,2.4902467632293703,2.3238006162643434,2.3162565429213697
2026-01-08 01:45:00,2.47,2.299737324714661,2.4661834716796878,2.299737324714661,2.2998636640965433
2026-01-08 02:00:00,2.44,2.2828882098197942,2.449334356784821,2.2828882098197942,2.2931386560487153
2026-01-08 02:15:00,2.39,2.2380189800262453,2.4044651269912722,2.2380189800262453,2.2843016182916367
2026-01-08 02:30:00,2.38,2.2052565479278563,2.371702694892883,2.2052565479278563,2.27677069772363
2026-01-08 02:45:00,2.4,2.1865378761291505,2.3529840230941774,2.1865378761291505,2.268862737510279
2026-01-08 03:00:00,2.39,2.175854480266571,2.342300627231598,2.175854480266571,2.251145556130445
2026-01-08 03:15:00,2.39,2.084342815876007,2.250788962841034,2.084342815876007,2.238816382803133
2026-01-08 03:30:00,2.39,2.081809394359589,2.2482555413246157,2.081809394359589,2.2235940699292
2026-01-08 03:45:00,2.37,2.091139783859253,2.25758593082428,2.091139783859253,2.2059367668012753
2026-01-08 04:00:00,2.34,2.093048071861267,2.259494218826294,2.093048071861267,2.1362410724608236
2026-01-08 04:15:00,2.38,2.108032250404358,2.2744783973693847,2.108032250404358,2.117571424198003
2026-01-08 04:30:00,2.34,2.11469984292984,2.281145989894867,2.11469984292984,2.1011682092540127
2026-01-08 04:45:00,2.33,2.127151687145233,2.29359783411026,2.127151687145233,2.0890696077664677
2026-01-08 05:00:00,2.28,2.1456185388565063,2.3120646858215332,2.1456185388565063,2.0336314623886484
2026-01-08 05:15:00,2.32,2.1701629114151,2.336609058380127,2.1701629114151,2.0353846262697997
2026-01-08 05:30:00,2.28,2.2018717217445376,2.3683178687095645,2.2018717217445376,2.045755295193635
2026-01-08 05:45:00,2.33,2.2217115569114685,2.3881577038764954,2.2217115569114685,2.0650496908781815
2026-01-08 06:00:00,2.34,2.2600874161720275,2.4265335631370544,2.2600874161720275,2.0802518566018824
2026-01-08 06:15:00,2.39,2.291748254299164,2.458194401264191,2.291748254299164,2.115777149298823
2026-01-08 06:30:00,2.44,2.3503353595733647,2.5167815065383916,2.3503353595733647,2.1575676665912153
2026-01-08 06:45:00,2.5,2.378664236068726,2.545110383033753,2.378664236068726,2.2039469673008627
2026-01-08 07:00:00,2.61,2.415142951011658,2.581589097976685,2.415142951011658,2.336442004275203
2026-01-08 07:15:00,2.77,2.4503678655624395,2.6168140125274664,2.4503678655624395,2.3866918754792565
2026-01-08 07:30:00,2.77,2.4880984783172613,2.654544625282288,2.4880984783172613,2.4364648947054084
2026-01-08 07:45:00,2.76,2.5308184719085696,2.6972646188735965,2.5308184719085696,2.484482512784981
2026-01-08 08:00:00,2.76,2.567614374160767,2.734060521125794,2.567614374160767,2.4719358389672363
2026-01-08 08:15:00,2.87,2.584351916313172,2.7507980632781988,2.584351916313172,2.5137614253931595
2026-01-08 08:30:00,2.97,2.6115427780151372,2.777988924980164,2.6115427780151372,2.551633442508744
2026-01-08 08:45:00,2.91,2.6335241031646732,2.7999702501297,2.6335241031646732,2.5851845135050904
2026-01-08 09:00:00,2.97,2.659319286346436,2.825765433311463,2.659319286346436,2.625913264686799
2026-01-08 09:15:00,2.97,2.570273637771607,2.736719784736634,2.570273637771607,2.6498998932481177
2026-01-08 09:30:00,1.96,2.590325746536255,2.756771893501282,2.590325746536255,2.6686330611245577
2026-01-08 09:45:00,2.59,2.5948609542846683,2.7613071012496953,2.5948609542846683,2.681801771963799
2026-01-08 10:00:00,2.86,2.607311983108521,2.773758130073548,2.607311983108521,2.6344182631725865
2026-01-08 10:15:00,2.92,2.6201187944412236,2.7865649414062506,2.6201187944412236,2.635887669985499
2026-01-08 10:30:00,3.01,2.6192639923095706,2.7857101392745975,2.6192639923095706,2.6316327303838416
2026-01-08 10:45:00,2.97,2.6238943290710455,2.7903404760360724,2.6238943290710455,2.6221613152447136
2026-01-08 11:00:00,2.97,2.63396767616272,2.800413823127747,2.63396767616272,2.5969577364800753
2026-01-08 11:15:00,2.87,2.6280672311782842,2.794513378143311,2.6280672311782842,2.5801536551715127
2026-01-08 11:30:00,2.9,2.636826982498169,2.803273129463196,2.636826982498169,2.5619744127819297
2026-01-08 11:45:00,2.96,2.6454788303375247,2.8119249773025516,2.6454788303375247,2.544293499768411
2026-01-08 12:00:00,2.9,2.674903864860535,2.841350011825562,2.674903864860535,2.48969792102486
2026-01-08 12:15:00,2.96,2.6478124809265142,2.814258627891541,2.6478124809265142,2.4787303334004807
2026-01-08 12:30:00,2.92,2.68333800315857,2.8497841501235968,2.68333800315857,2.473548602942853
2026-01-08 12:45:00,2.85,2.6940266990661623,2.8604728460311892,2.6940266990661623,2.4751877135827227
2026-01-08 13:00:00,2.79,2.7004503536224367,2.8668965005874636,2.7004503536224367,2.4120659814764305
2026-01-08 13:15:00,2.89,2.7480086088180546,2.9144547557830816,2.7480086088180546,2.42799916380058
2026-01-08 13:30:00,2.84,2.7476865291595463,2.914132676124573,2.7476865291595463,2.4501340872317723
2026-01-08 13:45:00,2.81,2.7720042228698736,2.9384503698349005,2.7720042228698736,2.4771224454822884
2026-01-08 14:00:00,2.84,2.7985424995422368,2.9649886465072637,2.7985424995422368,2.486812793187835
2026-01-08 14:15:00,2.9,2.829121313095093,2.99556746006012,2.829121313095093,2.518343493670627
2026-01-08 14:30:00,2.91,2.8664716815948488,3.0329178285598757,2.8664716815948488,2.549567080069536
2026-01-08 14:45:00,2.94,2.8896690273284915,3.0561151742935184,2.8896690273284915,2.579137180314986
2026-01-08 15:00:00,2.83,2.922741308212281,3.0891874551773078,2.922741308212281,2.5621287092126055
2026-01-08 15:15:00,3.02,2.7809955453872686,2.9474416923522955,2.7809955453872686,2.5864251507442235
2026-01-08 15:30:00,3.01,2.8291267490386964,2.9955728960037233,2.8291267490386964,2.6082680647566194
2026-01-08 15:45:00,3.05,2.85082540512085,3.017271552085877,2.85082540512085,2.6284645939998015
2026-01-08 16:00:00,3.06,2.8814188957214357,3.0478650426864626,2.8814188957214357,2.6829883506434085
2026-01-08 16:15:00,3.11,2.912392630577088,3.078838777542115,2.912392630577088,2.703372497643771
2026-01-08 16:30:00,3.16,2.9359897899627687,3.1024359369277956,2.9359897899627687,2.725538979681955
2026-01-08 16:45:00,3.21,2.963151025772095,3.129597172737122,2.963151025772095,2.750185799334555
2026-01-08 17:00:00,3.27,2.9779308128356936,3.1443769598007205,2.9779308128356936,2.7557891811847615
2026-01-08 17:15:00,3.26,2.984809184074402,3.151255331039429,2.984809184074402,2.785161155439756
2026-01-08 17:30:00,3.29,2.9896338558197026,3.1560800027847296,2.9896338558197026,2.8154596797107407
2026-01-08 17:45:00,3.36,3.0015021514892584,3.1679482984542853,3.0015021514892584,2.8449431116561286
2026-01-08 18:00:00,3.37,2.9944935894012454,3.1609397363662723,2.9944935894012454,2.9057692065040195
2026-01-08 18:15:00,3.42,2.9915793800354007,3.1580255270004276,2.9915793800354007,2.9271374819600413
2026-01-08 18:30:00,3.48,2.976089115142823,3.1425352621078497,2.976089115142823,2.9412347620706374
2026-01-08 18:45:00,3.47,2.98446563243866,3.1509117794036867,2.98446563243866,2.9463999719001506
2026-01-08 19:00:00,3.47,2.9558266353607183,3.1222727823257452,2.9558266353607183,3.0397019796962628
2026-01-08 19:15:00,3.41,2.977757949829102,3.144204096794129,2.977757949829102,3.024788795856321
2026-01-08 19:30:00,3.36,2.9254967880249025,3.0919429349899294,2.9254967880249025,3.000377378831005
2026-01-08 19:45:00,3.26,2.9068107318878176,3.0732568788528445,2.9068107318878176,2.9678912221954206
2026-01-08 20:00:00,3.22,2.870883493423462,3.037329640388489,2.870883493423462,2.956680910264712
2026-01-08 20:15:00,3.21,2.8525110912323,3.018957238197327,2.8525110912323,2.9145230054461138
2026-01-08 20:30:00,3.11,2.8146644210815435,2.9811105680465704,2.8146644210815435,2.871208310947879
2026-01-08 20:45:00,3.1,2.785697093009949,2.952143239974976,2.785697093009949,2.82898870297369
2026-01-08 21:00:00,3.05,2.754240374565125,2.920686521530152,2.754240374565125,2.7877437696350604
2026-01-08 21:15:00,3.05,2.726305332183838,2.892751479148865,2.726305332183838,2.7523203305710995
2026-01-08 21:30:00,3.05,2.705004043579102,2.8714501905441288,2.705004043579102,2.721138630411415
2026-01-08 21:45:00,3.0,2.667340836524964,2.8337869834899907,2.667340836524964,2.69373827273146
2026-01-08 22:00:00,2.88,2.632292861938477,2.798739008903504,2.632292861938477,2.648605739372011
2026-01-08 22:15:00,2.88,2.604668483734131,2.771114630699158,2.604668483734131,2.625017638940877
2026-01-08 22:30:00,2.78,2.569542775154114,2.735988922119141,2.569542775154114,2.6008503291277973
2026-01-08 22:45:00,2.77,2.5326737594604496,2.6991199064254765,2.5326737594604496,2.574498274007858
2026-01-08 23:00:00,2.73,2.4968166446685793,2.6632627916336062,2.4968166446685793,2.555454559996988
2026-01-08 23:15:00,2.63,2.4564629173278814,2.6229090642929083,2.4564629173278814,2.52159210882304
2026-01-08 23:30:00,2.56,2.4205364942550665,2.5869826412200934,2.4205364942550665,2.4836550431565083
2026-01-08 23:45:00,2.6,2.394398846626282,2.560844993591309,2.394398846626282,2.44234955221476
2026-01-09 00:00:00,2.53,2.3642051696777346,2.5306513166427616,2.3642051696777346,2.3786308479980613
2026-01-09 00:15:00,2.42,2.3196024370193484,2.4860485839843753,2.3196024370193484,2.3349215356089275
2026-01-09 00:30:00,2.44,2.2811849927902226,2.4476311397552495,2.2811849927902226,2.292770524338396
2026-01-09 00:45:00,2.43,2.2510331726074218,2.4174793195724487,2.2510331726074218,2.2539857819398224
2026-01-09 01:00:00,2.38,2.2155239582061768,2.3819701051712037,2.2155239582061768,2.213491220714925
2026-01-09 01:15:00,2.33,2.1993860006332397,2.3658321475982667,2.1993860006332397,2.1852887830158227
2026-01-09 01:30:00,2.3,2.1686928963661196,2.3351390433311465,2.1686928963661196,2.163091976338933
2026-01-09 01:45:00,2.27,2.1545478916168213,2.320994038581848,2.1545478916168213,2.1464650876764306
2026-01-09 02:00:00,2.28,2.137880337238312,2.304326484203339,2.137880337238312,2.0891462733804165
2026-01-09 02:15:00,2.23,2.102270693778992,2.268716840744019,2.102270693778992,2.0800592865773693
2026-01-09 02:30:00,2.21,2.0733359813690186,2.2397821283340456,2.0733359813690186,2.0722709274951203
2026-01-09 02:45:00,2.23,2.0629071235656737,2.2293532705307006,2.0629071235656737,2.0640983614895725
2026-01-09 03:00:00,2.23,2.0499630546569825,2.2164092016220094,2.0499630546569825,2.03562525928246
2026-01-09 03:15:00,2.18,1.895154447555542,2.061600594520569,1.895154447555542,2.023018116649456
2026-01-09 03:30:00,2.18,1.8936317038536072,2.060077850818634,1.8936317038536072,2.007511639694788
2026-01-09 03:45:00,2.16,1.9043886208534242,2.070834767818451,1.9043886208534242,1.9895643028012655
2026-01-09 04:00:00,2.16,1.9071820163726807,2.0736281633377076,1.9071820163726807,1.9326678481038009
2026-01-09 04:15:00,2.17,1.9239786744117737,2.090424821376801,1.9239786744117737,1.9136974015240167
2026-01-09 04:30:00,2.16,1.934034218788147,2.1004803657531737,1.934034218788147,1.8969884924058473
2026-01-09 04:45:00,2.16,1.946784360408783,2.1132305073738102,1.946784360408783,1.884579623961707
2026-01-09 05:00:00,2.11,1.9651189827919007,2.1315651297569276,1.9651189827919007,1.8770907218934358
2026-01-09 05:15:00,2.11,1.9884594297409057,2.1549055767059326,1.9884594297409057,1.8785254372461533
2026-01-09 05:30:00,2.11,2.0218827366828918,2.1883288836479187,2.0218827366828918,1.8885740454307929
2026-01-09 05:45:00,2.11,2.046702575683594,2.213148722648621,2.046702575683594,1.9075430844836605
2026-01-09 06:00:00,2.1,2.0763295555114745,2.2427757024765014,2.0763295555114745,1.958186198533058
2026-01-09 06:15:00,2.22,2.1070468497276305,2.2734929966926574,2.1070468497276305,1.9933804817095377
2026-01-09 06:30:00,2.26,2.1619792342185975,2.3284253811836244,2.1619792342185975,2.0348376267801473
2026-01-09 06:45:00,2.37,2.1933099746704103,2.3597561216354372,2.1933099746704103,2.0808814974884386
2026-01-09 07:00:00,2.38,2.223808743953705,2.390254890918732,2.223808743953705,2.0902487828554746
2026-01-09 07:15:00,2.51,2.2604226779937746,2.4268688249588015,2.2604226779937746,2.140160008782898
2026-01-09 07:30:00,2.59,2.295006966590882,2.461453113555909,2.295006966590882,2.1895932173438015
2026-01-09 07:45:00,2.59,2.3403294181823733,2.5067755651474,2.3403294181823733,2.2372701485292223
2026-01-09 08:00:00,2.59,2.376431694030762,2.542877840995789,2.376431694030762,2.2738694871741973
2026-01-09 08:15:00,2.68,2.389829664230347,2.556275811195374,2.389829664230347,2.3153534831241047
2026-01-09 08:30:00,2.71,2.4183240652084352,2.584770212173462,2.4183240652084352,2.352883872500955
2026-01-09 08:45:00,2.76,2.446891579627991,2.6133377265930178,2.446891579627991,2.386093547858978
2026-01-09 09:00:00,2.77,2.468209447860718,2.634655594825745,2.468209447860718,2.366892016656926
2026-01-09 09:15:00,2.72,2.417763891220093,2.58421003818512,2.417763891220093,2.3905384994205887
2026-01-09 09:30:00,2.77,2.4386237812042237,2.6050699281692506,2.4386237812042237,2.408932527505759
2026-01-09 09:45:00,2.79,2.449098029136658,2.615544176101685,2.449098029136658,2.4217633504062497
2026-01-09 10:00:00,2.82,2.4612680196762087,2.6277141666412356,2.4612680196762087,2.454278563930231
2026-01-09 10:15:00,2.8,2.4785461664199833,2.64499231338501,2.4785461664199833,2.455413298290453
2026-01-09 10:30:00,2.77,2.481490001678467,2.647936148643494,2.481490001678467,2.4508256364631658
2026-01-09 10:45:00,2.74,2.4859428548812867,2.6523890018463137,2.4859428548812867,2.441023668413356
2026-01-09 11:00:00,2.74,2.4962371730804445,2.6626833200454714,2.4962371730804445,2.455536634686805
2026-01-09 11:15:00,2.8,2.487405395507813,2.65385154247284,2.487405395507813,2.438406967553804
2026-01-09 11:30:00,2.75,2.4994946622848513,2.665940809249878,2.4994946622848513,2.419904922308657
2026-01-09 11:45:00,2.71,2.508573503494263,2.67501965045929,2.508573503494263,2.4019041788864004
2026-01-09 12:00:00,2.65,2.5337652969360356,2.7002114439010625,2.5337652969360356,2.3747282957451334
2026-01-09 12:15:00,2.67,2.5118209362030033,2.67826708316803,2.5118209362030033,2.363447359728452
2026-01-09 12:30:00,2.67,2.5393148517608646,2.7057609987258915,2.5393148517608646,2.357955774475439
2026-01-09 12:45:00,2.61,2.5513087177276614,2.7177548646926883,2.5513087177276614,2.3592886814407494
2026-01-09 13:00:00,2.61,2.554637145996094,2.721083292961121,2.554637145996094,2.305807846822119
2026-01-09 13:15:00,2.66,2.596957054138184,2.763403201103211,2.596957054138184,2.3214425669946763
2026-01-09 13:30:00,2.72,2.5961960220336917,2.7626421689987186,2.5961960220336917,2.3432831017966285
2026-01-09 13:45:00,2.77,2.619113416671753,2.78555956363678,2.619113416671753,2.36998126866731
2026-01-09 14:00:00,2.78,2.640282883644104,2.806729030609131,2.640282883644104,2.386290243554268
2026-01-09 14:15:00,2.83,2.6667966985702516,2.8332428455352785,2.6667966985702516,2.4175394836488175
2026-01-09 14:30:00,2.82,2.7029745340347295,2.8694206809997564,2.7029745340347295,2.448486125876271
2026-01-09 14:45:00,2.82,2.726518149375916,2.892964296340943,2.726518149375916,2.4777838868059723
2026-01-09 15:00:00,2.87,2.7514403200149538,2.9178864669799807,2.7514403200149538,2.452347890052987
2026-01-09 15:15:00,2.88,2.6522601699829105,2.8187063169479374,2.6522601699829105,2.4763814323998288
2026-01-09 15:30:00,2.92,2.696525874137879,2.8629720211029057,2.696525874137879,2.497966264556582
2026-01-09 15:45:00,2.99,2.7200588893890383,2.886505036354065,2.7200588893890383,2.517909582148392
2026-01-09 16:00:00,3.05,2.747143478393555,2.913589625358582,2.747143478393555,2.508083534896002
2026-01-09 16:15:00,3.05,2.778664612770081,2.945110759735108,2.778664612770081,2.5282243332681906
2026-01-09 16:30:00,3.1,2.803683815002442,2.970129961967469,2.803683815002442,2.550152441508478
2026-01-09 16:45:00,3.19,2.8306077718734746,2.9970539188385015,2.8306077718734746,2.5745658790764905
2026-01-09 17:00:00,3.13,2.84411446094513,3.010560607910157,2.84411446094513,2.6016052855746454
2026-01-09 17:15:00,3.23,2.847187671661377,3.013633818626404,2.847187671661377,2.630753876071043
2026-01-09 17:30:00,3.15,2.8570376014709478,3.0234837484359747,2.8570376014709478,2.6608340054125974
2026-01-09 17:45:00,3.17,2.868364477157593,3.03481062412262,2.868364477157593,2.6901040125369913
2026-01-09 18:00:00,3.16,2.8582019805908208,3.0246481275558477,2.8582019805908208,2.6984869107177056
2026-01-09 18:15:00,3.31,2.8616067838668826,3.0280529308319095,2.8616067838668826,2.7196516105219324
2026-01-09 18:30:00,3.36,2.836920261383057,3.003366408348084,2.836920261383057,2.7335501767002457
2026-01-09 18:45:00,3.38,2.848127274513245,3.014573421478272,2.848127274513245,2.7385214809715297
2026-01-09 19:00:00,3.32,2.820299863815308,2.986746010780335,2.820299863815308,2.8436786420961777
2026-01-09 19:15:00,3.22,2.835876832008362,3.002322978973389,2.835876832008362,2.8285809757644325
2026-01-09 19:30:00,3.19,2.789418540000916,2.955864686965943,2.789418540000916,2.803989674352483
2026-01-09 19:45:00,3.11,2.7689258480072025,2.9353719949722294,2.7689258480072025,2.7713281449472977
2026-01-09 20:00:00,3.06,2.730558414459229,2.897004561424256,2.730558414459229,2.7172457455819217
2026-01-09 20:15:00,2.94,2.7126339340209964,2.8790800809860233,2.7126339340209964,2.6749211998927303
2026-01-09 20:30:00,2.88,2.6746758270263675,2.8411219739913944,2.6746758270263675,2.6314440692080603
2026-01-09 20:45:00,2.84,2.6479013586044315,2.8143475055694585,2.6479013586044315,2.5890661120995615
2026-01-09 21:00:00,2.78,2.609840240478516,2.776286387443543,2.609840240478516,2.541066761754601
2026-01-09 21:15:00,2.79,2.534193105697632,2.700639252662659,2.534193105697632,2.5054927652063532
2026-01-09 21:30:00,2.74,2.5085077285766606,2.6749538755416875,2.5085077285766606,2.474164197791678
2026-01-09 21:45:00,2.67,2.4704354667663577,2.6368816137313846,2.4704354667663577,2.446620516789841
2026-01-09 22:00:00,2.68,2.4298379373550416,2.5962840843200685,2.4298379373550416,2.4356252792297726
2026-01-09 22:15:00,2.56,2.4039701843261723,2.570416331291199,2.4039701843261723,2.4119004776296054
2026-01-09 22:30:00,2.52,2.3683223533630375,2.5347685003280644,2.3683223533630375,2.387599532022038
2026-01-09 22:45:00,2.53,2.3271619319915775,2.4936080789566044,2.3271619319915775,2.3611167344133293
2026-01-09 23:00:00,2.46,2.289261989593506,2.455708136558533,2.289261989593506,2.3183383654962233
2026-01-09 23:15:00,2.46,2.246181185245514,2.412627332210541,2.246181185245514,2.2843504187831547
2026-01-09 23:30:00,2.34,2.21177139043808,2.3782175374031067,2.21177139043808,2.2462901999941938
2026-01-09 23:45:00,2.35,2.1861838603019716,2.3526300072669986,2.1861838603019716,2.2048637039192793
2026-01-10 00:00:00,2.26,2.1497971487045286,2.3162432956695556,2.1497971487045286,2.087925516234745
2026-01-10 00:15:00,2.27,2.1115691471099853,2.2780152940750122,2.1115691471099853,2.0440988914309806
2026-01-10 00:30:00,2.21,2.0665356159210204,2.2329817628860473,2.0665356159210204,2.001832103109777
2026-01-10 00:45:00,2.16,2.035761651992798,2.202207798957825,2.035761651992798,1.9629329058993703
2026-01-10 01:00:00,2.17,2.001307554244995,2.167753701210022,2.001307554244995,1.9070830972003074
2026-01-10 01:15:00,2.17,1.9770275044441223,2.143473651409149,1.9770275044441223,1.8787681937661913
2026-01-10 01:30:00,2.14,1.9515991115570068,2.1180452585220335,1.9515991115570068,1.8564595808386566
2026-01-10 01:45:00,2.11,1.9377920866012575,2.104238233566284,1.9377920866012575,1.839721317598078
2026-01-10 02:00:00,2.05,1.9197773694992066,2.0862235164642335,1.9197773694992066,1.8536205481165453
2026-01-10 02:15:00,2.12,1.8803405499458314,2.0467866969108583,1.8803405499458314,1.8444223548010046
2026-01-10 02:30:00,1.99,1.8509168744087219,2.0173630213737486,1.8509168744087219,1.8365225203993931
2026-01-10 02:45:00,1.9,1.8467511749267578,2.0131973218917847,1.8467511749267578,1.828237972025716
2026-01-10 03:00:00,1.91,1.8293785786628725,1.9958247256278994,1.8293785786628725,1.7933161428919726
2026-01-10 03:15:00,1.91,1.656075668334961,1.8225218152999878,1.656075668334961,1.7805952816601553
2026-01-10 03:30:00,1.9,1.6524422836303712,1.818888430595398,1.6524422836303712,1.764973853930508
2026-01-10 03:45:00,1.85,1.6719574570655824,1.8384036040306093,1.6719574570655824,1.7469100898605134
2026-01-10 04:00:00,1.88,1.6708149576187135,1.8372611045837404,1.6708149576187135,1.6866979011796635
2026-01-10 04:15:00,1.84,1.6928446626663207,1.8592908096313476,1.6928446626663207,1.6676073391273367
2026-01-10 04:30:00,1.85,1.7084349489212036,1.8748810958862305,1.7084349489212036,1.6507761019250398
2026-01-10 04:45:00,1.88,1.7200773811340333,1.8865235280990602,1.7200773811340333,1.63824244715723
2026-01-10 05:00:00,1.83,1.7405806732177735,1.9070268201828005,1.7405806732177735,1.630626055272154
2026-01-10 05:15:00,1.82,1.765152361392975,1.9315985083580018,1.765152361392975,1.6319303327137653
2026-01-10 05:30:00,1.83,1.8100745916366578,1.9765207386016848,1.8100745916366578,1.6418453112543794
2026-01-10 05:45:00,1.78,1.8366983485221864,2.0031444954872133,1.8366983485221864,1.6606772865260588
2026-01-10 06:00:00,1.84,1.8716170835494996,2.0380632305145268,1.8716170835494996,1.670870912565313
2026-01-10 06:15:00,1.88,1.9052772617340088,2.071723408699036,1.9052772617340088,1.7059205429034248
2026-01-10 06:30:00,1.98,1.9630371522903443,2.129483299255371,1.9630371522903443,1.7472288841142296
2026-01-10 06:45:00,2.04,1.9970821952819824,2.1635283422470093,1.9970821952819824,1.7931195654298808
2026-01-10 07:00:00,2.08,2.0332991695404052,2.199745316505432,2.0332991695404052,1.8771329857723689
2026-01-10 07:15:00,2.24,2.067823255062103,2.23426940202713,2.067823255062103,1.9268815585216292
2026-01-10 07:30:00,2.3,2.1120176124572754,2.2784637594223023,2.1120176124572754,1.9761470418783942
2026-01-10 07:45:00,2.29,2.159747099876404,2.326193246841431,2.159747099876404,2.0236509537123
2026-01-10 08:00:00,2.3,2.199493088722229,2.365939235687256,2.199493088722229,2.0647022311266627
2026-01-10 08:15:00,2.4,2.2096356081962587,2.3760817551612856,2.2096356081962587,2.106001968389812
2026-01-10 08:30:00,2.48,2.24671635389328,2.413162500858307,2.24671635389328,2.143342162308209
2026-01-10 08:45:00,2.51,2.2816735482215886,2.4481196951866155,2.2816735482215886,2.176355500111229
2026-01-10 09:00:00,2.51,2.2985506582260133,2.4649968051910403,2.2985506582260133,2.2349397106971174
2026-01-10 09:15:00,2.57,2.233474531173706,2.399920678138733,2.233474531173706,2.2583769754241736
2026-01-10 09:30:00,2.52,2.2535263681411744,2.4199725151062013,2.2535263681411744,2.2765550575904037
2026-01-10 09:45:00,2.63,2.275430774688721,2.4418769216537477,2.275430774688721,2.2891630223843347
2026-01-10 10:00:00,2.64,2.2810083246231083,2.4474544715881352,2.2810083246231083,2.333374252466636
2026-01-10 10:15:00,2.75,2.3052423048019413,2.471688451766968,2.3052423048019413,2.334271775129154
2026-01-10 10:30:00,2.82,2.309491038322449,2.475937185287476,2.309491038322449,2.329439472708258
2026-01-10 10:45:00,2.82,2.3067763280868534,2.4732224750518803,2.3067763280868534,2.3193852757978837
2026-01-10 11:00:00,2.72,2.315506045818329,2.481952192783356,2.315506045818329,2.3261060838004526
2026-01-10 11:15:00,2.67,2.2939106726646425,2.4603568196296695,2.2939106726646425,2.3087085606988067
2026-01-10 11:30:00,2.73,2.3122238230705263,2.4786699700355532,2.3122238230705263,2.2899306349501454
2026-01-10 11:45:00,2.68,2.311837191581726,2.478283338546753,2.311837191581726,2.2716458556918617
2026-01-10 12:00:00,2.63,2.339848065376282,2.506294212341309,2.339848065376282,2.2456970555867093
2026-01-10 12:15:00,2.62,2.316922109127045,2.483368256092072,2.316922109127045,2.2341154116398725
2026-01-10 12:30:00,2.67,2.334178376197815,2.500624523162842,2.334178376197815,2.2283146175849433
2026-01-10 12:45:00,2.63,2.342907686233521,2.509353833198548,2.342907686233521,2.2293297159465846
2026-01-10 13:00:00,2.62,2.345485954284668,2.511932101249695,2.345485954284668,2.23063147628642
2026-01-10 13:15:00,2.72,2.380496964454651,2.546943111419678,2.380496964454651,2.245930925202868
2026-01-10 13:30:00,2.73,2.3823960113525393,2.548842158317566,2.3823960113525393,2.267427343230599
2026-01-10 13:45:00,2.78,2.3996260499954225,2.5660721969604494,2.3996260499954225,2.2937724835235165
2026-01-10 14:00:00,2.79,2.4165228652954105,2.5829690122604374,2.4165228652954105,2.297793501452672
2026-01-10 14:15:00,2.84,2.444458179473877,2.610904326438904,2.444458179473877,2.3286717387419786
2026-01-10 14:30:00,2.84,2.4878394556045533,2.6542856025695802,2.4878394556045533,2.3592383302499886
2026-01-10 14:45:00,2.94,2.512087841033936,2.678533987998963,2.512087841033936,2.388146965256757
2026-01-10 15:00:00,3.0,2.5284511184692384,2.6948972654342653,2.5284511184692384,2.433701141655253
2026-01-10 15:15:00,3.04,2.6628610754013065,2.8293072223663334,2.6628610754013065,2.4573273640246547
2026-01-10 15:30:00,3.1,2.7065016460418705,2.8729477930068974,2.7065016460418705,2.4784957767913807
2026-01-10 15:45:00,3.08,2.7441735506057743,2.910619697570801,2.7441735506057743,2.498013587095115
2026-01-10 16:00:00,3.14,2.764496641159058,2.930942788124085,2.764496641159058,2.4755037947936014
2026-01-10 16:15:00,3.19,2.8019070768356324,2.9683532238006594,2.8019070768356324,2.4952009844523806
2026-01-10 16:30:00,3.24,2.832986812591553,2.99943295955658,2.832986812591553,2.5166764905081775
2026-01-10 16:45:00,3.3,2.8577994489669805,3.0242455959320074,2.8577994489669805,2.540628384080368
2026-01-10 17:00:00,3.35,2.8673438787460332,3.03379002571106,2.8673438787460332,2.57981018776222
2026-01-10 17:15:00,3.4,2.8640336608886723,3.030479807853699,2.8640336608886723,2.608479546299886
2026-01-10 17:30:00,3.4,2.8748992967605593,3.0413454437255862,2.8748992967605593,2.6380717179761963
2026-01-10 17:45:00,3.35,2.8759449005126956,3.0423910474777225,2.8759449005126956,2.6668451342673
2026-01-10 18:00:00,3.35,2.859428601264954,3.025874748229981,2.859428601264954,2.722563849049909
2026-01-10 18:15:00,3.4,2.8717423725128177,3.0381885194778446,2.8717423725128177,2.7432150102824826
2026-01-10 18:30:00,3.52,2.8224660873413088,2.9889122343063357,2.8224660873413088,2.7565917438610574
2026-01-10 18:45:00,3.56,2.825583600997925,2.992029747962952,2.825583600997925,2.761033055056706
2026-01-10 19:00:00,3.61,2.79955304145813,2.965999188423157,2.79955304145813,2.898105560996313
2026-01-10 19:15:00,3.51,2.7953121900558475,2.9617583370208744,2.7953121900558475,2.882462022115772
2026-01-10 19:30:00,3.41,2.748504095077515,2.9149502420425417,2.748504095077515,2.857317149456255
2026-01-10 19:45:00,3.36,2.7063097572326664,2.8727559041976933,2.7063097572326664,2.8240945242831974
2026-01-10 20:00:00,3.31,2.653543868064881,2.8199900150299078,2.653543868064881,2.748730170091762
2026-01-10 20:15:00,3.19,2.6304093074798587,2.7968554544448856,2.6304093074798587,2.70583004200867
2026-01-10 20:30:00,3.15,2.5805481147766116,2.7469942617416385,2.5805481147766116,2.661770386658318
2026-01-10 20:45:00,3.05,2.5457425832748415,2.7121887302398684,2.5457425832748415,2.618803176326528
2026-01-10 21:00:00,3.0,2.4909694719314577,2.6574156188964846,2.4909694719314577,2.582780444941871
2026-01-10 21:15:00,3.0,2.7778519392013554,2.9442980861663823,2.7778519392013554,2.546604417863048
2026-01-10 21:30:00,2.95,2.73125611782074,2.897702264785767,2.73125611782074,2.5146677901556753
2026-01-10 21:45:00,2.88,2.694720325469971,2.861166472434998,2.694720325469971,2.486510270822214
2026-01-10 22:00:00,2.78,2.6360496425628663,2.8024957895278932,2.6360496425628663,2.4549828655728394
2026-01-10 22:15:00,2.78,2.6026003789901737,2.7690465259552006,2.6026003789901737,2.430633461303737
2026-01-10 22:30:00,2.7,2.5557463502883913,2.722192497253418,2.5557463502883913,2.4057029446284157
2026-01-10 22:45:00,2.63,2.500175514221192,2.666621661186219,2.500175514221192,2.378585895111154
2026-01-10 23:00:00,2.53,2.4481983804702763,2.614644527435303,2.4481983804702763,2.308992358762711
2026-01-10 23:15:00,2.51,2.396687378883362,2.563133525848389,2.396687378883362,2.2743616950722187
2026-01-10 23:30:00,2.41,2.3548871469497685,2.5213332939147954,2.3548871469497685,2.235654991643216
2026-01-10 23:45:00,2.41,2.309478399753571,2.475924546718598,2.309478399753571,2.193578563919444
2026-01-11 00:00:00,2.31,2.271484143733978,2.437930290699005,2.271484143733978,2.2651221009332567
2026-01-11 00:15:00,2.26,2.2240907335281372,2.390536880493164,2.2240907335281372,2.220639643274383
2026-01-11 00:30:00,2.19,2.1685402822494506,2.3349864292144775,2.1685402822494506,2.177714582870497
2026-01-11 00:45:00,2.16,2.1161024522781373,2.2825485992431642,2.1161024522781373,2.1381550248574412
2026-01-11 01:00:00,2.09,2.083973171710968,2.250419318675995,2.083973171710968,2.024386950422852
2026-01-11 01:15:00,2.04,2.0354019284248355,2.2018480753898624,2.0354019284248355,1.9954085876121093
2026-01-11 01:30:00,2.01,2.008588457107544,2.1750346040725708,2.008588457107544,1.9724355185424851
2026-01-11 01:45:00,2.0,1.979015429019928,2.145461575984955,1.979015429019928,1.9550321790622482
2026-01-11 02:00:00,2.0,1.9504731917381286,2.1169193387031555,1.9504731917381286,1.8752724701524062
2026-01-11 02:15:00,1.93,1.8882524299621581,2.0546985769271853,1.8882524299621581,1.8654091137253885
2026-01-11 02:30:00,1.91,1.8503431105613708,2.0167892575263977,1.8503431105613708,1.8568446604457833
2026-01-11 02:45:00,1.89,1.8353377318382265,2.0017838788032534,1.8353377318382265,1.8478964360941816
2026-01-11 03:00:00,1.88,1.813141143321991,1.979587290287018,1.813141143321991,1.7853623786700688
2026-01-11 03:15:00,1.88,1.7090906596183777,1.8755368065834046,1.7090906596183777,1.7719809421726285
2026-01-11 03:30:00,1.88,1.6967638421058655,1.8632099890708924,1.6967638421058655,1.755701105730714
2026-01-11 03:45:00,1.83,1.7043278217315674,1.8707739686965943,1.7043278217315674,1.7369815156430986
2026-01-11 04:00:00,1.79,1.6984784746170045,1.8649246215820314,1.6984784746170045,1.714423858445649
2026-01-11 04:15:00,1.82,1.7088558268547058,1.8753019738197327,1.7088558268547058,1.6946838982901988
2026-01-11 04:30:00,1.8,1.715404236316681,1.881850383281708,1.715404236316681,1.6772071145132896
2026-01-11 04:45:00,1.82,1.7181159567832947,1.8845621037483216,1.7181159567832947,1.6640321934284013
2026-01-11 05:00:00,1.83,1.7337373638153077,1.9001835107803347,1.7337373638153077,1.6781305095239367
2026-01-11 05:15:00,1.82,1.7619678497314453,1.9284139966964722,1.7619678497314453,1.6788033764374233
2026-01-11 05:30:00,1.79,1.7944306254386901,1.960876772403717,1.7944306254386901,1.6880925237143691
2026-01-11 05:45:00,1.84,1.8145688939094544,1.9810150408744813,1.8145688939094544,1.7063046831566862
2026-01-11 06:00:00,1.97,1.856364369392395,2.022810516357422,1.856364369392395,1.7312133557572498
2026-01-11 06:15:00,1.91,1.8905996704101562,2.057045817375183,1.8905996704101562,1.7656565134582307
2026-01-11 06:30:00,1.97,1.9612682962417602,2.127714443206787,1.9612682962417602,1.8063657108706923
2026-01-11 06:45:00,2.07,1.9946557259559632,2.16110187292099,1.9946557259559632,1.8516650154608072
2026-01-11 07:00:00,2.12,2.0405928468704224,2.2070389938354493,2.0405928468704224,1.878789978938754
2026-01-11 07:15:00,2.23,2.086844437122345,2.253290584087372,2.086844437122345,1.927964022329022
2026-01-11 07:30:00,2.3,2.1400711584091185,2.3065173053741455,2.1400711584091185,1.9766640548800143
2026-01-11 07:45:00,2.38,2.1970565629005434,2.3635027098655703,2.1970565629005434,2.0236120293307094
2026-01-11 08:00:00,2.39,2.260142590999603,2.42658873796463,2.260142590999603,2.0616065864385296
2026-01-11 08:15:00,2.5,2.2859476947784425,2.4523938417434694,2.2859476947784425,2.1023707105983584
2026-01-11 08:30:00,2.55,2.337071113586426,2.503517260551453,2.337071113586426,2.139186097783936
2026-01-11 08:45:00,2.55,2.3809970712661745,2.5474432182312015,2.3809970712661745,2.1716858611073815
2026-01-11 09:00:00,2.65,2.4166449022293093,2.583091049194336,2.4166449022293093,2.248716970782107
2026-01-11 09:15:00,2.61,2.3297260665893558,2.4961722135543827,2.3297260665893558,2.2716643904572034
2026-01-11 09:30:00,2.63,2.353461298942566,2.519907445907593,2.353461298942566,2.289365117476656
2026-01-11 09:45:00,2.61,2.3677983283996586,2.5342444753646856,2.3677983283996586,2.301508628384024
2026-01-11 10:00:00,2.63,2.377693648338318,2.544139795303345,2.377693648338318,2.3022039310554807
2026-01-11 10:15:00,2.65,2.39572548866272,2.562171635627747,2.39572548866272,2.3026640180834783
2026-01-11 10:30:00,2.71,2.396686835289002,2.5631329822540287,2.396686835289002,2.2974083869914916
2026-01-11 10:45:00,2.7,2.3907274103164675,2.5571735572814944,2.3907274103164675,2.286945359688186
2026-01-11 11:00:00,2.7,2.396742825508118,2.563188972473145,2.396742825508118,2.3051116742821796
2026-01-11 11:15:00,2.71,2.3775229597091676,2.5439691066741945,2.3775229597091676,2.2873354675051014
2026-01-11 11:30:00,2.7,2.382836050987244,2.549282197952271,2.382836050987244,2.2681944938057175
2026-01-11 11:45:00,2.66,2.3794785404205325,2.5459246873855594,2.3794785404205325,2.249562668207586
2026-01-11 12:00:00,2.64,2.4071790218353275,2.5736251688003544,2.4071790218353275,2.275841102655803
2026-01-11 12:15:00,2.61,2.375848960876465,2.542295107841492,2.375848960876465,2.2639454842855398
2026-01-11 12:30:00,2.58,2.3937228870391847,2.5601690340042116,2.3937228870391847,2.257847770814003
2026-01-11 12:45:00,2.6,2.3985013532638555,2.5649475002288824,2.3985013532638555,2.2585833400788924
2026-01-11 13:00:00,2.65,2.3966110038757327,2.5630571508407596,2.3966110038757327,2.264017065237092
2026-01-11 13:15:00,2.76,2.4431695890426637,2.6096157360076906,2.4431695890426637,2.2790727376869295
2026-01-11 13:30:00,2.82,2.4330225849151614,2.5994687318801883,2.4330225849151614,2.300343723815788
2026-01-11 13:45:00,2.76,2.449175219535828,2.615621366500855,2.449175219535828,2.32648207663787
2026-01-11 14:00:00,2.88,2.471178288459778,2.637624435424805,2.471178288459778,2.3422412071164067
2026-01-11 14:15:00,2.82,2.506715226173401,2.673161373138428,2.506715226173401,2.372950806790519
2026-01-11 14:30:00,2.93,2.5484695243835453,2.7149156713485723,2.5484695243835453,2.4033682460817953
2026-01-11 14:45:00,2.92,2.5728847932815557,2.7393309402465826,2.5728847932815557,2.4321474741575457
2026-01-11 15:00:00,2.76,2.6001892662048345,2.7666354131698614,2.6001892662048345,2.4049484812892277
2026-01-11 15:15:00,2.87,2.671433830261231,2.8378799772262577,2.671433830261231,2.428485524029951
2026-01-11 15:30:00,2.91,2.7240233230590825,2.8904694700241094,2.7240233230590825,2.449585217125613
2026-01-11 15:45:00,3.04,2.7635111045837406,2.9299572515487675,2.7635111045837406,2.469054983481768
2026-01-11 16:00:00,3.13,2.7943644332885746,2.9608105802536016,2.7943644332885746,2.4779208759435867
2026-01-11 16:15:00,3.14,2.8363755798339847,3.0028217267990116,2.8363755798339847,2.4976119736506726
2026-01-11 16:30:00,3.14,2.876109609603882,3.042555756568909,2.876109609603882,2.5191026401329406
2026-01-11 16:45:00,3.17,2.909027509689331,3.075473656654358,2.909027509689331,2.543091114490699
2026-01-11 17:00:00,3.3,2.9239853239059452,3.090431470870972,2.9239853239059452,2.5376877223893324
2026-01-11 17:15:00,3.3,2.933613467216492,3.100059614181519,2.933613467216492,2.5664369562937908
2026-01-11 17:30:00,3.33,2.943885498046875,3.110331645011902,2.943885498046875,2.5961308520804263
2026-01-11 17:45:00,3.29,2.9483745002746584,3.1148206472396853,2.9483745002746584,2.6250279582603824
2026-01-11 18:00:00,3.26,2.93364146232605,3.100087609291077,2.93364146232605,2.663621802170393
2026-01-11 18:15:00,3.31,2.9516648769378664,3.1181110239028933,2.9516648769378664,2.6844408831133055
2026-01-11 18:30:00,3.34,2.9078212738037115,3.0742674207687384,2.9078212738037115,2.6980077736585475
2026-01-11 18:45:00,3.46,2.912439107894898,3.078885254859925,2.912439107894898,2.702661542573164
2026-01-11 19:00:00,3.3,2.8899041318893435,3.0563502788543704,2.8899041318893435,2.7186197857174377
2026-01-11 19:15:00,3.26,2.892561221122742,3.059007368087769,2.892561221122742,2.703233441501448
2026-01-11 19:30:00,3.32,2.837328500747681,3.003774647712708,2.837328500747681,2.678368171935781
2026-01-11 19:45:00,3.27,2.7924963712692263,2.9589425182342532,2.7924963712692263,2.645447566207089
2026-01-11 20:00:00,3.11,2.7379684209823614,2.9044145679473883,2.7379684209823614,2.612276232019048
2026-01-11 20:15:00,3.06,2.7152073097229006,2.8816534566879275,2.7152073097229006,2.569722923358012
2026-01-11 20:30:00,2.98,2.6569046401977543,2.823350787162781,2.6569046401977543,2.52603244259518
2026-01-11 20:45:00,2.95,2.622607369422913,2.78905351638794,2.622607369422913,2.4834567130401197
2026-01-11 21:00:00,2.9,2.5714978122711183,2.737943959236145,2.5714978122711183,2.4712494739794324
2026-01-11 21:15:00,2.85,2.6459650754928594,2.8124112224578863,2.6459650754928594,2.435509335627799
2026-01-11 21:30:00,2.8,2.6066960906982426,2.7731422376632695,2.6066960906982426,2.404030669609983
2026-01-11 21:45:00,2.76,2.5703611564636235,2.7368073034286504,2.5703611564636235,2.3763530783239086
2026-01-11 22:00:00,2.69,2.5158821296691896,2.6823282766342165,2.5158821296691896,2.3756063828244205
2026-01-11 22:15:00,2.69,2.4866671943664556,2.6531133413314825,2.4866671943664556,2.3517804617618783
2026-01-11 22:30:00,2.6,2.4436112594604493,2.6100574064254762,2.4436112594604493,2.327394988265943
2026-01-11 22:45:00,2.54,2.3908831501007084,2.5573292970657353,2.3908831501007084,2.30084437760048
2026-01-11 23:00:00,2.45,2.345142674446106,2.511588821411133,2.345142674446106,2.2550223015521063
2026-01-11 23:15:00,2.46,2.298398587703705,2.464844734668732,2.298398587703705,2.221000317936663
2026-01-11 23:30:00,2.43,2.258427686691284,2.424873833656311,2.258427686691284,2.182923111598012
2026-01-11 23:45:00,2.34,2.218155770301819,2.384601917266846,2.218155770301819,2.141496776627734
2026-01-12 00:00:00,2.28,2.183840289115906,2.350286436080933,2.183840289115906,2.09685549119651
2026-01-12 00:15:00,2.3,2.136002218723297,2.302448365688324,2.136002218723297,2.0530635974743756
2026-01-12 00:30:00,2.23,2.088573203086853,2.25501935005188,2.088573203086853,2.0108489486337087
2026-01-12 00:45:00,2.19,2.0390748596191406,2.2055210065841675,2.0390748596191406,1.9720193727595163
2026-01-12 01:00:00,2.19,2.007993764877319,2.174439911842346,2.007993764877319,1.9416872353277277
2026-01-12 01:15:00,2.13,1.9652321863174438,2.131678333282471,1.9652321863174438,1.9134771101839836
2026-01-12 01:30:00,2.07,1.937125096321106,2.103571243286133,1.937125096321106,1.891290936870164
2026-01-12 01:45:00,2.03,1.9140102410316469,2.0804563879966738,1.9140102410316469,1.874692820413834
2026-01-12 02:00:00,2.01,1.8845592498779298,2.0510053968429567,1.8845592498779298,1.8675356984309812
2026-01-12 02:15:00,1.97,1.826956458091736,1.9934026050567628,1.826956458091736,1.85851317515237
2026-01-12 02:30:00,1.91,1.7880560302734376,1.9545021772384645,1.7880560302734376,1.8508068123012014
2026-01-12 02:45:00,1.92,1.7766616129875183,1.9431077599525453,1.7766616129875183,1.8427335537307388
2026-01-12 03:00:00,1.91,1.7556814527511597,1.9221275997161866,1.7556814527511597,1.845779688113845
2026-01-12 03:15:00,1.86,1.7326258492469788,1.8990719962120057,1.7326258492469788,1.83330577340497
2026-01-12 03:30:00,1.88,1.7206241011619567,1.8870702481269837,1.7206241011619567,1.8179491154733987
2026-01-12 03:45:00,1.87,1.732125198841095,1.898571345806122,1.732125198841095,1.8001679308317313
2026-01-12 04:00:00,1.82,1.7262822389602661,1.892728385925293,1.7262822389602661,1.7530737899880608
2026-01-12 04:15:00,1.82,1.7379087710380554,1.9043549180030823,1.7379087710380554,1.7343013545673396
2026-01-12 04:30:00,1.8,1.745602262020111,1.912048408985138,1.745602262020111,1.7178059658605975
2026-01-12 04:45:00,1.8,1.7493508887290954,1.9157970356941223,1.7493508887290954,1.705625836430233
2026-01-12 05:00:00,1.77,1.7669270610809327,1.9333732080459596,1.7669270610809327,1.7021466880096017
2026-01-12 05:15:00,1.82,1.7933238673210143,1.9597700142860413,1.7933238673210143,1.7038396774079383
2026-01-12 05:30:00,1.76,1.8308869171142579,1.9973330640792848,1.8308869171142579,1.7141608616161292
2026-01-12 05:45:00,1.81,1.8496806049346923,2.0161267518997192,1.8496806049346923,1.733416459103892
2026-01-12 06:00:00,1.87,1.898376739025116,2.064822885990143,1.898376739025116,1.7612624955355511
2026-01-12 06:15:00,1.92,1.9242207098007202,2.090666856765747,1.9242207098007202,1.7967703172173222
2026-01-12 06:30:00,1.97,1.994360146522522,2.160806293487549,1.994360146522522,1.8385539861123592
2026-01-12 06:45:00,2.02,2.0278365898132327,2.1942827367782596,2.0278365898132327,1.8849370216768992
2026-01-12 07:00:00,2.08,2.07197726726532,2.238423414230347,2.07197726726532,2.0080902660785673
2026-01-12 07:15:00,2.18,2.115104956626892,2.281551103591919,2.115104956626892,2.0583648844421627
2026-01-12 07:30:00,2.27,2.1676588439941407,2.3341049909591676,2.1676588439941407,2.108173061839127
2026-01-12 07:45:00,2.29,2.2219881105422976,2.3884342575073245,2.2219881105422976,2.156236173715993
2026-01-12 08:00:00,2.34,2.2782319164276124,2.4446780633926393,2.2782319164276124,2.179905520415578
2026-01-12 08:15:00,2.5,2.298163347244263,2.4646094942092898,2.298163347244263,2.2217970100414592
2026-01-12 08:30:00,2.52,2.345120658874512,2.511566805839539,2.345120658874512,2.259744986383846
2026-01-12 08:45:00,2.51,2.385454001426697,2.551900148391724,2.385454001426697,2.2933819617875715
2026-01-12 09:00:00,2.57,2.4169949769973758,2.5834411239624027,2.4169949769973758,2.3218894893065287
2026-01-12 09:15:00,2.61,2.42191858291626,2.588364729881287,2.42191858291626,2.3459815453183643
2026-01-12 09:30:00,2.68,2.4492521381378176,2.6156982851028445,2.4492521381378176,2.3648297012924564
2026-01-12 09:45:00,2.62,2.464730172157288,2.6311763191223148,2.464730172157288,2.3781228156232856
2026-01-12 10:00:00,2.62,2.4765968370437625,2.6430429840087895,2.4765968370437625,2.411794946902233
2026-01-12 10:15:00,2.63,2.494909715652466,2.661355862617493,2.494909715652466,2.413407118830327
2026-01-12 10:30:00,2.79,2.5009963417053225,2.6674424886703494,2.5009963417053225,2.40930387412344
2026-01-12 10:45:00,2.74,2.4983944272995,2.664840574264527,2.4983944272995,2.399992905535541
2026-01-12 11:00:00,2.7,2.5050300836563113,2.671476230621338,2.5050300836563113,2.3647697352419605
2026-01-12 11:15:00,2.75,2.4963051223754884,2.6627512693405153,2.4963051223754884,2.3481430378370725
2026-01-12 11:30:00,2.76,2.5006970930099492,2.667143239974976,2.5006970930099492,2.330149349594254
2026-01-12 11:45:00,2.7,2.499125018119812,2.665571165084839,2.499125018119812,2.3126619519465503
2026-01-12 12:00:00,2.7,2.5250620794296266,2.6915082263946535,2.5250620794296266,2.3146320921026007
2026-01-12 12:15:00,2.65,2.4966030120849614,2.6630491590499883,2.4966030120849614,2.3038732859302065
2026-01-12 12:30:00,2.71,2.5141975307464604,2.6806436777114873,2.5141975307464604,2.2989076275443043
2026-01-12 12:45:00,2.61,2.5206962013244634,2.6871423482894903,2.5206962013244634,2.300769863384993
2026-01-12 13:00:00,2.62,2.5190773773193365,2.6855235242843634,2.5190773773193365,2.370288725379978
2026-01-12 13:15:00,2.64,2.561401906013489,2.727848052978516,2.561401906013489,2.3864584000610582
2026-01-12 13:30:00,2.73,2.552680749893189,2.719126896858216,2.552680749893189,2.4088361170648427
2026-01-12 13:45:00,2.79,2.5657308197021487,2.7321769666671756,2.5657308197021487,2.4360733069433316
2026-01-12 14:00:00,2.81,2.58727156162262,2.7537177085876468,2.58727156162262,2.471567103634854
2026-01-12 14:15:00,2.88,2.6166232109069827,2.7830693578720096,2.6166232109069827,2.5033578989063203
2026-01-12 14:30:00,2.93,2.6534272670745853,2.8198734140396122,2.6534272670745853,2.5348467939847565
2026-01-12 14:45:00,3.0,2.680736632347107,2.847182779312134,2.680736632347107,2.5646871311695403
2026-01-12 15:00:00,3.04,2.7093457317352296,2.8757918787002565,2.7093457317352296,2.592656060520201
2026-01-12 15:15:00,3.14,2.796718740463257,2.963164887428284,2.796718740463257,2.617231718665286
2026-01-12 15:30:00,3.15,2.840981998443604,3.007428145408631,2.840981998443604,2.6393578912106137
2026-01-12 15:45:00,3.14,2.8719027328491213,3.0383488798141483,2.8719027328491213,2.6598414163848516
2026-01-12 16:00:00,3.21,2.8994689464569094,3.0659150934219364,2.8994689464569094,2.719226894875215
2026-01-12 16:15:00,3.21,2.9342002773284914,3.1006464242935183,2.9342002773284914,2.7399045827009982
2026-01-12 16:30:00,3.24,2.9673573589324955,3.1338035058975224,2.9673573589324955,2.7623674055006235
2026-01-12 16:45:00,3.33,2.9970158672332765,3.1634620141983034,2.9970158672332765,2.787313046226142
2026-01-12 17:00:00,3.32,3.0111604642868044,3.1776066112518313,3.0111604642868044,2.8428822181668427
2026-01-12 17:15:00,3.44,3.0254708576202396,3.1919170045852665,3.0254708576202396,2.8725570028817913
2026-01-12 17:30:00,3.47,3.0372005367279056,3.2036466836929325,3.0372005367279056,2.903159841194074
2026-01-12 17:45:00,3.44,3.0452949285507205,3.2117410755157474,3.0452949285507205,2.932948760075462
2026-01-12 18:00:00,3.49,3.0430063962936407,3.2094525432586676,3.0430063962936407,2.9629423656616805
2026-01-12 18:15:00,3.55,3.0539769458770754,3.2204230928421023,3.0539769458770754,2.984617473728977
2026-01-12 18:30:00,3.67,3.023838443756104,3.190284590721131,3.023838443756104,2.999021755845641
2026-01-12 18:45:00,3.7,3.032910218238831,3.1993563652038577,3.032910218238831,3.004493799616222
2026-01-12 19:00:00,3.7,3.0153632640838626,3.1818094110488895,3.0153632640838626,2.886711720702326
2026-01-12 19:15:00,3.71,3.0216545534133914,3.1881007003784183,3.0216545534133914,2.872104018581216
2026-01-12 19:30:00,3.52,2.9809700489044193,3.147416195869446,2.9809700489044193,2.8479968979106256
2026-01-12 19:45:00,3.48,2.948637599945069,3.115083746910096,2.948637599945069,2.815813512466649
2026-01-12 20:00:00,3.25,2.9087005376815798,3.0751466846466067,2.9087005376815798,2.7474430741598317
2026-01-12 20:15:00,3.21,2.883896598815918,3.050342745780945,2.883896598815918,2.705583871336085
2026-01-12 20:30:00,3.16,2.838103666305542,3.004549813270569,2.838103666305542,2.6625653359074097
2026-01-12 20:45:00,3.11,2.8061761951446536,2.9726223421096805,2.8061761951446536,2.6206390063230915
2026-01-12 21:00:00,3.01,2.764382486343384,2.930828633308411,2.764382486343384,2.5953170203000493
2026-01-12 21:15:00,3.01,2.9175160074234014,3.0839621543884284,2.9175160074234014,2.5601800902741583
2026-01-12 21:30:00,3.03,2.87200873374939,3.0384548807144167,2.87200873374939,2.529281013750794
2026-01-12 21:45:00,2.95,2.836664772033692,3.003110918998719,2.836664772033692,2.502159063191468
2026-01-12 22:00:00,2.91,2.781656284332276,2.9481024312973028,2.781656284332276,2.5195188508231143
2026-01-12 22:15:00,2.85,2.744674472808838,2.911120619773865,2.744674472808838,2.496199740743256
2026-01-12 22:30:00,2.79,2.6976913404464726,2.8641374874114995,2.6976913404464726,2.472296226571846
2026-01-12 22:45:00,2.71,2.6437610721588136,2.8102072191238405,2.6437610721588136,2.4462024523263954
2026-01-12 23:00:00,2.68,2.5935932922363283,2.760039439201355,2.5935932922363283,2.4298627438398883
2026-01-12 23:15:00,2.6,2.5469034290313726,2.7133495759963995,2.5469034290313726,2.3962465978975516
2026-01-12 23:30:00,2.55,2.5028054237365724,2.6692515707015994,2.5028054237365724,2.3585493843304755
2026-01-12 23:45:00,2.49,2.4560348367691045,2.6224809837341314,2.4560348367691045,2.317476987750024
2026-01-13 00:00:00,2.4,2.429731936454773,2.5961780834198,2.429731936454773,2.309562305549956
2026-01-13 00:15:00,2.37,2.3693633365631106,2.5358094835281375,2.3693633365631106,2.266071676609429
2026-01-13 00:30:00,2.4,2.324178550243378,2.4906246972084047,2.324178550243378,2.224131705472747
2026-01-13 00:45:00,2.29,2.2711197996139525,2.4375659465789794,2.2711197996139525,2.185550074973467
2026-01-13 01:00:00,2.25,2.2375032448768617,2.4039493918418886,2.2375032448768617,2.132901629411275
2026-01-13 01:15:00,2.25,2.1987687492370607,2.3652148962020876,2.1987687492370607,2.1048856149155393
2026-01-13 01:30:00,2.18,2.1670206642150878,2.3334668111801147,2.1670206642150878,2.0828664828385834
2026-01-13 01:45:00,2.14,2.136546220779419,2.3029923677444457,2.136546220779419,2.0664082590010113
2026-01-13 02:00:00,2.14,2.1101927661895754,2.2766389131546023,2.1101927661895754,2.0537738505343466
2026-01-13 02:15:00,2.09,2.050328757762909,2.2167749047279357,2.050328757762909,2.044836751819445
2026-01-13 02:30:00,2.09,2.013115918636322,2.179562065601349,2.013115918636322,2.037188527639273
2026-01-13 02:45:00,2.1,1.9910039949417115,2.1574501419067387,1.9910039949417115,2.0291461096820314
2026-01-13 03:00:00,2.09,1.9757147240638733,2.1421608710289,1.9757147240638733,1.980952409017015
2026-01-13 03:15:00,2.1,1.8726091432571412,2.0390552902221684,1.8726091432571412,1.9684547696717936
2026-01-13 03:30:00,2.11,1.8530147409439088,2.0194608879089357,1.8530147409439088,1.9530471536226488
2026-01-13 03:45:00,2.03,1.863668782711029,2.030114929676056,1.863668782711029,1.9351878325498326
2026-01-13 04:00:00,2.04,1.8532961869239808,2.019742333889008,1.8532961869239808,1.9197549476960398
2026-01-13 04:15:00,1.99,1.8610029959678651,2.027449142932892,1.8610029959678651,1.9008502519953598
2026-01-13 04:30:00,1.94,1.8647406148910524,2.0311867618560795,1.8647406148910524,1.8841956909301845
2026-01-13 04:45:00,1.91,1.8657879853248596,2.0322341322898865,1.8657879853248596,1.871829599170913
2026-01-13 05:00:00,1.9,1.8815452909469605,2.0479914379119872,1.8815452909469605,1.8835254203864311
2026-01-13 05:15:00,1.94,1.9093274474143982,2.075773594379425,1.9093274474143982,1.88497930010265
2026-01-13 05:30:00,1.94,1.9451121282577515,2.1115582752227784,1.9451121282577515,1.8950350501326043
2026-01-13 05:45:00,1.93,1.9583334302902222,2.124779577255249,1.9583334302902222,1.9139990768214523
2026-01-13 06:00:00,2.0,2.0149180698394775,2.1813642168045044,2.0149180698394775,1.9512660516484284
2026-01-13 06:15:00,1.99,2.0521415090560913,2.218587656021118,2.0521415090560913,1.9864306574739687
2026-01-13 06:30:00,2.0,2.1222738790512086,2.2887200260162355,2.1222738790512086,2.0278456339981688
2026-01-13 06:45:00,2.1,2.152775502204895,2.319221649169922,2.152775502204895,2.073834752458117
2026-01-13 07:00:00,2.17,2.209099488258362,2.375545635223389,2.209099488258362,2.260602846253982
2026-01-13 07:15:00,2.35,2.2473573875427246,2.4138035345077515,2.2473573875427246,2.3104339153941993
2026-01-13 07:30:00,2.37,2.310727579593659,2.4771737265586857,2.310727579593659,2.359774166857905
2026-01-13 07:45:00,2.39,2.362349066734314,2.528795213699341,2.362349066734314,2.407345289132489
2026-01-13 08:00:00,2.45,2.420873794555664,2.587319941520691,2.420873794555664,2.324028087193645
2026-01-13 08:15:00,2.61,2.448249206542969,2.614695353507996,2.448249206542969,2.3653804579985085
2026-01-13 08:30:00,2.71,2.4944846248626713,2.660930771827698,2.4944846248626713,2.4027662790051947
2026-01-13 08:45:00,2.77,2.530267267227173,2.6967134141922,2.530267267227173,2.435818433603102
2026-01-13 09:00:00,2.77,2.568475427627564,2.7349215745925908,2.568475427627564,2.4939210209377247
2026-01-13 09:15:00,2.71,2.5893864154815676,2.7558325624465945,2.5893864154815676,2.5173840936490164
2026-01-13 09:30:00,2.8,2.615307168960572,2.7817533159255987,2.615307168960572,2.5355817963773557
2026-01-13 09:45:00,2.71,2.6341356468200687,2.8005817937850956,2.6341356468200687,2.548203412641146
2026-01-13 10:00:00,2.77,2.643469161987305,2.809915308952332,2.643469161987305,2.5162175563253366
2026-01-13 10:15:00,2.88,2.664537792205811,2.830983939170838,2.664537792205811,2.5171174670339287
2026-01-13 10:30:00,2.93,2.666406126022339,2.832852272987366,2.666406126022339,2.512282267583908
2026-01-13 10:45:00,2.92,2.6626428222656253,2.8290889692306522,2.6626428222656253,2.502220125461137
2026-01-13 11:00:00,2.87,2.6704480218887334,2.8368941688537603,2.6704480218887334,2.518197731217793
2026-01-13 11:15:00,2.86,2.666687436103821,2.833133583068848,2.666687436103821,2.500782893133503
2026-01-13 11:30:00,2.93,2.6707094907760625,2.8371556377410894,2.6707094907760625,2.4819833381519647
2026-01-13 11:45:00,2.94,2.667126388549805,2.833572535514832,2.667126388549805,2.4636728670028623
2026-01-13 12:00:00,2.89,2.7044607210159306,2.8709068679809575,2.7044607210159306,2.467578018581904
2026-01-13 12:15:00,2.78,2.6726517534255985,2.8390979003906254,2.6726517534255985,2.455963324178084
2026-01-13 12:30:00,2.78,2.701774005889893,2.86822015285492,2.701774005889893,2.450126189116714
2026-01-13 12:45:00,2.79,2.7070599174499517,2.8735060644149786,2.7070599174499517,2.451101918206446
2026-01-13 13:00:00,2.85,2.715920233726502,2.8823663806915287,2.715920233726502,2.461631095568155
2026-01-13 13:15:00,2.86,2.7604063653945925,2.9268525123596194,2.7604063653945925,2.4768859134503254
2026-01-13 13:30:00,2.96,2.7621241235733036,2.9285702705383305,2.7621241235733036,2.49833547025253
2026-01-13 13:45:00,2.92,2.778476529121399,2.944922676086426,2.778476529121399,2.5246317880045535
2026-01-13 14:00:00,2.97,2.805411357879639,2.971857504844666,2.805411357879639,2.559681934822378
2026-01-13 14:15:00,3.03,2.84128532409668,3.007731471061707,2.84128532409668,2.5905082373814103
2026-01-13 14:30:00,3.08,2.8901577186584477,3.0566038656234746,2.8901577186584477,2.621021744501104
2026-01-13 14:45:00,3.14,2.9232487535476688,3.0896949005126957,2.9232487535476688,2.6498764167859146
2026-01-13 15:00:00,3.15,2.9628395462036137,3.1292856931686406,2.9628395462036137,2.669681489539594
2026-01-13 15:15:00,3.31,3.0148354339599615,3.1812815809249884,3.0148354339599615,2.69325280612858
2026-01-13 15:30:00,3.3,3.0663991641998294,3.2328453111648563,3.0663991641998294,2.7143662475358155
2026-01-13 15:45:00,3.37,3.0941610717773442,3.260607218742371,3.0941610717773442,2.733829290538004
2026-01-13 16:00:00,3.42,3.1248882865905765,3.2913344335556034,3.1248882865905765,2.79093181360726
2026-01-13 16:15:00,3.37,3.1598234653472903,3.326269612312317,3.1598234653472903,2.8105754484540038
2026-01-13 16:30:00,3.41,3.1931773281097415,3.3596234750747684,3.1931773281097415,2.831998405244134
2026-01-13 16:45:00,3.46,3.2227290201187135,3.3891751670837404,3.2227290201187135,2.855899018939039
2026-01-13 17:00:00,3.57,3.2339757156372073,3.4004218626022342,3.2339757156372073,2.909731801275531
2026-01-13 17:15:00,3.57,3.2549019241333013,3.421348071098328,3.2549019241333013,2.9383532017363603
2026-01-13 17:30:00,3.68,3.2542099285125734,3.4206560754776003,3.2542099285125734,2.9678994628684534
2026-01-13 17:45:00,3.63,3.260526494979859,3.426972641944886,3.260526494979859,2.996629270227301
2026-01-13 18:00:00,3.68,3.252721567153931,3.419167714118958,3.252721567153931,3.0259442686277542
2026-01-13 18:15:00,3.74,3.2648352956771856,3.4312814426422125,3.2648352956771856,3.0465571740726785
2026-01-13 18:30:00,3.79,3.232560195922852,3.399006342887879,3.232560195922852,3.0598986966087054
2026-01-13 18:45:00,3.89,3.23509334564209,3.401539492607117,3.23509334564209,3.0643080820428796
2026-01-13 19:00:00,3.89,3.2139823150634768,3.3804284620285037,3.2139823150634768,3.027687510848479
2026-01-13 19:15:00,3.79,3.2219076490402228,3.3883537960052497,3.2219076490402228,3.0120193223704264
2026-01-13 19:30:00,3.75,3.1693295717239383,3.335775718688965,3.1693295717239383,2.9868537824065293
2026-01-13 19:45:00,3.63,3.1302149677276616,3.2966611146926885,3.1302149677276616,2.9536146956527114
2026-01-13 20:00:00,3.58,3.0892002296447756,3.2556463766098025,3.0892002296447756,2.9402792429059073
2026-01-13 20:15:00,3.42,3.062000670433045,3.228446817398072,3.062000670433045,2.897371715468077
2026-01-13 20:30:00,3.37,3.0071049785614017,3.1735511255264286,3.0071049785614017,2.8533095070540577
2026-01-13 20:45:00,3.31,2.9716843700408937,3.1381305170059206,2.9716843700408937,2.8103447929380696
2026-01-13 21:00:00,3.27,2.931498341560364,3.097944488525391,2.931498341560364,2.7775086601693335
2026-01-13 21:15:00,3.27,3.0956396484375004,3.2620857954025273,3.0956396484375004,2.7413458141884166
2026-01-13 21:30:00,3.21,3.0556533908844,3.222099537849427,3.0556533908844,2.7094279914830244
2026-01-13 21:45:00,3.21,3.016479806900025,3.182925953865052,3.016479806900025,2.681295080585469
2026-01-13 22:00:00,3.16,2.966821374893189,3.1332675218582158,2.966821374893189,2.7167786425808007
2026-01-13 22:15:00,3.1,2.9279829168319704,3.0944290637969973,2.9279829168319704,2.6924659668984354
2026-01-13 22:30:00,3.02,2.881226191520691,3.047672338485718,2.881226191520691,2.6675784824581132
2026-01-13 22:45:00,2.99,2.8330906391143804,2.9995367860794073,2.8330906391143804,2.6405109222739442
2026-01-13 23:00:00,2.88,2.7849118709564213,2.9513580179214483,2.7849118709564213,2.6045552423799556
2026-01-13 23:15:00,2.83,2.737553114891053,2.9039992618560797,2.737553114891053,2.5699874148057456
2026-01-13 23:30:00,2.77,2.6938611745834353,2.8603073215484622,2.6938611745834353,2.5313504230077815
2026-01-13 23:45:00,2.71,2.6458017253875736,2.8122478723526005,2.6458017253875736,2.4893507074939034
2026-01-14 00:00:00,2.66,2.6234988641738894,2.7899450111389164,2.6234988641738894,2.436446868786491
2026-01-14 00:15:00,2.62,2.5562959241867067,2.7227420711517336,2.5562959241867067,2.392055470036388
2026-01-14 00:30:00,2.54,2.5147085094451906,2.6811546564102176,2.5147085094451906,2.349228799541681
2026-01-14 00:45:00,2.51,2.4654145574569704,2.6318607044219973,2.4654145574569704,2.3097750572994373
2026-01-14 01:00:00,2.46,2.4283745813369753,2.594820728302002,2.4283745813369753,2.23448684014075
2026-01-14 01:15:00,2.4,2.3981075191497805,2.5645536661148074,2.3981075191497805,2.205629398150945
2026-01-14 01:30:00,2.38,2.3588072776794435,2.5252534246444704,2.3588072776794435,2.18278491328432
2026-01-14 01:45:00,2.4,2.325883805751801,2.492329952716828,2.325883805751801,2.1655178846090966
2026-01-14 02:00:00,2.39,2.302105901241303,2.46855204820633,2.302105901241303,2.1335065121172323
2026-01-14 02:15:00,2.33,2.246247503757477,2.412693650722504,2.246247503757477,2.123795077036398
2026-01-14 02:30:00,2.25,2.2090247440338135,2.3754708909988405,2.2090247440338135,2.1153904127408323
2026-01-14 02:45:00,2.25,2.1824174308776856,2.3488635778427125,2.1824174308776856,2.106609875649223
2026-01-14 03:00:00,2.24,2.1709674310684206,2.3374135780334475,2.1709674310684206,2.0881487492178357
2026-01-14 03:15:00,2.18,2.0399201488494874,2.2063662958145143,2.0399201488494874,2.074950855463676
2026-01-14 03:30:00,2.18,2.0267738628387453,2.193220009803772,2.0267738628387453,2.058862502434587
2026-01-14 03:45:00,2.13,2.0333209133148196,2.1997670602798465,2.0333209133148196,2.0403423339639106
2026-01-14 04:00:00,2.08,2.0278478693962096,2.1942940163612366,2.0278478693962096,1.9974646365678712
2026-01-14 04:15:00,2.07,2.03754273891449,2.2039888858795167,2.03754273891449,1.977939933964551
2026-01-14 04:30:00,2.07,2.0410288095474245,2.2074749565124514,2.0410288095474245,1.9606862889113286
2026-01-14 04:45:00,2.08,2.0488348245620727,2.2152809715270996,2.0488348245620727,1.9477423521777257
2026-01-14 05:00:00,2.07,2.065642490386963,2.23208863735199,2.065642490386963,1.942807429940152
2026-01-14 05:15:00,2.03,2.0935601377487183,2.260006284713745,2.0935601377487183,1.943726832953302
2026-01-14 05:30:00,2.07,2.1274801540374755,2.2939263010025024,2.1274801540374755,1.9532702061284095
2026-01-14 05:45:00,2.08,2.1421724224090575,2.3086185693740844,2.1421724224090575,1.9717442130714422
2026-01-14 06:00:00,2.07,2.195126667022705,2.361572813987732,2.195126667022705,2.0210974151713006
2026-01-14 06:15:00,2.18,2.2383348083496095,2.4047809553146364,2.2383348083496095,2.055817426923262
2026-01-14 06:30:00,2.23,2.303017373085022,2.469463520050049,2.303017373085022,2.0968108474634737
2026-01-14 06:45:00,2.23,2.3354681897163396,2.5019143366813665,2.3354681897163396,2.1424016443457594
2026-01-14 07:00:00,2.39,2.3893203163146977,2.5557664632797246,2.3893203163146977,2.2381935887101574
2026-01-14 07:15:00,2.44,2.4253744840621954,2.5918206310272223,2.4253744840621954,2.2876733320521474
2026-01-14 07:30:00,2.53,2.4816745519638066,2.6481206989288335,2.4816745519638066,2.336685987907566
2026-01-14 07:45:00,2.63,2.5268197917938235,2.6932659387588505,2.5268197917938235,2.3839533787237897
2026-01-14 08:00:00,2.7,2.5798797655105594,2.7463259124755863,2.5798797655105594,2.45147060334512
2026-01-14 08:15:00,2.81,2.6072114181518558,2.7736575651168827,2.6072114181518558,2.4925673099929666
2026-01-14 08:30:00,2.81,2.6426833963394167,2.8091295433044436,2.6426833963394167,2.529721638413297
2026-01-14 08:45:00,2.87,2.6679980421066287,2.8344441890716556,2.6679980421066287,2.5625665429119118
2026-01-14 09:00:00,2.92,2.703055801391602,2.869501948356629,2.703055801391602,2.5889103048035804
2026-01-14 09:15:00,2.96,2.6538664913177494,2.8203126382827763,2.6538664913177494,2.612214761937395
2026-01-14 09:30:00,2.98,2.677608518600464,2.844054665565491,2.677608518600464,2.6302782095945894
2026-01-14 09:45:00,3.03,2.6897763347625734,2.8562224817276003,2.6897763347625734,2.642789939142599
2026-01-14 10:00:00,3.04,2.6994077396392826,2.8658538866043095,2.6994077396392826,2.669652918349091
2026-01-14 10:15:00,3.08,2.7159101772308354,2.8823563241958623,2.7159101772308354,2.670491639920862
2026-01-14 10:30:00,3.09,2.7169310474395756,2.8833771944046025,2.7169310474395756,2.665619549393266
2026-01-14 10:45:00,3.04,2.7151431655883793,2.8815893125534062,2.7151431655883793,2.655544759759915
2026-01-14 11:00:00,3.08,2.721177334785462,2.887623481750489,2.721177334785462,2.6493283142750896
2026-01-14 11:15:00,3.02,2.719926795959473,2.8863729429245,2.719926795959473,2.6319490908766516
2026-01-14 11:30:00,2.95,2.7216883134841923,2.888134460449219,2.7216883134841923,2.613209138747239
2026-01-14 11:45:00,2.92,2.7217059803009036,2.8881521272659305,2.7217059803009036,2.594982143194413
2026-01-14 12:00:00,2.92,2.7526460123062138,2.9190921592712407,2.7526460123062138,2.5933453713095935
2026-01-14 12:15:00,2.98,2.7251009988784793,2.8915471458435063,2.7251009988784793,2.5818614921618663
2026-01-14 12:30:00,2.92,2.75485164642334,2.921297793388367,2.75485164642334,2.576178609836534
2026-01-14 12:45:00,2.92,2.761072812080384,2.9275189590454107,2.761072812080384,2.5773318548879627
2026-01-14 13:00:00,2.92,2.7697279214859014,2.9361740684509283,2.7697279214859014,2.588503175862323
2026-01-14 13:15:00,3.03,2.814580707550049,2.981026854515076,2.814580707550049,2.603981456321203
2026-01-14 13:30:00,3.01,2.8165014982223515,2.9829476451873784,2.8165014982223515,2.6256771310201166
2026-01-14 13:45:00,3.09,2.83295147895813,2.999397625923157,2.83295147895813,2.6522419916368216
2026-01-14 14:00:00,3.08,2.864157328605652,3.030603475570679,2.864157328605652,2.6476564926426067
2026-01-14 14:15:00,3.08,2.8982735824584966,3.0647197294235236,2.8982735824584966,2.6787954429547107
2026-01-14 14:30:00,3.2,2.9431233787536626,3.1095695257186895,2.9431233787536626,2.7096432513490774
2026-01-14 14:45:00,3.2,2.9764351129531863,3.142881259918213,2.9764351129531863,2.738853595278857
2026-01-14 15:00:00,3.31,3.0167853069305424,3.1832314538955693,3.0167853069305424,2.7413419605366816
2026-01-14 15:15:00,3.41,3.1299154472351076,3.2963615942001345,3.1299154472351076,2.765310789869447
2026-01-14 15:30:00,3.47,3.181291637420655,3.3477377843856817,3.181291637420655,2.786842190284717
2026-01-14 15:45:00,3.47,3.2025722694396976,3.3690184164047245,3.2025722694396976,2.8067433065185723
2026-01-14 16:00:00,3.51,3.235459184646607,3.401905331611634,3.235459184646607,2.8597915497518795
2026-01-14 16:15:00,3.56,3.2682691812515263,3.4347153282165532,3.2682691812515263,2.879912444184755
2026-01-14 16:30:00,3.67,3.301053357124329,3.4674995040893557,3.301053357124329,2.901831710438835
2026-01-14 16:45:00,3.68,3.3342455005645757,3.5006916475296026,3.3342455005645757,2.9262473069525066
2026-01-14 17:00:00,3.72,3.3491959762573247,3.5156421232223516,3.3491959762573247,2.9831240880574788
2026-01-14 17:15:00,3.79,3.37457802772522,3.541024174690247,3.37457802772522,3.012296647194089
2026-01-14 17:30:00,3.8,3.3762251186370853,3.542671265602112,3.3762251186370853,3.04241154966875
2026-01-14 17:45:00,3.79,3.3881534814834597,3.5545996284484866,3.3881534814834597,3.0717270648869
2026-01-14 18:00:00,3.8,3.3868230342864996,3.5532691812515265,3.3868230342864996,3.091787623589051
2026-01-14 18:15:00,3.81,3.4026845741271976,3.5691307210922245,3.4026845741271976,3.1130190852750106
2026-01-14 18:30:00,3.85,3.375960659980774,3.542406806945801,3.375960659980774,3.126994928719204
2026-01-14 18:45:00,3.91,3.3822527647018434,3.5486989116668703,3.3822527647018434,3.132053949161214
2026-01-14 19:00:00,3.87,3.3687947273254397,3.5352408742904666,3.3687947273254397,3.180317046330293
2026-01-14 19:15:00,3.95,3.3764447307586676,3.5428908777236945,3.3764447307586676,3.1653277387122585
2026-01-14 19:30:00,3.86,3.3317493152618414,3.4981954622268683,3.3317493152618414,3.1408549969556456
2026-01-14 19:45:00,3.77,3.2995620059967044,3.4660081529617313,3.2995620059967044,3.1083221463305284
2026-01-14 20:00:00,3.65,3.261927881240845,3.428374028205872,3.261927881240845,3.083329754720604
2026-01-14 20:15:00,3.5,3.2367926216125493,3.4032387685775762,3.2367926216125493,3.0411538762003096
2026-01-14 20:30:00,3.49,3.183868818283081,3.350314965248108,3.183868818283081,2.9978352800429158
2026-01-14 20:45:00,3.44,3.1458471107482913,3.312293257713318,3.1458471107482913,2.9556256390898956
2026-01-14 21:00:00,3.35,3.108978095054627,3.2754242420196538,3.108978095054627,2.8876592903028446
2026-01-14 21:15:00,3.35,3.2766919040679934,3.4431380510330203,3.2766919040679934,2.8522729131775586
2026-01-14 21:30:00,3.34,3.234401621818543,3.40084776878357,3.234401621818543,2.821141485599508
2026-01-14 21:45:00,3.29,3.194772233963013,3.36121838092804,3.194772233963013,2.7938043766645784
2026-01-14 22:00:00,3.23,3.1447623682022097,3.3112085151672366,3.1447623682022097,2.7735506455631227
2026-01-14 22:15:00,3.17,3.1027248573303225,3.2691710042953495,3.1027248573303225,2.7500510144191304
2026-01-14 22:30:00,3.06,3.0521618843078615,3.2186080312728884,3.0521618843078615,2.7259844048151938
2026-01-14 22:45:00,2.96,3.0032778024673465,3.1697239494323735,3.0032778024673465,2.699745019439033
2026-01-14 23:00:00,2.96,2.9510620307922366,3.1175081777572635,2.9510620307922366,2.7043139579759883
2026-01-14 23:15:00,2.85,2.901228017807007,3.067674164772034,2.901228017807007,2.6705873075141984
2026-01-14 23:30:00,2.87,2.852508101463318,3.018954248428345,2.852508101463318,2.6327971927926037
2026-01-14 23:45:00,2.8,2.8006114196777347,2.9670575666427617,2.8006114196777347,2.591649519218266
2026-01-15 00:00:00,2.75,2.775440554618836,2.941886701583863,2.775440554618836,2.540170860917321
2026-01-15 00:15:00,2.65,2.708222122192383,2.87466826915741,2.708222122192383,2.4966402281006967
2026-01-15 00:30:00,2.55,2.6674930429458623,2.8339391899108892,2.6674930429458623,2.454677883316836
2026-01-15 00:45:00,2.56,2.612095069885254,2.778541216850281,2.612095069885254,2.416091492841108
2026-01-15 01:00:00,2.51,2.572743186950684,2.7391893339157107,2.572743186950684,2.373862443141113
2026-01-15 01:15:00,2.46,2.538276314735413,2.70472246170044,2.538276314735413,2.345876809330327
2026-01-15 01:30:00,2.38,2.4976456260681155,2.6640917730331424,2.4976456260681155,2.323905566671835
2026-01-15 01:45:00,2.4,2.4622709512710577,2.6287170982360846,2.4622709512710577,2.307512687849487
2026-01-15 02:00:00,2.34,2.4352790451049806,2.6017251920700075,2.4352790451049806,2.2911949235573887
2026-01-15 02:15:00,2.35,2.3753010177612306,2.5417471647262575,2.3753010177612306,2.282357885798658
2026-01-15 02:30:00,2.31,2.336526839733124,2.502972986698151,2.336526839733124,2.2748269652315236
2026-01-15 02:45:00,2.31,2.304988853931427,2.471435000896454,2.304988853931427,2.266919005017118
2026-01-15 03:00:00,2.28,2.2907393431663516,2.4571854901313785,2.2907393431663516,2.2087155539319006
2026-01-15 03:15:00,2.23,2.1460114216804507,2.3124575686454776,2.1460114216804507,2.1963863806041806
2026-01-15 03:30:00,2.21,2.1297739863395693,2.296220133304596,2.1297739863395693,2.1811640677298234
2026-01-15 03:45:00,2.18,2.130217695236206,2.296663842201233,2.130217695236206,2.163506764601758
2026-01-15 04:00:00,2.12,2.1217711901664735,2.2882173371315004,2.1217711901664735,1.9930852066592564
2026-01-15 04:15:00,2.12,2.126314415931702,2.2927605628967287,2.126314415931702,1.9744155583966698
2026-01-15 04:30:00,2.1,2.124497723579407,2.290943870544434,2.124497723579407,1.9580123434520775
2026-01-15 04:45:00,2.07,2.128092377185822,2.2945385241508487,2.128092377185822,1.9459137419642163
2026-01-15 05:00:00,2.12,2.1393019723892213,2.305748119354248,2.1393019723892213,1.942918969356811
2026-01-15 05:15:00,2.07,2.1624041891098025,2.3288503360748294,2.1624041891098025,1.9446721332358723
2026-01-15 05:30:00,2.06,2.1869830799102785,2.3534292268753054,2.1869830799102785,1.9550428021601756
2026-01-15 05:45:00,2.11,2.1972084975242616,2.3636546444892885,2.1972084975242616,1.9743371978427755
2026-01-15 06:00:00,2.12,2.241236107349396,2.4076822543144227,2.241236107349396,2.0169712590936086
2026-01-15 06:15:00,2.17,2.284678809642792,2.451124956607819,2.284678809642792,2.052496551790756
2026-01-15 06:30:00,2.23,2.3447010040283205,2.5111471509933474,2.3447010040283205,2.0942870690782502
2026-01-15 06:45:00,2.27,2.3736191368103032,2.54006528377533,2.3736191368103032,2.1406663697927413
2026-01-15 07:00:00,2.38,2.424347362518311,2.590793509483338,2.424347362518311,2.3721318762874697
2026-01-15 07:15:00,2.48,2.460866575241089,2.627312722206116,2.460866575241089,2.422381747491872
2026-01-15 07:30:00,2.51,2.5162485122680667,2.6826946592330936,2.5162485122680667,2.4721547667213915
2026-01-15 07:45:00,2.58,2.5607123565673833,2.72715850353241,2.5607123565673833,2.520172384798471
2026-01-15 08:00:00,2.69,2.6181284236907962,2.784574570655823,2.6181284236907962,2.57769956478632
2026-01-15 08:15:00,2.76,2.651268110275269,2.817714257240296,2.651268110275269,2.619525151212139
2026-01-15 08:30:00,2.82,2.6900250291824346,2.8564711761474615,2.6900250291824346,2.65739716832599
2026-01-15 08:45:00,2.86,2.7195968341827395,2.8860429811477664,2.7195968341827395,2.690948239317477
2026-01-15 09:00:00,2.91,2.7585877704620363,2.925033917427063,2.7585877704620363,2.709826454046165
2026-01-15 09:15:00,2.9,2.7269182348251344,2.8933643817901613,2.7269182348251344,2.733813082604742
2026-01-15 09:30:00,2.9,2.75659875869751,2.923044905662537,2.75659875869751,2.7525462504838027
2026-01-15 09:45:00,2.92,2.7677163505554203,2.934162497520447,2.7677163505554203,2.7657149613229883
2026-01-15 10:00:00,2.91,2.7809632015228276,2.9474093484878545,2.7809632015228276,2.800958954019434
2026-01-15 10:15:00,2.92,2.7992706441879274,2.9657167911529543,2.7992706441879274,2.8024283608303673
2026-01-15 10:30:00,3.06,2.8015126991271977,2.9679588460922246,2.8015126991271977,2.798173421229947
2026-01-15 10:45:00,3.08,2.801884517669678,2.968330664634705,2.801884517669678,2.7887020060903076
2026-01-15 11:00:00,2.96,2.8078586196899415,2.9743047666549685,2.8078586196899415,2.7685883659804107
2026-01-15 11:15:00,2.97,2.808657159805298,2.975103306770325,2.808657159805298,2.751784284671334
2026-01-15 11:30:00,2.96,2.8059424495697023,2.972388596534729,2.8059424495697023,2.7336050422814564
2026-01-15 11:45:00,2.92,2.806878247261048,2.9733243942260748,2.806878247261048,2.715924129267535
2026-01-15 12:00:00,2.86,2.8293637561798097,2.9958099031448366,2.8293637561798097,2.72031277965995
2026-01-15 12:15:00,2.87,2.8073313331604006,2.9737774801254275,2.8073313331604006,2.70934519202833
2026-01-15 12:30:00,2.8,2.831924357414246,2.998370504379273,2.831924357414246,2.7041634615710004
2026-01-15 12:45:00,2.92,2.8391517162323003,3.0055978631973272,2.8391517162323003,2.7058025722158807
2026-01-15 13:00:00,2.89,2.8441805076599125,3.0106266546249394,2.8441805076599125,2.6517324260060646
2026-01-15 13:15:00,3.02,2.8887133884429934,3.0551595354080203,2.8887133884429934,2.6676656083329977
2026-01-15 13:30:00,3.02,2.886244926452637,3.0526910734176638,2.886244926452637,2.6898005317617564
2026-01-15 13:45:00,2.99,2.8997918415069583,3.0662379884719853,2.8997918415069583,2.7167888900137793
2026-01-15 14:00:00,3.17,2.9307924842834474,3.0972386312484743,2.9307924842834474,2.7730648107855544
2026-01-15 14:15:00,3.17,2.965131340026856,3.131577486991883,2.965131340026856,2.8045955112611005
2026-01-15 14:30:00,3.28,3.0093728542327884,3.1758190011978153,3.0093728542327884,2.8358190976678683
2026-01-15 14:45:00,3.22,3.043117017745972,3.209563164710999,3.043117017745972,2.86538919791317
2026-01-15 15:00:00,3.26,3.084717206954956,3.251163353919983,3.084717206954956,2.859433706851325
2026-01-15 15:15:00,3.27,3.105381674766541,3.2718278217315677,3.105381674766541,2.883730148382711
2026-01-15 15:30:00,3.31,3.1595380783081057,3.3259842252731326,3.1595380783081057,2.905573062395015
2026-01-15 15:45:00,3.39,3.1767667579650882,3.343212904930115,3.1767667579650882,2.925769591635944
2026-01-15 16:00:00,3.39,3.2135159111022955,3.3799620580673224,3.2135159111022955,2.9826179484355326
2026-01-15 16:15:00,3.54,3.2483266067504886,3.4147727537155155,3.2483266067504886,3.0030020954352765
2026-01-15 16:30:00,3.49,3.283558316230774,3.450004463195801,3.283558316230774,3.0251685774750254
2026-01-15 16:45:00,3.58,3.3211834716796877,3.4876296186447147,3.3211834716796877,3.0498153971276456
2026-01-15 17:00:00,3.55,3.3387133026123053,3.505159449577332,3.3387133026123053,3.047827416871203
2026-01-15 17:15:00,3.59,3.3682266712188724,3.5346728181838993,3.3682266712188724,3.0771993911284587
2026-01-15 17:30:00,3.58,3.3724715995788577,3.5389177465438846,3.3724715995788577,3.107497915399445
2026-01-15 17:45:00,3.65,3.390173206329346,3.556619353294373,3.390173206329346,3.136981347342509
2026-01-15 18:00:00,3.7,3.3863068914413454,3.5527530384063724,3.3863068914413454,3.1801731619405644
2026-01-15 18:15:00,3.75,3.4131566476821904,3.5796027946472173,3.4131566476821904,3.201541437391486
2026-01-15 18:30:00,3.68,3.385899467468262,3.552345614433289,3.385899467468262,3.2156387175072405
2026-01-15 18:45:00,3.69,3.3991479492187504,3.5655940961837773,3.3991479492187504,3.2208039273357403
2026-01-15 19:00:00,3.63,3.3888052511215214,3.5552513980865483,3.3888052511215214,3.26067502933655
2026-01-15 19:15:00,3.58,3.398782653808594,3.565228800773621,3.398782653808594,3.2457618454924373
2026-01-15 19:30:00,3.47,3.3570134067535404,3.5234595537185673,3.3570134067535404,3.2213504284668097
2026-01-15 19:45:00,3.42,3.3289590454101567,3.4954051923751837,3.3289590454101567,3.1888642718462177
2026-01-15 20:00:00,3.29,3.2944364547729497,3.4608826017379766,3.2944364547729497,3.1617570412669833
2026-01-15 20:15:00,3.25,3.271928930282593,3.43837507724762,3.271928930282593,3.119599136445813
2026-01-15 20:30:00,3.17,3.2208840608596807,3.3873302078247076,3.2208840608596807,3.0762844419564472
2026-01-15 20:45:00,3.14,3.1859271383285526,3.3523732852935795,3.1859271383285526,3.0340648339764376
2026-01-15 21:00:00,3.07,3.148781704902649,3.315227851867676,3.148781704902649,3.018250402022137
2026-01-15 21:15:00,3.09,3.1143153762817386,3.2807615232467655,3.1143153762817386,2.9828269629585926
2026-01-15 21:30:00,3.08,3.0770731830596927,3.2435193300247196,3.0770731830596927,2.9516452628009575
2026-01-15 21:45:00,3.04,3.0354001522064213,3.2018462991714483,3.0354001522064213,2.924244905119724
2026-01-15 22:00:00,3.02,2.9885727596282963,3.155018906593323,2.9885727596282963,2.9013452877296273
2026-01-15 22:15:00,2.92,2.9502901268005375,3.1167362737655644,2.9502901268005375,2.877757187298733
2026-01-15 22:30:00,2.91,2.903893260955811,3.0703394079208377,2.903893260955811,2.853589877485723
2026-01-15 22:45:00,2.87,2.857420291900635,3.023866438865662,2.857420291900635,2.8272378223680805
2026-01-15 23:00:00,2.81,2.807518873214722,2.9739650201797487,2.807518873214722,2.775113071372584
2026-01-15 23:15:00,2.71,2.7627468109130864,2.9291929578781133,2.7627468109130864,2.741250620195073
2026-01-15 23:30:00,2.71,2.7136553478240972,2.880101494789124,2.7136553478240972,2.7033135545319418
2026-01-15 23:45:00,2.6,2.6690566921234136,2.8355028390884405,2.6690566921234136,2.662008063590043
2026-01-16 00:00:00,2.56,2.6360817146301274,2.8025278615951543,2.6360817146301274,2.618580054694263
2026-01-16 00:15:00,2.54,2.582905139923096,2.749351286888123,2.582905139923096,2.5748707423069446
2026-01-16 00:30:00,2.51,2.5402620649337773,2.706708211898804,2.5402620649337773,2.5327197310362557
2026-01-16 00:45:00,2.43,2.490900163650513,2.65734631061554,2.490900163650513,2.4939349886361106
2026-01-16 01:00:00,2.39,2.4530138111114503,2.6194599580764772,2.4530138111114503,2.4358061471612746
2026-01-16 01:15:00,2.33,2.41973849773407,2.586184644699097,2.41973849773407,2.4076037094621556
2026-01-16 01:30:00,2.33,2.383682155609131,2.550128302574158,2.383682155609131,2.385406902782702
2026-01-16 01:45:00,2.28,2.3539725494384767,2.5204186964035036,2.3539725494384767,2.3687800141227773
2026-01-16 02:00:00,2.24,2.330401754379273,2.4968479013443,2.330401754379273,2.344933225220002
2026-01-16 02:15:00,2.23,2.275206813812256,2.441652960777283,2.275206813812256,2.3358462384143435
2026-01-16 02:30:00,2.28,2.2376778745651245,2.4041240215301514,2.2376778745651245,2.328057879331601
2026-01-16 02:45:00,2.3,2.2158647918701173,2.382310938835144,2.2158647918701173,2.319885313325759
2026-01-16 03:00:00,2.23,2.200788474082947,2.3672346210479738,2.200788474082947,2.297629861466685
2026-01-16 03:15:00,2.21,2.045317497253418,2.2117636442184447,2.045317497253418,2.2850227188359744
2026-01-16 03:30:00,2.22,2.034619288444519,2.201065435409546,2.034619288444519,2.269516241882581
2026-01-16 03:45:00,2.17,2.0411880826950073,2.207634229660034,2.0411880826950073,2.2515689049845706
2026-01-16 04:00:00,2.17,2.038940320014954,2.2053864669799808,2.038940320014954,2.228467681693635
2026-01-16 04:15:00,2.13,2.0514849829673767,2.2179311299324036,2.0514849829673767,2.209497235121041
2026-01-16 04:30:00,2.14,2.0583465027809145,2.2247926497459414,2.0583465027809145,2.192788325995372
2026-01-16 04:45:00,2.08,2.069821643829346,2.236267790794373,2.069821643829346,2.180379457552653
2026-01-16 05:00:00,2.04,2.0859347319602968,2.2523808789253237,2.0859347319602968,2.1716351907195257
2026-01-16 05:15:00,2.06,2.1168485355377196,2.2832946825027465,2.1168485355377196,2.1730699060699394
2026-01-16 05:30:00,2.06,2.1482896256446837,2.3147357726097106,2.1482896256446837,2.1831185142551877
2026-01-16 05:45:00,2.11,2.169247090816498,2.3356932377815247,2.169247090816498,2.202087553306176
2026-01-16 06:00:00,2.11,2.20939044713974,2.3758365941047668,2.20939044713974,2.2469040054190974
2026-01-16 06:15:00,2.2,2.2582226157188416,2.4246687626838686,2.2582226157188416,2.282098288591244
2026-01-16 06:30:00,2.25,2.319621598720551,2.486067745685578,2.319621598720551,2.3235554336663657
2026-01-16 06:45:00,2.32,2.3548798084259035,2.5213259553909304,2.3548798084259035,2.3695993043746313
2026-01-16 07:00:00,2.42,2.404705667495728,2.571151814460755,2.404705667495728,2.44987748135379
2026-01-16 07:15:00,2.56,2.4421843242645265,2.6086304712295534,2.4421843242645265,2.499788707285053
2026-01-16 07:30:00,2.55,2.494394659996033,2.66084080696106,2.494394659996033,2.5492219158357843
2026-01-16 07:45:00,2.66,2.540716238021851,2.707162384986878,2.540716238021851,2.596898847028754
2026-01-16 08:00:00,2.68,2.594251041412354,2.7606971883773808,2.594251041412354,2.639324847615021
2026-01-16 08:15:00,2.86,2.6218150806427007,2.7882612276077277,2.6218150806427007,2.6808088435648667
2026-01-16 08:30:00,2.92,2.6577583551406865,2.8242045021057134,2.6577583551406865,2.7183392329401506
2026-01-16 08:45:00,2.98,2.690500674247742,2.856946821212769,2.690500674247742,2.751548908301121
2026-01-16 09:00:00,3.03,2.724260873794556,2.890707020759583,2.724260873794556,2.803676595669801
2026-01-16 09:15:00,3.09,2.7212257146835332,2.88767186164856,2.7212257146835332,2.8273230784335697
2026-01-16 09:30:00,3.14,2.742993135452271,2.909439282417298,2.742993135452271,2.845717106518845
2026-01-16 09:45:00,3.08,2.752818059921265,2.9192642068862917,2.752818059921265,2.8585479294192795
2026-01-16 10:00:00,3.15,2.7630860137939455,2.9295321607589724,2.7630860137939455,2.8750478773223755
2026-01-16 10:15:00,3.24,2.7797787094116213,2.946224856376648,2.7797787094116213,2.8761826116822866
2026-01-16 10:30:00,3.15,2.7775328493118288,2.9439789962768557,2.7775328493118288,2.8715949498552407
2026-01-16 10:45:00,3.17,2.776458435058594,2.942904582023621,2.776458435058594,2.861792981804305
2026-01-16 11:00:00,3.14,2.7799195003509527,2.9463656473159796,2.7799195003509527,2.8520716379678714
2026-01-16 11:15:00,3.13,2.7774534845352177,2.9438996315002446,2.7774534845352177,2.8349419708396426
2026-01-16 11:30:00,3.1,2.7768797206878664,2.9433258676528933,2.7768797206878664,2.816439925594593
2026-01-16 11:45:00,3.1,2.780638132095337,2.947084279060364,2.780638132095337,2.798439182166143
2026-01-16 12:00:00,3.1,2.802407455444336,2.968853602409363,2.802407455444336,2.788533929421355
2026-01-16 12:15:00,3.06,2.78475531578064,2.951201462745667,2.78475531578064,2.7772529933973806
2026-01-16 12:30:00,3.11,2.810116710662842,2.976562857627869,2.810116710662842,2.7717614081446063
2026-01-16 12:45:00,3.1,2.8190433454513553,2.985489492416382,2.8190433454513553,2.7730943151149376
2026-01-16 13:00:00,3.12,2.8240930652618412,2.990539212226868,2.8240930652618412,2.7937897399118397
2026-01-16 13:15:00,3.21,2.87009147644043,3.036537623405457,2.87009147644043,2.809424460093102
2026-01-16 13:30:00,3.31,2.873610706329346,3.040056853294373,2.873610706329346,2.831264994893472
2026-01-16 13:45:00,3.3,2.8918488407135015,3.0582949876785284,2.8918488407135015,2.8579631617647028
2026-01-16 14:00:00,3.33,2.925568542480469,3.092014689445496,2.925568542480469,2.8654845832731186
2026-01-16 14:15:00,3.37,2.958779439926148,3.1252255868911747,2.958779439926148,2.896733823368008
2026-01-16 14:30:00,3.41,3.0059525585174565,3.1723987054824834,3.0059525585174565,2.927680465593377
2026-01-16 14:45:00,3.42,3.041933069229126,3.208379216194153,3.041933069229126,2.956978226525293
2026-01-16 15:00:00,3.43,3.078981742858887,3.245427889823914,3.078981742858887,2.9850323090645223
2026-01-16 15:15:00,3.53,3.224716672897339,3.391162819862366,3.224716672897339,3.009065851411169
2026-01-16 15:30:00,3.62,3.2777731132507326,3.4442192602157595,3.2777731132507326,3.030650683564784
2026-01-16 15:45:00,3.62,3.295927534103394,3.4623736810684207,3.295927534103394,3.0505940011573562
2026-01-16 16:00:00,3.66,3.3325168704986576,3.4989630174636845,3.3325168704986576,3.063746899247464
2026-01-16 16:15:00,3.76,3.3668057155609135,3.5332518625259404,3.3668057155609135,3.083887697617861
2026-01-16 16:30:00,3.8,3.3999070787429813,3.566353225708008,3.3999070787429813,3.105815805859727
2026-01-16 16:45:00,3.83,3.4353529644012455,3.6017991113662724,3.4353529644012455,3.1302292434277317
2026-01-16 17:00:00,3.85,3.448938746452332,3.615384893417359,3.448938746452332,3.1815029600329474
2026-01-16 17:15:00,3.84,3.4769602203369145,3.6434063673019415,3.4769602203369145,3.2106515505316375
2026-01-16 17:30:00,3.94,3.478427381515503,3.64487352848053,3.478427381515503,3.240731679870621
2026-01-16 17:45:00,3.93,3.4959137248992924,3.6623598718643193,3.4959137248992924,3.270001686995182
2026-01-16 18:00:00,3.94,3.4900083875656134,3.6564545345306403,3.4900083875656134,3.2900060741091943
2026-01-16 18:15:00,3.96,3.5158957099914554,3.6823418569564823,3.5158957099914554,3.31117077391241
2026-01-16 18:30:00,4.09,3.484925508499146,3.651371655464173,3.484925508499146,3.325069340091154
2026-01-16 18:45:00,4.1,3.497660565376282,3.664106712341309,3.497660565376282,3.330040644362018
2026-01-16 19:00:00,4.13,3.481397581100464,3.647843728065491,3.481397581100464,3.4038136862788955
2026-01-16 19:15:00,4.02,3.490368247032166,3.656814393997193,3.490368247032166,3.3887160199495736
2026-01-16 19:30:00,3.91,3.4476716279983526,3.6141177749633795,3.4476716279983526,3.3641247185307512
2026-01-16 19:45:00,3.8,3.417982950210572,3.5844290971755988,3.417982950210572,3.3314631891324087
2026-01-16 20:00:00,3.75,3.383241291046143,3.54968743801117,3.383241291046143,3.310284306257696
2026-01-16 20:15:00,3.66,3.3595791721343997,3.5260253190994266,3.3595791721343997,3.267959760568868
2026-01-16 20:30:00,3.56,3.3084399890899663,3.474886136054993,3.3084399890899663,3.2244826298869604
2026-01-16 20:45:00,3.5,3.2750260591506963,3.4414722061157232,3.2750260591506963,3.1821046727787214
2026-01-16 21:00:00,3.42,3.23503110408783,3.401477251052857,3.23503110408783,3.1550828736347714
2026-01-16 21:15:00,3.42,3.3714398574829105,3.5378860044479374,3.3714398574829105,3.119508877086975
2026-01-16 21:30:00,3.41,3.3264030647277836,3.4928492116928105,3.3264030647277836,3.0881803096727127
2026-01-16 21:45:00,3.32,3.2849931335449223,3.451439280509949,3.2849931335449223,3.0606366286711992
2026-01-16 22:00:00,3.27,3.2359304809570317,3.4023766279220586,3.2359304809570317,3.0058305801037375
2026-01-16 22:15:00,3.27,3.1918982505798343,3.3583443975448612,3.1918982505798343,2.982105778503786
2026-01-16 22:30:00,3.17,3.1413695240020756,3.3078156709671025,3.1413695240020756,2.957804832891364
2026-01-16 22:45:00,3.17,3.0927993679046635,3.2592455148696904,3.0927993679046635,2.9313220352899
2026-01-16 23:00:00,3.12,3.035316166877747,3.201762313842774,3.035316166877747,2.9019890289604
2026-01-16 23:15:00,3.01,2.9864704084396365,3.1529165554046634,2.9864704084396365,2.868001082243582
2026-01-16 23:30:00,2.99,2.935448641777039,3.101894788742066,2.935448641777039,2.8299408634580954
2026-01-16 23:45:00,2.9,2.8831594848632816,3.0496056318283085,2.8831594848632816,2.7885143673831045
2026-01-17 00:00:00,2.85,2.851947927474976,3.018394074440003,2.851947927474976,2.7391744183098994
2026-01-17 00:15:00,2.79,2.792786378860474,2.959232525825501,2.792786378860474,2.6953477935080814
2026-01-17 00:30:00,2.74,2.7464433288574224,2.9128894758224493,2.7464433288574224,2.6530810051839784
2026-01-17 00:45:00,2.64,2.69159574508667,2.858041892051697,2.69159574508667,2.6141818079853683
2026-01-17 01:00:00,2.64,2.650424451828003,2.81687059879303,2.650424451828003,2.5858230682957126
2026-01-17 01:15:00,2.59,2.6116471481323247,2.7780932950973516,2.6116471481323247,2.5575081648616136
2026-01-17 01:30:00,2.5,2.574550366401673,2.7409965133667,2.574550366401673,2.5351995519340247
2026-01-17 01:45:00,2.54,2.5362196254730227,2.7026657724380496,2.5362196254730227,2.5184612886934135
2026-01-17 02:00:00,2.49,2.514616641998291,2.681062788963318,2.514616641998291,2.4646790479575635
2026-01-17 02:15:00,2.48,2.453360896110535,2.619807043075562,2.453360896110535,2.4554808546416966
2026-01-17 02:30:00,2.43,2.415078535079956,2.581524682044983,2.415078535079956,2.4475810202396007
2026-01-17 02:45:00,2.38,2.386493353843689,2.552939500808716,2.386493353843689,2.4392964718675527
2026-01-17 03:00:00,2.38,2.369651441574097,2.536097588539124,2.369651441574097,2.4112199754669037
2026-01-17 03:15:00,2.38,2.2664175724983218,2.4328637194633487,2.2664175724983218,2.398499114234539
2026-01-17 03:30:00,2.27,2.2487995433807373,2.415245690345764,2.2487995433807373,2.382877686508043
2026-01-17 03:45:00,2.27,2.248283672332764,2.414729819297791,2.248283672332764,2.364813922431663
2026-01-17 04:00:00,2.26,2.2394777154922485,2.4059238624572754,2.2394777154922485,2.3276173237257356
2026-01-17 04:15:00,2.24,2.2445926666259766,2.4110388135910035,2.2445926666259766,2.3085267616804512
2026-01-17 04:30:00,2.2,2.243045868873596,2.409492015838623,2.243045868873596,2.291695524471681
2026-01-17 04:45:00,2.22,2.2489869475364688,2.4154330945014957,2.2489869475364688,2.27916186970837
2026-01-17 05:00:00,2.17,2.2577104139328004,2.4241565608978273,2.2577104139328004,2.2103090448043554
2026-01-17 05:15:00,2.18,2.2831854200363164,2.4496315670013433,2.2831854200363164,2.21161332224389
2026-01-17 05:30:00,2.2,2.3073432970047,2.4737894439697268,2.3073432970047,2.221528300784101
2026-01-17 05:45:00,2.22,2.3189604520797733,2.4854065990448,2.3189604520797733,2.2403602760573786
2026-01-17 06:00:00,2.16,2.3590687465667726,2.5255148935317995,2.3590687465667726,2.226260418493861
2026-01-17 06:15:00,2.22,2.40920825958252,2.575654406547547,2.40920825958252,2.261310048816962
2026-01-17 06:30:00,2.33,2.4677343463897707,2.6341804933547976,2.4677343463897707,2.3026183900431065
2026-01-17 06:45:00,2.36,2.4985425567626955,2.6649887037277225,2.4985425567626955,2.34850907135866
2026-01-17 07:00:00,1.3,2.5508202981948855,2.7172664451599124,2.5508202981948855,2.305912165593794
2026-01-17 07:15:00,1.37,2.5886688709259036,2.7551150178909305,2.5886688709259036,2.3556607383491457
2026-01-17 07:30:00,1.38,2.646218118667603,2.81266426563263,2.646218118667603,2.4049262217063028
2026-01-17 07:45:00,1.43,2.689714908599854,2.856161055564881,2.689714908599854,2.4524301335373693
2026-01-17 08:00:00,1.46,2.753487224578858,2.919933371543885,2.753487224578858,2.503928540280125
2026-01-17 08:15:00,2.8,2.790098848342896,2.956544995307923,2.790098848342896,2.545228277543212
2026-01-17 08:30:00,2.73,2.8310624885559084,2.9975086355209353,2.8310624885559084,2.5825684714617116
2026-01-17 08:45:00,3.0,2.865093669891358,3.0315398168563847,2.865093669891358,2.6155818092648215
2026-01-17 09:00:00,1.65,2.9050742197036747,3.0715203666687017,2.9050742197036747,2.6741472902046888
2026-01-17 09:15:00,3.07,2.6697160720825197,2.8361622190475466,2.6697160720825197,2.6975845549318507
2026-01-17 09:30:00,3.06,2.7054660987854007,2.8719122457504276,2.7054660987854007,2.715762637098363
2026-01-17 09:45:00,3.11,2.7192247438430788,2.8856708908081057,2.7192247438430788,2.728370601889589
2026-01-17 10:00:00,3.08,2.7332426834106447,2.8996888303756716,2.7332426834106447,2.779868717706693
2026-01-17 10:15:00,3.13,2.755632791519165,2.922078938484192,2.755632791519165,2.7807662403719116
2026-01-17 10:30:00,3.25,2.7605156278610234,2.9269617748260504,2.7605156278610234,2.775933937951078
2026-01-17 10:45:00,3.14,2.759578471183777,2.926024618148804,2.759578471183777,2.7658797410395324
2026-01-17 11:00:00,3.24,2.766313333511353,2.93275948047638,2.766313333511353,2.7874196233875437
2026-01-17 11:15:00,3.25,2.7691873168945316,2.9356334638595585,2.7691873168945316,2.7700221002906784
2026-01-17 11:30:00,3.2,2.762392387390137,2.928838534355164,2.762392387390137,2.751244174536471
2026-01-17 11:45:00,3.08,2.7629310894012455,2.9293772363662725,2.7629310894012455,2.732959395278715
2026-01-17 12:00:00,3.11,2.7772645854949953,2.9437107324600222,2.7772645854949953,2.74831067665047
2026-01-17 12:15:00,2.36,2.7618982601165776,2.9283444070816045,2.7618982601165776,2.7367290326966955
2026-01-17 12:30:00,3.06,2.7826608467102054,2.9491069936752323,2.7826608467102054,2.730928238642858
2026-01-17 12:45:00,2.91,2.7867850971221926,2.9532312440872195,2.7867850971221926,2.7319433370039103
2026-01-17 13:00:00,2.97,2.7921471118927004,2.9585932588577273,2.7921471118927004,2.791729297164228
2026-01-17 13:15:00,3.04,2.8358510112762456,3.0022971582412725,2.8358510112762456,2.8070287460813175
2026-01-17 13:30:00,3.15,2.828697853088379,2.995144000053406,2.828697853088379,2.828525164109628
2026-01-17 13:45:00,3.18,2.839992656707764,3.0064388036727907,2.839992656707764,2.8548703044031223
2026-01-17 14:00:00,3.21,2.8717233467102052,3.038169493675232,2.8717233467102052,2.8627165901280693
2026-01-17 14:15:00,3.24,2.908061542510987,3.0745076894760137,2.908061542510987,2.8935948274201038
2026-01-17 14:30:00,3.27,2.953678350448609,3.1201244974136357,2.953678350448609,2.9241614189274534
2026-01-17 14:45:00,3.37,2.9907517576217657,3.1571979045867926,2.9907517576217657,2.9530700539316364
2026-01-17 15:00:00,3.51,3.0357597398757936,3.2022058868408205,3.0357597398757936,2.968799952261315
2026-01-17 15:15:00,3.54,3.205460929870606,3.3719070768356327,3.205460929870606,2.9924261746305016
2026-01-17 15:30:00,3.46,3.2606852245330815,3.4271313714981084,3.2606852245330815,3.0135945873939973
2026-01-17 15:45:00,3.51,3.278302574157715,3.444748721122742,3.278302574157715,3.0331123977004104
2026-01-17 16:00:00,3.52,3.31651671409607,3.4829628610610968,3.31651671409607,3.057511384479789
2026-01-17 16:15:00,3.64,3.3541671466827396,3.5206132936477665,3.3541671466827396,3.0772085741366775
2026-01-17 16:30:00,3.71,3.3920464324951176,3.5584925794601445,3.3920464324951176,3.0986840801901563
2026-01-17 16:45:00,3.81,3.431350479125977,3.5977966260910037,3.431350479125977,3.1226359737642992
2026-01-17 17:00:00,3.75,3.448170375823975,3.6146165227890017,3.448170375823975,3.171938598735572
2026-01-17 17:15:00,3.82,3.480802345275879,3.647248492240906,3.480802345275879,3.200607957273238
2026-01-17 17:30:00,3.84,3.487078142166138,3.653524289131165,3.487078142166138,3.2302001289469473
2026-01-17 17:45:00,3.89,3.5082804965972905,3.6747266435623174,3.5082804965972905,3.2589735452406225
2026-01-17 18:00:00,3.86,3.50489336013794,3.671339507102967,3.50489336013794,3.276648937456558
2026-01-17 18:15:00,3.87,3.540969543457032,3.7074156904220588,3.540969543457032,3.297300098692465
2026-01-17 18:30:00,3.95,3.5071971130371096,3.6736432600021365,3.5071971130371096,3.310676832272127
2026-01-17 18:45:00,4.04,3.524145298004151,3.690591444969178,3.524145298004151,3.3151181434664294
2026-01-17 19:00:00,4.21,3.5159468078613285,3.6823929548263554,3.5159468078613285,3.495842669581992
2026-01-17 19:15:00,4.17,3.5221394348144535,3.6885855817794804,3.5221394348144535,3.4801991306973292
2026-01-17 19:30:00,4.06,3.484517540931702,3.650963687896729,3.484517540931702,3.4550542580374515
2026-01-17 19:45:00,3.95,3.45315731048584,3.619603457450867,3.45315731048584,3.421831632864148
2026-01-17 20:00:00,3.73,3.4206280803680422,3.587074227333069,3.4206280803680422,3.3796752715424847
2026-01-17 20:15:00,3.74,3.3955838727951053,3.5620300197601322,3.3955838727951053,3.336775143459406
2026-01-17 20:30:00,3.6,3.34300443649292,3.509450583457947,3.34300443649292,3.292715488109227
2026-01-17 20:45:00,3.54,3.307987990379334,3.474434137344361,3.307987990379334,3.249748277777928
2026-01-17 21:00:00,3.55,3.264485220909119,3.430931367874146,3.264485220909119,3.2199836405923805
2026-01-17 21:15:00,3.48,3.42660816192627,3.593054308891297,3.42660816192627,3.183807613511865
2026-01-17 21:30:00,3.43,3.3829678630828863,3.5494140100479132,3.3829678630828863,3.1518709858044134
2026-01-17 21:45:00,3.43,3.34280330657959,3.509249453544617,3.34280330657959,3.1237134664687773
2026-01-17 22:00:00,3.31,3.2921000862121588,3.4585462331771857,3.2921000862121588,3.077821645186532
2026-01-17 22:15:00,3.27,3.248427715301514,3.414873862266541,3.248427715301514,3.053472240911242
2026-01-17 22:30:00,3.22,3.196171445846558,3.362617592811585,3.196171445846558,3.0285417242313626
2026-01-17 22:45:00,3.12,3.147095746994019,3.3135418939590457,3.147095746994019,3.0014246747188995
2026-01-17 23:00:00,3.07,3.088674845695496,3.255120992660523,3.088674845695496,2.9410010712598913
2026-01-17 23:15:00,3.02,3.0368096923828127,3.2032558393478396,3.0368096923828127,2.906370407564011
2026-01-17 23:30:00,2.9,2.9869044685363773,3.153350615501404,2.9869044685363773,2.867663704138636
2026-01-17 23:45:00,2.85,2.9325124168396,3.098958563804627,2.9325124168396,2.825587276414612
2026-01-18 00:00:00,2.81,2.9014114809036258,3.0678576278686527,2.9014114809036258,2.735547616917631
2026-01-18 00:15:00,2.77,2.838091163635254,3.004537310600281,2.838091163635254,2.691065159258774
2026-01-18 00:30:00,2.71,2.7918823814392093,2.958328528404236,2.7918823814392093,2.6481400988549844
2026-01-18 00:45:00,2.65,2.7344233703613283,2.9008695173263552,2.7344233703613283,2.608580540842086
2026-01-18 01:00:00,2.6,2.6898910331726076,2.8563371801376345,2.6898910331726076,2.560406031481477
2026-01-18 01:15:00,2.54,2.6482976388931276,2.8147437858581545,2.6482976388931276,2.5314276686707857
2026-01-18 01:30:00,2.56,2.6096179103851322,2.776064057350159,2.6096179103851322,2.5084545995997947
2026-01-18 01:45:00,2.52,2.5714170885086065,2.7378632354736334,2.5714170885086065,2.4910512601204124
2026-01-18 02:00:00,2.45,2.54615788936615,2.712604036331177,2.54615788936615,2.480678549134562
2026-01-18 02:15:00,2.45,2.482073278427124,2.648519425392151,2.482073278427124,2.47081519270887
2026-01-18 02:30:00,2.4,2.441743469238282,2.6081896162033087,2.441743469238282,2.462250739428847
2026-01-18 02:45:00,2.4,2.4118552923202516,2.5783014392852786,2.4118552923202516,2.4533025150789656
2026-01-18 03:00:00,2.41,2.3905183982849123,2.556964545249939,2.3905183982849123,2.425191371442872
2026-01-18 03:15:00,2.36,2.3090557551383974,2.4755019021034244,2.3090557551383974,2.4118099349449755
2026-01-18 03:30:00,2.35,2.2886391663551335,2.4550853133201604,2.2886391663551335,2.395530098509257
2026-01-18 03:45:00,2.34,2.2850492691993716,2.4514954161643985,2.2850492691993716,2.376810508415063
2026-01-18 04:00:00,2.28,2.272546191215515,2.438992338180542,2.272546191215515,2.3306462234999934
2026-01-18 04:15:00,2.27,2.273412272930145,2.439858419895172,2.273412272930145,2.310906263344332
2026-01-18 04:30:00,2.28,2.2681509590148927,2.4345971059799196,2.2681509590148927,2.293429479560877
2026-01-18 04:45:00,2.28,2.2687411665916444,2.4351873135566713,2.2687411665916444,2.280254558481154
2026-01-18 05:00:00,2.22,2.273211143016815,2.439657289981842,2.273211143016815,2.2374011773440565
2026-01-18 05:15:00,2.27,2.2952662611007693,2.461712408065796,2.2952662611007693,2.2380740442581937
2026-01-18 05:30:00,2.22,2.3142945098876955,2.4807406568527224,2.3142945098876955,2.247363191534938
2026-01-18 05:45:00,2.27,2.321005182266236,2.4874513292312628,2.321005182266236,2.265575350971329
2026-01-18 06:00:00,2.26,2.3597099161148076,2.5261560630798345,2.3597099161148076,2.277488822890138
2026-01-18 06:15:00,2.32,2.4049301719665532,2.57137631893158,2.4049301719665532,2.3119319805891223
2026-01-18 06:30:00,2.37,2.45997127532959,2.626417422294617,2.45997127532959,2.352641178006169
2026-01-18 06:45:00,2.43,2.4867294359207155,2.6531755828857424,2.4867294359207155,2.3979404825961184
2026-01-18 07:00:00,2.48,2.5362250614166264,2.7026712083816533,2.5362250614166264,2.4979732354293187
2026-01-18 07:15:00,2.59,2.5739654588699343,2.7404116058349612,2.5739654588699343,2.547147278819327
2026-01-18 07:30:00,2.7,2.6311803960800173,2.797626543045044,2.6311803960800173,2.5958473113701253
2026-01-18 07:45:00,2.75,2.6733027076721196,2.8397488546371465,2.6733027076721196,2.6427952858205224
2026-01-18 08:00:00,2.71,2.7391781902313235,2.9056243371963504,2.7391781902313235,2.665970768582339
2026-01-18 08:15:00,2.87,2.7759474563598636,2.9423936033248905,2.7759474563598636,2.706734892742177
2026-01-18 08:30:00,2.91,2.81864842414856,2.985094571113587,2.81864842414856,2.743550279929653
2026-01-18 08:45:00,3.02,2.8537156963348393,3.0201618432998663,2.8537156963348393,2.776050043251238
2026-01-18 09:00:00,3.04,2.89515552520752,3.061601672172547,2.89515552520752,2.823766210247071
2026-01-18 09:15:00,3.04,2.9561631202697756,3.1226092672348025,2.9561631202697756,2.846713629924531
2026-01-18 09:30:00,3.06,2.9910597038269047,3.1575058507919316,2.9910597038269047,2.864414356943832
2026-01-18 09:45:00,3.09,3.005730228424073,3.1721763753890997,3.005730228424073,2.876557867844865
2026-01-18 10:00:00,3.15,3.0189564228057866,3.1854025697708135,3.0189564228057866,2.9039982101687043
2026-01-18 10:15:00,3.21,3.0412454223632817,3.2076915693283086,3.0412454223632817,2.9044582971934045
2026-01-18 10:30:00,3.21,3.042793579101563,3.2092397260665897,3.042793579101563,2.899202666104581
2026-01-18 10:45:00,3.31,3.042065162658692,3.2085113096237188,3.042065162658692,2.888739638800048
2026-01-18 11:00:00,3.16,3.0453800010681156,3.2118261480331425,3.0453800010681156,2.8491086094517355
2026-01-18 11:15:00,3.2,3.049790453910828,3.2162366008758547,3.049790453910828,2.831332402679978
2026-01-18 11:30:00,3.15,3.043811731338501,3.210257878303528,3.043811731338501,2.812191428974255
2026-01-18 11:45:00,3.16,3.039019403457642,3.205465550422669,3.039019403457642,2.79355960337584
2026-01-18 12:00:00,3.15,3.0591758823394777,3.2256220293045046,3.0591758823394777,2.8065788046155657
2026-01-18 12:15:00,3.1,3.038637256622315,3.205083403587342,3.038637256622315,2.794683186245399
2026-01-18 12:30:00,3.1,3.05822024345398,3.224666390419007,3.05822024345398,2.788585472774076
2026-01-18 12:45:00,3.1,3.063390913009644,3.229837059974671,3.063390913009644,2.789321042042362
2026-01-18 13:00:00,3.06,3.0665954017639163,3.2330415487289432,3.0665954017639163,2.8319842779973534
2026-01-18 13:15:00,3.07,3.105156354904175,3.271602501869202,3.105156354904175,2.847039950446135
2026-01-18 13:30:00,3.07,3.105321063995362,3.271767210960389,3.105321063995362,2.8683109365745776
2026-01-18 13:45:00,3.17,3.110092735290528,3.276538882255555,3.110092735290528,2.8944492893972367
2026-01-18 14:00:00,3.22,3.1453067779541017,3.3117529249191286,3.1453067779541017,2.8900042365900145
2026-01-18 14:15:00,3.32,3.1779626655578617,3.3444088125228886,3.1779626655578617,2.9207138362681357
2026-01-18 14:30:00,3.32,3.2260990333557134,3.3925451803207403,3.2260990333557134,2.9511312755594923
2026-01-18 14:45:00,3.37,3.2618126392364504,3.4282587862014773,3.2618126392364504,2.9799105036306854
2026-01-18 15:00:00,3.42,3.3067485952377322,3.473194742202759,3.3067485952377322,2.974375917845504
2026-01-18 15:15:00,3.53,3.3154556179046635,3.4819017648696904,3.3154556179046635,2.9979129605812864
2026-01-18 15:30:00,3.46,3.3750406265258794,3.5414867734909063,3.3750406265258794,3.0190126536785398
2026-01-18 15:45:00,3.5,3.391967067718506,3.558413214683533,3.391967067718506,3.0384824200373277
2026-01-18 16:00:00,3.6,3.4336025905609135,3.6000487375259405,3.4336025905609135,3.062108213349368
2026-01-18 16:15:00,3.61,3.4748266124725347,3.6412727594375616,3.4748266124725347,3.0817993110580235
2026-01-18 16:30:00,3.65,3.5143557071685794,3.6808018541336063,3.5143557071685794,3.103289977540221
2026-01-18 16:45:00,3.77,3.5564657878875736,3.7229119348526005,3.5564657878875736,3.1272784518961445
2026-01-18 17:00:00,3.8,3.576758980751038,3.743205127716065,3.576758980751038,3.2070320204674214
2026-01-18 17:15:00,3.83,3.618670377731324,3.7851165246963507,3.618670377731324,3.2357812543747464
2026-01-18 17:30:00,3.88,3.625836582183838,3.792282729148865,3.625836582183838,3.2654751501560417
2026-01-18 17:45:00,3.94,3.648372373580933,3.81481852054596,3.648372373580933,3.2943722563385087
2026-01-18 18:00:00,3.89,3.65184648513794,3.818292632102967,3.65184648513794,3.3040335370804037
2026-01-18 18:15:00,3.94,3.687530736923218,3.853976883888245,3.687530736923218,3.3248526180230686
2026-01-18 18:30:00,3.93,3.668349466323853,3.83479561328888,3.668349466323853,3.3384195085686876
2026-01-18 18:45:00,3.95,3.6842808580398563,3.850727005004883,3.6842808580398563,3.343073277482234
2026-01-18 19:00:00,4.04,3.6814729213714603,3.8479190683364872,3.6814729213714603,3.4290102534892184
2026-01-18 19:15:00,4.12,3.6922999620437627,3.8587461090087896,3.6922999620437627,3.4136239092728102
2026-01-18 19:30:00,3.95,3.655732641220093,3.82217878818512,3.655732641220093,3.388758639706827
2026-01-18 19:45:00,3.91,3.6269327402114873,3.793378887176514,3.6269327402114873,3.3558380339749605
2026-01-18 20:00:00,3.87,3.600369729995728,3.766815876960755,3.600369729995728,3.308680166855493
2026-01-18 20:15:00,3.75,3.5752116394042974,3.7416577863693243,3.5752116394042974,3.2661268582014693
2026-01-18 20:30:00,3.69,3.525104198455811,3.691550345420838,3.525104198455811,3.222436377431846
2026-01-18 20:45:00,3.59,3.4939614057540895,3.6604075527191164,3.4939614057540895,3.17986064787705
2026-01-18 21:00:00,3.53,3.4583391237258914,3.6247852706909183,3.4583391237258914,3.1517246552389686
2026-01-18 21:15:00,3.47,3.4442842197418218,3.6107303667068487,3.4442842197418218,3.115984516884898
2026-01-18 21:30:00,3.42,3.4049372291564945,3.5713833761215215,3.4049372291564945,3.0845058508748386
2026-01-18 21:45:00,3.42,3.363663196563721,3.530109343528748,3.363663196563721,3.0568282595793237
2026-01-18 22:00:00,3.31,3.3179295158386233,3.48437566280365,3.3179295158386233,2.9705882920952194
2026-01-18 22:15:00,3.38,3.275549812316895,3.441995959281922,3.275549812316895,2.946762371032879
2026-01-18 22:30:00,3.32,3.2281758356094366,3.3946219825744635,3.2281758356094366,2.9223768975322
2026-01-18 22:45:00,3.21,3.183068647384644,3.349514794349671,3.183068647384644,2.895826286871506
2026-01-18 23:00:00,3.16,3.127307281494141,3.293753428459168,3.127307281494141,2.8559578286572362
2026-01-18 23:15:00,3.06,3.0825667476654055,3.2490128946304324,3.0825667476654055,2.821935845034563
2026-01-18 23:30:00,3.01,3.033168697357178,3.199614844322205,3.033168697357178,2.7838586386957984
2026-01-18 23:45:00,3.01,2.9811592197418215,3.1476053667068484,2.9811592197418215,2.742432303725431
2026-01-19 00:00:00,2.9,2.9550123310089114,3.1214584779739383,2.9550123310089114,2.652579156984263
2026-01-19 00:15:00,2.9,2.896029624938965,3.062475771903992,2.896029624938965,2.608787263259664
2026-01-19 00:30:00,2.75,2.8533599138259893,3.019806060791016,2.8533599138259893,2.566572614419896
2026-01-19 00:45:00,2.7,2.800440459251404,2.966886606216431,2.800440459251404,2.527743038547544
2026-01-19 01:00:00,2.64,2.7601481580734255,2.9265943050384524,2.7601481580734255,2.5436054857726846
2026-01-19 01:15:00,2.59,2.723475379943848,2.889921526908875,2.723475379943848,2.515395360626515
2026-01-19 01:30:00,2.56,2.6876220703125004,2.8540682172775274,2.6876220703125004,2.493209187313845
2026-01-19 01:45:00,2.53,2.648158750534058,2.814604897499085,2.648158750534058,2.476611070858796
2026-01-19 02:00:00,2.55,2.6302956962585453,2.796741843223572,2.6302956962585453,2.4727698812764123
2026-01-19 02:15:00,2.48,2.5700572872161866,2.7365034341812136,2.5700572872161866,2.4637473579992157
2026-01-19 02:30:00,2.48,2.532617497444153,2.69906364440918,2.532617497444153,2.4560409951476423
2026-01-19 02:45:00,2.48,2.5051026535034184,2.6715488004684453,2.5051026535034184,2.4479677365787973
2026-01-19 03:00:00,2.44,2.487653002738953,2.65409914970398,2.487653002738953,2.3274685500377386
2026-01-19 03:15:00,2.44,2.3395394396781923,2.5059855866432192,2.3395394396781923,2.314994635334988
2026-01-19 03:30:00,2.43,2.3291411590576176,2.4955873060226446,2.3291411590576176,2.29963797739797
2026-01-19 03:45:00,2.39,2.3275685405731203,2.4940146875381473,2.3275685405731203,2.281856792756166
2026-01-19 04:00:00,2.33,2.3219434261322025,2.4883895730972294,2.3219434261322025,2.234334321689129
2026-01-19 04:15:00,2.34,2.3297600412368777,2.4962061882019047,2.3297600412368777,2.2155618862613453
2026-01-19 04:30:00,2.25,2.3299617147445684,2.4964078617095953,2.3299617147445684,2.1990664975591843
2026-01-19 04:45:00,2.23,2.3388648390769964,2.5053109860420233,2.3388648390769964,2.1868863681297266
2026-01-19 05:00:00,2.24,2.3490443229675297,2.5154904699325566,2.3490443229675297,2.05337339301953
2026-01-19 05:15:00,2.19,2.37608814239502,2.542534289360047,2.37608814239502,2.0550663824185516
2026-01-19 05:30:00,2.21,2.4000062942504887,2.5664524412155156,2.4000062942504887,2.0653875666263817
2026-01-19 05:45:00,2.24,2.41158920288086,2.578035349845887,2.41158920288086,2.084643164112734
2026-01-19 06:00:00,2.25,2.454740538597107,2.621186685562134,2.454740538597107,2.058729699330362
2026-01-19 06:15:00,2.3,2.498932857513428,2.665379004478455,2.498932857513428,2.094237521012383
2026-01-19 06:30:00,2.35,2.5554416656494143,2.7218878126144412,2.5554416656494143,2.1360211899073622
2026-01-19 06:45:00,2.45,2.5892257833480836,2.7556719303131105,2.5892257833480836,2.1824042254717586
2026-01-19 07:00:00,2.55,2.6367038583755495,2.8031500053405765,2.6367038583755495,2.3052233675804485
2026-01-19 07:15:00,2.66,2.6764647960662846,2.8429109430313115,2.6764647960662846,2.3554979859439413
2026-01-19 07:30:00,2.72,2.726523313522339,2.892969460487366,2.726523313522339,2.405306163337598
2026-01-19 07:45:00,2.72,2.765020666122437,2.931466813087464,2.765020666122437,2.453369275217119
2026-01-19 08:00:00,2.83,2.8262717914581303,2.9927179384231573,2.8262717914581303,2.5411401282470254
2026-01-19 08:15:00,2.93,2.8580707025527956,3.0245168495178225,2.8580707025527956,2.5830316178711255
2026-01-19 08:30:00,3.06,2.8937921905517583,3.060238337516785,2.8937921905517583,2.620979594208054
2026-01-19 08:45:00,3.06,2.9223654127120975,3.0888115596771244,2.9223654127120975,2.6546165696190185
2026-01-19 09:00:00,3.1,2.9587136650085455,3.1251598119735724,2.9587136650085455,2.6761012439218
2026-01-19 09:15:00,3.02,2.946270790100098,3.112716937065125,2.946270790100098,2.700193299936124
2026-01-19 09:30:00,3.08,2.9809097099304203,3.147355856895447,2.9809097099304203,2.719041455910199
2026-01-19 09:45:00,3.14,2.9920906305313113,3.158536777496338,2.9920906305313113,2.7323345702385717
2026-01-19 10:00:00,3.12,3.005008335113526,3.171454482078553,3.005008335113526,2.7715966694840133
2026-01-19 10:15:00,3.14,3.0263628959655766,3.1928090429306035,3.0263628959655766,2.773208841408846
2026-01-19 10:30:00,3.2,3.0279240989685063,3.1943702459335332,3.0279240989685063,2.7691055967044154
2026-01-19 10:45:00,3.13,3.027706117630005,3.194152264595032,3.027706117630005,2.7597946281160057
2026-01-19 11:00:00,3.11,3.03085189819336,3.197298045158387,3.03085189819336,2.763506495289674
2026-01-19 11:15:00,3.13,3.036353616714478,3.2027997636795047,3.036353616714478,2.7468797978842723
2026-01-19 11:30:00,3.13,3.031433544158936,3.197879691123963,3.031433544158936,2.728886109641073
2026-01-19 11:45:00,3.06,3.0282861328125,3.194732279777527,3.0282861328125,2.711398711993041
2026-01-19 12:00:00,3.07,3.051220378875733,3.2176665258407597,3.051220378875733,2.7313263384160753
2026-01-19 12:15:00,2.96,3.028862886428833,3.19530903339386,3.028862886428833,2.720567532243778
2026-01-19 12:30:00,2.95,3.050039691925049,3.216485838890076,3.050039691925049,2.7156018738640126
2026-01-19 12:45:00,2.9,3.059329175949097,3.225775322914124,3.059329175949097,2.7174641097022523
2026-01-19 13:00:00,2.96,3.0621640205383303,3.228610167503357,3.0621640205383303,2.79256433075889
2026-01-19 13:15:00,3.04,3.103135271072388,3.269581418037415,3.103135271072388,2.8087340054413663
2026-01-19 13:30:00,3.04,3.104069166183472,3.2705153131484987,3.104069166183472,2.8311117224449625
2026-01-19 13:45:00,3.06,3.109024572372437,3.2754707193374637,3.109024572372437,2.8583489123241046
2026-01-19 14:00:00,3.06,3.1476268386840824,3.3140729856491093,3.1476268386840824,2.8805430319560656
2026-01-19 14:15:00,3.02,3.177431030273438,3.343877177238465,3.177431030273438,2.912333827231614
2026-01-19 14:30:00,3.11,3.224665031433106,3.3911111783981327,3.224665031433106,2.9438227223052897
2026-01-19 14:45:00,3.19,3.2600666141510013,3.426512761116028,3.2600666141510013,2.973663059488457
2026-01-19 15:00:00,3.19,3.3023827171325686,3.4688288640975955,3.3023827171325686,2.986567611624313
2026-01-19 15:15:00,3.24,3.2688464784622195,3.4352926254272464,3.2688464784622195,3.011143269765444
2026-01-19 15:30:00,3.3,3.3234975528717046,3.4899436998367315,3.3234975528717046,3.033269442314258
2026-01-19 15:45:00,3.4,3.3387214565277104,3.5051676034927373,3.3387214565277104,3.0537529674882458
2026-01-19 16:00:00,3.4,3.374572048187256,3.541018195152283,3.374572048187256,3.060353952208198
2026-01-19 16:15:00,3.51,3.4113793659210208,3.5778255128860477,3.4113793659210208,3.081031640030468
2026-01-19 16:30:00,3.5,3.443526992797852,3.6099731397628787,3.443526992797852,3.103494462835313
2026-01-19 16:45:00,3.66,3.4788666057586672,3.645312752723694,3.4788666057586672,3.1284401035587917
2026-01-19 17:00:00,3.71,3.4941932487487795,3.6606393957138064,3.4941932487487795,3.125047575234767
2026-01-19 17:15:00,3.74,3.528948497772217,3.695394644737244,3.528948497772217,3.1547223599501706
2026-01-19 17:30:00,3.88,3.5334788131713872,3.699924960136414,3.5334788131713872,3.1853251982598256
2026-01-19 17:45:00,3.87,3.552216238975525,3.718662385940552,3.552216238975525,3.2151141171410265
2026-01-19 18:00:00,3.88,3.555526456832886,3.721972603797913,3.555526456832886,3.266712956311875
2026-01-19 18:15:00,3.96,3.576304264068604,3.7427504110336307,3.576304264068604,3.2883880643789234
2026-01-19 18:30:00,3.97,3.5608634662628176,3.7273096132278445,3.5608634662628176,3.3027923464954427
2026-01-19 18:45:00,3.92,3.575761756896973,3.742207903862,3.575761756896973,3.3082643902656157
2026-01-19 19:00:00,3.97,3.564480543136597,3.730926690101624,3.564480543136597,3.4152315760397456
2026-01-19 19:15:00,4.0,3.5803551292419438,3.7468012762069707,3.5803551292419438,3.4006238739184025
2026-01-19 19:30:00,3.94,3.5421350097656252,3.708581156730652,3.5421350097656252,3.376516753253771
2026-01-19 19:45:00,3.88,3.515970726013184,3.682416872978211,3.515970726013184,3.3443333678002976
2026-01-19 20:00:00,3.75,3.4946275806427005,3.6610737276077274,3.4946275806427005,3.250737287139841
2026-01-19 20:15:00,3.73,3.4674505805969242,3.633896727561951,3.4674505805969242,3.2088780843325915
2026-01-19 20:30:00,3.67,3.425004558563233,3.59145070552826,3.425004558563233,3.1658595488876733
2026-01-19 20:45:00,3.61,3.3969760179519657,3.5634221649169926,3.3969760179519657,3.1239332193035803
2026-01-19 21:00:00,3.54,3.3649286842346195,3.5313748311996465,3.3649286842346195,3.0836060295561434
2026-01-19 21:15:00,3.46,3.338750810623169,3.505196957588196,3.338750810623169,3.048469099527991
2026-01-19 21:30:00,3.45,3.3036359739303593,3.4700821208953863,3.3036359739303593,3.0175700230066127
2026-01-19 21:45:00,3.45,3.2627758884429934,3.4292220354080203,3.2627758884429934,2.990448072446013
2026-01-19 22:00:00,3.35,3.2199667453765874,3.3864128923416144,3.2199667453765874,2.920099726022561
2026-01-19 22:15:00,3.35,3.1802261924743656,3.3466723394393925,3.1802261924743656,2.896780615942932
2026-01-19 22:30:00,3.29,3.136131992340088,3.302578139305115,3.136131992340088,2.872877101771589
2026-01-19 22:45:00,3.19,3.093468532562256,3.259914679527283,3.093468532562256,2.8467833275260634
2026-01-19 23:00:00,3.17,3.0427332401275637,3.2091793870925907,3.0427332401275637,2.8215968921666574
2026-01-19 23:15:00,3.09,3.001787538528443,3.16823368549347,3.001787538528443,2.7879807462242003
2026-01-19 23:30:00,3.03,2.955090608596802,3.121536755561829,2.955090608596802,2.7502835326570088
2026-01-19 23:45:00,3.02,2.9084724998474125,3.0749186468124394,2.9084724998474125,2.70921113607412
2026-01-20 00:00:00,2.93,2.8872647094726567,3.0537108564376836,2.8872647094726567,2.677935129024732
2026-01-20 00:15:00,2.93,2.8276373004913333,2.9940834474563602,2.8276373004913333,2.6344445000936667
2026-01-20 00:30:00,2.82,2.7873229837417606,2.9537691307067875,2.7873229837417606,2.592504528947748
2026-01-20 00:45:00,2.77,2.741688508987427,2.908134655952454,2.741688508987427,2.5539228984503564
2026-01-20 01:00:00,2.76,2.7042286062240604,2.8706747531890873,2.7042286062240604,2.5129363856671447
2026-01-20 01:15:00,2.71,2.67492696762085,2.8413731145858767,2.67492696762085,2.4849203711689487
2026-01-20 01:30:00,2.61,2.6411724758148196,2.8076186227798465,2.6411724758148196,2.4629012390945126
2026-01-20 01:45:00,2.56,2.604471702575684,2.770917849540711,2.604471702575684,2.446443015259584
2026-01-20 02:00:00,2.56,2.590307264328003,2.75675341129303,2.590307264328003,2.3552516759747926
2026-01-20 02:15:00,2.57,2.535957069396973,2.7024032163619998,2.535957069396973,2.346314577261324
2026-01-20 02:30:00,2.45,2.502420830726624,2.6688669776916507,2.502420830726624,2.33866635308125
2026-01-20 02:45:00,2.46,2.476275844573975,2.642721991539002,2.476275844573975,2.3306239351230227
2026-01-20 03:00:00,2.43,2.4630917787551883,2.629537925720215,2.4630917787551883,1.9898251584131845
2026-01-20 03:15:00,2.42,2.295395092964173,2.4618412399292,2.295395092964173,1.9773275190727269
2026-01-20 03:30:00,2.35,2.283986134529114,2.450432281494141,2.283986134529114,1.9619199030180305
2026-01-20 03:45:00,2.32,2.285006461143494,2.451452608108521,2.285006461143494,1.9440605819451546
2026-01-20 04:00:00,2.3,2.2789233684539796,2.4453695154190065,2.2789233684539796,1.8333117977872309
2026-01-20 04:15:00,2.31,2.286417903900147,2.452864050865174,2.286417903900147,1.814407102079454
2026-01-20 04:30:00,2.25,2.286661298274994,2.453107445240021,2.286661298274994,1.7977525410137376
2026-01-20 04:45:00,2.25,2.294654989242554,2.461101136207581,2.294654989242554,1.7853864492559495
2026-01-20 05:00:00,2.25,2.306466479301453,2.47291262626648,2.306466479301453,1.8891382304952198
2026-01-20 05:15:00,2.25,2.3318795156478886,2.4983256626129156,2.3318795156478886,1.8905921102120373
2026-01-20 05:30:00,2.26,2.3588996887207037,2.5253458356857306,2.3588996887207037,1.9006478602426025
2026-01-20 05:45:00,2.3,2.369958844184876,2.5364049911499027,2.369958844184876,1.9196118869320045
2026-01-20 06:00:00,2.29,2.4170267772674565,2.5834729242324834,2.4170267772674565,2.0535520696751375
2026-01-20 06:15:00,2.36,2.4556113767623904,2.6220575237274173,2.4556113767623904,2.0887166755008506
2026-01-20 06:30:00,2.46,2.513637356758118,2.6800835037231447,2.513637356758118,2.130131652025126
2026-01-20 06:45:00,2.51,2.5440661382675174,2.7105122852325443,2.5440661382675174,2.1761207704802854
2026-01-20 07:00:00,2.61,2.5918706417083746,2.7583167886734015,2.5918706417083746,2.272942642111177
2026-01-20 07:15:00,2.69,2.6290834808349612,2.795529627799988,2.6290834808349612,2.3227737112499143
2026-01-20 07:30:00,2.72,2.679146347045899,2.845592494010926,2.679146347045899,2.372113962710473
2026-01-20 07:45:00,2.79,2.7175344371795656,2.8839805841445925,2.7175344371795656,2.41968508498769
2026-01-20 08:00:00,2.83,2.7729805183410647,2.9394266653060916,2.7729805183410647,2.4793813611468947
2026-01-20 08:15:00,2.94,2.8013536977767948,2.9677998447418217,2.8013536977767948,2.520733731958284
2026-01-20 08:30:00,3.04,2.834953808784485,3.001399955749512,2.834953808784485,2.558119552966605
2026-01-20 08:45:00,3.0,2.858980135917664,3.025426282882691,2.858980135917664,2.591171707565802
2026-01-20 09:00:00,3.1,2.894319477081299,3.060765624046326,2.894319477081299,2.68914598751942
2026-01-20 09:15:00,3.15,2.86607132434845,3.032517471313477,2.86607132434845,2.712609060233045
2026-01-20 09:30:00,3.15,2.9015884208679203,3.0680345678329473,2.9015884208679203,2.7308067629579034
2026-01-20 09:45:00,3.09,2.9117427635192876,3.0781889104843145,2.9117427635192876,2.743428379225126
2026-01-20 10:00:00,3.11,2.92539975643158,3.091845903396607,2.92539975643158,2.784627450087447
2026-01-20 10:15:00,3.15,2.945158596038819,3.111604743003846,2.945158596038819,2.7855273607956854
2026-01-20 10:30:00,3.21,2.948934946060181,3.1153810930252077,2.948934946060181,2.780692161345235
2026-01-20 10:45:00,3.25,2.9498044252395634,3.1162505722045903,2.9498044252395634,2.7706300192219517
2026-01-20 11:00:00,3.19,2.9549813461303716,3.1214274930953985,2.9549813461303716,2.7752501685721165
2026-01-20 11:15:00,3.19,2.9600884151458744,3.1265345621109013,2.9600884151458744,2.757835330482678
2026-01-20 11:30:00,3.19,2.956567010879517,3.123013157844544,2.956567010879517,2.7390357755016663
2026-01-20 11:45:00,3.14,2.953802833557129,3.120248980522156,2.953802833557129,2.7207253043594113
2026-01-20 12:00:00,3.18,2.9789185237884523,3.1453646707534793,2.9789185237884523,2.7540045721017554
2026-01-20 12:15:00,3.13,2.9526267671585087,3.1190729141235356,2.9526267671585087,2.742389877697976
2026-01-20 12:30:00,3.07,2.9751601123809817,3.1416062593460086,2.9751601123809817,2.7365527426429477
2026-01-20 12:45:00,2.97,2.9832140064239505,3.1496601533889774,2.9832140064239505,2.737528471727144
2026-01-20 13:00:00,3.02,2.9863016223907475,3.1527477693557744,2.9863016223907475,2.836953365519278
2026-01-20 13:15:00,3.13,3.0263743114471438,3.1928204584121707,3.0263743114471438,2.8522081834029964
2026-01-20 13:30:00,3.17,3.0234780406951907,3.1899241876602176,3.0234780406951907,2.8736577401996506
2026-01-20 13:45:00,3.23,3.0291319656372075,3.1955781126022345,3.0291319656372075,2.8999540579550604
2026-01-20 14:00:00,3.22,3.0631131362915043,3.229559283256531,3.0631131362915043,2.7051798143936443
2026-01-20 14:15:00,3.17,3.091407222747803,3.25785336971283,3.091407222747803,2.7360061169529892
2026-01-20 14:30:00,3.34,3.1330759048461916,3.2995220518112185,3.1330759048461916,2.7665196240681342
2026-01-20 14:45:00,3.33,3.163917274475098,3.3303634214401248,3.163917274475098,2.7953742963577497
2026-01-20 15:00:00,3.49,3.205063834190369,3.371509981155396,3.205063834190369,2.8794397837473014
2026-01-20 15:15:00,3.47,3.22519721031189,3.391643357276917,3.22519721031189,2.9030111003325585
2026-01-20 15:30:00,3.58,3.280358448028565,3.446804594993592,3.280358448028565,2.924124541740671
2026-01-20 15:45:00,3.59,3.2950974655151373,3.461543612480164,3.2950974655151373,2.94358758474325
2026-01-20 16:00:00,3.62,3.331467189788819,3.4979133367538457,3.331467189788819,3.039361112758667
2026-01-20 16:15:00,3.7,3.3669323730468754,3.5333785200119023,3.3669323730468754,3.0590047476069913
2026-01-20 16:30:00,3.77,3.3992093753814703,3.565655522346497,3.3992093753814703,3.080427704397174
2026-01-20 16:45:00,3.79,3.43532904624939,3.601775193214417,3.43532904624939,3.1043283180920724
2026-01-20 17:00:00,3.9,3.4537210178375246,3.6201671648025515,3.4537210178375246,3.1425873878105093
2026-01-20 17:15:00,3.84,3.487232522964478,3.653678669929505,3.487232522964478,3.1712087882713726
2026-01-20 17:30:00,3.9,3.4926665639877323,3.6591127109527593,3.4926665639877323,3.20075504939528
2026-01-20 17:45:00,3.94,3.511146869659424,3.677593016624451,3.511146869659424,3.229484856762253
2026-01-20 18:00:00,3.98,3.518313074111939,3.6847592210769657,3.518313074111939,3.1896768897568264
2026-01-20 18:15:00,3.96,3.5350253391265873,3.7014714860916142,3.5350253391265873,3.2102897952047
2026-01-20 18:30:00,4.06,3.5226438903808597,3.6890900373458866,3.5226438903808597,3.2236313177389215
2026-01-20 18:45:00,4.22,3.5368795394897465,3.7033256864547734,3.5368795394897465,3.228040703174785
2026-01-20 19:00:00,4.26,3.528846573829651,3.695292720794678,3.528846573829651,3.2109187297388693
2026-01-20 19:15:00,4.19,3.545222082138062,3.711668229103089,3.545222082138062,3.1952505412579133
2026-01-20 19:30:00,4.07,3.5073254013061526,3.6737715482711795,3.5073254013061526,3.170085001300123
2026-01-20 19:45:00,3.97,3.482931060791016,3.649377207756043,3.482931060791016,3.1368459145395002
2026-01-20 20:00:00,3.88,3.459597272872925,3.626043419837952,3.459597272872925,3.134986265186954
2026-01-20 20:15:00,3.81,3.434582147598267,3.601028294563294,3.434582147598267,3.092078737759166
2026-01-20 20:30:00,3.76,3.3921910285949712,3.558637175559998,3.3921910285949712,3.048016529338281
2026-01-20 20:45:00,3.74,3.3599316930770877,3.5263778400421146,3.3599316930770877,3.005051815222505
2026-01-20 21:00:00,3.68,3.330117444992066,3.4965635919570928,3.330117444992066,2.975195303539984
2026-01-20 21:15:00,3.64,3.3800107097625736,3.5464568567276005,3.3800107097625736,2.9390324575595606
2026-01-20 21:30:00,3.61,3.3484229850769047,3.5148691320419316,3.3484229850769047,2.9071146348545045
2026-01-20 21:45:00,3.48,3.306616773605347,3.473062920570374,3.306616773605347,2.8789817239573106
2026-01-20 22:00:00,3.5,3.264463748931885,3.430909895896912,3.264463748931885,2.8921413615425537
2026-01-20 22:15:00,3.44,3.225043916702271,3.3914900636672978,3.225043916702271,2.867828685860437
2026-01-20 22:30:00,3.41,3.1793398618698125,3.3457860088348395,3.1793398618698125,2.8429412014229305
2026-01-20 22:45:00,3.39,3.1369191169738775,3.3033652639389044,3.1369191169738775,2.8158736412383076
2026-01-20 23:00:00,3.27,3.0875033998489383,3.253949546813965,3.0875033998489383,2.788527994235501
2026-01-20 23:15:00,3.22,3.0446836566925053,3.211129803657532,3.0446836566925053,2.7539601666653404
2026-01-20 23:30:00,3.16,2.995696020126343,3.16214216709137,2.995696020126343,2.7153231748671933
2026-01-20 23:45:00,3.07,2.9485723686218264,3.1150185155868533,2.9485723686218264,2.6733234593511055
2026-01-21 00:00:00,3.02,2.928339242935181,3.094785389900208,2.928339242935181,2.6609736727448885
2026-01-21 00:15:00,2.97,2.8637738227844243,3.030219969749451,2.8637738227844243,2.616582273994828
2026-01-21 00:30:00,2.91,2.8266976976394655,2.9931438446044925,2.8266976976394655,2.5737556034984967
2026-01-21 00:45:00,2.87,2.7784240722656253,2.944870219230652,2.7784240722656253,2.534301861258039
2026-01-21 01:00:00,2.82,2.7401781320571903,2.906624279022217,2.7401781320571903,2.355381252862604
2026-01-21 01:15:00,2.82,2.7108895397186283,2.8773356866836552,2.7108895397186283,2.3265238108809934
2026-01-21 01:30:00,2.8,2.673339128494263,2.83978527545929,2.673339128494263,2.3036793260084067
2026-01-21 01:45:00,2.82,2.636509523391724,2.802955670356751,2.636509523391724,2.286412297330867
2026-01-21 02:00:00,2.75,2.618525247573853,2.78497139453888,2.618525247573853,2.202352339698797
2026-01-21 02:15:00,2.75,2.5623686885833745,2.7288148355484014,2.5623686885833745,2.1926409046175817
2026-01-21 02:30:00,2.7,2.52763409614563,2.694080243110657,2.52763409614563,2.1842362403221136
2026-01-21 02:45:00,2.7,2.49636872291565,2.662814869880677,2.49636872291565,2.1754557032338413
2026-01-21 03:00:00,2.7,2.482286367416382,2.648732514381409,2.482286367416382,2.294927422339529
2026-01-21 03:15:00,2.7,2.334307615756989,2.5007537627220158,2.334307615756989,2.281729528587212
2026-01-21 03:30:00,2.64,2.3258303976058965,2.4922765445709234,2.3258303976058965,2.2656411755524872
2026-01-21 03:45:00,2.58,2.324509191513062,2.4909553384780887,2.324509191513062,2.2471210070817182
2026-01-21 04:00:00,2.59,2.3194770026206974,2.4859231495857244,2.3194770026206974,2.2033703244263063
2026-01-21 04:15:00,2.54,2.3266659021377567,2.4931120491027836,2.3266659021377567,2.1838456218230755
2026-01-21 04:30:00,2.48,2.3252598953247072,2.491706042289734,2.3252598953247072,2.1665919767702637
2026-01-21 04:45:00,2.49,2.3329819250106816,2.4994280719757085,2.3329819250106816,2.1536480400372446
2026-01-21 05:00:00,2.54,2.344707798957825,2.511153945922852,2.344707798957825,2.124537981184752
2026-01-21 05:15:00,2.49,2.367236523628235,2.533682670593262,2.367236523628235,2.125457384198554
2026-01-21 05:30:00,2.46,2.3910304641723634,2.5574766111373903,2.3910304641723634,2.1350007573713214
2026-01-21 05:45:00,2.53,2.4009385585784915,2.5673847055435184,2.4009385585784915,2.153474764317845
2026-01-21 06:00:00,2.54,2.4457899856567384,2.6122361326217653,2.4457899856567384,2.14746414605707
2026-01-21 06:15:00,2.53,2.479958968162537,2.646405115127564,2.479958968162537,2.1821841578129817
2026-01-21 06:30:00,2.63,2.537877588272095,2.704323735237122,2.537877588272095,2.2231775783532632
2026-01-21 06:45:00,2.68,2.5668484497070314,2.7332945966720583,2.5668484497070314,2.2687683752192154
2026-01-21 07:00:00,2.69,2.6117061281204226,2.7781522750854495,2.6117061281204226,2.2452991547521064
2026-01-21 07:15:00,2.78,2.6496715736389165,2.8161177206039434,2.6496715736389165,2.2947788980958705
2026-01-21 07:30:00,2.86,2.695428357124329,2.861874504089356,2.695428357124329,2.3437915539461396
2026-01-21 07:45:00,2.89,2.7332160472869877,2.8996621942520147,2.7332160472869877,2.391058944765005
2026-01-21 08:00:00,2.94,2.7873591327667238,2.9538052797317507,2.7873591327667238,2.4973966590800263
2026-01-21 08:15:00,3.05,2.8163183069229127,2.9827644538879396,2.8163183069229127,2.5384933657278124
2026-01-21 08:30:00,3.15,2.8495968818664554,3.0160430288314823,2.8495968818664554,2.5756476941481754
2026-01-21 08:45:00,3.16,2.8719587230682375,3.0384048700332644,2.8719587230682375,2.608492598646878
2026-01-21 09:00:00,3.16,2.907734298706055,3.074180445671082,2.907734298706055,2.658147817982426
2026-01-21 09:15:00,3.16,2.873171753883362,3.039617900848389,2.873171753883362,2.6814522751163476
2026-01-21 09:30:00,3.29,2.9000859260559086,3.0665320730209356,2.9000859260559086,2.6995157227735866
2026-01-21 09:45:00,3.29,2.905358247756958,3.071804394721985,2.905358247756958,2.712027452319251
2026-01-21 10:00:00,3.28,2.916365218162537,3.0828113651275637,2.916365218162537,2.7309354195578157
2026-01-21 10:15:00,3.23,2.931512203216553,3.09795835018158,2.931512203216553,2.731774141131277
2026-01-21 10:30:00,3.26,2.930060534477234,3.096506681442261,2.930060534477234,2.7269020506040134
2026-01-21 10:45:00,3.42,2.9311028766632083,3.0975490236282353,2.9311028766632083,2.716827260974291
2026-01-21 11:00:00,3.31,2.9359052610397343,3.102351408004761,2.9359052610397343,2.738601913815312
2026-01-21 11:15:00,3.37,2.938785495758057,3.105231642723084,2.938785495758057,2.721222690412676
2026-01-21 11:30:00,3.37,2.9383378458023075,3.1047839927673344,2.9383378458023075,2.7024827382828365
2026-01-21 11:45:00,3.34,2.938911066055298,3.105357213020325,2.938911066055298,2.6842557427368714
2026-01-21 12:00:00,3.24,2.9675041294097904,3.1339502763748173,2.9675041294097904,2.592231892859007
2026-01-21 12:15:00,3.25,2.940412473678589,3.106858620643616,2.940412473678589,2.5807480137141345
2026-01-21 12:30:00,3.2,2.971652297973633,3.13809844493866,2.971652297973633,2.575065131392386
2026-01-21 12:45:00,3.13,2.979327306747437,3.1457734537124638,2.979327306747437,2.576218376438229
2026-01-21 13:00:00,3.24,2.9865565681457524,3.1530027151107793,2.9865565681457524,2.5577493397001225
2026-01-21 13:15:00,3.27,3.0302099132537847,3.1966560602188117,3.0302099132537847,2.5732276201569517
2026-01-21 13:30:00,3.34,3.03210488319397,3.1985510301589968,3.03210488319397,2.5949232948565406
2026-01-21 13:45:00,3.33,3.0447309494018557,3.2111770963668826,3.0447309494018557,2.6214881554711713
2026-01-21 14:00:00,3.33,3.080520114898682,3.246966261863709,3.080520114898682,2.6270163807033726
2026-01-21 14:15:00,3.37,3.110292234420777,3.2767383813858038,3.110292234420777,2.6581553310144512
2026-01-21 14:30:00,3.36,3.1520478916168218,3.3184940385818487,3.1520478916168218,2.6890031394055423
2026-01-21 14:45:00,3.42,3.1815927886962894,3.3480389356613163,3.1815927886962894,2.7182134833401363
2026-01-21 15:00:00,3.48,3.2235471296310427,3.3899932765960696,3.2235471296310427,2.6800886230049956
2026-01-21 15:15:00,3.53,3.244809007644654,3.4112551546096808,3.244809007644654,2.7040574523376097
2026-01-21 15:30:00,3.61,3.301829338073731,3.468275485038758,3.301829338073731,2.7255888527501178
2026-01-21 15:45:00,3.64,3.316587924957276,3.4830340719223027,3.316587924957276,2.7454899689862216
2026-01-21 16:00:00,3.55,3.352189822196961,3.5186359691619877,3.352189822196961,2.760435716163357
2026-01-21 16:15:00,3.6,3.3866333198547367,3.5530794668197636,3.3866333198547367,2.7805566105961446
2026-01-21 16:30:00,3.63,3.4144033813476566,3.5808495283126835,3.4144033813476566,2.8024758768501545
2026-01-21 16:45:00,3.73,3.4474609851837164,3.6139071321487433,3.4474609851837164,2.826891473365554
2026-01-21 17:00:00,3.72,3.463669881820679,3.630116028785706,3.463669881820679,2.9754200033107883
2026-01-21 17:15:00,3.7,3.4900619316101076,3.6565080785751345,3.4900619316101076,3.004592562444923
2026-01-21 17:30:00,3.76,3.4899407100677493,3.656386857032776,3.4899407100677493,3.0347074649221604
2026-01-21 17:45:00,3.7,3.5054527187347415,3.6718988656997684,3.5054527187347415,3.064022980140185
2026-01-21 18:00:00,3.77,3.5085204935073855,3.6749666404724124,3.5085204935073855,3.118656634566079
2026-01-21 18:15:00,3.77,3.5144589900970464,3.6809051370620733,3.5144589900970464,3.139888096253655
2026-01-21 18:30:00,3.88,3.5017894363403324,3.6682355833053593,3.5017894363403324,3.1538639396958277
2026-01-21 18:45:00,3.93,3.5117766237258916,3.6782227706909185,3.5117766237258916,3.158922960141072
2026-01-21 19:00:00,3.88,3.4945177745819094,3.6609639215469363,3.4945177745819094,3.1690648316057106
2026-01-21 19:15:00,3.85,3.5132106256484987,3.6796567726135256,3.5132106256484987,3.1540755239873235
2026-01-21 19:30:00,3.8,3.465019626617432,3.631465773582459,3.465019626617432,3.1296027822365975
2026-01-21 19:45:00,3.66,3.439896869659424,3.606343016624451,3.439896869659424,3.0970699316049033
2026-01-21 20:00:00,3.56,3.412270317077637,3.578716464042664,3.412270317077637,3.1120630832034992
2026-01-21 20:15:00,3.51,3.38711766242981,3.553563809394837,3.38711766242981,3.0698872046832286
2026-01-21 20:30:00,3.42,3.343138160705567,3.5095843076705937,3.343138160705567,3.0265686085259285
2026-01-21 20:45:00,3.41,3.308657698631287,3.4751038455963137,3.308657698631287,2.984358967573198
2026-01-21 21:00:00,3.41,3.2787907218933108,3.4452368688583377,3.2787907218933108,2.9505241615095987
2026-01-21 21:15:00,3.37,3.1693855619430544,3.3358317089080813,3.1693855619430544,2.915137784385421
2026-01-21 21:30:00,3.35,3.139954819679261,3.3064009666442877,3.139954819679261,2.884006356806005
2026-01-21 21:45:00,3.31,3.0993735980987553,3.2658197450637823,3.0993735980987553,2.856669247872449
2026-01-21 22:00:00,3.2,3.0592932987213137,3.2257394456863406,3.0592932987213137,2.839877134707592
2026-01-21 22:15:00,3.15,3.0232258129119876,3.1896719598770145,3.0232258129119876,2.8163775035590795
2026-01-21 22:30:00,3.09,2.9814467811584477,3.1478929281234747,2.9814467811584477,2.7923108939659076
2026-01-21 22:45:00,3.07,2.940126271247864,3.106572418212891,2.940126271247864,2.7660715085836474
2026-01-21 23:00:00,2.98,2.8947837066650393,3.061229853630066,2.8947837066650393,2.7351078540910203
2026-01-21 23:15:00,3.0,2.8549409580230716,3.0213871049880985,2.8549409580230716,2.7013812036334306
2026-01-21 23:30:00,2.9,2.808573174476624,2.9750193214416507,2.808573174476624,2.663591088911644
2026-01-21 23:45:00,2.9,2.767661447525025,2.934107594490052,2.767661447525025,2.622443415334941
2026-01-22 00:00:00,2.79,2.7439819335937505,2.9104280805587774,2.7439819335937505,2.5874028460254808
2026-01-22 00:15:00,2.78,2.68802351474762,2.854469661712647,2.68802351474762,2.54387221319522
2026-01-22 00:30:00,2.69,2.651310238838196,2.817756385803223,2.651310238838196,2.501909868413171
2026-01-22 00:45:00,2.69,2.6084709262847903,2.774917073249817,2.6084709262847903,2.4633234779376463
2026-01-22 01:00:00,2.64,2.5730731487274174,2.7395192956924443,2.5730731487274174,2.4111106835816902
2026-01-22 01:15:00,2.63,2.548365697860718,2.714811844825745,2.548365697860718,2.383125049773283
2026-01-22 01:30:00,2.59,2.5140676116943363,2.6805137586593633,2.5140676116943363,2.3611538071133884
2026-01-22 01:45:00,2.58,2.4844006776809695,2.6508468246459964,2.4844006776809695,2.344760928289979
2026-01-22 02:00:00,2.51,2.468178462982178,2.634624609947205,2.468178462982178,2.3161939926847928
2026-01-22 02:15:00,2.52,2.41952187538147,2.585968022346497,2.41952187538147,2.3073569549256625
2026-01-22 02:30:00,2.52,2.387095928192139,2.553542075157166,2.387095928192139,2.299826034358601
2026-01-22 02:45:00,2.47,2.3647495794296267,2.5311957263946536,2.3647495794296267,2.2919180741460083
2026-01-22 03:00:00,2.47,2.353490381240845,2.519936528205872,2.353490381240845,2.221583798729852
2026-01-22 03:15:00,2.47,2.202264876365662,2.3687110233306887,2.202264876365662,2.209254625401654
2026-01-22 03:30:00,2.47,2.194829864501953,2.36127601146698,2.194829864501953,2.1940323125270713
2026-01-22 03:45:00,2.41,2.198781795501709,2.3652279424667357,2.198781795501709,2.176375009398867
2026-01-22 04:00:00,2.35,2.1960567569732667,2.3625029039382937,2.1960567569732667,2.129453401378518
2026-01-22 04:15:00,2.41,2.2063236236572266,2.3727697706222535,2.2063236236572266,2.1107837531094757
2026-01-22 04:30:00,2.36,2.2085037088394164,2.3749498558044433,2.2085037088394164,2.0943805381712877
2026-01-22 04:45:00,2.36,2.217761800289154,2.384207947254181,2.217761800289154,2.082281936678042
2026-01-22 05:00:00,2.54,2.2324381685256958,2.3988843154907227,2.2324381685256958,2.0663791726117093
2026-01-22 05:15:00,2.29,2.2560095071792605,2.4224556541442874,2.2560095071792605,2.0681323364922672
2026-01-22 05:30:00,2.34,2.283713793754578,2.450159940719605,2.283713793754578,2.0785030054110556
2026-01-22 05:45:00,2.38,2.2987108826637273,2.465157029628754,2.2987108826637273,2.097797401099446
2026-01-22 06:00:00,2.38,2.3394108796119695,2.5058570265769964,2.3394108796119695,2.0976711570800064
2026-01-22 06:15:00,2.44,2.373173661231995,2.539619808197022,2.373173661231995,2.1331964497811873
2026-01-22 06:30:00,2.48,2.4313591861724855,2.5978053331375124,2.4313591861724855,2.1749869670687803
2026-01-22 06:45:00,2.54,2.459303469657898,2.625749616622925,2.459303469657898,2.221366267778367
2026-01-22 07:00:00,2.58,2.500789775848389,2.6672359228134157,2.500789775848389,2.2294533151335996
2026-01-22 07:15:00,2.78,2.5363163852691653,2.702762532234192,2.5363163852691653,2.2797031863398236
2026-01-22 07:30:00,2.76,2.5800129461288455,2.7464590930938724,2.5800129461288455,2.329476205567044
2026-01-22 07:45:00,2.76,2.621522083282471,2.7879682302474977,2.621522083282471,2.377493823643852
2026-01-22 08:00:00,2.89,2.666959505081177,2.833405652046204,2.666959505081177,2.4282418631030107
2026-01-22 08:15:00,2.94,2.690483551025391,2.856929697990418,2.690483551025391,2.470067449528809
2026-01-22 08:30:00,3.02,2.721428203582764,2.887874350547791,2.721428203582764,2.507939466644688
2026-01-22 08:45:00,3.06,2.745315914154053,2.91176206111908,2.745315914154053,2.5414905376342247
2026-01-22 09:00:00,3.11,2.7767998123168947,2.9432459592819216,2.7767998123168947,2.6046297252735964
2026-01-22 09:15:00,3.16,2.7114554214477544,2.8779015684127813,2.7114554214477544,2.6286163538323137
2026-01-22 09:30:00,3.11,2.737065238952637,2.903511385917664,2.737065238952637,2.647349521708782
2026-01-22 09:45:00,3.22,2.743585653305054,2.910031800270081,2.743585653305054,2.660518232548223
2026-01-22 10:00:00,3.22,2.7554577541351324,2.9219039011001593,2.7554577541351324,2.6807570215192733
2026-01-22 10:15:00,3.27,2.771555213928223,2.93800136089325,2.771555213928223,2.6822264283290176
2026-01-22 10:30:00,3.27,2.771128764152527,2.937574911117554,2.771128764152527,2.6779714887290718
2026-01-22 10:45:00,3.27,2.7733795166015627,2.9398256635665896,2.7733795166015627,2.6685000735888997
2026-01-22 11:00:00,3.22,2.7808088207244874,2.9472549676895143,2.7808088207244874,2.6510062039186937
2026-01-22 11:15:00,3.22,2.7800526809692387,2.9464988279342657,2.7800526809692387,2.6342021226054184
2026-01-22 11:30:00,3.16,2.782620077133179,2.949066224098206,2.782620077133179,2.6160228802216103
2026-01-22 11:45:00,3.12,2.7870471096038822,2.953493256568909,2.7870471096038822,2.598341967206089
2026-01-22 12:00:00,3.13,2.8144948196411135,2.9809409666061404,2.8144948196411135,2.5614990157039648
2026-01-22 12:15:00,3.04,2.789443273544312,2.955889420509339,2.789443273544312,2.550531428079385
2026-01-22 12:30:00,3.04,2.8202879047393803,2.986734051704407,2.8202879047393803,2.545349697615536
2026-01-22 12:45:00,3.0,2.828611965179444,2.995058112144471,2.828611965179444,2.5469888082608803
2026-01-22 13:00:00,3.01,2.8349638652801517,3.0014100122451786,2.8349638652801517,2.6791830511781214
2026-01-22 13:15:00,3.11,2.8793526935577396,3.0457988405227665,2.8793526935577396,2.695116233503045
2026-01-22 13:30:00,3.22,2.8791064453125004,3.0455525922775273,2.8791064453125004,2.7172511569324453
2026-01-22 13:45:00,3.22,2.8973163127899175,3.0637624597549444,2.8973163127899175,2.744239515182511
2026-01-22 14:00:00,3.22,2.9263246822357183,3.092770829200745,2.9263246822357183,2.741376215206453
2026-01-22 14:15:00,3.27,2.9562229156494144,3.1226690626144413,2.9562229156494144,2.7729069156814123
2026-01-22 14:30:00,3.34,2.9962189579010015,3.1626651048660284,2.9962189579010015,2.8041305020897433
2026-01-22 14:45:00,3.39,3.0238175153732305,3.1902636623382574,3.0238175153732305,2.833700602335032
2026-01-22 15:00:00,3.34,3.060935769081116,3.2273819160461428,3.060935769081116,2.9054695006746885
2026-01-22 15:15:00,3.44,3.13864013671875,3.305086283683777,3.13864013671875,2.9297659422058775
2026-01-22 15:30:00,3.52,3.189883146286011,3.356329293251038,3.189883146286011,2.9516088562179283
2026-01-22 15:45:00,3.55,3.2081854248046877,3.3746315717697146,3.2081854248046877,2.9718053854544255
2026-01-22 16:00:00,3.55,3.241213130950928,3.407659277915955,3.241213130950928,2.967308268339839
2026-01-22 16:15:00,3.6,3.272881035804749,3.439327182769776,3.272881035804749,2.9876924153394637
2026-01-22 16:30:00,3.71,3.2989064311981204,3.4653525781631473,3.2989064311981204,3.0098588973774496
2026-01-22 16:45:00,3.66,3.3288008594512943,3.4952470064163212,3.3288008594512943,3.0345057170334586
2026-01-22 17:00:00,3.71,3.3416935586929326,3.5081397056579595,3.3416935586929326,2.806874548157281
2026-01-22 17:15:00,3.72,3.3607000637054445,3.5271462106704714,3.3607000637054445,2.8362465224064795
2026-01-22 17:30:00,3.8,3.3603323221206667,3.5267784690856936,3.3603323221206667,2.8665450466855615
2026-01-22 17:45:00,3.82,3.373801503181458,3.540247650146485,3.373801503181458,2.8960284786285255
2026-01-22 18:00:00,3.9,3.369866695404053,3.53631284236908,3.369866695404053,3.0521710916221805
2026-01-22 18:15:00,3.97,3.3764724540710453,3.5429186010360723,3.3764724540710453,3.073539367074547
2026-01-22 18:30:00,4.02,3.356259441375733,3.52270558834076,3.356259441375733,3.087636647190569
2026-01-22 18:45:00,4.01,3.3647098875045782,3.531156034469605,3.3647098875045782,3.092801857018009
2026-01-22 19:00:00,4.02,3.3415277624130253,3.507973909378052,3.3415277624130253,3.292173696320553
2026-01-22 19:15:00,4.03,3.3575820064544684,3.5240281534194953,3.3575820064544684,3.2772605124760172
2026-01-22 19:30:00,3.97,3.308997716903687,3.4754438638687137,3.308997716903687,3.2528490954499776
2026-01-22 19:45:00,3.88,3.284536514282227,3.450982661247254,3.284536514282227,3.220362938829126
2026-01-22 20:00:00,3.77,3.251241359710694,3.417687506675721,3.251241359710694,3.1666874918974095
2026-01-22 20:15:00,3.66,3.2283014059066777,3.3947475528717046,3.2283014059066777,3.124529587076262
2026-01-22 20:30:00,3.6,3.1841300153732304,3.3505761623382573,3.1841300153732304,3.0812148925870066
2026-01-22 20:45:00,3.49,3.15165922164917,3.318105368614197,3.15165922164917,3.038995284611963
2026-01-22 21:00:00,3.49,3.1178503704071048,3.2842965173721317,3.1178503704071048,2.988102917932041
2026-01-22 21:15:00,3.45,3.2156965398788455,3.3821426868438724,3.2156965398788455,2.9526794788771737
2026-01-22 21:30:00,3.43,3.1855341196060185,3.3519802665710454,3.1855341196060185,2.9214977787108443
2026-01-22 21:45:00,3.42,3.145727519989014,3.312173666954041,3.145727519989014,2.894097421031025
2026-01-22 22:00:00,3.33,3.104652171134949,3.271098318099976,3.104652171134949,2.853204369927724
2026-01-22 22:15:00,3.32,3.0685822391510014,3.2350283861160283,3.0685822391510014,2.8296162694922815
2026-01-22 22:30:00,3.23,3.0248843193054205,3.1913304662704474,3.0248843193054205,2.805448959683814
2026-01-22 22:45:00,3.16,2.983548860549927,3.149995007514954,2.983548860549927,2.7790969045617646
2026-01-22 23:00:00,3.11,2.9366584110260012,3.103104557991028,2.9366584110260012,2.7335721834239894
2026-01-22 23:15:00,3.07,2.893242616653443,3.0596887636184698,2.893242616653443,2.699709732250278
2026-01-22 23:30:00,3.02,2.8475638389587408,3.0140099859237677,2.8475638389587408,2.6617726665842216
2026-01-22 23:45:00,2.91,2.8058973312377935,2.9723434782028204,2.8058973312377935,2.6204671756453086
2026-01-23 00:00:00,2.84,2.7794927787780765,2.9459389257431035,2.7794927787780765,2.5584539980981282
2026-01-23 00:15:00,2.85,2.721557035446167,2.888003182411194,2.721557035446167,2.514744685709081
2026-01-23 00:30:00,2.75,2.6818240928649906,2.8482702398300175,2.6818240928649906,2.4725936744403336
2026-01-23 00:45:00,2.69,2.638896989822388,2.805343136787415,2.638896989822388,2.433808932040317
2026-01-23 01:00:00,2.71,2.5993067407608037,2.7657528877258306,2.5993067407608037,2.403621321484257
2026-01-23 01:15:00,2.65,2.573186759948731,2.7396329069137577,2.573186759948731,2.3754188837851906
2026-01-23 01:30:00,2.6,2.5366792345047,2.703125381469727,2.5366792345047,2.353222077106589
2026-01-23 01:45:00,2.54,2.5074498939514163,2.673896040916443,2.5074498939514163,2.3365951884479426
2026-01-23 02:00:00,2.54,2.488381147384644,2.654827294349671,2.488381147384644,2.294486436908712
2026-01-23 02:15:00,2.48,2.4391978168487554,2.6056439638137823,2.4391978168487554,2.285399450102727
2026-01-23 02:30:00,2.45,2.405558023452759,2.572004170417786,2.405558023452759,2.277611091019645
2026-01-23 02:45:00,2.42,2.381803221702576,2.548249368667603,2.381803221702576,2.269438525013336
2026-01-23 03:00:00,2.46,2.367595567703247,2.534041714668274,2.367595567703247,2.2524685647488467
2026-01-23 03:15:00,2.38,2.165289044380188,2.331735191345215,2.165289044380188,2.2398614221177287
2026-01-23 03:30:00,2.38,2.1543939185142515,2.3208400654792785,2.1543939185142515,2.2243549451641176
2026-01-23 03:45:00,2.32,2.1581093859672547,2.3245555329322816,2.1581093859672547,2.2064076082731914
2026-01-23 04:00:00,2.3,2.152810564041138,2.319256711006165,2.152810564041138,2.175774196365378
2026-01-23 04:15:00,2.27,2.1617138242721556,2.3281599712371825,2.1617138242721556,2.156803749792075
2026-01-23 04:30:00,2.32,2.1629714298248293,2.329417576789856,2.1629714298248293,2.1400948406728864
2026-01-23 04:45:00,2.21,2.169006006717682,2.335452153682709,2.169006006717682,2.1276859722246413
2026-01-23 05:00:00,2.27,2.181807518005371,2.348253664970398,2.181807518005371,2.091568983361551
2026-01-23 05:15:00,2.24,2.2052884840965272,2.371734631061554,2.2052884840965272,2.0930036987137974
2026-01-23 05:30:00,2.21,2.2309362173080447,2.3973823642730716,2.2309362173080447,2.1030523068986726
2026-01-23 05:45:00,2.27,2.2455284643173217,2.4119746112823486,2.2455284643173217,2.1220213459473403
2026-01-23 06:00:00,2.22,2.2836298084259035,2.4500759553909304,2.2836298084259035,2.168093162828134
2026-01-23 06:15:00,2.32,2.321798422336579,2.4882445693016058,2.321798422336579,2.203287446004256
2026-01-23 06:30:00,2.38,2.378409290313721,2.544855437278748,2.378409290313721,2.244744591079422
2026-01-23 06:45:00,2.39,2.4053498268127447,2.5717959737777716,2.4053498268127447,2.2907884617875176
2026-01-23 07:00:00,2.49,2.4488281345367433,2.61527428150177,2.4488281345367433,2.3369163663974115
2026-01-23 07:15:00,2.61,2.4828190898895266,2.6492652368545535,2.4828190898895266,2.386827592328485
2026-01-23 07:30:00,2.65,2.5311549568176273,2.697601103782654,2.5311549568176273,2.4362608008788813
2026-01-23 07:45:00,2.7,2.5743016719818117,2.7407478189468386,2.5743016719818117,2.4839377320716256
2026-01-23 08:00:00,2.8,2.6221477603912358,2.7885939073562627,2.6221477603912358,2.5357197949255568
2026-01-23 08:15:00,2.89,2.6481549453735354,2.8146010923385623,2.6481549453735354,2.5772037908797123
2026-01-23 08:30:00,3.0,2.682671828269959,2.8491179752349858,2.682671828269959,2.6147341802543664
2026-01-23 08:45:00,2.99,2.7113988876342776,2.8778450345993045,2.7113988876342776,2.647943855611403
2026-01-23 09:00:00,3.05,2.7447261142730714,2.9111722612380984,2.7447261142730714,2.6743957387167723
2026-01-23 09:15:00,3.06,2.7025671100616457,2.8690132570266726,2.7025671100616457,2.698042221486907
2026-01-23 09:30:00,3.07,2.7303053712844854,2.8967515182495123,2.7303053712844854,2.716436249569529
2026-01-23 09:45:00,3.02,2.7411106681823734,2.9075568151474003,2.7411106681823734,2.7292670724724255
2026-01-23 10:00:00,3.08,2.7548886108398443,2.921334757804871,2.7548886108398443,2.742628608454299
2026-01-23 10:15:00,3.1,2.7744520282745366,2.9408981752395635,2.7744520282745366,2.743763342813321
2026-01-23 10:30:00,3.21,2.775906143188477,2.942352290153504,2.775906143188477,2.739175680988656
2026-01-23 10:45:00,3.21,2.778488759994507,2.944934906959534,2.778488759994507,2.72937371293708
2026-01-23 11:00:00,3.16,2.7858234786987306,2.9522696256637575,2.7858234786987306,2.7668064510544803
2026-01-23 11:15:00,3.16,2.785642461776734,2.952088608741761,2.785642461776734,2.749676783925688
2026-01-23 11:30:00,3.16,2.7874635028839116,2.9539096498489386,2.7874635028839116,2.731174738686649
2026-01-23 11:45:00,3.09,2.792160158157349,2.958606305122376,2.792160158157349,2.7131739952515237
2026-01-23 12:00:00,3.06,2.815019388198853,2.98146553516388,2.815019388198853,2.7504819979567685
2026-01-23 12:15:00,3.05,2.7962550544738773,2.9627012014389043,2.7962550544738773,2.7392010619398857
2026-01-23 12:30:00,3.06,2.8220200681686403,2.988466215133667,2.8220200681686403,2.733709476683246
2026-01-23 12:45:00,3.09,2.831576185226441,2.998022332191468,2.831576185226441,2.735042383654131
2026-01-23 13:00:00,3.04,2.8356058502197268,3.0020519971847537,2.8356058502197268,2.672218592058089
2026-01-23 13:15:00,3.18,2.879082527160645,3.0455286741256717,2.879082527160645,2.6878533122371238
2026-01-23 13:30:00,3.16,2.878753652572632,3.045199799537659,2.878753652572632,2.709693847038135
2026-01-23 13:45:00,3.23,2.8957518482208258,3.0621979951858527,2.8957518482208258,2.7363920139099718
2026-01-23 14:00:00,3.25,2.9237648963928224,3.0902110433578494,2.9237648963928224,2.7003393183862827
2026-01-23 14:15:00,3.29,2.9542947864532474,3.1207409334182743,2.9542947864532474,2.7315885584814596
2026-01-23 14:30:00,3.35,2.9969615077972414,3.1634076547622683,2.9969615077972414,2.7625352006998907
2026-01-23 14:45:00,3.41,3.027757759094239,3.1942039060592657,3.027757759094239,2.7918329616389213
2026-01-23 15:00:00,3.42,3.0634980010986332,3.22994414806366,3.0634980010986332,2.8608234757817352
2026-01-23 15:15:00,3.47,3.0693707227706915,3.2358168697357184,3.0693707227706915,2.884857018129502
2026-01-23 15:30:00,3.52,3.1202514266967776,3.2866975736618045,3.1202514266967776,2.906441850285749
2026-01-23 15:45:00,3.57,3.1407905960083013,3.3072367429733283,3.1407905960083013,2.9263851678758135
2026-01-23 16:00:00,3.62,3.1772342491149907,3.3436803960800177,3.1772342491149907,2.923159150484465
2026-01-23 16:15:00,3.62,3.210871324539185,3.377317471504212,3.210871324539185,2.943299948854709
2026-01-23 16:30:00,3.73,3.2444344711303716,3.4108806180953986,3.2444344711303716,2.9652280570947953
2026-01-23 16:45:00,3.78,3.2792674541473392,3.445713601112366,3.2792674541473392,2.9896414946645042
2026-01-23 17:00:00,3.71,3.2953703498840334,3.4618164968490603,3.2953703498840334,3.0254684545419543
2026-01-23 17:15:00,3.82,3.320231366157532,3.486677513122559,3.320231366157532,3.0546170450357573
2026-01-23 17:30:00,3.94,3.324945688247681,3.491391835212708,3.324945688247681,3.084697174377253
2026-01-23 17:45:00,3.88,3.3427619934082036,3.5092081403732305,3.3427619934082036,3.113967181501756
2026-01-23 18:00:00,3.87,3.3383289813995365,3.5047751283645634,3.3383289813995365,3.112366335030762
2026-01-23 18:15:00,3.82,3.362823343276978,3.529269490242005,3.362823343276978,3.1335310348337293
2026-01-23 18:30:00,3.92,3.33368016242981,3.5001263093948367,3.33368016242981,3.1474296010121225
2026-01-23 18:45:00,3.97,3.3474548435211187,3.5139009904861456,3.3474548435211187,3.1524009052825916
2026-01-23 19:00:00,4.01,3.332707672119141,3.499153819084168,3.332707672119141,3.1853832011249135
2026-01-23 19:15:00,3.97,3.3427565574646,3.509202704429627,3.3427565574646,3.170285534795144
2026-01-23 19:30:00,3.9,3.3027045249938967,3.4691506719589236,3.3027045249938967,3.145694233373353
2026-01-23 19:45:00,3.77,3.2762325668334964,3.4426787137985233,3.2762325668334964,3.1130327039744707
2026-01-23 20:00:00,3.71,3.2408630561828615,3.4073092031478884,3.2408630561828615,3.085458650280121
2026-01-23 20:15:00,3.61,3.2201453161239626,3.3865914630889895,3.2201453161239626,3.0431341045839706
2026-01-23 20:30:00,3.5,3.1735263919830325,3.3399725389480595,3.1735263919830325,2.9996569739022223
2026-01-23 20:45:00,3.44,3.14092785358429,3.307374000549317,3.14092785358429,2.9572790168083807
2026-01-23 21:00:00,3.34,3.1026955032348638,3.2691416501998907,3.1026955032348638,2.958885304449577
2026-01-23 21:15:00,3.35,3.1165835237503057,3.2830296707153326,3.1165835237503057,2.923311307902168
2026-01-23 21:30:00,3.41,3.0800401210784916,3.2464862680435185,3.0800401210784916,2.8919827404873253
2026-01-23 21:45:00,3.36,3.041117677688599,3.2075638246536258,3.041117677688599,2.864439059487182
2026-01-23 22:00:00,3.31,2.995188574790955,3.161634721755982,2.995188574790955,2.8260119263997225
2026-01-23 22:15:00,3.26,2.9569274139404302,3.123373560905457,2.9569274139404302,2.802287124806725
2026-01-23 22:30:00,3.21,2.910130734443665,3.076576881408692,2.910130734443665,2.7779861791913736
2026-01-23 22:45:00,3.15,2.8625284481048587,3.0289745950698856,2.8625284481048587,2.751503381585139
2026-01-23 23:00:00,3.09,2.812144861221314,2.9785910081863407,2.812144861221314,2.7202281546138156
2026-01-23 23:15:00,3.06,2.764717884063721,2.931164031028748,2.764717884063721,2.686240207896878
2026-01-23 23:30:00,2.91,2.717032699584961,2.883478846549988,2.717032699584961,2.648179989108343
2026-01-23 23:45:00,2.9,2.6746894168853763,2.8411355638504032,2.6746894168853763,2.606753493035201
2026-01-24 00:00:00,2.86,2.6425499439239504,2.8089960908889773,2.6425499439239504,2.5731056035665985
2026-01-24 00:15:00,2.74,2.5861006593704228,2.7525468063354497,2.5861006593704228,2.5292789787649896
2026-01-24 00:30:00,2.71,2.5402313518524173,2.7066774988174442,2.5402313518524173,2.4870121904427607
2026-01-24 00:45:00,2.63,2.490757741928101,2.657203888893128,2.490757741928101,2.4481129932442793
2026-01-24 01:00:00,2.65,2.4505782365798954,2.6170243835449223,2.4505782365798954,2.4019151142751567
2026-01-24 01:15:00,2.54,2.416079564094544,2.5825257110595707,2.416079564094544,2.3736002108411416
2026-01-24 01:30:00,2.54,2.381305561065674,2.547751708030701,2.381305561065674,2.3512915979136237
2026-01-24 01:45:00,2.5,2.3521020412445073,2.518548188209534,2.3521020412445073,2.334553334672917
2026-01-24 02:00:00,2.41,2.328118793964386,2.494564940929413,2.328118793964386,2.3024946745091963
2026-01-24 02:15:00,2.43,2.273977611064911,2.440423758029938,2.273977611064911,2.2932964811941483
2026-01-24 02:30:00,2.38,2.2379866361618044,2.4044327831268313,2.2379866361618044,2.2853966467927247
2026-01-24 02:45:00,2.32,2.2140875101089477,2.3805336570739746,2.2140875101089477,2.2771120984179727
2026-01-24 03:00:00,2.31,2.1969765186309815,2.3634226655960084,2.1969765186309815,2.2867744482135435
2026-01-24 03:15:00,2.34,2.0622814464569093,2.228727593421936,2.0622814464569093,2.2740535869772116
2026-01-24 03:30:00,2.29,2.05215455532074,2.218600702285767,2.05215455532074,2.258432159250421
2026-01-24 03:45:00,2.29,2.058113708496094,2.224559855461121,2.058113708496094,2.2403683951879962
2026-01-24 04:00:00,2.25,2.0541472363471986,2.2205933833122256,2.0541472363471986,2.1911226744936947
2026-01-24 04:15:00,2.18,2.065466365814209,2.231912512779236,2.065466365814209,2.1720321124487953
2026-01-24 04:30:00,2.17,2.0697316789627074,2.2361778259277343,2.0697316789627074,2.155200875246277
2026-01-24 04:45:00,2.17,2.077316451072693,2.24376259803772,2.077316451072693,2.1426672204775166
2026-01-24 05:00:00,2.12,2.09139799118042,2.257844138145447,2.09139799118042,2.1106622240492454
2026-01-24 05:15:00,2.12,2.1189652919769286,2.2854114389419555,2.1189652919769286,2.111966501489431
2026-01-24 05:30:00,2.17,2.1479149532318114,2.3143611001968383,2.1479149532318114,2.1218814800302503
2026-01-24 05:45:00,2.17,2.166208941936493,2.33265508890152,2.166208941936493,2.1407134553039606
2026-01-24 06:00:00,2.15,2.20431857585907,2.370764722824097,2.20431857585907,2.1276236596340277
2026-01-24 06:15:00,2.25,2.24561870098114,2.412064847946167,2.24561870098114,2.1626732899573367
2026-01-24 06:30:00,2.31,2.3067522740364077,2.4731984210014346,2.3067522740364077,2.2039816311835825
2026-01-24 06:45:00,2.36,2.336073617935181,2.502519764900208,2.336073617935181,2.249872312499212
2026-01-24 07:00:00,2.43,2.3809921789169315,2.5474383258819584,2.3809921789169315,2.335168436152606
2026-01-24 07:15:00,2.52,2.418749971389771,2.585196118354798,2.418749971389771,2.3849170089029403
2026-01-24 07:30:00,2.56,2.4681431293487552,2.634589276313782,2.4681431293487552,2.4341824922634183
2026-01-24 07:45:00,2.68,2.515280642509461,2.681726789474488,2.515280642509461,2.4816864040822177
2026-01-24 08:00:00,2.78,2.5678244733810427,2.7342706203460696,2.5678244733810427,2.5305339026382585
2026-01-24 08:15:00,2.9,2.5937482166290287,2.7601943635940556,2.5937482166290287,2.5718336399033572
2026-01-24 08:30:00,2.96,2.631659030914307,2.798105177879334,2.631659030914307,2.609173833821807
2026-01-24 08:45:00,2.94,2.6647492504119876,2.8311953973770145,2.6647492504119876,2.6421871716228233
2026-01-24 09:00:00,3.05,2.6980172252655032,2.86446337223053,2.6980172252655032,2.6833232313405646
2026-01-24 09:15:00,3.01,2.6267351531982426,2.7931813001632695,2.6267351531982426,2.7067604960654053
2026-01-24 09:30:00,3.07,2.652574639320374,2.819020786285401,2.652574639320374,2.724938578231664
2026-01-24 09:45:00,3.01,2.667810230255127,2.834256377220154,2.667810230255127,2.737546543025558
2026-01-24 10:00:00,3.01,2.6798758506774907,2.8463219976425176,2.6798758506774907,2.7499912743854
2026-01-24 10:15:00,3.06,2.7021121215820316,2.8685582685470585,2.7021121215820316,2.7508887970520406
2026-01-24 10:30:00,3.1,2.7014869880676273,2.8679331350326542,2.7014869880676273,2.746056494630779
2026-01-24 10:45:00,3.23,2.701061897277832,2.867508044242859,2.701061897277832,2.7360022977207477
2026-01-24 11:00:00,3.17,2.709213366508484,2.875659513473511,2.709213366508484,2.7304147609111737
2026-01-24 11:15:00,3.12,2.703870921134949,2.870317068099976,2.703870921134949,2.7130172378128847
2026-01-24 11:30:00,3.12,2.7082438659667973,2.8746900129318242,2.7082438659667973,2.69423931206541
2026-01-24 11:45:00,3.06,2.710479125976563,2.8769252729415897,2.710479125976563,2.675954532801116
2026-01-24 12:00:00,3.07,2.740310497283936,2.9067566442489627,2.740310497283936,2.6824590872999075
2026-01-24 12:15:00,3.07,2.7174148464202883,2.883860993385315,2.7174148464202883,2.670877443346163
2026-01-24 12:30:00,3.07,2.7454140329360963,2.9118601799011232,2.7454140329360963,2.6650766492955604
2026-01-24 12:45:00,3.08,2.7532127094268803,2.9196588563919073,2.7532127094268803,2.6660917476541908
2026-01-24 13:00:00,3.02,2.7594031620025636,2.9258493089675905,2.7594031620025636,2.6815575614107514
2026-01-24 13:15:00,3.12,2.8053148698806765,2.9717610168457034,2.8053148698806765,2.696857010328422
2026-01-24 13:30:00,3.18,2.806478161811829,2.972924308776856,2.806478161811829,2.718353428357432
2026-01-24 13:45:00,3.19,2.8272344970703127,2.9936806440353396,2.8272344970703127,2.7446985686519625
2026-01-24 14:00:00,3.29,2.853194389343262,3.0196405363082888,2.853194389343262,2.7424427627317245
2026-01-24 14:15:00,3.39,2.888901200294495,3.055347347259522,2.888901200294495,2.773321000023306
2026-01-24 14:30:00,3.35,2.937776041030884,3.104222187995911,2.937776041030884,2.803887591535456
2026-01-24 14:45:00,3.39,2.968828325271607,3.1352744722366337,2.968828325271607,2.832796226539638
2026-01-24 15:00:00,3.39,3.004820251464844,3.171266398429871,3.004820251464844,2.8802334500910045
2026-01-24 15:15:00,3.45,3.0708457660675053,3.237291913032532,3.0708457660675053,2.9038596724642685
2026-01-24 15:30:00,3.51,3.128689370155335,3.295135517120362,3.128689370155335,2.9250280852208683
2026-01-24 15:45:00,3.56,3.163198099136353,3.3296442461013798,3.163198099136353,2.9445458955314048
2026-01-24 16:00:00,3.68,3.2033506965637213,3.369796843528748,3.2033506965637213,2.988971545114117
2026-01-24 16:15:00,3.67,3.2439278411865238,3.4103739881515507,3.2439278411865238,3.0086687347709016
2026-01-24 16:30:00,3.78,3.2859645366668704,3.4524106836318973,3.2859645366668704,3.030144240822548
2026-01-24 16:45:00,3.67,3.321350898742676,3.487797045707703,3.321350898742676,3.0540961343984394
2026-01-24 17:00:00,3.79,3.3352209806442263,3.5016671276092532,3.3352209806442263,3.048839444690451
2026-01-24 17:15:00,3.78,3.35987325668335,3.526319403648377,3.35987325668335,3.0775088032281857
2026-01-24 17:30:00,3.89,3.356989760398865,3.523435907363892,3.356989760398865,3.107100974901896
2026-01-24 17:45:00,3.88,3.367149267196656,3.5335954141616828,3.367149267196656,3.135874391195682
2026-01-24 18:00:00,3.89,3.3506837940216068,3.5171299409866337,3.3506837940216068,3.1509798803808104
2026-01-24 18:15:00,3.89,3.3820296192169192,3.548475766181946,3.3820296192169192,3.171631041617832
2026-01-24 18:30:00,3.95,3.336902318000794,3.503348464965821,3.336902318000794,3.185007775196353
2026-01-24 18:45:00,4.01,3.338809518814087,3.505255665779114,3.338809518814087,3.1894490863896863
2026-01-24 19:00:00,4.05,3.318451910018921,3.484898056983948,3.318451910018921,3.1390104473403357
2026-01-24 19:15:00,4.05,3.3203506851196294,3.4867968320846563,3.3203506851196294,3.1233669084602362
2026-01-24 19:30:00,3.99,3.262669887542725,3.429116034507752,3.262669887542725,3.0982220358014256
2026-01-24 19:45:00,3.84,3.2168149852752688,3.3832611322402957,3.2168149852752688,3.06499941062145
2026-01-24 20:00:00,3.77,3.1647130966186525,3.3311592435836794,3.1647130966186525,3.015429207683705
2026-01-24 20:15:00,3.72,3.140952587127686,3.307398734092713,3.140952587127686,2.97252907959332
2026-01-24 20:30:00,3.67,3.0761778831481936,3.2426240301132205,3.0761778831481936,2.9284694242433065
2026-01-24 20:45:00,3.56,3.038999290466309,3.2054454374313357,3.038999290466309,2.8855022139168485
2026-01-24 21:00:00,3.51,2.990967292785645,3.157413439750672,2.990967292785645,2.8721943953504656
2026-01-24 21:15:00,3.46,3.1418908309936526,3.3083369779586795,3.1418908309936526,2.8360183682712727
2026-01-24 21:30:00,3.41,3.1004548072814946,3.2669009542465215,3.1004548072814946,2.804081740563328
2026-01-24 21:45:00,3.36,3.0625026798248296,3.2289488267898565,3.0625026798248296,2.775924221228054
2026-01-24 22:00:00,3.33,3.0130497264862064,3.1794958734512333,3.0130497264862064,2.71527249909011
2026-01-24 22:15:00,3.27,2.973458118438721,3.139904265403748,2.973458118438721,2.6909230948187535
2026-01-24 22:30:00,3.2,2.925543537139893,3.0919896841049197,2.925543537139893,2.665992578141773
2026-01-24 22:45:00,3.15,2.874767475128174,3.041213622093201,2.874767475128174,2.6388755286217798
2026-01-24 23:00:00,3.13,2.821662654876709,2.988108801841736,2.821662654876709,2.5973415701877403
2026-01-24 23:15:00,3.01,2.7724043083190923,2.9388504552841193,2.7724043083190923,2.5627109064917395
2026-01-24 23:30:00,2.96,2.725153455734253,2.89159960269928,2.725153455734253,2.5240042030745027
2026-01-24 23:45:00,2.91,2.677757735252381,2.844203882217408,2.677757735252381,2.4819277753410875
2026-01-25 00:00:00,2.87,2.6465790653228765,2.8130252122879034,2.6465790653228765,2.4032455722548844
2026-01-25 00:15:00,2.8,2.587551240921021,2.7539973878860478,2.587551240921021,2.3587631145960684
2026-01-25 00:30:00,2.71,2.5397478246688845,2.7061939716339114,2.5397478246688845,2.315838054192403
2026-01-25 00:45:00,2.66,2.484766244888306,2.651212391853333,2.484766244888306,2.2762784961796028
2026-01-25 01:00:00,2.63,2.4458497810363773,2.612295928001404,2.4458497810363773,2.258310644406481
2026-01-25 01:15:00,2.55,2.406266326904297,2.572712473869324,2.406266326904297,2.229332281590959
2026-01-25 01:30:00,2.55,2.3694513988494874,2.5358975458145143,2.3694513988494874,2.206359212517441
2026-01-25 01:45:00,2.44,2.3369618511199954,2.5034079980850223,2.3369618511199954,2.188955873040462
2026-01-25 02:00:00,2.49,2.3108627986907964,2.4773089456558233,2.3108627986907964,2.1515149163930847
2026-01-25 02:15:00,2.4,2.252271752357483,2.41871789932251,2.252271752357483,2.141651559966398
2026-01-25 02:30:00,2.34,2.2126691365242004,2.3791152834892273,2.2126691365242004,2.133087106686668
2026-01-25 02:45:00,2.28,2.1872306871414184,2.3536768341064453,2.1872306871414184,2.1241388823362746
2026-01-25 03:00:00,2.29,2.169162154197693,2.33560830116272,2.169162154197693,2.12910877568561
2026-01-25 03:15:00,2.03,2.057116484642029,2.223562631607056,2.057116484642029,2.1157273391836076
2026-01-25 03:30:00,2.25,2.04385155916214,2.2102977061271667,2.04385155916214,2.0994475027475437
2026-01-25 03:45:00,2.25,2.04941837310791,2.215864520072937,2.04941837310791,2.0807279126604072
2026-01-25 04:00:00,2.24,2.0410058426856996,2.2074519896507265,2.0410058426856996,2.0502556873436912
2026-01-25 04:15:00,2.25,2.0486592435836792,2.215105390548706,2.0486592435836792,2.0305157271885634
2026-01-25 04:30:00,2.26,2.04875301361084,2.215199160575867,2.04875301361084,2.013038943405217
2026-01-25 04:45:00,2.31,2.049320254325867,2.2157664012908938,2.049320254325867,1.9998640223260389
2026-01-25 05:00:00,2.28,2.061580209732056,2.228026356697083,2.061580209732056,1.9972602169197302
2026-01-25 05:15:00,2.31,2.0854100275039675,2.2518561744689944,2.0854100275039675,1.9979330838345164
2026-01-25 05:30:00,2.3,2.1121695470809936,2.2786156940460205,2.1121695470809936,2.007222231108699
2026-01-25 05:45:00,2.24,2.1238045048713685,2.2902506518363954,2.1238045048713685,2.025434390548549
2026-01-25 06:00:00,2.33,2.167895851135254,2.334341998100281,2.167895851135254,2.0543731899817326
2026-01-25 06:15:00,2.39,2.201563639640808,2.368009786605835,2.201563639640808,2.0888163476809227
2026-01-25 06:30:00,2.32,2.2650307273864745,2.4314768743515014,2.2650307273864745,2.1295255450930295
2026-01-25 06:45:00,2.4,2.2888786196708684,2.4553247666358953,2.2888786196708684,2.1748248496879583
2026-01-25 07:00:00,2.44,2.334210040569306,2.5006561875343327,2.334210040569306,2.3123324161925507
2026-01-25 07:15:00,2.64,2.371998682022095,2.5384448289871218,2.371998682022095,2.3615064595681545
2026-01-25 07:30:00,2.74,2.4240826320648194,2.5905287790298464,2.4240826320648194,2.410206492132618
2026-01-25 07:45:00,2.74,2.4721529531478885,2.6385991001129154,2.4721529531478885,2.4571544665827894
2026-01-25 08:00:00,2.81,2.5261027908325198,2.6925489377975467,2.5261027908325198,2.4739939520067753
2026-01-25 08:15:00,2.9,2.552782673835755,2.7192288208007818,2.552782673835755,2.5147580761682504
2026-01-25 08:30:00,2.92,2.5952004289627078,2.7616465759277347,2.5952004289627078,2.5515734633541056
2026-01-25 08:45:00,2.99,2.6281172418594365,2.7945633888244634,2.6281172418594365,2.58407322666978
2026-01-25 09:00:00,3.0,2.664066495895386,2.830512642860413,2.664066495895386,2.6132042250221508
2026-01-25 09:15:00,3.06,2.704032096862793,2.87047824382782,2.704032096862793,2.6361516446972066
2026-01-25 09:30:00,3.14,2.7383049058914186,2.9047510528564455,2.7383049058914186,2.6538523717189872
2026-01-25 09:45:00,3.12,2.756450357437134,2.922896504402161,2.756450357437134,2.6659958826200425
2026-01-25 10:00:00,3.06,2.7701146888732913,2.936560835838318,2.7701146888732913,2.673595691522299
2026-01-25 10:15:00,3.07,2.7945587682724002,2.961004915237427,2.7945587682724002,2.6740557785482677
2026-01-25 10:30:00,3.15,2.7968193054199224,2.9632654523849493,2.7968193054199224,2.6688001474590166
2026-01-25 10:45:00,3.15,2.7945468091964725,2.9609929561614994,2.7945468091964725,2.6583371201562263
2026-01-25 11:00:00,3.12,2.802050042152405,2.968496189117432,2.802050042152405,2.6671155375282165
2026-01-25 11:15:00,3.1,2.798999118804932,2.965445265769959,2.798999118804932,2.649339330756811
2026-01-25 11:30:00,3.05,2.7985452175140386,2.9649913644790655,2.7985452175140386,2.6301983570515
2026-01-25 11:45:00,3.09,2.7940274047851568,2.9604735517501837,2.7940274047851568,2.6115665314528793
2026-01-25 12:00:00,3.08,2.823143405914307,2.989589552879334,2.823143405914307,2.603549007998013
2026-01-25 12:15:00,3.03,2.795760927200318,2.962207074165345,2.795760927200318,2.5916533896279432
2026-01-25 12:30:00,2.99,2.816634950637818,2.983081097602845,2.816634950637818,2.58555567615699
2026-01-25 12:45:00,3.0,2.8206673336029056,2.9871134805679325,2.8206673336029056,2.5862912454247717
2026-01-25 13:00:00,3.1,2.8225416469573976,2.9889877939224245,2.8225416469573976,2.5841609470266866
2026-01-25 13:15:00,3.12,2.862943482398987,3.029389629364014,2.862943482398987,2.5992166194761115
2026-01-25 13:30:00,3.15,2.8585232448577886,3.0249693918228155,2.8585232448577886,2.6204876056044113
2026-01-25 13:45:00,3.22,2.8700382041931154,3.0364843511581423,2.8700382041931154,2.646625958428968
2026-01-25 14:00:00,3.24,2.8929265165328983,3.0593726634979252,2.8929265165328983,2.661188897629609
2026-01-25 14:15:00,3.3,2.926245861053467,3.092692008018494,2.926245861053467,2.691898497303579
2026-01-25 14:30:00,3.38,2.9724954128265386,3.1389415597915655,2.9724954128265386,2.722315936599629
2026-01-25 14:45:00,3.48,3.0011599588394167,3.1676061058044436,3.0011599588394167,2.7510951646707507
2026-01-25 15:00:00,3.47,3.0386429643630986,3.2050891113281255,3.0386429643630986,2.7736793302834357
2026-01-25 15:15:00,3.58,3.1381514453887944,3.3045975923538213,3.1381514453887944,2.797216373023176
2026-01-25 15:30:00,3.64,3.19635952949524,3.3628056764602667,3.19635952949524,2.8183160661177977
2026-01-25 15:45:00,3.69,3.2282997751235967,3.3947459220886236,3.2282997751235967,2.837785832478716
2026-01-25 16:00:00,3.8,3.2670278835296633,3.4334740304946902,3.2670278835296633,2.8995141218464604
2026-01-25 16:15:00,3.85,3.307876825332642,3.474322972297669,3.307876825332642,2.9192052195550784
2026-01-25 16:30:00,3.8,3.3497292423248295,3.5161753892898564,3.3497292423248295,2.9406958860372012
2026-01-25 16:45:00,3.88,3.385519495010376,3.551965641975403,3.385519495010376,2.964684360388003
2026-01-25 17:00:00,3.97,3.400079669952393,3.56652581691742,3.400079669952393,3.0110928594608093
2026-01-25 17:15:00,3.95,3.4290567827224736,3.5955029296875005,3.4290567827224736,3.039842093368258
2026-01-25 17:30:00,3.94,3.4274762821197515,3.5939224290847784,3.4274762821197515,3.0695359891495535
2026-01-25 17:45:00,4.02,3.437321863174439,3.603768010139466,3.437321863174439,3.098433095329597
2026-01-25 18:00:00,4.02,3.4268122816085818,3.5932584285736087,3.4268122816085818,3.120020341376077
2026-01-25 18:15:00,4.02,3.4563816404342655,3.6228277873992925,3.4563816404342655,3.1408394223131757
2026-01-25 18:30:00,4.14,3.416117334365845,3.582563481330872,3.416117334365845,3.154406312862121
2026-01-25 18:45:00,4.29,3.418399615287781,3.584845762252808,3.418399615287781,3.1590600817746464
2026-01-25 19:00:00,4.12,3.402230944633484,3.568677091598511,3.402230944633484,3.136843550066861
2026-01-25 19:15:00,4.09,3.4032531738281255,3.5696993207931524,3.4032531738281255,3.1214572058553176
2026-01-25 19:30:00,4.06,3.3493704700469973,3.515816617012024,3.3493704700469973,3.096591936283688
2026-01-25 19:45:00,3.94,3.3034525108337407,3.4698986577987676,3.3034525108337407,3.0636713305587553
2026-01-25 20:00:00,3.82,3.2566838264465336,3.4231299734115606,3.2566838264465336,3.0537515831359965
2026-01-25 20:15:00,3.71,3.2302374172210695,3.3966835641860964,3.2302374172210695,3.011198274474605
2026-01-25 20:30:00,3.67,3.166223201751709,3.332669348716736,3.166223201751709,2.967507793711143
2026-01-25 20:45:00,3.61,3.1288037967681888,3.2952499437332157,3.1288037967681888,2.9249320641506054
2026-01-25 21:00:00,3.61,3.08286735534668,3.249313502311707,3.08286735534668,2.894104601998079
2026-01-25 21:15:00,3.56,3.332098302841187,3.498544449806214,3.332098302841187,2.8583644636453647
2026-01-25 21:30:00,3.58,3.2916831493377687,3.4581292963027956,3.2916831493377687,2.826885797634748
2026-01-25 21:45:00,3.51,3.250808658599854,3.417254805564881,3.250808658599854,2.799208206339596
2026-01-25 22:00:00,3.48,3.201701974868775,3.368148121833802,3.201701974868775,2.7189039416911545
2026-01-25 22:15:00,3.43,3.1600708007812504,3.3265169477462773,3.1600708007812504,2.6950780206356564
2026-01-25 22:30:00,3.37,3.11088502407074,3.277331171035767,3.11088502407074,2.6706925471349168
2026-01-25 22:45:00,3.31,3.0626796197891237,3.2291257667541506,3.0626796197891237,2.644141936471383
2026-01-25 23:00:00,3.25,3.008356332778931,3.174802479743958,3.008356332778931,2.563409442914869
2026-01-25 23:15:00,3.13,2.959551072120667,3.125997219085694,2.959551072120667,2.5293874592920598
2026-01-25 23:30:00,3.1,2.911395678520203,3.0778418254852298,2.911395678520203,2.491310252953183
2026-01-25 23:45:00,3.03,2.8588070011138917,3.0252531480789187,2.8588070011138917,2.4498839179827523
2026-01-26 00:00:00,2.99,2.8325758552551275,2.9990220022201544,2.8325758552551275,2.386775810887733
2026-01-26 00:15:00,2.93,2.766528596878052,2.932974743843079,2.766528596878052,2.342983917163169
2026-01-26 00:30:00,2.9,2.722305021286011,2.888751168251038,2.722305021286011,2.300769268334914
2026-01-26 00:45:00,2.92,2.6673916625976566,2.8338378095626835,2.6673916625976566,2.2619396924493316
2026-01-26 01:00:00,2.84,2.626431012153626,2.7928771591186528,2.626431012153626,2.111682063151298
2026-01-26 01:15:00,2.77,2.5887767744064334,2.7552229213714603,2.5887767744064334,2.0834719380078965
2026-01-26 01:30:00,2.72,2.5483042716979982,2.714750418663025,2.5483042716979982,2.0612857646926575
2026-01-26 01:45:00,2.65,2.5096598768234255,2.6761060237884524,2.5096598768234255,2.044687648240089
2026-01-26 02:00:00,2.64,2.4868068981170657,2.6532530450820926,2.4868068981170657,2.0490063296544934
2026-01-26 02:15:00,2.67,2.4253638839721683,2.591810030937195,2.4253638839721683,2.0399838063740816
2026-01-26 02:30:00,2.68,2.3853822469711305,2.5518283939361575,2.3853822469711305,2.0322774435228537
2026-01-26 02:45:00,2.63,2.355633230209351,2.5220793771743777,2.355633230209351,2.024204184956151
2026-01-26 03:00:00,2.63,2.3393111300468448,2.5057572770118717,2.3393111300468448,2.1113698795672518
2026-01-26 03:15:00,2.59,2.2607185292243956,2.4271646761894226,2.2607185292243956,2.098895964860491
2026-01-26 03:30:00,2.52,2.2553743171691893,2.4218204641342163,2.2553743171691893,2.0835393069230763
2026-01-26 03:45:00,2.53,2.2557931566238403,2.422239303588867,2.2557931566238403,2.0657581222811316
2026-01-26 04:00:00,2.5,2.252806513309479,2.419252660274506,2.252806513309479,2.1320393108593088
2026-01-26 04:15:00,2.43,2.264766812324524,2.431212959289551,2.264766812324524,2.113266875431849
2026-01-26 04:30:00,2.47,2.2676005697250368,2.4340467166900637,2.2676005697250368,2.0967714867300704
2026-01-26 04:45:00,2.45,2.2792715406417847,2.4457176876068116,2.2792715406417847,2.0845913573010657
2026-01-26 05:00:00,2.47,2.2932487106323247,2.4596948575973516,2.2932487106323247,2.049970173047667
2026-01-26 05:15:00,2.49,2.3232608270645145,2.4897069740295414,2.3232608270645145,2.0516631624417414
2026-01-26 05:30:00,2.54,2.351233921051026,2.5176800680160527,2.351233921051026,2.0619843466500263
2026-01-26 05:45:00,2.59,2.3649183654785157,2.5313645124435427,2.3649183654785157,2.0812399441372995
2026-01-26 06:00:00,2.6,2.4142280817031865,2.5806742286682134,2.4142280817031865,2.134669883381304
2026-01-26 06:15:00,2.68,2.4589514923095708,2.6253976392745977,2.4589514923095708,2.170177705073031
2026-01-26 06:30:00,2.69,2.5170658063888554,2.6835119533538823,2.5170658063888554,2.211961373963133
2026-01-26 06:45:00,2.63,2.5542049884796145,2.7206511354446414,2.5542049884796145,2.2583444095323575
2026-01-26 07:00:00,2.73,2.602491116523743,2.76893726348877,2.602491116523743,2.312598159732672
2026-01-26 07:15:00,2.89,2.641077346801758,2.807523493766785,2.641077346801758,2.362872778092223
2026-01-26 07:30:00,2.94,2.6896768569946294,2.8561230039596563,2.6896768569946294,2.412680955489248
2026-01-26 07:45:00,2.95,2.7271427392959597,2.8935888862609866,2.7271427392959597,2.460744067366274
2026-01-26 08:00:00,2.85,2.785538091659546,2.951984238624573,2.785538091659546,2.4424396994912407
2026-01-26 08:15:00,3.12,2.812797989845276,2.979244136810303,2.812797989845276,2.484331189115224
2026-01-26 08:30:00,3.18,2.8443816375732425,3.0108277845382694,2.8443816375732425,2.5222791654504
2026-01-26 08:45:00,3.22,2.866943521499634,3.033389668464661,2.866943521499634,2.5559161408632924
2026-01-26 09:00:00,3.16,2.8993558788299563,3.065802025794983,2.8993558788299563,2.5549312052220166
2026-01-26 09:15:00,3.21,2.9223765563964847,3.0888227033615117,2.9223765563964847,2.579023261233813
2026-01-26 09:30:00,3.25,2.9537713050842287,3.1202174520492556,2.9537713050842287,2.5978714172089923
2026-01-26 09:45:00,3.25,2.9586128282547,3.125058975219727,2.9586128282547,2.6111645315365926
2026-01-26 10:00:00,1.71,2.9705748939514165,3.1370210409164434,2.9705748939514165,2.653624216198493
2026-01-26 10:15:00,1.77,2.9863641357421877,3.1528102827072146,2.9863641357421877,2.655236388123482
2026-01-26 10:30:00,1.85,2.9837673854827886,3.1502135324478155,2.9837673854827886,2.651133143418691
2026-01-26 10:45:00,3.2,2.9812423896789553,3.147688536643982,2.9812423896789553,2.6418221748297723
2026-01-26 11:00:00,3.19,2.9830177688598636,3.1494639158248905,2.9830177688598636,2.6650513694074354
2026-01-26 11:15:00,3.12,2.9854606819152836,3.1519068288803105,2.9854606819152836,2.6484246720015183
2026-01-26 11:30:00,3.22,2.978374929428101,3.1448210763931277,2.978374929428101,2.6304309837635964
2026-01-26 11:45:00,3.21,2.9756221675872805,3.1420683145523074,2.9756221675872805,2.612943586109649
2026-01-26 12:00:00,3.19,3.001362447738648,3.1678085947036747,3.001362447738648,2.6346950861986658
2026-01-26 12:15:00,3.13,2.974269704818726,3.140715851783753,2.974269704818726,2.623936280021707
2026-01-26 12:30:00,3.13,2.99750020980835,3.1639463567733768,2.99750020980835,2.6189706216397908
2026-01-26 12:45:00,3.14,3.0050048017501836,3.1714509487152105,3.0050048017501836,2.6208328574828994
2026-01-26 13:00:00,3.26,3.0078005075454715,3.1742466545104984,3.0078005075454715,2.6088612357646754
2026-01-26 13:15:00,3.38,3.052852520942688,3.219298667907715,3.052852520942688,2.6250309104477423
2026-01-26 13:30:00,3.34,3.052847356796265,3.2192935037612918,3.052847356796265,2.647408627451096
2026-01-26 13:45:00,3.39,3.060439739227295,3.226885886192322,3.060439739227295,2.674645817331826
2026-01-26 14:00:00,3.3,3.100652947425843,3.2670990943908698,3.100652947425843,2.7119634876786045
2026-01-26 14:15:00,3.34,3.1319794750213625,3.2984256219863894,3.1319794750213625,2.743754282950428
2026-01-26 14:30:00,3.45,3.1785459423065188,3.3449920892715457,3.1785459423065188,2.775243178029003
2026-01-26 14:45:00,3.5,3.210843329429627,3.3772894763946537,3.210843329429627,2.8050835152120923
2026-01-26 15:00:00,3.5,3.2547464561462407,3.4211926031112676,3.2547464561462407,2.8138395935334533
2026-01-26 15:15:00,3.61,3.196377196311951,3.362823343276978,3.196377196311951,2.838415251674449
2026-01-26 15:30:00,3.61,3.2514816284179693,3.417927775382996,3.2514816284179693,2.8605414242231375
2026-01-26 15:45:00,3.63,3.275440278053284,3.441886425018311,3.275440278053284,2.881024949396797
2026-01-26 16:00:00,3.68,3.3135204219818117,3.4799665689468386,3.3135204219818117,2.8947165697243618
2026-01-26 16:15:00,3.83,3.352279243469239,3.5187253904342657,3.352279243469239,2.9153942575466933
2026-01-26 16:30:00,3.78,3.3860405302047734,3.5524866771698003,3.3860405302047734,2.9378570803523427
2026-01-26 16:45:00,3.79,3.42056230545044,3.587008452415467,3.42056230545044,2.9628027210765944
2026-01-26 17:00:00,3.77,3.4360096263885502,3.602455773353577,3.4360096263885502,2.993833106539231
2026-01-26 17:15:00,3.83,3.4663873100280767,3.6328334569931036,3.4663873100280767,3.0235078912570055
2026-01-26 17:30:00,3.84,3.4702976560592655,3.6367438030242925,3.4702976560592655,3.054110729566663
2026-01-26 17:45:00,3.83,3.485035314559937,3.651481461524964,3.485035314559937,3.0838996484401324
2026-01-26 18:00:00,3.88,3.4871344041824344,3.6535805511474613,3.4871344041824344,3.101280432855461
2026-01-26 18:15:00,3.83,3.502963600158692,3.669409747123719,3.502963600158692,3.122955540922259
2026-01-26 18:30:00,3.78,3.4854957389831545,3.6519418859481814,3.4854957389831545,3.1373598230388544
2026-01-26 18:45:00,3.9,3.4978978443145756,3.6643439912796025,3.4978978443145756,3.14283186680813
2026-01-26 19:00:00,3.95,3.4815139102935793,3.647960057258606,3.4815139102935793,3.243503499097254
2026-01-26 19:15:00,3.89,3.4965513610839847,3.6629975080490116,3.4965513610839847,3.228895796971859
2026-01-26 19:30:00,3.86,3.453639750480652,3.620085897445679,3.453639750480652,3.2047886763067956
2026-01-26 19:45:00,3.74,3.4226518821716314,3.5890980291366583,3.4226518821716314,3.172605290860141
2026-01-26 20:00:00,3.65,3.3961070823669437,3.5625532293319706,3.3961070823669437,3.1359609074211328
2026-01-26 20:15:00,3.5,3.368369636535645,3.534815783500672,3.368369636535645,3.0941017046138395
2026-01-26 20:30:00,3.6,3.3261502933502203,3.492596440315247,3.3261502933502203,3.051083169175018
2026-01-26 20:45:00,3.54,3.2958204460144045,3.4622665929794314,3.2958204460144045,3.009156839584148
2026-01-26 21:00:00,3.48,3.2614587593078617,3.4279049062728886,3.2614587593078617,2.920743409128358
2026-01-26 21:15:00,3.43,3.239807124137879,3.406253271102906,3.239807124137879,2.885606479101676
2026-01-26 21:30:00,3.43,3.2035262775421147,3.3699724245071416,3.2035262775421147,2.8547074025798644
2026-01-26 21:45:00,3.42,3.1630306720733645,3.3294768190383914,3.1630306720733645,2.827585452023924
2026-01-26 22:00:00,3.38,3.117468767166138,3.2839149141311648,3.117468767166138,2.734640539764577
2026-01-26 22:15:00,3.36,3.0779201030731205,3.2443662500381474,3.0779201030731205,2.7113214296850665
2026-01-26 22:30:00,3.26,3.0328490638732912,3.199295210838318,3.0328490638732912,2.6874179155137927
2026-01-26 22:45:00,3.22,2.986728887557984,3.1531750345230107,2.986728887557984,2.661324141268296
2026-01-26 23:00:00,3.11,2.935524201393128,3.101970348358155,2.935524201393128,2.58067357102251
2026-01-26 23:15:00,3.11,2.8931496620178225,3.0595958089828494,2.8931496620178225,2.547057425086567
2026-01-26 23:30:00,3.02,2.8448450517654424,3.0112911987304694,2.8448450517654424,2.5093602115124627
2026-01-26 23:45:00,3.01,2.7981481218338016,2.9645942687988285,2.7981481218338016,2.468287814929657
2026-01-27 00:00:00,2.95,2.774155497550965,2.9406016445159917,2.774155497550965,2.464061323893564
2026-01-27 00:15:00,2.91,2.7131367588043216,2.8795829057693485,2.7131367588043216,2.4205706949644297
2026-01-27 00:30:00,2.86,2.6710016727447514,2.8374478197097783,2.6710016727447514,2.378630723818558
2026-01-27 00:45:00,2.81,2.623317031860352,2.7897631788253787,2.623317031860352,2.340049093319391
2026-01-27 01:00:00,2.71,2.585438017845154,2.751884164810181,2.585438017845154,2.223908094167323
2026-01-27 01:15:00,2.65,2.554338984489441,2.720785131454468,2.554338984489441,2.1958920796669523
2026-01-27 01:30:00,2.59,2.5193467283248903,2.685792875289917,2.5193467283248903,2.173872947592095
2026-01-27 01:45:00,2.6,2.483532557487488,2.649978704452515,2.483532557487488,2.157414723759675
2026-01-27 02:00:00,2.55,2.4672315216064455,2.6336776685714725,2.4672315216064455,2.151234659611691
2026-01-27 02:15:00,2.5,2.411872415542603,2.5783185625076297,2.411872415542603,2.1422975608978194
2026-01-27 02:30:00,2.5,2.3771688079833986,2.5436149549484255,2.3771688079833986,2.134649336717354
2026-01-27 02:45:00,2.44,2.3509300518035894,2.5173761987686163,2.3509300518035894,2.126606918758732
2026-01-27 03:00:00,2.4,2.3374519014358524,2.5038980484008793,2.3374519014358524,2.117348255560484
2026-01-27 03:15:00,2.46,2.2147672748565674,2.3812134218215943,2.2147672748565674,2.104850616225785
2026-01-27 03:30:00,2.45,2.2085963916778564,2.3750425386428833,2.2085963916778564,2.089443000164642
2026-01-27 03:45:00,2.41,2.2096818137168883,2.3761279606819152,2.2096818137168883,2.0715836790934827
2026-01-27 04:00:00,2.35,2.2062475204467775,2.3726936674118044,2.2062475204467775,2.0690276479458154
2026-01-27 04:15:00,2.35,2.216421432495117,2.382867579460144,2.216421432495117,2.0501229522442084
2026-01-27 04:30:00,2.34,2.2188185477256774,2.3852646946907043,2.2188185477256774,2.033468391171951
2026-01-27 04:45:00,2.36,2.2286406183242797,2.3950867652893066,2.2286406183242797,2.021102299418598
2026-01-27 05:00:00,2.34,2.243665974140167,2.410112121105194,2.243665974140167,2.022755202486754
2026-01-27 05:15:00,2.3,2.2707702684402467,2.4372164154052736,2.2707702684402467,2.0242090822014207
2026-01-27 05:30:00,2.34,2.2996128416061405,2.4660589885711675,2.2996128416061405,2.0342648322325925
2026-01-27 05:45:00,2.34,2.3134011125564578,2.4798472595214847,2.3134011125564578,2.053228858919974
2026-01-27 06:00:00,2.33,2.3623664617538456,2.5288126087188725,2.3623664617538456,2.100597925391522
2026-01-27 06:15:00,2.43,2.3978463220596318,2.5642924690246587,2.3978463220596318,2.1357625312129036
2026-01-27 06:30:00,2.5,2.458381805419922,2.624827952384949,2.458381805419922,2.177177507736939
2026-01-27 06:45:00,2.56,2.490956153869629,2.657402300834656,2.490956153869629,2.2231666261968255
2026-01-27 07:00:00,2.65,2.5375576829910282,2.704003829956055,2.5375576829910282,2.301766979034838
2026-01-27 07:15:00,2.84,2.5769090223312383,2.743355169296265,2.5769090223312383,2.3515980481775216
2026-01-27 07:30:00,2.84,2.6234298276901247,2.7898759746551516,2.6234298276901247,2.4009382996378323
2026-01-27 07:45:00,2.94,2.663200821876526,2.829646968841553,2.663200821876526,2.4485094219125783
2026-01-27 08:00:00,2.95,2.717450995445252,2.883897142410279,2.717450995445252,2.5256624578444677
2026-01-27 08:15:00,3.05,2.7430985927581792,2.909544739723206,2.7430985927581792,2.5670148286583876
2026-01-27 08:30:00,3.1,2.775769972801209,2.9422161197662358,2.775769972801209,2.604400649662474
2026-01-27 08:45:00,3.07,2.798340826034546,2.964786972999573,2.798340826034546,2.637452804263454
2026-01-27 09:00:00,3.1,2.8322040367126466,2.9986501836776736,2.8322040367126466,2.686389955108138
2026-01-27 09:15:00,3.18,2.8383031654357915,3.0047493124008184,2.8383031654357915,2.7098530278218673
2026-01-27 09:30:00,3.17,2.8705192852020267,3.0369654321670536,2.8705192852020267,2.7280507305452293
2026-01-27 09:45:00,3.16,2.876826610565186,3.0432727575302128,2.876826610565186,2.7406723468139726
2026-01-27 10:00:00,3.22,2.8897772026062016,3.0562233495712285,2.8897772026062016,2.786383541353167
2026-01-27 10:15:00,3.28,2.9058159542083746,3.0722621011734015,2.9058159542083746,2.7872834520610925
2026-01-27 10:30:00,3.34,2.9071907043457035,3.0736368513107304,2.9071907043457035,2.782448252610256
2026-01-27 10:45:00,3.33,2.9072466945648197,3.0736928415298466,2.9072466945648197,2.7723861104840744
2026-01-27 11:00:00,3.26,2.9113578987121587,3.0778040456771856,2.9113578987121587,2.7490650289166187
2026-01-27 11:15:00,3.21,2.913468675613404,3.0799148225784307,2.913468675613404,2.7316501908305373
2026-01-27 11:30:00,3.31,2.9099445533752446,3.0763907003402715,2.9099445533752446,2.7128506358438598
2026-01-27 11:45:00,3.14,2.9077207088470463,3.074166855812073,2.9077207088470463,2.6945401647012774
2026-01-27 12:00:00,3.14,2.933426470756531,3.099872617721558,2.933426470756531,2.6735833237868096
2026-01-27 12:15:00,3.14,2.904521112442017,3.070967259407044,2.904521112442017,2.66196862937571
2026-01-27 12:30:00,3.13,2.927903280258179,3.094349427223206,2.927903280258179,2.656131494323925
2026-01-27 12:45:00,3.08,2.9351678752899173,3.101614022254944,2.9351678752899173,2.6571072234102635
2026-01-27 13:00:00,3.13,2.9368660640716557,3.1033122110366826,2.9368660640716557,2.6901333492589585
2026-01-27 13:15:00,3.12,2.9785113716125493,3.144957518577576,2.9785113716125493,2.705388167143359
2026-01-27 13:30:00,3.22,2.974501819610596,3.140947966575623,2.974501819610596,2.7268377239397816
2026-01-27 13:45:00,3.28,2.9817261886596684,3.1481723356246953,2.9817261886596684,2.7531340416966033
2026-01-27 14:00:00,3.19,3.0154668188095095,3.1819129657745364,3.0154668188095095,2.7564768632915744
2026-01-27 14:15:00,3.33,3.043460025787354,3.209906172752381,3.043460025787354,2.787303165851299
2026-01-27 14:30:00,3.34,3.082618389129639,3.2490645360946657,3.082618389129639,2.8178166729665293
2026-01-27 14:45:00,3.47,3.1103501272201544,3.2767962741851813,3.1103501272201544,2.8466713452561434
2026-01-27 15:00:00,3.49,3.1498642730712896,3.3163104200363165,3.1498642730712896,2.869938035937358
2026-01-27 15:15:00,3.6,3.2143204307556155,3.3807665777206424,3.2143204307556155,2.8935093525279507
2026-01-27 15:30:00,3.66,3.2683542537689214,3.4348004007339483,3.2683542537689214,2.9146227939357967
2026-01-27 15:45:00,3.65,3.286488018035889,3.452934165000916,3.286488018035889,2.9340858369409357
2026-01-27 16:00:00,3.75,3.321941242218018,3.488387389183045,3.321941242218018,2.9555965934908297
2026-01-27 16:15:00,3.79,3.357178115844727,3.523624262809754,3.357178115844727,2.9752402283374195
2026-01-27 16:30:00,3.84,3.387410116195679,3.553856263160706,3.387410116195679,2.9966631851241234
2026-01-27 16:45:00,3.9,3.4211102485656744,3.5875563955307013,3.4211102485656744,3.0205637988239347
2026-01-27 17:00:00,3.85,3.4375827884674077,3.6040289354324346,3.4375827884674077,3.0364124320898878
2026-01-27 17:15:00,4.07,3.4667401027679445,3.6331862497329714,3.4667401027679445,3.0650338325529702
2026-01-27 17:30:00,4.2,3.4706746387481693,3.637120785713196,3.4706746387481693,3.0945800936768033
2026-01-27 17:45:00,4.1,3.4863010740280154,3.6527472209930423,3.4863010740280154,3.12330990104153
2026-01-27 18:00:00,4.14,3.492150964736939,3.6585971117019658,3.492150964736939,3.141512745907845
2026-01-27 18:15:00,4.11,3.502252578735352,3.668698725700379,3.502252578735352,3.1621256513547955
2026-01-27 18:30:00,4.2,3.4899947977066046,3.6564409446716315,3.4899947977066046,3.175467173889272
2026-01-27 18:45:00,4.25,3.5017214870452884,3.6681676340103153,3.5017214870452884,3.1798765593248057
2026-01-27 19:00:00,4.15,3.4879878473281862,3.654433994293213,3.4879878473281862,3.211223206110806
2026-01-27 19:15:00,4.15,3.504806656837464,3.6712528038024907,3.504806656837464,3.195555017625572
2026-01-27 19:30:00,4.18,3.463352694511414,3.629798841476441,3.463352694511414,3.1703894776648065
2026-01-27 19:45:00,4.0,3.437517013549805,3.603963160514832,3.437517013549805,3.137150390913839
2026-01-27 20:00:00,3.85,3.412313261032105,3.578759407997132,3.412313261032105,3.0776709180934296
2026-01-27 20:15:00,3.76,3.3862560653686526,3.5527022123336796,3.3862560653686526,3.0347633906655873
2026-01-27 20:30:00,3.78,3.3446284246444704,3.5110745716094973,3.3446284246444704,2.990701182256835
2026-01-27 20:45:00,3.71,3.312400617599488,3.4788467645645147,3.312400617599488,2.947736468128259
2026-01-27 21:00:00,3.72,3.2817864704132083,3.448232617378235,3.2817864704132083,2.912025955961741
2026-01-27 21:15:00,3.59,3.3758543872833258,3.5423005342483527,3.3758543872833258,2.8758631099816596
2026-01-27 21:30:00,3.6,3.3431658840179446,3.5096120309829715,3.3431658840179446,2.8439452872770152
2026-01-27 21:45:00,3.6,3.301770629882813,3.46821677684784,3.301770629882813,2.8158123763802574
2026-01-27 22:00:00,3.55,3.258603258132935,3.425049405097962,3.258603258132935,2.774404090389095
2026-01-27 22:15:00,3.49,3.218253335952759,3.384699482917786,3.218253335952759,2.7500914147043973
2026-01-27 22:30:00,3.5,3.1716727352142335,3.3381188821792604,3.1716727352142335,2.725203930262181
2026-01-27 22:45:00,3.4,3.1281210422515873,3.294567189216614,3.1281210422515873,2.6981363700822985
2026-01-27 23:00:00,3.34,3.0784030866622927,3.2448492336273196,3.0784030866622927,2.6435822987583797
2026-01-27 23:15:00,3.24,3.033837862014771,3.2002840089797977,3.033837862014771,2.6090144711845875
2026-01-27 23:30:00,3.23,2.985059237480164,3.151505384445191,2.985059237480164,2.5703774793897485
2026-01-27 23:45:00,3.14,2.9373884582519536,3.1038346052169805,2.9373884582519536,2.528377763873584
2026-01-28 00:00:00,3.03,2.9176755523681646,3.0841216993331915,2.9176755523681646,2.5161089824316196
2026-01-28 00:15:00,2.97,2.849367485046387,3.015813632011414,2.849367485046387,2.4717175836833816
2026-01-28 00:30:00,2.97,2.8115629434585574,2.9780090904235843,2.8115629434585574,2.428890913187116
2026-01-28 00:45:00,2.92,2.762255945205689,2.928702092170716,2.762255945205689,2.389437170944895
2026-01-28 01:00:00,2.87,2.723041048049927,2.889487195014954,2.723041048049927,2.3532427820892368
2026-01-28 01:15:00,2.82,2.694466466903687,2.860912613868714,2.694466466903687,2.3243853401055325
2026-01-28 01:30:00,2.77,2.654875946044922,2.821322093009949,2.654875946044922,2.3015408552350953
2026-01-28 01:45:00,2.72,2.617661204338074,2.784107351303101,2.617661204338074,2.284273826557402
2026-01-28 02:00:00,2.71,2.5989129066467287,2.7653590536117556,2.5989129066467287,2.2850390146805633
2026-01-28 02:15:00,2.67,2.542997159957886,2.709443306922913,2.542997159957886,2.2753275795990766
2026-01-28 02:30:00,2.66,2.5077749633789064,2.6742211103439333,2.5077749633789064,2.26692291530536
2026-01-28 02:45:00,2.61,2.4745616197586062,2.641007766723633,2.4745616197586062,2.2581423782144006
2026-01-28 03:00:00,2.6,2.461438164710999,2.6278843116760258,2.461438164710999,2.2388082665212368
2026-01-28 03:15:00,2.57,2.30347806930542,2.469924216270447,2.30347806930542,2.225610372768561
2026-01-28 03:30:00,2.56,2.293695001602173,2.4601411485672,2.293695001602173,2.209522019739977
2026-01-28 03:45:00,2.51,2.293366670608521,2.459812817573548,2.293366670608521,2.1910018512644456
2026-01-28 04:00:00,2.45,2.2874790000915532,2.45392514705658,2.2874790000915532,2.1705345903171485
2026-01-28 04:15:00,2.46,2.2944595670700076,2.4609057140350346,2.2944595670700076,2.151009887727193
2026-01-28 04:30:00,2.46,2.29285501241684,2.4593011593818668,2.29285501241684,2.133756242661791
2026-01-28 04:45:00,2.46,2.3000546479225163,2.4665007948875433,2.3000546479225163,2.120812305929281
2026-01-28 05:00:00,2.45,2.3120043468475346,2.4784504938125616,2.3120043468475346,2.0804631376581018
2026-01-28 05:15:00,2.45,2.33409316778183,2.500539314746857,2.33409316778183,2.0813825406697175
2026-01-28 05:30:00,2.45,2.35929624080658,2.525742387771607,2.35929624080658,2.09092591384219
2026-01-28 05:45:00,2.4,2.3687816905975345,2.5352278375625614,2.3687816905975345,2.109399920790098
2026-01-28 06:00:00,2.45,2.4151780128479006,2.5816241598129275,2.4151780128479006,2.1301343421758916
2026-01-28 06:15:00,2.46,2.4501670074462893,2.6166131544113163,2.4501670074462893,2.164854353927496
2026-01-28 06:30:00,2.55,2.507896456718445,2.674342603683472,2.507896456718445,2.2058477744723137
2026-01-28 06:45:00,2.61,2.5367776250839236,2.7032237720489505,2.5367776250839236,2.2514385713381704
2026-01-28 07:00:00,2.77,2.582322406768799,2.748768553733826,2.582322406768799,2.430840043361325
2026-01-28 07:15:00,2.83,2.6186252689361575,2.7850714159011845,2.6186252689361575,2.4803197867090514
2026-01-28 07:30:00,2.83,2.666217498779297,2.832663645744324,2.666217498779297,2.52933244255904
2026-01-28 07:45:00,2.87,2.7041886520385745,2.8706347990036014,2.7041886520385745,2.5765998333754245
2026-01-28 08:00:00,2.92,2.7572744464874273,2.923720593452454,2.7572744464874273,2.5418040147156122
2026-01-28 08:15:00,3.04,2.7856767082214358,2.9521228551864627,2.7856767082214358,2.582900721352961
2026-01-28 08:30:00,3.13,2.8181330966949467,2.9845792436599736,2.8181330966949467,2.6200550497808086
2026-01-28 08:45:00,3.21,2.839803757667542,3.006249904632569,2.839803757667542,2.6528999542796043
2026-01-28 09:00:00,3.25,2.874748449325562,3.041194596290589,2.874748449325562,2.505628792859903
2026-01-28 09:15:00,3.19,2.858568906784058,3.025015053749085,2.858568906784058,2.528933249993931
2026-01-28 09:30:00,3.2,2.886988019943238,3.0534341669082647,2.886988019943238,2.546996697651312
2026-01-28 09:45:00,3.3,2.8936152505874637,3.0600613975524906,2.8936152505874637,2.5595084271949937
2026-01-28 10:00:00,3.24,2.9055033874511724,3.0719495344161993,2.9055033874511724,2.551311504139867
2026-01-28 10:15:00,3.29,2.9215655136108403,3.088011660575867,2.9215655136108403,2.5521502257131186
2026-01-28 10:30:00,3.39,2.921392107009888,3.087838253974915,2.921392107009888,2.547278135185978
2026-01-28 10:45:00,3.35,2.9228293704986577,3.0892755174636846,2.9228293704986577,2.5372033455527934
2026-01-28 11:00:00,3.28,2.928115010261536,3.094561157226563,2.928115010261536,2.549298730110915
2026-01-28 11:15:00,3.23,2.9313540172576906,3.0978001642227175,2.9313540172576906,2.5319195067130256
2026-01-28 11:30:00,3.28,2.931098256111145,3.097544403076172,2.931098256111145,2.513179554577589
2026-01-28 11:45:00,3.29,2.9315899372100835,3.0980360841751104,2.9315899372100835,2.4949525590312325
2026-01-28 12:00:00,3.22,2.9601117897033693,3.126557936668396,2.9601117897033693,2.52487742683875
2026-01-28 12:15:00,3.22,2.9333653163909914,3.0998114633560183,2.9333653163909914,2.5133935476866767
2026-01-28 12:30:00,3.23,2.962744417190552,3.129190564155579,2.962744417190552,2.507710665368072
2026-01-28 12:45:00,3.12,2.9707868957519534,3.1372330427169803,2.9707868957519534,2.5088639104114945
2026-01-28 13:00:00,3.1,2.9773410129547124,3.1437871599197393,2.9773410129547124,2.5257708848878084
2026-01-28 13:15:00,3.28,3.0203045368194585,3.1867506837844854,3.0203045368194585,2.541249165345283
2026-01-28 13:30:00,3.17,3.0218173599243165,3.1882635068893435,3.0218173599243165,2.562944840045477
2026-01-28 13:45:00,3.27,3.0338563442230226,3.2003024911880495,3.0338563442230226,2.5895097006540366
2026-01-28 14:00:00,3.31,3.0682669544219974,3.2347131013870243,3.0682669544219974,2.6778313152804394
2026-01-28 14:15:00,3.38,3.098200793266297,3.264646940231324,3.098200793266297,2.7089702655918333
2026-01-28 14:30:00,3.41,3.140003471374512,3.306449618339539,3.140003471374512,2.7398180739830353
2026-01-28 14:45:00,3.53,3.1698544120788577,3.3363005590438846,3.1698544120788577,2.769028417912881
2026-01-28 15:00:00,3.53,3.2114796066284184,3.3779257535934453,3.2114796066284184,2.7791081452766817
2026-01-28 15:15:00,3.65,3.2395426654815678,3.4059888124465947,3.2395426654815678,2.803076974612024
2026-01-28 15:30:00,3.65,3.293917865753174,3.460364012718201,3.293917865753174,2.8246083750212954
2026-01-28 15:45:00,3.59,3.3119290494918827,3.4783751964569096,3.3119290494918827,2.844509491260082
2026-01-28 16:00:00,3.65,3.346295900344849,3.512742047309876,3.346295900344849,2.8799234542410295
2026-01-28 16:15:00,3.86,3.380238475799561,3.546684622764588,3.380238475799561,2.9000443486718988
2026-01-28 16:30:00,3.85,3.4089494991302494,3.5753956460952763,3.4089494991302494,2.9219636149275576
2026-01-28 16:45:00,3.91,3.4411775779724123,3.607623724937439,3.4411775779724123,2.9463792114409353
2026-01-28 17:00:00,3.9,3.4559530162811285,3.6223991632461554,3.4559530162811285,2.906287614346823
2026-01-28 17:15:00,3.97,3.481703081130982,3.648149228096009,3.481703081130982,2.9354601734832526
2026-01-28 17:30:00,3.91,3.4815650081634524,3.6480111551284793,3.4815650081634524,2.965575075957857
2026-01-28 17:45:00,3.96,3.49496678352356,3.661412930488587,3.49496678352356,2.99489059117852
2026-01-28 18:00:00,4.04,3.496893281936646,3.663339428901673,3.496893281936646,3.0314258834898786
2026-01-28 18:15:00,4.01,3.5048134517669682,3.671259598731995,3.5048134517669682,3.0526573451763226
2026-01-28 18:30:00,4.06,3.4878533077239995,3.6542994546890264,3.4878533077239995,3.0666331886190403
2026-01-28 18:45:00,4.08,3.495984392166138,3.662430539131165,3.495984392166138,3.0716922090638787
2026-01-28 19:00:00,4.12,3.4787894153594974,3.6452355623245243,3.4787894153594974,3.1852662266106404
2026-01-28 19:15:00,4.12,3.49342025756836,3.659866404533387,3.49342025756836,3.1702769189860986
2026-01-28 19:30:00,4.09,3.4468214464187628,3.6132675933837897,3.4468214464187628,3.1458041772345027
2026-01-28 19:45:00,4.03,3.418489036560059,3.584935183525086,3.418489036560059,3.1132713266051644
2026-01-28 20:00:00,3.92,3.3881700611114507,3.5546162080764776,3.3881700611114507,3.068438401584329
2026-01-28 20:15:00,3.81,3.362158527374268,3.5286046743392947,3.362158527374268,3.026262523054997
2026-01-28 20:30:00,3.76,3.316051940917969,3.482498087882996,3.316051940917969,2.9829439268979385
2026-01-28 20:45:00,3.71,3.280579690933228,3.447025837898255,3.280579690933228,2.9407342859455112
2026-01-28 21:00:00,3.71,3.2479455471038823,3.414391694068909,3.2479455471038823,2.846022897513042
2026-01-28 21:15:00,5.07,3.3629741907119755,3.5294203376770024,3.3629741907119755,2.8106365203892727
2026-01-28 21:30:00,3.53,3.32935097694397,3.495797123908997,3.32935097694397,2.7795050928169927
2026-01-28 21:45:00,3.54,3.287668161392212,3.454114308357239,3.287668161392212,2.7521679838745374
2026-01-28 22:00:00,3.48,3.2438800048828127,3.4103261518478396,3.2438800048828127,2.6043716504524363
2026-01-28 22:15:00,3.43,3.2039078807830816,3.3703540277481085,3.2039078807830816,2.580872019301407
2026-01-28 22:30:00,3.43,3.156642351150513,3.3230884981155397,3.156642351150513,2.556805409703391
2026-01-28 22:45:00,3.37,3.113261346817017,3.279707493782044,3.113261346817017,2.530566024326014
2026-01-28 23:00:00,3.29,3.0636268329620364,3.2300729799270633,3.0636268329620364,2.619858086424473
2026-01-28 23:15:00,3.22,3.0176420116424563,3.184088158607483,3.0176420116424563,2.5861314359631025
2026-01-28 23:30:00,3.27,2.9693738222122197,3.1358199691772466,2.9693738222122197,2.5483413212449433
2026-01-28 23:45:00,3.16,2.9212322902679446,3.0876784372329715,2.9212322902679446,2.5071936476670267
2026-01-29 00:00:00,3.12,2.8995358085632326,3.0659819555282595,2.8995358085632326,2.508173175106423
2026-01-29 00:15:00,3.08,2.8322950887680056,2.9987412357330325,2.8322950887680056,2.464642542278206
2026-01-29 00:30:00,3.02,2.7941296005249026,2.9605757474899295,2.7941296005249026,2.4226801974962546
2026-01-29 00:45:00,2.95,2.7453210783004764,2.9117672252655034,2.7453210783004764,2.3840938070207813
2026-01-29 01:00:00,2.87,2.705417175292969,2.871863322257996,2.705417175292969,2.299058501330087
2026-01-29 01:15:00,2.81,2.676670002937317,2.843116149902344,2.676670002937317,2.2710728675218412
2026-01-29 01:30:00,2.78,2.6362801265716556,2.8027262735366825,2.6362801265716556,2.249101624866075
2026-01-29 01:45:00,2.75,2.600355606079102,2.766801753044129,2.600355606079102,2.2327087460383765
2026-01-29 02:00:00,2.72,2.5797854518890384,2.7462315988540653,2.5797854518890384,2.2430768478988905
2026-01-29 02:15:00,2.67,2.524104809761048,2.690550956726075,2.524104809761048,2.234239810142725
2026-01-29 02:30:00,2.69,2.4884936714172365,2.6549398183822635,2.4884936714172365,2.226708889576006
2026-01-29 02:45:00,2.62,2.456686878204346,2.623133025169373,2.456686878204346,2.218800929362731
2026-01-29 03:00:00,2.62,2.4432568359375004,2.6097029829025273,2.4432568359375004,2.2188637137678136
2026-01-29 03:15:00,2.56,2.3242638945579532,2.49071004152298,2.3242638945579532,2.206534540434125
2026-01-29 03:30:00,2.46,2.314833076000214,2.4812792229652407,2.314833076000214,2.1913122275654993
2026-01-29 03:45:00,2.51,2.3133617019653325,2.4798078489303594,2.3133617019653325,2.1736549244308354
2026-01-29 04:00:00,2.51,2.3074873495101933,2.47393349647522,2.3074873495101933,2.12559629862971
2026-01-29 04:15:00,2.51,2.3144086647033695,2.4808548116683964,2.3144086647033695,2.106926650367793
2026-01-29 04:30:00,2.45,2.311715970039368,2.478162117004395,2.311715970039368,2.0905234354230586
2026-01-29 04:45:00,2.44,2.3187814736366277,2.4852276206016546,2.3187814736366277,2.0784248339348563
2026-01-29 05:00:00,2.46,2.3298255443573,2.496271691322327,2.3298255443573,2.0801563501166638
2026-01-29 05:15:00,2.47,2.3507343578338626,2.5171805047988896,2.3507343578338626,2.081909513997872
2026-01-29 05:30:00,2.46,2.3736724090576176,2.5401185560226445,2.3736724090576176,2.0922801829162156
2026-01-29 05:45:00,2.46,2.382933354377747,2.549379501342774,2.382933354377747,2.1115745786061684
2026-01-29 06:00:00,2.46,2.4255998039245608,2.5920459508895877,2.4255998039245608,2.1051715107448947
2026-01-29 06:15:00,2.56,2.462410655021668,2.6288568019866947,2.462410655021668,2.1406968034416876
2026-01-29 06:30:00,2.61,2.5179877424240114,2.6844338893890383,2.5179877424240114,2.182487320733215
2026-01-29 06:45:00,2.71,2.546463661193848,2.7129098081588747,2.546463661193848,2.2288666214437174
2026-01-29 07:00:00,2.75,2.590061016082764,2.756507163047791,2.590061016082764,2.353379307891381
2026-01-29 07:15:00,2.86,2.625256032943726,2.7917021799087527,2.625256032943726,2.4036291791098847
2026-01-29 07:30:00,2.86,2.67154064655304,2.8379867935180667,2.67154064655304,2.4534021983369394
2026-01-29 07:45:00,2.98,2.709293546676636,2.875739693641663,2.709293546676636,2.501419816413567
2026-01-29 08:00:00,3.01,2.7610785198211674,2.9275246667861943,2.7610785198211674,2.5131440973408887
2026-01-29 08:15:00,3.12,2.7898566770553592,2.956302824020386,2.7898566770553592,2.554969683766581
2026-01-29 08:30:00,3.11,2.821521320343018,2.987967467308045,2.821521320343018,2.5928417008825955
2026-01-29 08:45:00,3.18,2.843296623229981,3.009742770195008,2.843296623229981,2.626392771872261
2026-01-29 09:00:00,3.18,2.8776892948150636,3.0441354417800905,2.8776892948150636,2.6412907271781014
2026-01-29 09:15:00,3.17,2.835141077041626,3.001587224006653,2.835141077041626,2.6652773557384934
2026-01-29 09:30:00,3.22,2.8646865177154544,3.0311326646804813,2.8646865177154544,2.684010523615847
2026-01-29 09:45:00,3.27,2.870093379020691,3.036539525985718,2.870093379020691,2.6971792344528653
2026-01-29 10:00:00,3.29,2.883448677062989,3.0498948240280157,2.883448677062989,2.7350523036779197
2026-01-29 10:15:00,3.3,2.8999500274658208,3.0663961744308477,2.8999500274658208,2.7365217104874517
2026-01-29 10:30:00,3.36,2.8988688182830815,3.0653149652481084,2.8988688182830815,2.7322667708876174
2026-01-29 10:45:00,3.26,2.900991010665894,3.0674371576309207,2.900991010665894,2.7227953557464177
2026-01-29 11:00:00,3.37,2.9071330833435063,3.073579230308533,2.9071330833435063,2.7427762997456373
2026-01-29 11:15:00,3.26,2.909184608459473,3.0756307554244997,2.909184608459473,2.7259722184387254
2026-01-29 11:30:00,3.32,2.907779145240784,3.074225292205811,2.907779145240784,2.707792976049333
2026-01-29 11:45:00,3.31,2.9104729270935064,3.0769190740585333,2.9104729270935064,2.6901120630335256
2026-01-29 12:00:00,3.21,2.936554312705994,3.103000459671021,2.936554312705994,2.644304037670874
2026-01-29 12:15:00,3.22,2.9118319129943853,3.078278059959412,2.9118319129943853,2.6333364500463916
2026-01-29 12:30:00,3.17,2.9410870742797854,3.1075332212448123,2.9410870742797854,2.6281547195828403
2026-01-29 12:45:00,3.12,2.9497693634033206,3.1162155103683475,2.9497693634033206,2.6297938302286425
2026-01-29 13:00:00,3.16,2.955536899566651,3.121983046531678,2.955536899566651,2.6729062273350923
2026-01-29 13:15:00,3.21,3.001012916564942,3.167459063529969,3.001012916564942,2.6888394096557446
2026-01-29 13:30:00,3.21,3.000831899642945,3.1672780466079717,3.000831899642945,2.710974333092072
2026-01-29 13:45:00,3.16,3.015413274765015,3.1818594217300418,3.015413274765015,2.7379626913418003
2026-01-29 14:00:00,3.21,3.0491123199462895,3.2155584669113164,3.0491123199462895,2.7571866217972487
2026-01-29 14:15:00,3.32,3.0808892154693606,3.2473353624343875,3.0808892154693606,2.7887173222762747
2026-01-29 14:30:00,3.37,3.124010925292969,3.290457072257996,3.124010925292969,2.819940908684757
2026-01-29 14:45:00,3.48,3.153940415382386,3.3203865623474127,3.153940415382386,2.8495110089162847
2026-01-29 15:00:00,3.49,3.1960078239440923,3.3624539709091192,3.1960078239440923,2.8917009320713962
2026-01-29 15:15:00,3.65,3.1733051490783697,3.3397512960433966,3.1733051490783697,2.915997373602355
2026-01-29 15:30:00,3.65,3.2295671653747564,3.3960133123397833,3.2295671653747564,2.9378402876112877
2026-01-29 15:45:00,3.74,3.248672332763672,3.415118479728699,3.248672332763672,2.9580368168504183
2026-01-29 16:00:00,3.76,3.287544221878052,3.453990368843079,3.287544221878052,3.0051467318734812
2026-01-29 16:15:00,3.8,3.3237304830551153,3.4901766300201422,3.3237304830551153,3.0255308788747577
2026-01-29 16:30:00,3.87,3.3568775081634525,3.5233236551284794,3.3568775081634525,3.0476973609126703
2026-01-29 16:45:00,3.87,3.393446731567383,3.55989287853241,3.393446731567383,3.072344180566776
2026-01-29 17:00:00,3.98,3.411373658180237,3.577819805145264,3.411373658180237,3.0920797808829867
2026-01-29 17:15:00,3.94,3.440176277160645,3.6066224241256717,3.440176277160645,3.1214517551322185
2026-01-29 17:30:00,4.01,3.4425430870056157,3.6089892339706426,3.4425430870056157,3.1517502794087657
2026-01-29 17:45:00,4.06,3.460329766273499,3.626775913238526,3.460329766273499,3.181233711356997
2026-01-29 18:00:00,4.11,3.459042263031006,3.625488409996033,3.459042263031006,3.201505754105497
2026-01-29 18:15:00,4.06,3.478043603897095,3.644489750862122,3.478043603897095,3.222874029554635
2026-01-29 18:30:00,4.1,3.4583747291564944,3.6248208761215213,3.4583747291564944,3.2369713096708908
2026-01-29 18:45:00,4.22,3.4705392837524416,3.6369854307174685,3.4705392837524416,3.2421365194986045
2026-01-29 19:00:00,4.27,3.4563460350036626,3.6227921819686895,3.4563460350036626,3.27581730969587
2026-01-29 19:15:00,4.19,3.471227202415467,3.637673349380494,3.471227202415467,3.2609041258507308
2026-01-29 19:30:00,4.23,3.426023797988892,3.592469944953919,3.426023797988892,3.236492708824379
2026-01-29 19:45:00,4.16,3.3994259977340704,3.5658721446990973,3.3994259977340704,3.204006552203269
2026-01-29 20:00:00,3.98,3.3668258285522463,3.5332719755172732,3.3668258285522463,3.1502999675116086
2026-01-29 20:15:00,3.9,3.3443949508666995,3.5108410978317264,3.3443949508666995,3.1081420626973135
2026-01-29 20:30:00,3.79,3.2972941303253176,3.4637402772903445,3.2972941303253176,3.0648273681992655
2026-01-29 20:45:00,3.79,3.2636690139770512,3.430115160942078,3.2636690139770512,3.022607760226639
2026-01-29 21:00:00,3.72,3.229815859794617,3.396262006759644,3.229815859794617,3.002194692553931
2026-01-29 21:15:00,3.69,3.3918591642379763,3.558305311203003,3.3918591642379763,2.9667712534966184
2026-01-29 21:30:00,3.69,3.355611476898194,3.522057623863221,3.355611476898194,2.9355895533307623
2026-01-29 21:45:00,3.63,3.313503570556641,3.479949717521668,3.313503570556641,2.9081891956488297
2026-01-29 22:00:00,3.59,3.2697779273986822,3.436224074363709,3.2697779273986822,2.890488557816853
2026-01-29 22:15:00,3.52,3.2277352523803713,3.394181399345398,3.2277352523803713,2.8669004573846024
2026-01-29 22:30:00,3.47,3.17915041923523,3.345596566200257,3.17915041923523,2.8427331475684845
2026-01-29 22:45:00,3.42,3.134241914749146,3.300688061714173,3.134241914749146,2.8163810924598094
2026-01-29 23:00:00,3.34,3.0817361354827884,3.2481822824478153,3.0817361354827884,2.7599583828941645
2026-01-29 23:15:00,3.27,3.034370040893555,3.200816187858582,3.034370040893555,2.7260959317204043
2026-01-29 23:30:00,3.18,2.9842653179168703,3.1507114648818972,2.9842653179168703,2.688158866054234
2026-01-29 23:45:00,3.08,2.936874217987061,3.1033203649520877,2.936874217987061,2.646853375115171
2026-01-30 00:00:00,3.02,2.911856918334961,3.078303065299988,2.911856918334961,2.5720132112744314
2026-01-30 00:15:00,3.08,2.847357273101807,3.013803420066834,2.847357273101807,2.5283038988932396
2026-01-30 00:30:00,2.97,2.805760617256165,2.972206764221192,2.805760617256165,2.4861528876167753
2026-01-30 00:45:00,2.92,2.754389319419861,2.920835466384888,2.754389319419861,2.44736814521395
2026-01-30 01:00:00,2.83,2.7138939857482915,2.8803401327133185,2.7138939857482915,2.378623960015251
2026-01-30 01:15:00,2.82,2.681222333908081,2.847668480873108,2.681222333908081,2.3504215223165925
2026-01-30 01:30:00,2.75,2.6426624679565434,2.8091086149215703,2.6426624679565434,2.3282247156403573
2026-01-30 01:45:00,2.75,2.6063000822067264,2.7727462291717533,2.6063000822067264,2.3115978269816146
2026-01-30 02:00:00,2.7,2.585713076591492,2.752159223556519,2.585713076591492,2.294609593581385
2026-01-30 02:15:00,2.68,2.5278819751739503,2.694328122138977,2.5278819751739503,2.2855226067767296
2026-01-30 02:30:00,2.66,2.491672067642212,2.658118214607239,2.491672067642212,2.2777342476931532
2026-01-30 02:45:00,2.61,2.4590297698974615,2.6254759168624884,2.4590297698974615,2.2695616816885513
2026-01-30 03:00:00,2.6,2.44324107170105,2.609687218666077,2.44324107170105,2.278349228034278
2026-01-30 03:15:00,2.59,2.2882718324661258,2.4547179794311527,2.2882718324661258,2.2657420854080206
2026-01-30 03:30:00,2.56,2.279081690311432,2.445527837276459,2.279081690311432,2.2502356084552364
2026-01-30 03:45:00,2.55,2.276436831951141,2.442882978916168,2.276436831951141,2.232288271557703
2026-01-30 04:00:00,2.52,2.2704484605789186,2.4368946075439455,2.2704484605789186,2.21615072798828
2026-01-30 04:15:00,2.53,2.276643126010895,2.443089272975922,2.276643126010895,2.197180281407709
2026-01-30 04:30:00,2.48,2.2731302833557128,2.4395764303207397,2.2731302833557128,2.1804713722889293
2026-01-30 04:45:00,2.54,2.2778220462799075,2.4442681932449344,2.2778220462799075,2.1680625038458667
2026-01-30 05:00:00,2.49,2.287718725204468,2.454164872169495,2.287718725204468,2.146077733446674
2026-01-30 05:15:00,2.49,2.30836389541626,2.474810042381287,2.30836389541626,2.1475124487968245
2026-01-30 05:30:00,2.47,2.3280776166915897,2.4945237636566167,2.3280776166915897,2.15756105698428
2026-01-30 05:45:00,2.48,2.3383454346656802,2.504791581630707,2.3383454346656802,2.176530096034237
2026-01-30 06:00:00,2.5,2.376107168197632,2.542553315162659,2.376107168197632,2.2056544885414544
2026-01-30 06:15:00,2.54,2.412449712753296,2.578895859718323,2.412449712753296,2.240848771717864
2026-01-30 06:30:00,2.58,2.4683570337295535,2.6348031806945804,2.4683570337295535,2.2823059167816124
2026-01-30 06:45:00,2.64,2.495578608512879,2.6620247554779057,2.495578608512879,2.328349787500997
2026-01-30 07:00:00,2.74,2.536568069458008,2.703014216423035,2.536568069458008,2.4314885628330485
2026-01-30 07:15:00,2.86,2.574394626617432,2.740840773582459,2.574394626617432,2.481399788763938
2026-01-30 07:30:00,2.91,2.620192179679871,2.7866383266448977,2.620192179679871,2.530832997314069
2026-01-30 07:45:00,2.97,2.6617926406860355,2.8282387876510624,2.6617926406860355,2.5785099285094315
2026-01-30 08:00:00,3.02,2.7157269859313966,2.8821731328964235,2.7157269859313966,2.621563611465607
2026-01-30 08:15:00,3.17,2.7457274150848394,2.9121735620498663,2.7457274150848394,2.6630476074275546
2026-01-30 08:30:00,3.25,2.7820666980743414,2.9485128450393683,2.7820666980743414,2.7005779968038333
2026-01-30 08:45:00,3.31,2.8093630170822146,2.9758091640472415,2.8093630170822146,2.733787672161025
2026-01-30 09:00:00,3.26,2.8449518680572514,3.0113980150222783,2.8449518680572514,2.784719168248845
2026-01-30 09:15:00,3.075,2.861181964874268,3.0276281118392947,2.861181964874268,2.8083656510212847
2026-01-30 09:30:00,2.89,2.890401248931885,3.056847395896912,2.890401248931885,2.826759679102435
2026-01-30 09:45:00,3.01,2.8966020298004156,3.0630481767654425,2.8966020298004156,2.8395905020045724
2026-01-30 10:00:00,3.26,2.9101978683471685,3.0766440153121954,2.9101978683471685,2.818615636237899
2026-01-30 10:15:00,3.33,2.9274401378631594,3.0938862848281863,2.9274401378631594,2.8197503705966103
2026-01-30 10:30:00,3.38,2.9252146625518805,3.0916608095169074,2.9252146625518805,2.8151627087721867
2026-01-30 10:45:00,3.43,2.926545925140381,3.092992072105408,2.926545925140381,2.8053607407194843
2026-01-30 11:00:00,3.44,2.93096616268158,3.097412309646607,2.93096616268158,2.826719039721866
2026-01-30 11:15:00,3.44,2.931609778404236,3.098055925369263,2.931609778404236,2.80958937259256
2026-01-30 11:30:00,3.4,2.9285969066619875,3.0950430536270144,2.9285969066619875,2.7910873273531416
2026-01-30 11:45:00,3.37,2.931046886444092,3.097493033409119,2.931046886444092,2.7730865839176873
2026-01-30 12:00:00,3.43,2.9535098361968997,3.1199559831619266,2.9535098361968997,2.7847865647635768
2026-01-30 12:15:00,3.38,2.932228116989136,3.098674263954163,2.932228116989136,2.7735056287432807
2026-01-30 12:30:00,3.36,2.956879577636719,3.123325724601746,2.956879577636719,2.768014043490488
2026-01-30 12:45:00,3.31,2.9660383272171025,3.1324844741821294,2.9660383272171025,2.769346950455761
2026-01-30 13:00:00,3.28,2.9686342620849615,3.1350804090499884,2.9686342620849615,2.7874132987292928
2026-01-30 13:15:00,3.34,3.013350877761841,3.179797024726868,3.013350877761841,2.803048018909943
2026-01-30 13:30:00,3.45,3.0136226749420167,3.1800688219070437,3.0136226749420167,2.8248885537106547
2026-01-30 13:45:00,3.47,3.0274913978576663,3.193937544822693,3.0274913978576663,2.851586720583038
2026-01-30 14:00:00,3.47,3.060892553329468,3.227338700294495,3.060892553329468,2.857793603826419
2026-01-30 14:15:00,3.57,3.0926645565032964,3.2591107034683233,3.0926645565032964,2.889042843925678
2026-01-30 14:30:00,3.57,3.137422485351563,3.30386863231659,3.137422485351563,2.9199894861442606
2026-01-30 14:45:00,3.59,3.16902244091034,3.3354685878753667,3.16902244091034,2.949287247078588
2026-01-30 15:00:00,3.69,3.2090937709808354,3.3755399179458623,3.2090937709808354,2.971123679269598
2026-01-30 15:15:00,3.71,3.25712685585022,3.423573002815247,3.25712685585022,2.9951572216136007
2026-01-30 15:30:00,3.78,3.314793248176575,3.481239395141602,3.314793248176575,3.016742053773146
2026-01-30 15:45:00,3.82,3.3341525459289554,3.5005986928939823,3.3341525459289554,3.0366853713629616
2026-01-30 16:00:00,3.89,3.3754401683807376,3.5418863153457645,3.3754401683807376,3.041619224958969
2026-01-30 16:15:00,3.87,3.4132623767852786,3.5797085237503055,3.4132623767852786,3.0617600233363316
2026-01-30 16:30:00,3.94,3.4486604261398317,3.6151065731048586,3.4486604261398317,3.083688131577262
2026-01-30 16:45:00,4.06,3.4870335674285893,3.653479714393616,3.4870335674285893,3.1081015691441367
2026-01-30 17:00:00,4.05,3.503727350234986,3.670173497200013,3.503727350234986,3.137024022797109
2026-01-30 17:15:00,4.07,3.5359720087051394,3.7024181556701663,3.5359720087051394,3.1661726132909487
2026-01-30 17:30:00,4.23,3.537888994216919,3.704335141181946,3.537888994216919,3.196252742624049
2026-01-30 17:45:00,4.13,3.5577655220031743,3.724211668968201,3.5577655220031743,3.225522749759681
2026-01-30 18:00:00,4.19,3.5542544460296637,3.7207005929946906,3.5542544460296637,3.2717036676263316
2026-01-30 18:15:00,4.19,3.5812009620666507,3.7476471090316776,3.5812009620666507,3.2928683674290515
2026-01-30 18:30:00,4.15,3.5560249328613285,3.7224710798263554,3.5560249328613285,3.306766933607136
2026-01-30 18:45:00,4.33,3.570573964118958,3.737020111083985,3.570573964118958,3.3117382378771985
2026-01-30 19:00:00,4.35,3.5557417201995856,3.7221878671646125,3.5557417201995856,3.2300711098888795
2026-01-30 19:15:00,4.33,3.5683403348922735,3.7347864818573004,3.5683403348922735,3.214973443559951
2026-01-30 19:30:00,4.25,3.524621486663819,3.6910676336288457,3.524621486663819,3.1903821421441694
2026-01-30 19:45:00,4.17,3.4951983547210697,3.6616445016860966,3.4951983547210697,3.15772061273866
2026-01-30 20:00:00,4.01,3.4629006958007817,3.6293468427658087,3.4629006958007817,3.1332171885712894
2026-01-30 20:15:00,3.9,3.4396082210540775,3.6060543680191044,3.4396082210540775,3.0908926428821166
2026-01-30 20:30:00,3.8,3.3903729772567752,3.556819124221802,3.3903729772567752,3.047415512193607
2026-01-30 20:45:00,3.79,3.358009815216065,3.524455962181092,3.358009815216065,3.0050375551000257
2026-01-30 21:00:00,3.74,3.3204083061218266,3.4868544530868535,3.3204083061218266,2.99283483029152
2026-01-30 21:15:00,3.65,3.421422271728516,3.587868418693543,3.421422271728516,2.9572608337417936
2026-01-30 21:30:00,3.64,3.3858679389953616,3.5523140859603886,3.3858679389953616,2.9259322663273633
2026-01-30 21:45:00,3.59,3.3428005886077883,3.509246735572815,3.3428005886077883,2.898388585324966
2026-01-30 22:00:00,3.6,3.2991461563110356,3.4655923032760625,3.2991461563110356,2.8831179180625375
2026-01-30 22:15:00,3.55,3.2571257686614996,3.4235719156265265,3.2571257686614996,2.859393116472707
2026-01-30 22:30:00,3.54,3.2090168523788454,3.3754629993438723,3.2090168523788454,2.835092170854474
2026-01-30 22:45:00,3.42,3.164022731781006,3.330468878746033,3.164022731781006,2.8086093732481716
2026-01-30 23:00:00,3.39,3.1092232561111453,3.275669403076172,3.1092232561111453,2.7793355404170197
2026-01-30 23:15:00,3.29,3.063331117630005,3.229777264595032,3.063331117630005,2.7453475936999636
2026-01-30 23:30:00,3.29,3.011597785949707,3.178043932914734,3.011597785949707,2.707287374911199
2026-01-30 23:45:00,3.19,2.9641536855697637,3.1305998325347906,2.9641536855697637,2.665860878847333
2026-01-31 00:00:00,3.15,2.9361034011840825,3.1025495481491094,2.9361034011840825,2.653877396448104
2026-01-31 00:15:00,3.07,2.875383911132813,3.04183005809784,2.875383911132813,2.610050771646539
2026-01-31 00:30:00,3.03,2.830469427108765,2.996915574073792,2.830469427108765,2.567783983322572
2026-01-31 00:45:00,2.98,2.780409007072449,2.946855154037476,2.780409007072449,2.5288847861230597
2026-01-31 01:00:00,2.93,2.737924661636353,2.9043708086013797,2.737924661636353,2.474713165543721
2026-01-31 01:15:00,2.89,2.7040149736404424,2.8704611206054693,2.7040149736404424,2.4463982621108387
2026-01-31 01:30:00,2.83,2.666460485458374,2.832906632423401,2.666460485458374,2.4240896491822204
2026-01-31 01:45:00,2.77,2.628854084014893,2.7953002309799198,2.628854084014893,2.4073513859414173
2026-01-31 02:00:00,2.78,2.6110690355300905,2.7775151824951174,2.6110690355300905,2.3975848152386012
2026-01-31 02:15:00,2.75,2.5526492214202885,2.7190953683853154,2.5526492214202885,2.3883866219250267
2026-01-31 02:30:00,2.72,2.5166423463821412,2.683088493347168,2.5166423463821412,2.3804867875236133
2026-01-31 02:45:00,2.62,2.486185569763184,2.652631716728211,2.486185569763184,2.372202239147968
2026-01-31 03:00:00,2.61,2.468492660522461,2.634938807487488,2.468492660522461,2.3552378962844545
2026-01-31 03:15:00,2.58,2.3461708831787114,2.5126170301437383,2.3461708831787114,2.3425170350527638
2026-01-31 03:30:00,2.55,2.3355884599685672,2.502034606933594,2.3355884599685672,2.326895607320659
2026-01-31 03:45:00,2.53,2.3341813659667974,2.5006275129318243,2.3341813659667974,2.30883184325817
2026-01-31 04:00:00,2.52,2.327793860435486,2.494240007400513,2.327793860435486,2.280650185811758
2026-01-31 04:15:00,2.47,2.3349052977561953,2.501351444721222,2.3349052977561953,2.261559623759855
2026-01-31 04:30:00,2.49,2.3325340032577517,2.4989801502227786,2.3325340032577517,2.244728386557748
2026-01-31 04:45:00,2.48,2.3392073035240175,2.5056534504890444,2.3392073035240175,2.2321947317940953
2026-01-31 05:00:00,2.41,2.348661632537842,2.515107779502869,2.348661632537842,2.1984609826407935
2026-01-31 05:15:00,2.42,2.371315383911133,2.53776153087616,2.371315383911133,2.199765260081239
2026-01-31 05:30:00,2.46,2.3936962509155277,2.5601423978805546,2.3936962509155277,2.209680238625516
2026-01-31 05:45:00,2.47,2.40469316482544,2.571139311790467,2.40469316482544,2.2285122138996893
2026-01-31 06:00:00,2.53,2.443384852409363,2.60983099937439,2.443384852409363,2.1706973634571223
2026-01-31 06:15:00,2.55,2.4825701236724855,2.6490162706375124,2.4825701236724855,2.205746993780561
2026-01-31 06:30:00,2.56,2.5397589683532718,2.7062051153182987,2.5397589683532718,2.2470553350069284
2026-01-31 06:45:00,2.67,2.5677872371673587,2.7342333841323856,2.5677872371673587,2.29294601631768
2026-01-31 07:00:00,2.72,2.6116286659240724,2.7780748128890993,2.6116286659240724,2.4420990406182264
2026-01-31 07:15:00,2.88,2.649853134155274,2.8162992811203007,2.649853134155274,2.491847613368223
2026-01-31 07:30:00,2.94,2.6980177688598634,2.8644639158248903,2.6980177688598634,2.541113096725552
2026-01-31 07:45:00,2.97,2.7391722106933596,2.9056183576583865,2.7391722106933596,2.5886170085500018
2026-01-31 08:00:00,3.04,2.796590452194214,2.963036599159241,2.796590452194214,2.672363910869846
2026-01-31 08:15:00,3.14,2.828179807662964,2.994625954627991,2.828179807662964,2.7136636481331404
2026-01-31 08:30:00,3.26,2.865285558700562,3.031731705665589,2.865285558700562,2.751003842053434
2026-01-31 08:45:00,3.25,2.8946752595901493,3.061121406555176,2.8946752595901493,2.784017179854541
2026-01-31 09:00:00,3.25,2.9308930492401126,3.0973391962051395,2.9308930492401126,2.8194767595657457
2026-01-31 09:15:00,3.22,2.922034091949463,3.08848023891449,2.922034091949463,2.842914024290505
2026-01-31 09:30:00,3.2,2.9565941905975346,3.1230403375625615,2.9565941905975346,2.8610921064578316
2026-01-31 09:45:00,3.2,2.9655732822418215,3.1320194292068484,2.9655732822418215,2.873700071253245
2026-01-31 10:00:00,3.21,2.980602035522461,3.147048182487488,2.980602035522461,2.9016507328368126
2026-01-31 10:15:00,3.31,3.000261669158936,3.166707816123963,3.000261669158936,2.9025482555032154
2026-01-31 10:30:00,3.41,3.000012702941895,3.1664588499069217,3.000012702941895,2.8977159530815246
2026-01-31 10:45:00,3.36,3.000656318664551,3.167102465629578,3.000656318664551,2.887661756172762
2026-01-31 11:00:00,3.31,3.0042437696456914,3.1706899166107183,3.0042437696456914,2.873855174872155
2026-01-31 11:15:00,3.21,3.00566390991211,3.1721100568771368,3.00566390991211,2.856457651773421
2026-01-31 11:30:00,3.26,2.999792003631592,3.166238150596619,2.999792003631592,2.8376797260255193
2026-01-31 11:45:00,3.19,2.9984596538543706,3.1649058008193975,2.9984596538543706,2.819394946767949
2026-01-31 12:00:00,3.2,3.01692066192627,3.183366808891297,3.01692066192627,2.7874737991903937
2026-01-31 12:15:00,3.18,2.9953916072845463,3.1618377542495733,2.9953916072845463,2.7758921552349234
2026-01-31 12:30:00,3.17,3.0147973823547365,3.1812435293197634,3.0147973823547365,2.770091361190477
2026-01-31 12:45:00,3.22,3.0209546756744388,3.1874008226394657,3.0209546756744388,2.7711064595436365
2026-01-31 13:00:00,3.13,3.0197758913040165,3.1862220382690434,3.0197758913040165,2.859547845050208
2026-01-31 13:15:00,3.23,3.060660166740418,3.2271063137054448,3.060660166740418,2.8748472939694274
2026-01-31 13:30:00,3.34,3.0559205675125125,3.2223667144775394,3.0559205675125125,2.8963437119982314
2026-01-31 13:45:00,3.39,3.0638676452636724,3.2303137922286993,3.0638676452636724,2.9226888522906824
2026-01-31 14:00:00,3.29,3.0956934642791754,3.2621396112442023,3.0956934642791754,2.9095942314446206
2026-01-31 14:15:00,3.4,3.1251492118835453,3.2915953588485722,3.1251492118835453,2.940472468740147
2026-01-31 14:30:00,3.52,3.1676476907730104,3.3340938377380374,3.1676476907730104,2.971039060247507
2026-01-31 14:45:00,3.58,3.197120561599732,3.363566708564759,3.197120561599732,2.9999476952567736
2026-01-31 15:00:00,3.68,3.236698579788208,3.403144726753235,3.236698579788208,3.00414261669084
2026-01-31 15:15:00,3.82,3.2534271526336673,3.4198732995986942,3.2534271526336673,3.02776883906006
2026-01-31 15:30:00,3.76,3.3131997013092045,3.4796458482742314,3.3131997013092045,3.04893725181999
2026-01-31 15:45:00,3.81,3.3347589254379275,3.5012050724029544,3.3347589254379275,3.068455062130476
2026-01-31 16:00:00,3.8,3.37768548488617,3.544131631851197,3.37768548488617,2.901695156600022
2026-01-31 16:15:00,3.86,3.418832044601441,3.5852781915664678,3.418832044601441,2.9213923462582736
2026-01-31 16:30:00,3.88,3.4582975387573245,3.6247436857223514,3.4582975387573245,2.9428678523107603
2026-01-31 16:45:00,3.88,3.4989581251144415,3.6654042720794684,3.4989581251144415,2.966819745885969
2026-01-31 17:00:00,4.02,3.5175194263458254,3.6839655733108523,3.5175194263458254,3.1370610266369736
2026-01-31 17:15:00,4.03,3.553727703094483,3.72017385005951,3.553727703094483,3.1657303851798897
2026-01-31 17:30:00,4.1,3.557440180778504,3.723886327743531,3.557440180778504,3.1953225568535704
2026-01-31 17:45:00,4.1,3.5781440591812137,3.7445902061462406,3.5781440591812137,3.2240959731473233
2026-01-31 18:00:00,4.1,3.574454956054688,3.740901103019715,3.574454956054688,3.232296956105875
2026-01-31 18:15:00,4.17,3.608508968353272,3.7749551153182987,3.608508968353272,3.2529481173426458
2026-01-31 18:30:00,4.21,3.5819282913208013,3.748374438285828,3.5819282913208013,3.2663248509208023
2026-01-31 18:45:00,4.21,3.595707592964173,3.7621537399291998,3.595707592964173,3.2707661621158253
2026-01-31 19:00:00,4.16,3.5850969028472903,3.7515430498123172,3.5850969028472903,3.282596546833949
2026-01-31 19:15:00,4.2,3.595522499084473,3.7619686460495,3.595522499084473,3.266953007954644
2026-01-31 19:30:00,4.1,3.5513168621063236,3.7177630090713505,3.5513168621063236,3.2418081353018486
2026-01-31 19:45:00,3.99,3.5196220493316654,3.6860681962966924,3.5196220493316654,3.2085855101152516
2026-01-31 20:00:00,3.88,3.4856069040298467,3.6520530509948737,3.4856069040298467,3.203599486103083
2026-01-31 20:15:00,3.83,3.4610867214202883,3.627532868385315,3.4610867214202883,3.1606993580196594
2026-01-31 20:30:00,3.71,3.407902264595032,3.574348411560059,3.407902264595032,3.116639702662866
2026-01-31 20:45:00,3.66,3.3753947782516485,3.5418409252166754,3.3753947782516485,3.073672492335501
2026-01-31 21:00:00,3.67,3.3356555843353277,3.5021017313003546,3.3356555843353277,3.034874998902358
2026-01-31 21:15:00,3.67,3.4225197887420657,3.5889659357070927,3.4225197887420657,2.9986989718141888
2026-01-31 21:30:00,3.67,3.384683446884156,3.5511295938491827,3.384683446884156,2.966762344106653
2026-01-31 21:45:00,3.62,3.341455192565918,3.507901339530945,3.341455192565918,2.9386048247717387
2026-01-31 22:00:00,3.61,3.294875135421753,3.46132128238678,3.294875135421753,2.940435594333092
2026-01-31 22:15:00,3.51,3.2521752548217777,3.4186214017868046,3.2521752548217777,2.916086190061911
2026-01-31 22:30:00,3.45,3.202975344657898,3.369421491622925,3.202975344657898,2.891155673388342
2026-01-31 22:45:00,3.4,3.155577993392945,3.3220241403579718,3.155577993392945,2.864038623864971
2026-01-31 23:00:00,3.43,3.0984864521026614,3.2649325990676883,3.0984864521026614,2.884477821728979
2026-01-31 23:15:00,3.37,3.0513812828063966,3.2178274297714236,3.0513812828063966,2.8498471580379223
2026-01-31 23:30:00,3.25,2.998558044433594,3.165004191398621,2.998558044433594,2.8111404546195975
2026-01-31 23:45:00,3.2,2.948070631027222,3.114516777992249,2.948070631027222,2.7690640268839957
2026-02-01 00:00:00,3.16,2.917636413574219,3.084082560539246,2.917636413574219,2.7058285805302242
2026-02-01 00:15:00,3.11,2.8573496246337893,3.023795771598816,2.8573496246337893,2.6613461228714512
2026-02-01 00:30:00,3.05,2.8113639879226686,2.9778101348876955,2.8113639879226686,2.6184210624661626
2026-02-01 00:45:00,3.0,2.756370177268982,2.922816324234009,2.756370177268982,2.5788615044551815
2026-02-01 01:00:00,2.95,2.7140608692169192,2.880507016181946,2.7140608692169192,2.5554898140995363
2026-02-01 01:15:00,2.84,2.6749927425384525,2.8414388895034794,2.6749927425384525,2.526511451281777
2026-02-01 01:30:00,2.84,2.6366927146911623,2.803138861656189,2.6366927146911623,2.5035383822105555
2026-02-01 01:45:00,2.85,2.5976596498489384,2.7641057968139653,2.5976596498489384,2.486135042731219
2026-02-01 02:00:00,2.8,2.5775730228424076,2.7440191698074345,2.5775730228424076,2.4621986221698795
2026-02-01 02:15:00,2.73,2.5148115205764774,2.6812576675415043,2.5148115205764774,2.4523352657428235
2026-02-01 02:30:00,2.69,2.4758393383026127,2.6422854852676396,2.4758393383026127,2.4437708124665676
2026-02-01 02:45:00,2.69,2.445865001678467,2.612311148643494,2.445865001678467,2.434822588111679
2026-02-01 03:00:00,2.69,2.4256595993041996,2.5921057462692265,2.4256595993041996,2.417136742135019
2026-02-01 03:15:00,2.63,2.4614838266372683,2.627929973602295,2.4614838266372683,2.403755305637798
2026-02-01 03:30:00,2.64,2.4488803195953373,2.615326466560364,2.4488803195953373,2.3874754691985203
2026-02-01 03:45:00,2.58,2.444890880584717,2.611337027549744,2.444890880584717,2.368755879110658
2026-02-01 04:00:00,2.59,2.4370729064941408,2.6035190534591677,2.4370729064941408,2.321963911808427
2026-02-01 04:15:00,2.53,2.4415499496459963,2.607996096611023,2.4415499496459963,2.3022239516474543
2026-02-01 04:30:00,2.53,2.4367796373367314,2.6032257843017583,2.4367796373367314,2.2847471678645164
2026-02-01 04:45:00,2.53,2.4420737028121953,2.608519849777222,2.4420737028121953,2.271572246785942
2026-02-01 05:00:00,2.47,2.447742576599121,2.614188723564148,2.447742576599121,2.2404587015689246
2026-02-01 05:15:00,2.53,2.46863018989563,2.635076336860657,2.46863018989563,2.241131568484361
2026-02-01 05:30:00,2.53,2.488000631332398,2.654446778297425,2.488000631332398,2.250420715759151
2026-02-01 05:45:00,2.53,2.4963309431076053,2.662777090072632,2.4963309431076053,2.2686328751995752
2026-02-01 06:00:00,2.52,2.5323688030242923,2.6988149499893193,2.5323688030242923,2.2285483265667785
2026-02-01 06:15:00,2.54,2.570611209869385,2.737057356834412,2.570611209869385,2.262991484268337
2026-02-01 06:30:00,2.64,2.6234398841857915,2.7898860311508185,2.6234398841857915,2.3037006816820975
2026-02-01 06:45:00,2.65,2.650735931396485,2.817182078361512,2.650735931396485,2.3489999862722954
2026-02-01 07:00:00,2.7,2.6902911186218263,2.8567372655868533,2.6902911186218263,2.49920688599947
2026-02-01 07:15:00,2.86,2.7295571136474615,2.8960032606124884,2.7295571136474615,2.5483809293748845
2026-02-01 07:30:00,2.91,2.7760072517395025,2.9424533987045294,2.7760072517395025,2.5970809619362725
2026-02-01 07:45:00,2.96,2.8152656364440922,2.981711783409119,2.8152656364440922,2.6440289363890295
2026-02-01 08:00:00,3.06,2.874561996459961,3.041008143424988,2.874561996459961,2.7188114512913577
2026-02-01 08:15:00,3.16,2.905759963989258,3.072206110954285,2.905759963989258,2.759575575448345
2026-02-01 08:30:00,3.22,2.9423984956741336,3.1088446426391605,2.9423984956741336,2.7963909626358165
2026-02-01 08:45:00,3.23,2.972211656570435,3.138657803535462,2.972211656570435,2.8288907259515073
2026-02-01 09:00:00,3.17,3.0080171298980716,3.1744632768630985,3.0080171298980716,2.8219299284760666
2026-02-01 09:15:00,3.24,3.040326204299927,3.206772351264954,3.040326204299927,2.844877348151305
2026-02-01 09:30:00,3.2,3.074802045822144,3.241248192787171,3.074802045822144,2.862578075173131
2026-02-01 09:45:00,3.21,3.084656324386597,3.251102471351624,3.084656324386597,2.8747215860740547
2026-02-01 10:00:00,3.26,3.099975900650025,3.266422047615052,3.099975900650025,2.9108810021934204
2026-02-01 10:15:00,3.26,3.120324268341065,3.286770415306092,3.120324268341065,2.911341089220678
2026-02-01 10:30:00,3.43,3.121153249740601,3.287599396705628,3.121153249740601,2.906085458126658
2026-02-01 10:45:00,3.28,3.123243913650513,3.28969006061554,3.123243913650513,2.8956224308237113
2026-02-01 11:00:00,3.23,3.1255232048034673,3.2919693517684943,3.1255232048034673,2.8518670467119756
2026-02-01 11:15:00,3.24,3.131157016754151,3.297603163719178,3.131157016754151,2.8340908399362785
2026-02-01 11:30:00,3.18,3.1257354784011846,3.2921816253662115,3.1257354784011846,2.814949866230542
2026-02-01 11:45:00,3.19,3.1241701984405523,3.2906163454055792,3.1241701984405523,2.7963180406387824
2026-02-01 12:00:00,3.13,3.1406568717956547,3.3071030187606816,3.1406568717956547,2.6243632719597767
2026-02-01 12:15:00,3.13,3.1232710933685306,3.2897172403335575,3.1232710933685306,2.6124676535898814
2026-02-01 12:30:00,3.07,3.1406720924377445,3.3071182394027714,3.1406720924377445,2.6063699401252984
2026-02-01 12:45:00,3.08,3.1483938503265385,3.3148399972915654,3.1483938503265385,2.6071055093874658
2026-02-01 13:00:00,3.02,3.146621189117432,3.313067336082459,3.146621189117432,2.6332893978642904
2026-02-01 13:15:00,3.14,3.1853283691406253,3.3517745161056522,3.1853283691406253,2.648345070311555
2026-02-01 13:30:00,3.19,3.184180841445923,3.35062698841095,3.184180841445923,2.6696160564404177
2026-02-01 13:45:00,3.28,3.1891740274429323,3.3556201744079592,3.1891740274429323,2.6957544092630847
2026-02-01 14:00:00,3.22,3.2240426158905033,3.3904887628555302,3.2240426158905033,2.7163488694335576
2026-02-01 14:15:00,3.28,3.25132887840271,3.417775025367737,3.25132887840271,2.7470584690990107
2026-02-01 14:30:00,3.28,3.2944364547729497,3.4608826017379766,3.2944364547729497,2.77747590839927
2026-02-01 14:45:00,3.44,3.326619958877564,3.493066105842591,3.326619958877564,2.806255136472399
2026-02-01 15:00:00,3.54,3.367998361587525,3.5344445085525518,3.367998361587525,2.8723176009895486
2026-02-01 15:15:00,3.53,3.243445672988892,3.409891819953919,3.243445672988892,2.895854643728501
2026-02-01 15:30:00,3.54,3.304110531806946,3.470556678771973,3.304110531806946,2.916954336826314
2026-02-01 15:45:00,3.59,3.3185698699951174,3.4850160169601443,3.3185698699951174,2.9364241031829827
2026-02-01 16:00:00,3.69,3.3599325084686282,3.526378655433655,3.3599325084686282,2.9346878746962655
2026-02-01 16:15:00,3.72,3.4000288438797,3.566474990844727,3.4000288438797,2.9543789724046743
2026-02-01 16:30:00,3.84,3.4371310615539556,3.6035772085189826,3.4371310615539556,2.9758696388867274
2026-02-01 16:45:00,3.85,3.4769607639312747,3.6434069108963016,3.4769607639312747,2.9998581132375843
2026-02-01 17:00:00,3.76,3.495482110977173,3.6619282579422,3.495482110977173,2.9788273419055025
2026-02-01 17:15:00,3.85,3.534030561447144,3.700476708412171,3.534030561447144,3.0075765758104755
2026-02-01 17:30:00,3.89,3.538553266525269,3.7049994134902957,3.538553266525269,3.0372704715971754
2026-02-01 17:45:00,3.93,3.56114504814148,3.727591195106507,3.56114504814148,3.0661675777742663
2026-02-01 18:00:00,3.96,3.559347381591797,3.725793528556824,3.559347381591797,3.0923752912082296
2026-02-01 18:15:00,3.97,3.59026104927063,3.756707196235657,3.59026104927063,3.113194372146703
2026-02-01 18:30:00,4.04,3.570102396011353,3.73654854297638,3.570102396011353,3.1267612626953625
2026-02-01 18:45:00,4.02,3.586165881156922,3.752612028121949,3.586165881156922,3.1314150316096283
2026-02-01 19:00:00,4.02,3.5758601474761966,3.7423062944412235,3.5758601474761966,3.1769747788083347
2026-02-01 19:15:00,4.17,3.592408246994019,3.7588543939590457,3.592408246994019,3.1615884345942877
2026-02-01 19:30:00,4.03,3.5480433368682864,3.7144894838333133,3.5480433368682864,3.136723165030814
2026-02-01 19:45:00,3.92,3.5216665077209477,3.6881126546859746,3.5216665077209477,3.1038025593029546
2026-02-01 20:00:00,3.71,3.495039081573487,3.6614852285385138,3.495039081573487,3.087155826131164
2026-02-01 20:15:00,3.56,3.46998046875,3.636426615715027,3.46998046875,3.0446025174697975
2026-02-01 20:30:00,3.47,3.420888462066651,3.587334609031678,3.420888462066651,3.0009120367065436
2026-02-01 20:45:00,3.42,3.3907151699066165,3.5571613168716434,3.3907151699066165,2.9583363071462956
2026-02-01 21:00:00,3.37,3.356884303092957,3.523330450057984,3.356884303092957,2.974579634407082
2026-02-01 21:15:00,3.38,3.354164428710938,3.5206105756759647,3.354164428710938,2.9388394960547872
2026-02-01 21:30:00,3.39,3.3150816249847415,3.4815277719497684,3.3150816249847415,2.907360830044615
2026-02-01 21:45:00,3.29,3.269446878433228,3.4358930253982547,3.269446878433228,2.8796832387521194
2026-02-01 22:00:00,3.19,3.222739892005921,3.389186038970948,3.222739892005921,2.8691981014742365
2026-02-01 22:15:00,3.17,3.1801557970047,3.346601943969727,3.1801557970047,2.8453721804116547
2026-02-01 22:30:00,3.18,3.133168859481812,3.299615006446839,3.133168859481812,2.820986706915499
2026-02-01 22:45:00,3.12,3.0859837818145754,3.2524299287796024,3.0859837818145754,2.7944360962519426
2026-02-01 23:00:00,3.08,3.0289357280731206,3.1953818750381475,3.0289357280731206,2.752802937868128
2026-02-01 23:15:00,3.04,2.9855025386810308,3.1519486856460577,2.9855025386810308,2.718780954249464
2026-02-01 23:30:00,2.98,2.933407988548279,3.099854135513306,2.933407988548279,2.6807037479104903
2026-02-01 23:45:00,2.92,2.883893337249756,3.050339484214783,2.883893337249756,2.6392774129376653
2026-02-02 00:00:00,2.91,2.8528981304168703,3.0193442773818973,2.8528981304168703,2.6035420278752714
2026-02-02 00:15:00,2.82,2.7977352619171145,2.9641814088821414,2.7977352619171145,2.559750134149153
2026-02-02 00:30:00,2.77,2.7502074480056766,2.9166535949707035,2.7502074480056766,2.517535485320937
2026-02-02 00:45:00,2.77,2.698103113174439,2.8645492601394658,2.698103113174439,2.478705909437137
2026-02-02 01:00:00,2.72,2.6581277275085453,2.824573874473572,2.6581277275085453,2.4919392801351066
2026-02-02 01:15:00,2.71,2.620526218414307,2.786972365379334,2.620526218414307,2.4637291549941107
2026-02-02 01:30:00,2.71,2.583857517242432,2.750303664207459,2.583857517242432,2.441542981678883
2026-02-02 01:45:00,2.66,2.54436402797699,2.710810174942017,2.54436402797699,2.424944865223811
2026-02-02 02:00:00,2.67,2.528481287956238,2.694927434921265,2.528481287956238,2.386257938498286
2026-02-02 02:15:00,2.61,2.4658100223541264,2.6322561693191533,2.4658100223541264,2.3772354152189563
2026-02-02 02:30:00,2.56,2.427365398406983,2.59381154537201,2.427365398406983,2.369529052366453
2026-02-02 02:45:00,2.55,2.4005998992919926,2.5670460462570195,2.4005998992919926,2.361455793798747
2026-02-02 03:00:00,2.51,2.382962980270386,2.549409127235413,2.382962980270386,2.3224284787891616
2026-02-02 03:15:00,2.53,2.3232502269744875,2.4896963739395144,2.3232502269744875,2.309954564081993
2026-02-02 03:30:00,2.53,2.3118013143539433,2.4782474613189702,2.3118013143539433,2.2945979061512194
2026-02-02 03:45:00,2.45,2.3115437865257267,2.4779899334907536,2.3115437865257267,2.2768167215022217
2026-02-02 04:00:00,2.45,2.306788151264191,2.473234298229218,2.306788151264191,2.2438547991339752
2026-02-02 04:15:00,2.45,2.3158563923835755,2.4823025393486025,2.3158563923835755,2.2250823637067505
2026-02-02 04:30:00,2.43,2.3176543307304387,2.4841004776954656,2.3176543307304387,2.208586975005409
2026-02-02 04:45:00,2.43,2.3280554652214054,2.4945016121864323,2.3280554652214054,2.196406845575216
2026-02-02 05:00:00,2.38,2.3382295131683355,2.5046756601333624,2.3382295131683355,2.168184051650556
2026-02-02 05:15:00,2.39,2.3680108737945558,2.5344570207595827,2.3680108737945558,2.1698770410461514
2026-02-02 05:30:00,2.39,2.3947073364257814,2.5611534833908083,2.3947073364257814,2.1801982252542107
2026-02-02 05:45:00,2.38,2.410454993247986,2.576901140213013,2.410454993247986,2.1994538227419573
2026-02-02 06:00:00,2.45,2.452651233673096,2.619097380638123,2.452651233673096,2.156243979204114
2026-02-02 06:15:00,2.46,2.4999295377731325,2.6663756847381594,2.4999295377731325,2.1917518008998575
2026-02-02 06:30:00,2.5,2.5556743240356448,2.7221204710006717,2.5556743240356448,2.233535469789397
2026-02-02 06:45:00,2.59,2.592940435409546,2.759386582374573,2.592940435409546,2.2799185053543827
2026-02-02 07:00:00,2.7,2.6393666553497317,2.8058128023147586,2.6393666553497317,2.2795389544243636
2026-02-02 07:15:00,2.86,2.6804523324966434,2.8468984794616703,2.6804523324966434,2.3298135727837046
2026-02-02 07:30:00,2.81,2.732410984039307,2.898857131004334,2.732410984039307,2.3796217501678987
2026-02-02 07:45:00,2.83,2.7730696678161624,2.9395158147811893,2.7730696678161624,2.4276848620572142
2026-02-02 08:00:00,2.86,2.8352144622802737,3.0016606092453006,2.8352144622802737,2.5526260523917528
2026-02-02 08:15:00,2.91,2.863831715583802,3.0302778625488287,2.863831715583802,2.59451754201573
2026-02-02 08:30:00,2.92,2.9007387828826907,3.0671849298477176,2.9007387828826907,2.6324655183509327
2026-02-02 08:45:00,2.97,2.931397504806519,3.0978436517715457,2.931397504806519,2.6661024937638587
2026-02-02 09:00:00,2.97,2.9655852413177493,3.132031388282776,2.9655852413177493,2.693109353630745
2026-02-02 09:15:00,3.03,2.9316720199584965,3.0981181669235234,2.9316720199584965,2.7172014096483905
2026-02-02 09:30:00,3.04,2.962599005699158,3.129045152664185,2.962599005699158,2.7360495656216064
2026-02-02 09:45:00,3.1,2.970446333885193,3.13689248085022,2.970446333885193,2.7493426799517877
2026-02-02 10:00:00,3.02,2.9843115234375004,3.1507576704025273,2.9843115234375004,2.7663126897358437
2026-02-02 10:15:00,3.03,3.0023729896545412,3.168819136619568,3.0023729896545412,2.7679248616595826
2026-02-02 10:30:00,3.04,3.00288070678711,3.169326853752137,3.00288070678711,2.7638216169553043
2026-02-02 10:45:00,3.05,3.0032712793350225,3.1697174263000494,3.0032712793350225,2.7545106483658075
2026-02-02 11:00:00,3.09,3.0055660629272465,3.1720122098922734,3.0055660629272465,2.7658730511400926
2026-02-02 11:15:00,3.16,3.0109628677368168,3.1774090147018437,3.0109628677368168,2.7492463537300322
2026-02-02 11:30:00,3.08,3.006228432655335,3.1726745796203617,3.006228432655335,2.7312526654916125
2026-02-02 11:45:00,3.08,3.006593728065491,3.173039875030518,3.006593728065491,2.713765267844579
2026-02-02 12:00:00,3.07,3.0270059680938726,3.1934521150588995,3.0270059680938726,2.6650200907663035
2026-02-02 12:15:00,2.98,3.0081916236877446,3.1746377706527715,3.0081916236877446,2.654261284596323
2026-02-02 12:30:00,2.93,3.0280355358123785,3.1944816827774054,3.0280355358123785,2.6492956262078695
2026-02-02 12:45:00,2.93,3.0377030897140505,3.2041492366790774,3.0377030897140505,2.651157862051513
2026-02-02 13:00:00,2.98,3.037668299674988,3.204114446640015,3.037668299674988,2.647405284824713
2026-02-02 13:15:00,2.98,3.0812232542037967,3.2476694011688236,3.0812232542037967,2.663574959506143
2026-02-02 13:30:00,2.93,3.0808223533630374,3.2472685003280644,3.0808223533630374,2.685952676511511
2026-02-02 13:45:00,3.04,3.088790903091431,3.255237050056458,3.088790903091431,2.713189866388827
2026-02-02 14:00:00,3.04,3.1257112884521487,3.2921574354171756,3.1257112884521487,2.687720568670669
2026-02-02 14:15:00,3.08,3.1532383632659915,3.3196845102310184,3.1532383632659915,2.7195113639427286
2026-02-02 14:30:00,3.24,3.1969727039337164,3.3634188508987433,3.1969727039337164,2.751000259021457
2026-02-02 14:45:00,3.27,3.229852552413941,3.396298699378968,3.229852552413941,2.7808405962019274
2026-02-02 15:00:00,3.33,3.270080709457398,3.4365268564224247,3.270080709457398,2.781259283049668
2026-02-02 15:15:00,3.38,3.1374507522583013,3.303896899223328,3.1374507522583013,2.8058349411903722
2026-02-02 15:30:00,3.39,3.1904169559478763,3.3568631029129032,3.1904169559478763,2.8279611137388065
2026-02-02 15:45:00,3.49,3.2058501434326176,3.3722962903976446,3.2058501434326176,2.848444638912294
2026-02-02 16:00:00,3.43,3.2422850990295413,3.4087312459945682,3.2422850990295413,2.883741492823484
2026-02-02 16:15:00,3.6,3.2761515712738043,3.442597718238831,3.2761515712738043,2.904419180646615
2026-02-02 16:30:00,3.61,3.308609590530396,3.4750557374954227,3.308609590530396,2.926882003450395
2026-02-02 16:45:00,3.7,3.342943553924561,3.509389700889588,3.342943553924561,2.9518276441765123
2026-02-02 17:00:00,3.76,3.3590703678131106,3.5255165147781375,3.3590703678131106,2.8891775481105997
2026-02-02 17:15:00,3.71,3.3903134536743167,3.5567596006393436,3.3903134536743167,2.9188523328258222
2026-02-02 17:30:00,3.71,3.3952166748046877,3.5616628217697146,3.3952166748046877,2.9494551711380694
2026-02-02 17:45:00,3.76,3.4140397167205814,3.5804858636856083,3.4140397167205814,2.9792440900115515
2026-02-02 18:00:00,3.76,3.414786071777344,3.581232218742371,3.414786071777344,2.9942092658282013
2026-02-02 18:15:00,3.77,3.434628353118897,3.6010745000839237,3.434628353118897,3.0158843738965584
2026-02-02 18:30:00,3.77,3.415937404632569,3.5823835515975957,3.415937404632569,3.030288656012886
2026-02-02 18:45:00,3.76,3.430618257522583,3.59706440448761,3.430618257522583,3.0357606997837783
2026-02-02 19:00:00,3.66,3.416826725006104,3.583272871971131,3.416826725006104,3.144306456342218
2026-02-02 19:15:00,3.56,3.433892326354981,3.600338473320008,3.433892326354981,3.1296987542207084
2026-02-02 19:30:00,3.46,3.393505439758301,3.559951586723328,3.393505439758301,3.1055916335510436
2026-02-02 19:45:00,3.49,3.369485092163086,3.535931239128113,3.369485092163086,3.07340824810413
2026-02-02 20:00:00,3.28,3.3443267297744756,3.5107728767395026,3.3443267297744756,3.0139508072232934
2026-02-02 20:15:00,3.24,3.3201038932800295,3.4865500402450564,3.3201038932800295,2.9720916044160886
2026-02-02 20:30:00,3.18,3.277369766235352,3.4438159132003787,3.277369766235352,2.9290730689754296
2026-02-02 20:45:00,3.06,3.2474193477630617,3.4138654947280886,3.2474193477630617,2.8871467393973793
2026-02-02 21:00:00,3.06,3.2165880346298223,3.3830341815948493,3.2165880346298223,2.7874279289514594
2026-02-02 21:15:00,3.05,3.115749650001526,3.282195796966553,3.115749650001526,2.7522909989252557
2026-02-02 21:30:00,3.05,3.084256782531739,3.2507029294967658,3.084256782531739,2.721391922402752
2026-02-02 21:45:00,3.0,3.03988208770752,3.206328234672547,3.03988208770752,2.694269971850404
2026-02-02 22:00:00,2.96,2.9960045099258426,3.1624506568908695,2.9960045099258426,2.7103743947080146
2026-02-02 22:15:00,2.91,2.9588098812103274,3.1252560281753543,2.9588098812103274,2.687055284624034
2026-02-02 22:30:00,2.96,2.9166332101821903,3.0830793571472173,2.9166332101821903,2.6631517704574237
2026-02-02 22:45:00,2.95,2.8724783992767335,3.0389245462417604,2.8724783992767335,2.637057996211853
2026-02-02 23:00:00,2.86,2.823579640388489,2.990025787353516,2.823579640388489,2.658671299029354
2026-02-02 23:15:00,2.82,2.7849705791473394,2.9514167261123663,2.7849705791473394,2.62505515309763
2026-02-02 23:30:00,2.76,2.7361982059478764,2.9026443529129033,2.7361982059478764,2.587357939520385
2026-02-02 23:45:00,2.75,2.6937298965454106,2.8601760435104375,2.6937298965454106,2.5462855429404807
2026-02-03 00:00:00,2.67,2.6638091039657597,2.8302552509307866,2.6638091039657597,2.500153816909148
2026-02-03 00:15:00,2.65,2.6116330146789553,2.778079161643982,2.6116330146789553,2.456663187978349
2026-02-03 00:30:00,2.61,2.567652969360352,2.7340991163253787,2.567652969360352,2.414723216834239
2026-02-03 00:45:00,2.55,2.5247927284240728,2.6912388753890997,2.5247927284240728,2.376141586340921
2026-02-03 01:00:00,2.5,2.4861806774139406,2.6526268243789675,2.4861806774139406,2.341609417875466
2026-02-03 01:15:00,2.5,2.4586169099807744,2.6250630569458013,2.4586169099807744,2.3135934033775087
2026-02-03 01:30:00,2.45,2.4221588516235353,2.588604998588562,2.4221588516235353,2.2915742713026273
2026-02-03 01:45:00,2.46,2.3903406429290777,2.5567867898941046,2.3903406429290777,2.2751160474677454
2026-02-03 02:00:00,2.39,2.375324392318726,2.541770539283753,2.375324392318726,2.251183356082947
2026-02-03 02:15:00,2.34,2.3224734306335453,2.488919577598572,2.3224734306335453,2.242246257370758
2026-02-03 02:30:00,2.3,2.286861884593964,2.453308031558991,2.286861884593964,2.2345980331873387
2026-02-03 02:45:00,2.3,2.2662500095367433,2.43269615650177,2.2662500095367433,2.22655561522825
2026-02-03 03:00:00,2.29,2.2536596846580506,2.4201058316230775,2.2536596846580506,2.210392445803132
2026-02-03 03:15:00,2.25,2.1040607500076294,2.2705068969726563,2.1040607500076294,2.1978948064680237
2026-02-03 03:30:00,2.25,2.0968314886093142,2.263277635574341,2.0968314886093142,2.182487190406569
2026-02-03 03:45:00,2.2,2.1048693466186523,2.2713154935836792,2.1048693466186523,2.1646278693424037
2026-02-03 04:00:00,2.2,2.10591685295105,2.272362999916077,2.10591685295105,2.109896297157535
2026-02-03 04:15:00,2.21,2.120771927833557,2.287218074798584,2.120771927833557,2.090991601456153
2026-02-03 04:30:00,2.17,2.1319196891784666,2.2983658361434935,2.1319196891784666,2.0743370403902937
2026-02-03 04:45:00,2.21,2.1478774452209475,2.3143235921859744,2.1478774452209475,2.061970948629765
2026-02-03 05:00:00,2.17,2.1664354848861693,2.3328816318511962,2.1664354848861693,2.0664390576062432
2026-02-03 05:15:00,2.11,2.202426595687866,2.368872742652893,2.202426595687866,2.067892937322466
2026-02-03 05:30:00,2.17,2.2389922857284548,2.4054384326934817,2.2389922857284548,2.0779486873533406
2026-02-03 05:45:00,2.11,2.263142008781433,2.42958815574646,2.263142008781433,2.096912714041227
2026-02-03 06:00:00,2.15,2.309882154464722,2.476328301429749,2.309882154464722,2.116017343573406
2026-02-03 06:15:00,2.25,2.3562648868560796,2.5227110338211065,2.3562648868560796,2.151181949394191
2026-02-03 06:30:00,2.35,2.417266502380371,2.583712649345398,2.417266502380371,2.1925969259221816
2026-02-03 06:45:00,2.45,2.456122083663941,2.6225682306289677,2.456122083663941,2.238586044382619
2026-02-03 07:00:00,2.5,2.5059506607055666,2.6723968076705935,2.5059506607055666,2.4696828934841086
2026-02-03 07:15:00,2.61,2.54643539428711,2.7128815412521368,2.54643539428711,2.5195139626265486
2026-02-03 07:30:00,2.62,2.595345840454102,2.761791987419129,2.595345840454102,2.5688542140865733
2026-02-03 07:45:00,2.71,2.6381544399261476,2.8046005868911745,2.6381544399261476,2.6164253363640073
2026-02-03 08:00:00,2.66,2.690562915802002,2.857009062767029,2.690562915802002,2.5859027489299513
2026-02-03 08:15:00,2.78,2.712463788986206,2.878909935951233,2.712463788986206,2.6272551197438347
2026-02-03 08:30:00,2.88,2.743847122192383,2.91029326915741,2.743847122192383,2.664640940747918
2026-02-03 08:45:00,2.87,2.7713429403305057,2.9377890872955326,2.7713429403305057,2.697693095347046
2026-02-03 09:00:00,2.93,2.80312418460846,2.969570331573487,2.80312418460846,2.6994169907439396
2026-02-03 09:15:00,2.98,2.726003637313843,2.89244978427887,2.726003637313843,2.722880063457521
2026-02-03 09:30:00,2.89,2.745629568099976,2.912075715065003,2.745629568099976,2.7410777661783547
2026-02-03 09:45:00,2.95,2.75551646232605,2.921962609291077,2.75551646232605,2.753699382449569
2026-02-03 10:00:00,2.89,2.7656615638732913,2.9321077108383182,2.7656615638732913,2.584072748849589
2026-02-03 10:15:00,2.95,2.780544633865357,2.946990780830384,2.780544633865357,2.584972659556501
2026-02-03 10:30:00,3.0,2.78133828163147,2.947784428596497,2.78133828163147,2.580137460105901
2026-02-03 10:45:00,2.98,2.781681017875672,2.948127164840699,2.781681017875672,2.5700753179813502
2026-02-03 11:00:00,3.0,2.785785427093506,2.952231574058533,2.785785427093506,2.6479980443140927
2026-02-03 11:15:00,2.93,2.7876013040542604,2.9540474510192873,2.7876013040542604,2.6305832062237005
2026-02-03 11:30:00,2.88,2.7914836549758912,2.957929801940918,2.7914836549758912,2.611783651243036
2026-02-03 11:45:00,2.83,2.7957973480224614,2.9622434949874883,2.7957973480224614,2.5934731800937794
2026-02-03 12:00:00,2.88,2.822605247497559,2.989051394462586,2.822605247497559,2.6529881520928216
2026-02-03 12:15:00,2.84,2.802023134231568,2.9684692811965947,2.802023134231568,2.6413734576888297
2026-02-03 12:30:00,2.77,2.8296600151062017,2.9961061620712286,2.8296600151062017,2.6355363226312534
2026-02-03 12:45:00,2.78,2.8393533897399905,3.0057995367050174,2.8393533897399905,2.6365120517171223
2026-02-03 13:00:00,2.83,2.8443881607055665,3.0108343076705935,2.8443881607055665,2.655729165116414
2026-02-03 13:15:00,2.88,2.8893950557708745,3.0558412027359014,2.8893950557708745,2.6709839830006747
2026-02-03 13:30:00,2.94,2.8934138488769534,3.0598599958419803,2.8934138488769534,2.692433539796969
2026-02-03 13:45:00,2.99,2.9109001922607427,3.0773463392257696,2.9109001922607427,2.718729857553056
2026-02-03 14:00:00,3.06,2.9434696483612064,3.1099157953262333,2.9434696483612064,2.758292128043738
2026-02-03 14:15:00,2.95,2.970628166198731,3.1370743131637577,2.970628166198731,2.78911843061171
2026-02-03 14:30:00,3.0,3.011658668518067,3.1781048154830938,3.011658668518067,2.8196319377270926
2026-02-03 14:45:00,3.11,3.0438815832138064,3.2103277301788333,3.0438815832138064,2.8484866100167747
2026-02-03 15:00:00,3.15,3.079043712615967,3.245489859580994,3.079043712615967,2.877402442155775
2026-02-03 15:15:00,3.21,3.0505237627029422,3.216969909667969,3.0505237627029422,2.900973758746153
2026-02-03 15:30:00,3.27,3.097624039649964,3.264070186614991,3.097624039649964,2.9220872001538156
2026-02-03 15:45:00,3.38,3.11471953868866,3.281165685653687,3.11471953868866,2.941550243156508
2026-02-03 16:00:00,3.43,3.144696321487427,3.311142468452454,3.144696321487427,2.946418051702426
2026-02-03 16:15:00,3.43,3.1735690641403203,3.340015211105347,3.1735690641403203,2.9660616865498928
2026-02-03 16:30:00,3.48,3.2001244640350346,3.3665706110000615,3.2001244640350346,2.9874846433349522
2026-02-03 16:45:00,3.52,3.2287773227691656,3.3952234697341925,3.2287773227691656,3.011385257036401
2026-02-03 17:00:00,3.59,3.240589356422425,3.4070355033874518,3.240589356422425,3.0683564512917676
2026-02-03 17:15:00,3.64,3.2603079700469975,3.4267541170120244,3.2603079700469975,3.0969778517524493
2026-02-03 17:30:00,3.66,3.2634404325485233,3.4298865795135502,3.2634404325485233,3.1265241128787955
2026-02-03 17:45:00,3.72,3.2759189128875734,3.4423650598526003,3.2759189128875734,3.155253920246139
2026-02-03 18:00:00,3.9,3.2734412097930914,3.4398873567581183,3.2734412097930914,3.1498501373779884
2026-02-03 18:15:00,3.88,3.2796322059631353,3.4460783529281622,3.2796322059631353,3.170463042831177
2026-02-03 18:30:00,3.9,3.2588130855560307,3.4252592325210576,3.2588130855560307,3.183804565365391
2026-02-03 18:45:00,4.04,3.2676725864410403,3.434118733406067,3.2676725864410403,3.1882139508004386
2026-02-03 19:00:00,4.09,3.2455431318283083,3.4119892787933352,3.2455431318283083,3.2101858056704087
2026-02-03 19:15:00,4.21,3.261824054718018,3.428270201683045,3.261824054718018,3.1945176171849
2026-02-03 19:30:00,4.13,3.216084938049317,3.3825310850143437,3.216084938049317,3.169352077223702
2026-02-03 19:45:00,3.99,3.1924320602417,3.3588782072067267,3.1924320602417,3.1361129904723977
2026-02-03 20:00:00,3.99,3.1611052608489993,3.3275514078140263,3.1611052608489993,3.08428405325756
2026-02-03 20:15:00,3.83,3.1368897628784183,3.303335909843445,3.1368897628784183,3.0413765258197993
2026-02-03 20:30:00,3.81,3.0925346374511724,3.2589807844161993,3.0925346374511724,2.9973143174118064
2026-02-03 20:45:00,3.72,3.060955610275269,3.2274017572402958,3.060955610275269,2.954349603290004
2026-02-03 21:00:00,3.65,3.0288862609863285,3.1953324079513554,3.0288862609863285,2.940421845185491
2026-02-03 21:15:00,3.56,3.34416392326355,3.510610070228577,3.34416392326355,2.9042589992059047
2026-02-03 21:30:00,3.54,3.3050245857238774,3.4714707326889043,3.3050245857238774,2.8723411765007287
2026-02-03 21:45:00,3.48,3.264002780914307,3.430448927879334,3.264002780914307,2.8442082656051166
2026-02-03 22:00:00,3.44,3.2187162065505985,3.3851623535156254,3.2187162065505985,2.8217761366781926
2026-02-03 22:15:00,3.41,3.176407442092896,3.3428535890579227,3.176407442092896,2.7974634609857394
2026-02-03 22:30:00,3.33,3.1294330072402956,3.2958791542053225,3.1294330072402956,2.772575976547986
2026-02-03 22:45:00,3.3,3.0843584346771244,3.2508045816421514,3.0843584346771244,2.74550841636345
2026-02-03 23:00:00,3.28,3.0320198106765752,3.198465957641602,3.0320198106765752,2.684404182592811
2026-02-03 23:15:00,3.19,2.987220840454102,3.153666987419129,2.987220840454102,2.6498363550188997
2026-02-03 23:30:00,3.12,2.941080279350281,3.107526426315308,2.941080279350281,2.6111993632293924
2026-02-03 23:45:00,3.07,2.892596826553345,3.059042973518372,2.892596826553345,2.5691996477076353
2026-02-04 00:00:00,2.91,2.871906538009644,3.038352684974671,2.871906538009644,2.594137848202358
2026-02-04 00:15:00,2.92,2.807867860794068,2.974314007759095,2.807867860794068,2.549746449452564
2026-02-04 00:30:00,2.86,2.765596332550049,2.932042479515076,2.765596332550049,2.5069197789550497
2026-02-04 00:45:00,2.81,2.7177888393402103,2.8842349863052372,2.7177888393402103,2.4674660367129015
2026-02-04 01:00:00,2.75,2.678240447044373,2.8446865940093997,2.678240447044373,2.173568302077313
2026-02-04 01:15:00,2.69,2.6489099979400637,2.8153561449050906,2.6489099979400637,2.144710860093633
2026-02-04 01:30:00,2.65,2.6124380779266363,2.778884224891663,2.6124380779266363,2.1218663752232056
2026-02-04 01:45:00,2.62,2.5759851837158205,2.7424313306808474,2.5759851837158205,2.1045993465454176
2026-02-04 02:00:00,2.58,2.558734760284424,2.725180907249451,2.558734760284424,2.1660635965562633
2026-02-04 02:15:00,2.59,2.502222962379456,2.6686691093444828,2.502222962379456,2.1563521614743952
2026-02-04 02:30:00,2.51,2.467151613235474,2.6335977602005007,2.467151613235474,2.1479474971802635
2026-02-04 02:45:00,2.5,2.4360596466064455,2.6025057935714724,2.4360596466064455,2.1391669600888896
2026-02-04 03:00:00,2.51,2.422328724861145,2.588774871826172,2.422328724861145,2.1789720691493297
2026-02-04 03:15:00,2.45,2.384836750030518,2.551282896995545,2.384836750030518,2.1657741753953204
2026-02-04 03:30:00,2.43,2.364669671058655,2.531115818023682,2.364669671058655,2.1496858223635718
2026-02-04 03:45:00,2.45,2.354509348869324,2.5209554958343507,2.354509348869324,2.131165653895137
2026-02-04 04:00:00,2.39,2.339390223026276,2.505836369991303,2.339390223026276,2.1267728320551202
2026-02-04 04:15:00,2.35,2.335806577205658,2.502252724170685,2.335806577205658,2.1072481294653587
2026-02-04 04:30:00,2.36,2.324852743148804,2.491298890113831,2.324852743148804,2.089994484406401
2026-02-04 04:45:00,2.36,2.322042903900147,2.488489050865174,2.322042903900147,2.077050547668441
2026-02-04 05:00:00,2.38,2.3234664416313175,2.4899125885963445,2.3234664416313175,2.111855865766416
2026-02-04 05:15:00,2.43,2.3387024402618413,2.505148587226868,2.3387024402618413,2.112775268782034
2026-02-04 05:30:00,2.4,2.352652702331543,2.51909884929657,2.352652702331543,2.1223186419541786
2026-02-04 05:45:00,2.4,2.3535637664794926,2.5200099134445195,2.3535637664794926,2.140792648897988
2026-02-04 06:00:00,2.42,2.3922209358215336,2.5586670827865605,2.3922209358215336,2.2075348283764695
2026-02-04 06:15:00,2.46,2.427251243591309,2.593697390556336,2.427251243591309,2.2422548401282834
2026-02-04 06:30:00,2.55,2.4771749496459963,2.643621096611023,2.4771749496459963,2.2832482606732736
2026-02-04 06:45:00,2.68,2.501963124275208,2.6684092712402347,2.501963124275208,2.3288390575390316
2026-02-04 07:00:00,2.69,2.5449551868438722,2.711401333808899,2.5449551868438722,2.469578830703273
2026-02-04 07:15:00,2.85,2.5823523044586185,2.7487984514236454,2.5823523044586185,2.5190585740381275
2026-02-04 07:30:00,2.85,2.6340225791931156,2.8004687261581425,2.6340225791931156,2.568071229903195
2026-02-04 07:45:00,2.89,2.6726210403442385,2.8390671873092654,2.6726210403442385,2.6153386207196556
2026-02-04 08:00:00,2.92,2.736044912338257,2.902491059303284,2.736044912338257,2.6142016540151873
2026-02-04 08:15:00,3.04,2.7703688192367557,2.9368149662017826,2.7703688192367557,2.6552983606543115
2026-02-04 08:30:00,3.15,2.8101112747192385,2.9765574216842654,2.8101112747192385,2.6924526890822906
2026-02-04 08:45:00,3.07,2.8377503299713136,3.0041964769363405,2.8377503299713136,2.7252975935791284
2026-02-04 09:00:00,3.24,2.8791722202301027,3.0456183671951296,2.8791722202301027,2.705438161916115
2026-02-04 09:15:00,3.22,3.038869371414185,3.2053155183792117,3.038869371414185,2.728742619050251
2026-02-04 09:30:00,3.22,3.078191356658936,3.244637503623963,3.078191356658936,2.746806066705099
2026-02-04 09:45:00,3.26,3.0908821105957034,3.2573282575607303,3.0908821105957034,2.7593177962513074
2026-02-04 10:00:00,3.31,3.108369541168213,3.27481568813324,3.108369541168213,2.69532492339263
2026-02-04 10:15:00,3.3,3.132252359390259,3.298698506355286,3.132252359390259,2.696163644967304
2026-02-04 10:30:00,3.3,3.1385477256774905,3.3049938726425174,3.1385477256774905,2.691291554439735
2026-02-04 10:45:00,3.4,3.1454187583923345,3.3118649053573614,3.1454187583923345,2.6812167648081364
2026-02-04 11:00:00,3.36,3.151759243011475,3.318205389976502,3.151759243011475,2.705452279779176
2026-02-04 11:15:00,3.37,3.1623789024353033,3.32882504940033,3.1623789024353033,2.6880730563855586
2026-02-04 11:30:00,3.34,3.1615322542190554,3.3279784011840823,3.1615322542190554,2.6693331042512622
2026-02-04 11:45:00,3.25,3.1612321901321416,3.3276783370971685,3.1612321901321416,2.6511061086993326
2026-02-04 12:00:00,3.31,3.181736297607422,3.348182444572449,3.181736297607422,2.698655950671757
2026-02-04 12:15:00,3.2,3.16393575668335,3.330381903648377,3.16393575668335,2.6871720715247953
2026-02-04 12:30:00,3.24,3.183096914291382,3.349543061256409,3.183096914291382,2.681489189199582
2026-02-04 12:45:00,3.21,3.1960148906707766,3.3624610376358035,3.1960148906707766,2.6826424342434656
2026-02-04 13:00:00,3.27,3.197784833908081,3.364230980873108,3.197784833908081,2.668901198135254
2026-02-04 13:15:00,3.32,3.2353640556335455,3.4018102025985724,3.2353640556335455,2.6843794785933386
2026-02-04 13:30:00,3.38,3.2357010841369633,3.4021472311019902,3.2357010841369633,2.7060751532942096
2026-02-04 13:45:00,3.43,3.238800659179688,3.405246806144715,3.238800659179688,2.732640013903347
2026-02-04 14:00:00,3.38,3.2724649143219,3.4389110612869267,3.2724649143219,2.7791522116627165
2026-02-04 14:15:00,3.36,3.2999082756042486,3.4663544225692755,3.2999082756042486,2.8102911619698423
2026-02-04 14:30:00,3.47,3.3429680156707766,3.5094141626358035,3.3429680156707766,2.841138970363655
2026-02-04 14:45:00,3.57,3.375779371261597,3.542225518226624,3.375779371261597,2.870349314295671
2026-02-04 15:00:00,3.66,3.4192073965072636,3.5856535434722905,3.4192073965072636,2.8927373864641144
2026-02-04 15:15:00,3.67,3.4360612678527835,3.6025074148178104,3.4360612678527835,2.9167062157957626
2026-02-04 15:30:00,3.71,3.491942768096924,3.658388915061951,3.491942768096924,2.9382376162125996
2026-02-04 15:45:00,3.71,3.497906270027161,3.664352416992188,3.497906270027161,2.9581387324488166
2026-02-04 16:00:00,3.81,3.5335304546356205,3.6999766016006475,3.5335304546356205,3.009058625655805
2026-02-04 16:15:00,3.82,3.5660102176666264,3.7324563646316533,3.5660102176666264,3.0291795200865095
2026-02-04 16:30:00,3.99,3.596802392005921,3.763248538970948,3.596802392005921,3.051098786340397
2026-02-04 16:45:00,3.94,3.633826875686646,3.8002730226516728,3.633826875686646,3.075514382850703
2026-02-04 17:00:00,3.99,3.6495864915847784,3.8160326385498053,3.6495864915847784,3.1309496698085875
2026-02-04 17:15:00,4.06,3.686523728370667,3.852969875335694,3.686523728370667,3.160122228945065
2026-02-04 17:30:00,4.17,3.6893153572082524,3.8557615041732793,3.6893153572082524,3.1902371314196736
2026-02-04 17:45:00,4.13,3.7091609001159673,3.8756070470809942,3.7091609001159673,3.219552646640253
2026-02-04 18:00:00,4.18,3.7150415039062503,3.8814876508712772,3.7150415039062503,3.2403592347119226
2026-02-04 18:15:00,4.22,3.737226133346558,3.903672280311585,3.737226133346558,3.261590696398145
2026-02-04 18:30:00,4.17,3.7198039340972904,3.8862500810623173,3.7198039340972904,3.2755665398405234
2026-02-04 18:45:00,4.29,3.733999357223511,3.900445504188538,3.733999357223511,3.28062556028461
2026-02-04 19:00:00,4.28,3.7261069107055667,3.8925530576705936,3.7261069107055667,3.3709347682956095
2026-02-04 19:15:00,4.33,3.7395668506622317,3.9060129976272586,3.7395668506622317,3.355945460677042
2026-02-04 19:30:00,4.31,3.7024632740020755,3.8689094209671024,3.7024632740020755,3.331472718919966
2026-02-04 19:45:00,4.19,3.6771904850006107,3.8436366319656377,3.6771904850006107,3.2989398682903204
2026-02-04 20:00:00,4.0,3.6544682407379154,3.8209143877029423,3.6544682407379154,3.2584415464724517
2026-02-04 20:15:00,3.86,3.629103312492371,3.7955494594573977,3.629103312492371,3.2162656679358688
2026-02-04 20:30:00,3.88,3.5803377342224123,3.746783881187439,3.5803377342224123,3.172947071778978
2026-02-04 20:45:00,3.7,3.544315910339356,3.710762057304383,3.544315910339356,3.1307374308312506
2026-02-04 21:00:00,3.68,3.5134587764739993,3.679904923439026,3.5134587764739993,3.082611615460666
2026-02-04 21:15:00,3.65,3.6177859497070317,3.7842320966720586,3.6177859497070317,3.047225238338145
2026-02-04 21:30:00,3.62,3.5692870044708256,3.7357331514358525,3.5692870044708256,3.01609381076436
2026-02-04 21:45:00,3.6,3.526814346313477,3.693260493278504,3.526814346313477,2.9887567018232772
2026-02-04 22:00:00,3.51,3.47961323261261,3.646059379577637,3.47961323261261,3.0020933431030876
2026-02-04 22:15:00,3.38,3.430281772613526,3.596727919578553,3.430281772613526,2.9785937119560795
2026-02-04 22:30:00,3.33,3.3780081081390385,3.5444542551040654,3.3780081081390385,2.9545271023580555
2026-02-04 22:45:00,3.27,3.3327332210540774,3.4991793680191043,3.3327332210540774,2.928287716975875
2026-02-04 23:00:00,3.22,3.2745409011840825,3.4409870481491094,3.2745409011840825,2.893175588680644
2026-02-04 23:15:00,3.16,3.223491411209107,3.389937558174134,3.223491411209107,2.859448938212971
2026-02-04 23:30:00,3.03,3.176272087097168,3.342718234062195,3.176272087097168,2.821658823490822
2026-02-04 23:45:00,2.97,3.1177960109710696,3.2842421579360965,3.1177960109710696,2.780511149915866
2026-02-05 00:00:00,2.98,3.0981896495819097,3.2646357965469366,3.0981896495819097,2.740449121531738
2026-02-05 00:15:00,2.86,3.029562492370606,3.196008639335633,3.029562492370606,2.696918488703564
2026-02-05 00:30:00,2.76,2.9883906555175783,3.1548368024826052,2.9883906555175783,2.6549561439284237
2026-02-05 00:45:00,2.76,2.9338107919692997,3.1002569389343266,2.9338107919692997,2.616369753446365
2026-02-05 01:00:00,2.71,2.891324272155762,3.057770419120789,2.891324272155762,2.53792125484116
2026-02-05 01:15:00,2.7,2.8586732769012455,3.0251194238662724,2.8586732769012455,2.5099356210329242
2026-02-05 01:30:00,2.65,2.818816938400269,2.985263085365296,2.818816938400269,2.487964378377167
2026-02-05 01:45:00,2.61,2.773848094940186,2.940294241905213,2.773848094940186,2.471571499548987
2026-02-05 02:00:00,2.56,2.755889368057251,2.922335515022278,2.755889368057251,2.4641596356239908
2026-02-05 02:15:00,2.55,2.6939353752136235,2.8603815221786504,2.6939353752136235,2.455322597866601
2026-02-05 02:30:00,2.53,2.6578110837936406,2.8242572307586675,2.6578110837936406,2.44779167730029
2026-02-05 02:45:00,2.47,2.619986701011658,2.786432847976685,2.619986701011658,2.439883717086621
2026-02-05 03:00:00,2.51,2.6070293140411382,2.773475461006165,2.6070293140411382,2.410367526296602
2026-02-05 03:15:00,2.46,2.477197780609131,2.643643927574158,2.477197780609131,2.3980383529588782
2026-02-05 03:30:00,2.42,2.4508921623229982,2.617338309288025,2.4508921623229982,2.3828160400925236
2026-02-05 03:45:00,2.42,2.4398677968978886,2.6063139438629155,2.4398677968978886,2.3651587369623015
2026-02-05 04:00:00,2.41,2.424462332725525,2.590908479690552,2.424462332725525,2.331418459003658
2026-02-05 04:15:00,2.36,2.4178198814392093,2.5842660284042362,2.4178198814392093,2.3127488107418417
2026-02-05 04:30:00,2.35,2.405195989608765,2.571642136573792,2.405195989608765,2.29634559580268
2026-02-05 04:45:00,2.34,2.4037416028976444,2.5701877498626713,2.4037416028976444,2.284246994309992
2026-02-05 05:00:00,2.3,2.403880491256714,2.570326638221741,2.403880491256714,2.2632635976728084
2026-02-05 05:15:00,2.35,2.417533135414124,2.583979282379151,2.417533135414124,2.2650167615546657
2026-02-05 05:30:00,2.35,2.4329606151580814,2.5994067621231083,2.4329606151580814,2.275387430473675
2026-02-05 05:45:00,2.35,2.4330872726440433,2.5995334196090703,2.4330872726440433,2.2946818261642186
2026-02-05 06:00:00,2.35,2.4717226982116705,2.6381688451766974,2.4717226982116705,2.3149646244532964
2026-02-05 06:15:00,2.46,2.5180184555053713,2.684464602470398,2.5180184555053713,2.3504899171510227
2026-02-05 06:30:00,2.48,2.56563949584961,2.7320856428146367,2.56563949584961,2.3922804344393915
2026-02-05 06:45:00,2.62,2.5916146087646488,2.7580607557296757,2.5916146087646488,2.438659735154684
2026-02-05 07:00:00,2.67,2.639044032096863,2.80549017906189,2.639044032096863,2.5796378491256355
2026-02-05 07:15:00,2.82,2.6746540832519536,2.8411002302169805,2.6746540832519536,2.6298877203402964
2026-02-05 07:30:00,2.88,2.7337773084640506,2.9002234554290776,2.7337773084640506,2.679660739570717
2026-02-05 07:45:00,2.98,2.7716671943664553,2.938113341331482,2.7716671943664553,2.7276783576471173
2026-02-05 08:00:00,2.98,2.8379006338119512,3.004346780776978,2.8379006338119512,2.700172430823322
2026-02-05 08:15:00,3.14,2.877793121337891,3.044239268302918,2.877793121337891,2.7419980172508827
2026-02-05 08:30:00,3.22,2.9182786703109747,3.0847248172760016,2.9182786703109747,2.7798700343577343
2026-02-05 08:45:00,3.25,2.946408591270447,3.112854738235474,2.946408591270447,2.813421105354649
2026-02-05 09:00:00,3.3,2.9894479465484625,3.1558940935134894,2.9894479465484625,2.8552097858425864
2026-02-05 09:15:00,3.34,3.0827102565765383,3.249156403541565,3.0827102565765383,2.8791964144005746
2026-02-05 09:30:00,3.29,3.1161918640136723,3.2826380109786992,3.1161918640136723,2.897929582280516
2026-02-05 09:45:00,3.3,3.1261635589599615,3.2926097059249884,3.1261635589599615,2.911098293117449
2026-02-05 10:00:00,3.36,3.1412023687362676,3.3076485157012945,3.1412023687362676,2.938595932087052
2026-02-05 10:15:00,3.37,3.162926301956177,3.329372448921204,3.162926301956177,2.940065338901137
2026-02-05 10:30:00,3.37,3.1640382242202763,3.330484371185303,3.1640382242202763,2.9358103992980547
2026-02-05 10:45:00,3.43,3.1700786447525027,3.3365247917175296,3.1700786447525027,2.9263389841612177
2026-02-05 11:00:00,3.53,3.175156631469727,3.341602778434754,3.175156631469727,2.9314416803180783
2026-02-05 11:15:00,3.4,3.183886756896973,3.350332903862,3.183886756896973,2.91463759901065
2026-02-05 11:30:00,3.38,3.1841552925109866,3.3506014394760135,3.1841552925109866,2.8964583566208297
2026-02-05 11:45:00,3.22,3.185375933647156,3.351822080612183,3.185375933647156,2.8787774436057836
2026-02-05 12:00:00,3.17,3.2079935359954836,3.3744396829605106,3.2079935359954836,2.897248445053618
2026-02-05 12:15:00,3.31,3.191296491622925,3.357742638587952,3.191296491622925,2.8862808574292305
2026-02-05 12:30:00,3.3,3.2152342128753664,3.3816803598403933,3.2152342128753664,2.8810991269659634
2026-02-05 12:45:00,3.26,3.2282261180877687,3.3946722650527956,3.2282261180877687,2.8827382376122257
2026-02-05 13:00:00,3.32,3.2329863739013676,3.3994325208663945,3.2329863739013676,2.8614446520225525
2026-02-05 13:15:00,3.33,3.273615703582764,3.440061850547791,3.273615703582764,2.8773778343411656
2026-02-05 13:30:00,3.33,3.280171995162964,3.446618142127991,3.280171995162964,2.8995127577772033
2026-02-05 13:45:00,3.45,3.288215017318726,3.454661164283753,3.288215017318726,2.92650111602844
2026-02-05 14:00:00,3.42,3.325458841323853,3.49190498828888,3.325458841323853,2.907622550428433
2026-02-05 14:15:00,3.48,3.3566160392761235,3.5230621862411504,3.3566160392761235,2.9391532509032507
2026-02-05 14:30:00,3.56,3.40420337677002,3.570649523735047,3.40420337677002,2.9703768373164174
2026-02-05 14:45:00,3.6,3.44058614730835,3.607032294273377,3.44058614730835,2.9999469375477714
2026-02-05 15:00:00,3.57,3.48627715587616,3.6527233028411867,3.48627715587616,3.0156558535738873
2026-02-05 15:15:00,3.69,3.459949522018433,3.6263956689834598,3.459949522018433,3.0399522951088556
2026-02-05 15:30:00,3.69,3.5202678394317632,3.68671398639679,3.5202678394317632,3.0617952091173883
2026-02-05 15:45:00,3.87,3.5254651451110846,3.6919112920761115,3.5254651451110846,3.0819917383539996
2026-02-05 16:00:00,3.91,3.56643367767334,3.732879824638367,3.56643367767334,3.1041213138982036
2026-02-05 16:15:00,3.9,3.601747741699219,3.768193888664246,3.601747741699219,3.1245054608941327
2026-02-05 16:30:00,4.04,3.635381011962891,3.801827158927918,3.635381011962891,3.1466719429370333
2026-02-05 16:45:00,4.03,3.6763229084014895,3.8427690553665164,3.6763229084014895,3.171318762591099
2026-02-05 17:00:00,4.06,3.6947964191436773,3.861242566108704,3.6947964191436773,3.1935059189506143
2026-02-05 17:15:00,4.19,3.7356094837188722,3.902055630683899,3.7356094837188722,3.222877893199914
2026-02-05 17:30:00,4.34,3.738640022277832,3.905086169242859,3.738640022277832,3.2531764174792404
2026-02-05 17:45:00,4.34,3.7630474090576174,3.9294935560226443,3.7630474090576174,3.282659849422297
2026-02-05 18:00:00,4.28,3.766606321334839,3.933052468299866,3.766606321334839,3.352028194775741
2026-02-05 18:15:00,4.32,3.796934537887574,3.9633806848526008,3.796934537887574,3.373396470224671
2026-02-05 18:30:00,4.31,3.779420471191407,3.9458666181564337,3.779420471191407,3.387493750341149
2026-02-05 18:45:00,4.37,3.79665105342865,3.963097200393677,3.79665105342865,3.3926589601675388
2026-02-05 19:00:00,4.36,3.7896346092224125,3.9560807561874394,3.7896346092224125,3.500634356777573
2026-02-05 19:15:00,4.38,3.805058555603028,3.9715047025680548,3.805058555603028,3.485721172937298
2026-02-05 19:30:00,4.38,3.766857461929322,3.9333036088943487,3.766857461929322,3.4613097559052948
2026-02-05 19:45:00,4.32,3.743285579681397,3.9097317266464238,3.743285579681397,3.4288235992839255
2026-02-05 20:00:00,4.17,3.719391889572144,3.8858380365371707,3.719391889572144,3.3789422823986928
2026-02-05 20:15:00,4.1,3.696149153709412,3.862595300674439,3.696149153709412,3.336784377582422
2026-02-05 20:30:00,4.0,3.646124067306519,3.812570214271546,3.646124067306519,3.2934696830851324
2026-02-05 20:45:00,4.0,3.611945300102234,3.778391447067261,3.611945300102234,3.2512500751067424
2026-02-05 21:00:00,3.95,3.5806315469741827,3.7470776939392096,3.5806315469741827,3.216909647994072
2026-02-05 21:15:00,3.88,3.668211936950684,3.834658083915711,3.668211936950684,3.1814862089381446
2026-02-05 21:30:00,3.95,3.6246830749511725,3.7911292219161994,3.6246830749511725,3.150304508771671
2026-02-05 21:45:00,3.83,3.5814958620071415,3.7479420089721684,3.5814958620071415,3.122904151096637
2026-02-05 22:00:00,3.76,3.5377359724044806,3.7041821193695075,3.5377359724044806,3.0874508860152647
2026-02-05 22:15:00,3.66,3.490186142921448,3.656632289886475,3.490186142921448,3.0638627855868257
2026-02-05 22:30:00,3.63,3.4394750404357914,3.6059211874008184,3.4394750404357914,3.039695475770776
2026-02-05 22:45:00,3.53,3.3969012737274173,3.5633474206924443,3.3969012737274173,3.0133434206575123
2026-02-05 23:00:00,3.48,3.3389753150939945,3.5054214620590214,3.3389753150939945,2.9627380669496617
2026-02-05 23:15:00,3.41,3.2898191642761234,3.4562653112411503,3.2898191642761234,2.9288756157740083
2026-02-05 23:30:00,3.33,3.2418665313720707,3.4083126783370976,3.2418665313720707,2.8909385501077236
2026-02-05 23:45:00,3.27,3.186398978233338,3.352845125198365,3.186398978233338,2.8496330591686543
2026-02-06 00:00:00,3.16,3.1648277950286867,3.3312739419937136,3.1648277950286867,2.7826575960414455
2026-02-06 00:15:00,3.08,3.099532327651978,3.265978474617005,3.099532327651978,2.738948283660222
2026-02-06 00:30:00,3.01,3.0579571437835695,3.2244032907485964,3.0579571437835695,2.6967972723838542
2026-02-06 00:45:00,2.9,3.006686410903931,3.173132557868958,3.006686410903931,2.658012529979353
2026-02-06 01:00:00,2.85,2.9622546386718756,3.1287007856369025,2.9622546386718756,2.629953269453641
2026-02-06 01:15:00,2.84,2.930280961990357,3.096727108955384,2.930280961990357,2.601750831754992
2026-02-06 01:30:00,2.8,2.891865148544312,3.058311295509339,2.891865148544312,2.579554025076345
2026-02-06 01:45:00,2.74,2.8482552909851075,3.0147014379501345,2.8482552909851075,2.562927136422212
2026-02-06 02:00:00,2.74,2.8329112529754643,2.999357399940491,2.8329112529754643,2.5403948857768945
2026-02-06 02:15:00,2.75,2.773163709640503,2.93960985660553,2.773163709640503,2.5313078989714137
2026-02-06 02:30:00,2.75,2.7382228231430057,2.9046689701080326,2.7382228231430057,2.5235195398880936
2026-02-06 02:45:00,2.69,2.7025899410247805,2.8690360879898074,2.7025899410247805,2.515346973882931
2026-02-06 03:00:00,2.69,2.6875530338287357,2.8539991807937626,2.6875530338287357,2.495297775191788
2026-02-06 03:15:00,2.68,2.5625369310379034,2.7289830780029303,2.5625369310379034,2.482690632559537
2026-02-06 03:30:00,2.59,2.542838973999024,2.7092851209640507,2.542838973999024,2.467184155611011
2026-02-06 03:45:00,2.59,2.5314446926116947,2.6978908395767216,2.5314446926116947,2.449236818710675
2026-02-06 04:00:00,2.54,2.519341835975647,2.685787982940674,2.519341835975647,2.401273602927513
2026-02-06 04:15:00,2.51,2.517002477645874,2.683448624610901,2.517002477645874,2.3823031563473425
2026-02-06 04:30:00,2.51,2.5062550735473637,2.6727012205123906,2.5062550735473637,2.3655942472290485
2026-02-06 04:45:00,2.54,2.5090453433990483,2.675491490364075,2.5090453433990483,2.353185378784634
2026-02-06 05:00:00,2.49,2.510574474334717,2.677020621299744,2.510574474334717,2.333506478897182
2026-02-06 05:15:00,2.52,2.5255195140838627,2.6919656610488896,2.5255195140838627,2.334941194247983
2026-02-06 05:30:00,2.52,2.5405653905868535,2.7070115375518804,2.5405653905868535,2.344989802436123
2026-02-06 05:45:00,2.46,2.543478240966797,2.709924387931824,2.543478240966797,2.3639588414840507
2026-02-06 06:00:00,2.53,2.5784215736389164,2.7448677206039434,2.5784215736389164,2.374802541709605
2026-02-06 06:15:00,2.54,2.62325234413147,2.789698491096497,2.62325234413147,2.409996824888492
2026-02-06 06:30:00,2.58,2.6706464338302616,2.8370925807952885,2.6706464338302616,2.451453969947595
2026-02-06 06:45:00,2.63,2.6993147850036623,2.865760931968689,2.6993147850036623,2.4974978406715733
2026-02-06 07:00:00,2.72,2.742499008178711,2.908945155143738,2.742499008178711,2.6011552574878567
2026-02-06 07:15:00,2.91,2.78010160446167,2.946547751426697,2.78010160446167,2.651066483415042
2026-02-06 07:30:00,2.93,2.833107762336731,2.999553909301758,2.833107762336731,2.7004996919684214
2026-02-06 07:45:00,2.96,2.8697598838806155,3.0362060308456424,2.8697598838806155,2.7481766231612887
2026-02-06 08:00:00,2.95,2.934524259567261,3.100970406532288,2.934524259567261,2.780709190333554
2026-02-06 08:15:00,3.16,2.973845157623291,3.140291304588318,2.973845157623291,2.8221931862972176
2026-02-06 08:30:00,3.2,3.012755098342896,3.179201245307923,3.012755098342896,2.8597235756718646
2026-02-06 08:45:00,3.27,3.0421097373962405,3.2085558843612674,3.0421097373962405,2.89293325103074
2026-02-06 09:00:00,3.27,3.082859201431275,3.2493053483963017,3.082859201431275,2.9322432581876363
2026-02-06 09:15:00,3.25,3.146876134872437,3.313322281837464,3.146876134872437,2.9558897409577303
2026-02-06 09:30:00,3.28,3.1826783466339115,3.3491244935989384,3.1826783466339115,2.974283769037861
2026-02-06 09:45:00,3.22,3.1931180763244633,3.3595642232894902,3.1931180763244633,2.9871145919433992
2026-02-06 10:00:00,3.28,3.2101048564910895,3.3765510034561164,3.2101048564910895,2.977497182584666
2026-02-06 10:15:00,3.26,3.233656625747681,3.400102772712708,3.233656625747681,2.978631916941792
2026-02-06 10:30:00,3.33,3.2342290306091313,3.400675177574158,3.2342290306091313,2.9740442551170183
2026-02-06 10:45:00,3.34,3.24075216293335,3.407198309898377,3.24075216293335,2.9642422870666256
2026-02-06 11:00:00,3.36,3.244874238967896,3.411320385932923,3.244874238967896,2.937514345358856
2026-02-06 11:15:00,3.36,3.2532744026184086,3.4197205495834355,3.2532744026184086,2.920384678229034
2026-02-06 11:30:00,3.36,3.251594152450562,3.4180402994155887,3.251594152450562,2.9018826329891425
2026-02-06 11:45:00,3.31,3.2530243492126467,3.4194704961776736,3.2530243492126467,2.883881889553405
2026-02-06 12:00:00,3.31,3.269691224098206,3.436137371063233,3.269691224098206,2.8594807684835364
2026-02-06 12:15:00,3.24,3.257316570281983,3.4237627172470098,3.257316570281983,2.8481998324633357
2026-02-06 12:30:00,3.26,3.277416515350342,3.443862662315369,3.277416515350342,2.842708247210795
2026-02-06 12:45:00,3.26,3.2917426729202273,3.458188819885254,3.2917426729202273,2.844041154181162
2026-02-06 13:00:00,3.23,3.2919843006134037,3.4584304475784307,3.2919843006134037,2.9387813861141363
2026-02-06 13:15:00,3.36,3.333001756668091,3.499447903633118,3.333001756668091,2.95441610629263
2026-02-06 13:30:00,3.35,3.3375625133514406,3.5040086603164675,3.3375625133514406,2.976256641088305
2026-02-06 13:45:00,3.4,3.3438698387146,3.510315985679627,3.3438698387146,3.002954807967028
2026-02-06 14:00:00,3.42,3.382186717987061,3.5486328649520877,3.382186717987061,2.9639498299009
2026-02-06 14:15:00,3.48,3.4119414424896246,3.5783875894546515,3.4119414424896246,2.9951990699959343
2026-02-06 14:30:00,3.49,3.46036211013794,3.626808257102967,3.46036211013794,3.0261457122191895
2026-02-06 14:45:00,3.6,3.4976551294326788,3.6641012763977057,3.4976551294326788,3.05544347315091
2026-02-06 15:00:00,3.65,3.54174008846283,3.7081862354278567,3.54174008846283,3.0690608608502186
2026-02-06 15:15:00,3.65,3.485695781707764,3.652141928672791,3.485695781707764,3.0930944031995624
2026-02-06 15:30:00,3.79,3.544452352523804,3.710898499488831,3.544452352523804,3.1146792353589143
2026-02-06 15:45:00,3.96,3.5485920953750614,3.7150382423400883,3.5485920953750614,3.1346225529484935
2026-02-06 16:00:00,3.97,3.5889580535888674,3.7554042005538943,3.5889580535888674,3.1637907166535704
2026-02-06 16:15:00,4.03,3.623524675369263,3.78997082233429,3.623524675369263,3.1839315150307894
2026-02-06 16:30:00,4.13,3.657501769065857,3.823947916030884,3.657501769065857,3.205859623271649
2026-02-06 16:45:00,4.17,3.698196601867676,3.864642748832703,3.698196601867676,3.23027306083852
2026-02-06 17:00:00,4.18,3.7149406671524052,3.881386814117432,3.7149406671524052,3.240287139822811
2026-02-06 17:15:00,4.31,3.755864353179932,3.9223105001449587,3.755864353179932,3.2694357303217765
2026-02-06 17:30:00,4.33,3.7591047191619875,3.9255508661270144,3.7591047191619875,3.2995158596549965
2026-02-06 17:45:00,4.42,3.784827604293824,3.9512737512588507,3.784827604293824,3.3287858667852728
2026-02-06 18:00:00,4.39,3.7858805465698246,3.9523266935348516,3.7858805465698246,3.3868927499543062
2026-02-06 18:15:00,4.32,3.822515544891358,3.988961691856385,3.822515544891358,3.4080574497567784
2026-02-06 18:30:00,4.32,3.797973890304566,3.964420037269593,3.797973890304566,3.421956015935062
2026-02-06 18:45:00,4.35,3.8170111083984377,3.9834572553634646,3.8170111083984377,3.4269273202041655
2026-02-06 19:00:00,4.48,3.809419269561768,3.975865416526795,3.809419269561768,3.6537567583760424
2026-02-06 19:15:00,4.43,3.8214082431793215,3.9878543901443484,3.8214082431793215,3.638659092048215
2026-02-06 19:30:00,4.35,3.786245841979981,3.952691988945008,3.786245841979981,3.614067790626899
2026-02-06 19:45:00,4.23,3.7614101028442386,3.9278562498092655,3.7614101028442386,3.5814062612282527
2026-02-06 20:00:00,4.1,3.737227764129639,3.903673911094666,3.737227764129639,3.5376308125243545
2026-02-06 20:15:00,3.93,3.7135493373870854,3.8799954843521123,3.7135493373870854,3.495306266835179
2026-02-06 20:30:00,3.83,3.6620432281494146,3.8284893751144415,3.6620432281494146,3.4518291361528015
2026-02-06 20:45:00,3.86,3.6284219169616705,3.7948680639266974,3.6284219169616705,3.409451179053573
2026-02-06 21:00:00,3.9,3.593164930343628,3.759611077308655,3.593164930343628,3.3516729430726677
2026-02-06 21:15:00,3.83,3.7524152469635013,3.918861393928528,3.7524152469635013,3.3160989465241957
2026-02-06 21:30:00,3.8,3.700758018493653,3.8672041654586797,3.700758018493653,3.284770379110881
2026-02-06 21:45:00,3.74,3.6578358078002933,3.82428195476532,3.6578358078002933,3.2572266981096014
2026-02-06 22:00:00,3.74,3.610223736763001,3.7766698837280277,3.610223736763001,3.2030483319236964
2026-02-06 22:15:00,3.69,3.5582107257843023,3.724656872749329,3.5582107257843023,3.179323530333999
2026-02-06 22:30:00,3.62,3.5043535709381106,3.6707997179031375,3.5043535709381106,3.155022584715834
2026-02-06 22:45:00,3.57,3.4585399818420415,3.6249861288070684,3.4585399818420415,3.128539787109554
2026-02-06 23:00:00,3.43,3.3942632102966313,3.560709357261658,3.3942632102966313,3.0913513861587534
2026-02-06 23:15:00,3.4,3.3413956689834596,3.5078418159484865,3.3413956689834596,3.05736343944153
2026-02-06 23:30:00,3.31,3.29298369884491,3.459429845809937,3.29298369884491,3.0193032206526498
2026-02-06 23:45:00,3.25,3.232592811584473,3.3990389585495,3.232592811584473,2.9778767245888114
2026-02-07 00:00:00,3.21,3.2085281610488896,3.3749743080139165,3.2085281610488896,2.957792544686468
2026-02-07 00:15:00,3.12,3.1431340312957765,3.3095801782608034,3.1431340312957765,2.913965919884326
2026-02-07 00:30:00,3.09,3.096101160049439,3.262547307014466,3.096101160049439,2.8716991315630933
2026-02-07 00:45:00,3.03,3.040627355575562,3.207073502540589,3.040627355575562,2.832799934361701
2026-02-07 01:00:00,2.99,2.9933096408843998,3.1597557878494267,2.9933096408843998,2.763200286700294
2026-02-07 01:15:00,2.93,2.955153665542603,3.12159981250763,2.955153665542603,2.7348853832674975
2026-02-07 01:30:00,2.91,2.9179446315765385,3.0843907785415654,2.9179446315765385,2.7125767703363284
2026-02-07 01:45:00,2.9,2.8701928567886354,3.0366390037536624,2.8701928567886354,2.6958385070980695
2026-02-07 02:00:00,2.82,2.855184488296509,3.021630635261536,2.855184488296509,2.6672414648687877
2026-02-07 02:15:00,2.78,2.7904016304016115,2.9568477773666384,2.7904016304016115,2.658043271553568
2026-02-07 02:30:00,2.77,2.7536198616027834,2.9200660085678103,2.7536198616027834,2.6501434371527104
2026-02-07 02:45:00,2.78,2.716513023376465,2.882959170341492,2.716513023376465,2.6418588887779793
2026-02-07 03:00:00,2.72,2.698152580261231,2.864598727226258,2.698152580261231,2.584704143676299
2026-02-07 03:15:00,2.71,2.6990190696716314,2.8654652166366583,2.6990190696716314,2.571983282444271
2026-02-07 03:30:00,2.7,2.6741980075836187,2.8406441545486456,2.6741980075836187,2.556361854711871
2026-02-07 03:45:00,2.66,2.6575610303878787,2.8240071773529056,2.6575610303878787,2.538298090649171
2026-02-07 04:00:00,2.69,2.6411088752746585,2.8075550222396854,2.6411088752746585,2.500377991424357
2026-02-07 04:15:00,2.68,2.633091402053833,2.79953754901886,2.633091402053833,2.4812874293796434
2026-02-07 04:30:00,2.62,2.6169599676132207,2.7834061145782476,2.6169599676132207,2.4644561921701875
2026-02-07 04:45:00,2.63,2.616636528968811,2.783082675933838,2.616636528968811,2.451922537406146
2026-02-07 05:00:00,2.58,2.613084139823914,2.779530286788941,2.613084139823914,2.4282317064054593
2026-02-07 05:15:00,2.65,2.6223266029357912,2.788772749900818,2.6223266029357912,2.429535983843905
2026-02-07 05:30:00,2.58,2.6347550725936895,2.8012012195587164,2.6347550725936895,2.4394509623887908
2026-02-07 05:45:00,2.61,2.632926421165467,2.7993725681304937,2.632926421165467,2.4582829376607807
2026-02-07 06:00:00,2.61,2.6656904840469364,2.8321366310119633,2.6656904840469364,2.476577261205217
2026-02-07 06:15:00,2.67,2.708529524803162,2.8749756717681887,2.708529524803162,2.5116268915289406
2026-02-07 06:30:00,2.73,2.7534035110473636,2.9198496580123905,2.7534035110473636,2.552935232750361
2026-02-07 06:45:00,2.78,2.7785716581344606,2.9450178050994875,2.7785716581344606,2.5988259140588843
2026-02-07 07:00:00,2.84,2.820350689888001,2.9867968368530278,2.820350689888001,2.6725597222820463
2026-02-07 07:15:00,3.0,2.8596609878540042,3.026107134819031,2.8596609878540042,2.722308295036179
2026-02-07 07:30:00,2.99,2.9147830867767337,3.0812292337417606,2.9147830867767337,2.7715737783931647
2026-02-07 07:45:00,3.04,2.9517099952697756,3.1181561422348025,2.9517099952697756,2.8190776902150407
2026-02-07 08:00:00,3.15,3.0219239044189457,3.1883700513839726,3.0219239044189457,2.855980493823957
2026-02-07 08:15:00,3.31,3.0654524946212773,3.2318986415863042,3.0654524946212773,2.8972802310795385
2026-02-07 08:30:00,3.36,3.1079504299163823,3.274396576881409,3.1079504299163823,2.9346204250056322
2026-02-07 08:45:00,3.36,3.1409150791168217,3.3073612260818486,3.1409150791168217,2.967633762809828
2026-02-07 09:00:00,3.36,3.184316740036011,3.350762887001038,3.184316740036011,3.011762548911831
2026-02-07 09:15:00,3.48,3.2913390541076666,3.4577852010726935,3.2913390541076666,3.0351998136338394
2026-02-07 09:30:00,3.48,3.3276044082641607,3.4940505552291876,3.3276044082641607,3.053377895803721
2026-02-07 09:45:00,3.49,3.3403141880035405,3.5067603349685674,3.3403141880035405,3.0659858605990795
2026-02-07 10:00:00,3.43,3.3569411087036136,3.5233872556686405,3.3569411087036136,3.0771752271901196
2026-02-07 10:15:00,3.47,3.3809938001632696,3.5474399471282965,3.3809938001632696,3.0780727498562106
2026-02-07 10:30:00,3.42,3.3816942214965824,3.5481403684616093,3.3816942214965824,3.073240447434018
2026-02-07 10:45:00,3.51,3.3889522933959966,3.5553984403610235,3.3889522933959966,3.063186250524817
2026-02-07 11:00:00,3.52,3.391054916381836,3.557501063346863,3.391054916381836,3.0463004307965145
2026-02-07 11:15:00,3.42,3.3986674118041997,3.5651135587692266,3.3986674118041997,3.0289029077021405
2026-02-07 11:30:00,3.43,3.3983048343658453,3.564750981330872,3.3983048343658453,3.0101249819488087
2026-02-07 11:45:00,3.37,3.3944279193878177,3.5608740663528446,3.3944279193878177,2.9918402026910855
2026-02-07 12:00:00,3.39,3.4096491050720217,3.5760952520370486,3.4096491050720217,2.9781997474029374
2026-02-07 12:15:00,3.32,3.3964082336425787,3.5628543806076056,3.3964082336425787,2.966618103445396
2026-02-07 12:30:00,3.29,3.412114305496216,3.578560452461243,3.412114305496216,2.960817309395943
2026-02-07 12:45:00,3.32,3.424484882354737,3.590931029319764,3.424484882354737,2.9618324077542435
2026-02-07 13:00:00,3.24,3.422003645896912,3.588449792861939,3.422003645896912,3.0609631234347083
2026-02-07 13:15:00,3.35,3.455249061584473,3.6216952085495,3.455249061584473,3.0762625723564625
2026-02-07 13:30:00,3.39,3.4614748477935793,3.627920994758606,3.4614748477935793,3.097758990382772
2026-02-07 13:45:00,3.48,3.460321884155274,3.6267680311203008,3.460321884155274,3.1241041306770416
2026-02-07 14:00:00,3.54,3.4985903835296637,3.6650365304946906,3.4985903835296637,3.1229853425373886
2026-02-07 14:15:00,3.55,3.525459709167481,3.6919058561325078,3.525459709167481,3.153863579833229
2026-02-07 14:30:00,3.55,3.572018022537232,3.738464169502259,3.572018022537232,3.184430171340795
2026-02-07 14:45:00,3.6,3.6067825126647954,3.7732286596298223,3.6067825126647954,3.2133388063500603
2026-02-07 15:00:00,3.67,3.6500868701934817,3.8165330171585086,3.6500868701934817,3.256382253211632
2026-02-07 15:15:00,3.82,3.617663912773133,3.78411005973816,3.617663912773133,3.280008475580639
2026-02-07 15:30:00,3.85,3.679960098266602,3.8464062452316288,3.679960098266602,3.3011768883403616
2026-02-07 15:45:00,3.85,3.679241466522217,3.845687613487244,3.679241466522217,3.3206946986487385
2026-02-07 16:00:00,3.88,3.721392588615418,3.887838735580445,3.721392588615418,3.29599738282591
2026-02-07 16:15:00,3.89,3.7604522895812993,3.926898436546326,3.7604522895812993,3.3156945724833338
2026-02-07 16:30:00,3.91,3.7952287387847905,3.9616748857498174,3.7952287387847905,3.3371700785374934
2026-02-07 16:45:00,3.91,3.8403538656234746,4.006800012588501,3.8403538656234746,3.3611219721126915
2026-02-07 17:00:00,4.03,3.861804914474488,4.028251061439515,3.861804914474488,3.4075314880305694
2026-02-07 17:15:00,3.98,3.9104131221771246,4.076859269142151,3.9104131221771246,3.436200846575816
2026-02-07 17:30:00,4.09,3.9211980342864994,4.087644181251527,3.9211980342864994,3.465793018249531
2026-02-07 17:45:00,4.15,3.952245154380799,4.118691301345826,3.952245154380799,3.4945664345408245
2026-02-07 18:00:00,4.19,3.9630662155151373,4.129512362480164,3.9630662155151373,3.5377906751301786
2026-02-07 18:15:00,4.19,4.003203048706055,4.169649195671083,4.003203048706055,3.5584418363659247
2026-02-07 18:30:00,4.27,3.99362382888794,4.1600699758529665,3.99362382888794,3.571818569942285
2026-02-07 18:45:00,4.36,4.016590962409974,4.183037109375,4.016590962409974,3.576259881139133
2026-02-07 19:00:00,4.33,4.018285074234009,4.184731221199035,4.018285074234009,3.558206814293228
2026-02-07 19:15:00,4.33,4.034578771591187,4.2010249185562145,4.034578771591187,3.5425632754098366
2026-02-07 19:30:00,4.21,4.007572460174561,4.174018607139589,4.007572460174561,3.517418402756678
2026-02-07 19:45:00,4.1,3.989514799118042,4.155960946083069,3.989514799118042,3.484195777576941
2026-02-07 20:00:00,4.07,3.973750562667847,4.140196709632874,3.973750562667847,3.4012992347836932
2026-02-07 20:15:00,3.84,3.951708898544312,4.118155045509338,3.951708898544312,3.358399106688375
2026-02-07 20:30:00,3.8,3.9047273969650274,4.071173543930055,3.9047273969650274,3.31433945134033
2026-02-07 20:45:00,3.81,3.875822310447693,4.04226845741272,3.875822310447693,3.2713722410072603
2026-02-07 21:00:00,3.8,3.845454139709473,4.0119002866745,3.845454139709473,3.2328979535896374
2026-02-07 21:15:00,3.78,3.717225394248963,3.8836715412139897,3.717225394248963,3.1967219265018842
2026-02-07 21:30:00,3.76,3.670491228103638,3.836937375068665,3.670491228103638,3.164785298794759
2026-02-07 21:45:00,3.69,3.62687539100647,3.793321537971497,3.62687539100647,3.136627779460209
2026-02-07 22:00:00,3.65,3.581130294799805,3.747576441764832,3.581130294799805,3.1092027798387827
2026-02-07 22:15:00,3.57,3.531170167922974,3.697616314888001,3.531170167922974,3.084853375567974
2026-02-07 22:30:00,3.55,3.4799646663665773,3.646410813331604,3.4799646663665773,3.059922858894484
2026-02-07 22:45:00,3.54,3.435454344749451,3.601900491714478,3.435454344749451,3.0328058093732797
2026-02-07 23:00:00,3.43,3.3727868843078617,3.5392330312728886,3.3727868843078617,3.0565103750438447
2026-02-07 23:15:00,3.43,3.323263263702393,3.48970941066742,3.323263263702393,3.0218797113491003
2026-02-07 23:30:00,3.32,3.2742794322967534,3.4407255792617804,3.2742794322967534,2.983173007934246
2026-02-07 23:45:00,3.23,3.2157087707519536,3.3821549177169805,3.2157087707519536,2.9410965801983493
2026-02-08 00:00:00,3.18,3.1904017353057865,3.3568478822708134,3.1904017353057865,2.884324087074828
2026-02-08 00:15:00,3.07,3.1288369560241702,3.295283102989197,3.1288369560241702,2.8398416294097437
2026-02-08 00:30:00,3.03,3.0824365568161016,3.2488827037811285,3.0824365568161016,2.7969165690015076
2026-02-08 00:45:00,2.97,3.0275229263305667,3.1939690732955937,3.0275229263305667,2.757357010991612
2026-02-08 01:00:00,2.87,2.980941781997681,3.147387928962708,2.980941781997681,2.751315124520851
2026-02-08 01:15:00,2.81,2.9444652414321903,3.1109113883972173,2.9444652414321903,2.7223367617032106
2026-02-08 01:30:00,2.74,2.906421518325806,3.072867665290833,2.906421518325806,2.699363692636415
2026-02-08 01:45:00,2.72,2.860481543540955,3.026927690505982,2.860481543540955,2.6819603531525287
2026-02-08 02:00:00,2.66,2.8465527534484867,3.0129989004135136,2.8465527534484867,2.621235974797279
2026-02-08 02:15:00,2.69,2.784019289016724,2.950465435981751,2.784019289016724,2.6113726183699377
2026-02-08 02:30:00,2.61,2.746596078872681,2.913042225837708,2.746596078872681,2.6028081650932657
2026-02-08 02:45:00,2.61,2.712717647552491,2.8791637945175177,2.712717647552491,2.5938599407378646
2026-02-08 03:00:00,2.55,2.694743156433106,2.861189303398133,2.694743156433106,2.565180288216792
2026-02-08 03:15:00,2.55,2.602541942596436,2.768988089561463,2.602541942596436,2.551798851719142
2026-02-08 03:30:00,2.5,2.5833954620361332,2.74984160900116,2.5833954620361332,2.535519015283141
2026-02-08 03:45:00,2.5,2.572576303482056,2.739022450447083,2.572576303482056,2.5167994251886467
2026-02-08 04:00:00,2.5,2.560767803192139,2.7272139501571657,2.560767803192139,2.4668690459653586
2026-02-08 04:15:00,2.49,2.5593740272521974,2.7258201742172243,2.5593740272521974,2.447129085811687
2026-02-08 04:30:00,2.49,2.5498779773712164,2.7163241243362433,2.5498779773712164,2.4296523020221468
2026-02-08 04:45:00,2.5,2.5543990516662602,2.720845198631287,2.5543990516662602,2.41647738094406
2026-02-08 05:00:00,2.45,2.5556767702102663,2.722122917175293,2.5556767702102663,2.4050860221627888
2026-02-08 05:15:00,2.44,2.5728334236145023,2.739279570579529,2.5728334236145023,2.405758889076014
2026-02-08 05:30:00,2.46,2.5901743555068975,2.7566205024719244,2.5901743555068975,2.4150480363493045
2026-02-08 05:45:00,2.46,2.594207825660706,2.760653972625733,2.594207825660706,2.43326019578981
2026-02-08 06:00:00,2.44,2.6297023630142213,2.7961485099792482,2.6297023630142213,2.439074364347844
2026-02-08 06:15:00,2.5,2.675674409866333,2.84212055683136,2.675674409866333,2.4735175220451375
2026-02-08 06:30:00,2.48,2.7234944057464605,2.8899405527114874,2.7234944057464605,2.514226719463349
2026-02-08 06:45:00,2.56,2.752426671981812,2.9188728189468387,2.752426671981812,2.559526024053449
2026-02-08 07:00:00,2.73,2.7952638101577763,2.961709957122803,2.7952638101577763,2.668464677253044
2026-02-08 07:15:00,2.78,2.8349078750610355,3.0013540220260624,2.8349078750610355,2.7176387206322996
2026-02-08 07:30:00,2.83,2.887206816673279,3.053652963638306,2.887206816673279,2.7663387531960346
2026-02-08 07:45:00,2.89,2.9241312789916996,3.0905774259567265,2.9241312789916996,2.8132867276437565
2026-02-08 08:00:00,3.0,2.990653095245362,3.1570992422103887,2.990653095245362,2.8537920142913893
2026-02-08 08:15:00,3.12,3.0293178749084477,3.1957640218734746,3.0293178749084477,2.8945561384482406
2026-02-08 08:30:00,3.11,3.0674765682220464,3.2339227151870733,3.0674765682220464,2.9313715256357376
2026-02-08 08:45:00,3.22,3.0980453252792364,3.2644914722442633,3.0980453252792364,2.9638712889529213
2026-02-08 09:00:00,3.26,3.137685313224793,3.30413146018982,3.137685313224793,2.995572190334865
2026-02-08 09:15:00,3.32,3.159249429702759,3.325695576667786,3.159249429702759,3.0185196100101335
2026-02-08 09:30:00,3.32,3.2009588813781744,3.3674050283432013,3.2009588813781744,3.0362203370321224
2026-02-08 09:45:00,3.4,3.2138795757293703,3.3803257226943972,3.2138795757293703,3.0483638479330653
2026-02-08 10:00:00,3.35,3.2329863739013676,3.3994325208663945,3.2329863739013676,3.0138310339494794
2026-02-08 10:15:00,3.43,3.2580642843246466,3.4245104312896735,3.2580642843246466,3.0142911209791183
2026-02-08 10:30:00,3.38,3.2618129110336307,3.4282590579986576,3.2618129110336307,3.0090354898854175
2026-02-08 10:45:00,3.36,3.267932968139649,3.434379115104676,3.267932968139649,2.998572462581396
2026-02-08 11:00:00,3.39,3.2722866153717045,3.4387327623367314,3.2722866153717045,2.998926976442133
2026-02-08 11:15:00,3.31,3.2815179347991945,3.4479640817642214,3.2815179347991945,2.98115076967119
2026-02-08 11:30:00,3.38,3.2770735073089603,3.443519654273987,3.2770735073089603,2.962009795959855
2026-02-08 11:45:00,3.32,3.274775190353394,3.441221337318421,3.274775190353394,2.943377970374234
2026-02-08 12:00:00,3.4,3.2885466098785403,3.454992756843567,3.2885466098785403,2.9147061017274325
2026-02-08 12:15:00,3.25,3.2748224830627444,3.4412686300277713,3.2748224830627444,2.9028104833501307
2026-02-08 12:30:00,3.24,3.2895065975189213,3.455952744483948,3.2895065975189213,2.896712769885917
2026-02-08 12:45:00,3.26,3.300773949623108,3.467220096588135,3.300773949623108,2.897448339153181
2026-02-08 13:00:00,3.29,3.2981818199157718,3.4646279668807987,3.2981818199157718,2.842210340970997
2026-02-08 13:15:00,3.31,3.335329427719117,3.5017755746841437,3.335329427719117,2.8572660134163583
2026-02-08 13:30:00,3.42,3.334816274642945,3.5012624216079717,3.334816274642945,2.878536999548485
2026-02-08 13:45:00,3.41,3.3350467586517336,3.5014929056167605,3.3350467586517336,2.9046753523717284
2026-02-08 14:00:00,3.48,3.3718774509429936,3.5383235979080205,3.3718774509429936,2.9348711776874206
2026-02-08 14:15:00,3.44,3.4004427909851076,3.5668889379501345,3.4004427909851076,2.9655807773531886
2026-02-08 14:30:00,3.61,3.44652382850647,3.612969975471497,3.44652382850647,2.9959982166515062
2026-02-08 14:45:00,3.65,3.4808599662780764,3.6473061132431033,3.4808599662780764,3.024777444722173
2026-02-08 15:00:00,3.7,3.525649967193604,3.692096114158631,3.525649967193604,3.065055064084715
2026-02-08 15:15:00,3.7,3.405136456489563,3.57158260345459,3.405136456489563,3.0885921068234556
2026-02-08 15:30:00,3.8,3.4705580377578737,3.6370041847229007,3.4705580377578737,3.1096917999182714
2026-02-08 15:45:00,3.81,3.4786888504028326,3.6451349973678595,3.4786888504028326,3.129161566275578
2026-02-08 16:00:00,3.86,3.5250759315490727,3.6915220785140996,3.5250759315490727,3.1575136483853723
2026-02-08 16:15:00,3.93,3.5678796386718754,3.7343257856369023,3.5678796386718754,3.1772047460921056
2026-02-08 16:30:00,3.93,3.608882417678833,3.77532856464386,3.608882417678833,3.1986954125756863
2026-02-08 16:45:00,4.0,3.655979976654053,3.82242612361908,3.655979976654053,3.2226838869264713
2026-02-08 17:00:00,4.14,3.6801392126083377,3.8465853595733646,3.6801392126083377,3.2278148333860996
2026-02-08 17:15:00,4.18,3.729556560516358,3.8960027074813848,3.729556560516358,3.25656406728757
2026-02-08 17:30:00,4.24,3.7393678951263434,3.9058140420913703,3.7393678951263434,3.2862579630775572
2026-02-08 17:45:00,4.22,3.769242753982544,3.935688900947571,3.769242753982544,3.315155069257042
2026-02-08 18:00:00,4.28,3.7757707786560064,3.9422169256210333,3.7757707786560064,3.3423914567595263
2026-02-08 18:15:00,4.19,3.817662606239319,3.984108753204346,3.817662606239319,3.3632105376971104
2026-02-08 18:30:00,4.23,3.8045339870452883,3.9709801340103152,3.8045339870452883,3.376777428246073
2026-02-08 18:45:00,4.35,3.8272681903839114,3.9937143373489383,3.8272681903839114,3.3814311971596243
2026-02-08 19:00:00,4.36,3.8289245223999027,3.9953706693649296,3.8289245223999027,3.38975763435188
2026-02-08 19:15:00,4.31,3.8452532815933234,4.01169942855835,3.8452532815933234,3.374371290133711
2026-02-08 19:30:00,4.14,3.811573534011841,3.978019680976868,3.811573534011841,3.3495060205698293
2026-02-08 19:45:00,4.14,3.7885224151611334,3.9549685621261603,3.7885224151611334,3.316585414848903
2026-02-08 20:00:00,4.06,3.76767448425293,3.934120631217957,3.76767448425293,3.1659549577887947
2026-02-08 20:15:00,3.96,3.7448606443405157,3.9113067913055426,3.7448606443405157,3.123401649130366
2026-02-08 20:30:00,3.92,3.696153774261475,3.862599921226502,3.696153774261475,3.0797111683672402
2026-02-08 20:45:00,3.9,3.666047616004944,3.832493762969971,3.666047616004944,3.0371354388072698
2026-02-08 21:00:00,3.89,3.6344172191619877,3.8008633661270146,3.6344172191619877,3.007020580889887
2026-02-08 21:15:00,3.89,3.6089873313903813,3.775433478355408,3.6089873313903813,2.971280442546151
2026-02-08 21:30:00,3.79,3.5712319850921634,3.7376781320571903,3.5712319850921634,2.9398017765282365
2026-02-08 21:45:00,3.63,3.5257315063476566,3.6921776533126835,3.5257315063476566,2.9121241852335684
2026-02-08 22:00:00,3.6,3.4830946826934817,3.6495408296585086,3.4830946826934817,2.854171183545294
2026-02-08 22:15:00,3.55,3.4371027946472172,3.603548941612244,3.4371027946472172,2.830345262482891
2026-02-08 22:30:00,3.46,3.388885159492493,3.55533130645752,3.388885159492493,2.805959788981993
2026-02-08 22:45:00,3.37,3.3447472000122076,3.5111933469772345,3.3447472000122076,2.779409178329778
2026-02-08 23:00:00,3.22,3.286095542907715,3.452541689872742,3.286095542907715,2.767395438985253
2026-02-08 23:15:00,3.2,3.2415555953979496,3.4080017423629765,3.2415555953979496,2.733373455362902
2026-02-08 23:30:00,3.14,3.1885880327224734,3.3550341796875003,3.1885880327224734,2.695296249027368
2026-02-08 23:45:00,3.09,3.1357123374938967,3.3021584844589236,3.1357123374938967,2.6538699140544795
2026-02-09 00:00:00,2.93,3.1097407579422,3.276186904907227,3.1097407579422,2.605012372415379
2026-02-09 00:15:00,2.83,3.0493982505798343,3.215844397544861,3.0493982505798343,2.561220478691131
2026-02-09 00:30:00,2.83,3.005550298690796,3.171996445655823,3.005550298690796,2.5190058298601343
2026-02-09 00:45:00,2.78,2.95151511669159,3.1179612636566167,2.95151511669159,2.480176253979347
2026-02-09 01:00:00,2.78,2.908207225799561,3.0746533727645877,2.908207225799561,2.413174505738933
2026-02-09 01:15:00,2.73,2.8724240398406984,3.0388701868057253,2.8724240398406984,2.3849643805980234
2026-02-09 01:30:00,2.73,2.8338611841201784,3.0003073310852053,2.8338611841201784,2.362778207282807
2026-02-09 01:45:00,2.72,2.790097761154175,2.956543908119202,2.790097761154175,2.3461800908271746
2026-02-09 02:00:00,2.68,2.776360859870911,2.9428070068359378,2.776360859870911,2.3460458220607077
2026-02-09 02:15:00,2.69,2.7136004447937014,2.8800465917587283,2.7136004447937014,2.3370232987810535
2026-02-09 02:30:00,2.62,2.676125049591065,2.842571196556092,2.676125049591065,2.329316935928136
2026-02-09 02:45:00,2.62,2.6427059555053716,2.8091521024703985,2.6427059555053716,2.321243677362034
2026-02-09 03:00:00,2.67,2.6249524354934697,2.7913985824584966,2.6249524354934697,2.3160434287067773
2026-02-09 03:15:00,2.61,2.3827251577377324,2.5491713047027593,2.3827251577377324,2.303569513996263
2026-02-09 03:30:00,2.62,2.375390710830689,2.5418368577957158,2.375390710830689,2.288212856071546
2026-02-09 03:45:00,2.63,2.3693573570251467,2.5358035039901736,2.3693573570251467,2.2704316714160395
2026-02-09 04:00:00,2.62,2.3654788112640386,2.5319249582290655,2.3654788112640386,2.277160121975122
2026-02-09 04:15:00,2.57,2.3723917007446294,2.5388378477096563,2.3723917007446294,2.2583876865550625
2026-02-09 04:30:00,2.52,2.371755967140198,2.538202114105225,2.371755967140198,2.2418922978471745
2026-02-09 04:45:00,2.62,2.3805945396423343,2.547040686607361,2.3805945396423343,2.229712168422057
2026-02-09 05:00:00,2.56,2.3903123760223393,2.556758522987366,2.3903123760223393,2.248310944349065
2026-02-09 05:15:00,2.62,2.4170718955993657,2.5835180425643927,2.4170718955993657,2.25000393374323
2026-02-09 05:30:00,2.61,2.437236528396607,2.603682675361634,2.437236528396607,2.2603251179508916
2026-02-09 05:45:00,2.61,2.4497946453094483,2.6162407922744753,2.4497946453094483,2.279580715440159
2026-02-09 06:00:00,2.58,2.4892911243438722,2.655737271308899,2.4892911243438722,2.3098191344147585
2026-02-09 06:15:00,2.67,2.5328365659713747,2.6992827129364017,2.5328365659713747,2.345326956106129
2026-02-09 06:30:00,2.71,2.5874343681335454,2.7538805150985723,2.5874343681335454,2.3871106249893703
2026-02-09 06:45:00,2.77,2.6215025138854986,2.7879486608505255,2.6215025138854986,2.433493660565187
2026-02-09 07:00:00,2.86,2.6653379631042484,2.8317841100692753,2.6653379631042484,2.530893197567411
2026-02-09 07:15:00,3.01,2.70891303062439,2.875359177589417,2.70891303062439,2.5811678159326563
2026-02-09 07:30:00,3.01,2.7544072580337526,2.9208534049987795,2.7544072580337526,2.6309759933171635
2026-02-09 07:45:00,3.07,2.7933995532989506,2.9598457002639775,2.7933995532989506,2.6790391052038034
2026-02-09 08:00:00,3.12,2.8558873558044438,3.0223335027694707,2.8558873558044438,2.7240185152087006
2026-02-09 08:15:00,3.16,2.8881089115142826,3.0545550584793095,2.8881089115142826,2.76591000483256
2026-02-09 08:30:00,3.17,2.9244063377380374,3.0908524847030643,2.9244063377380374,2.803857981167787
2026-02-09 08:45:00,3.26,2.952687377929688,3.119133524894715,2.952687377929688,2.8374949565809784
2026-02-09 09:00:00,3.21,2.990243768692017,3.156689915657044,2.990243768692017,2.8676713661290334
2026-02-09 09:15:00,3.23,3.0055040931701664,3.1719502401351933,3.0055040931701664,2.8917634221466058
2026-02-09 09:30:00,3.24,3.0354458141326908,3.2018919610977177,3.0354458141326908,2.910611578120048
2026-02-09 09:45:00,3.43,3.0385513687133794,3.2049975156784063,3.0385513687133794,2.923904692447774
2026-02-09 10:00:00,3.3,3.0529729270935064,3.2194190740585333,3.0529729270935064,2.9256919780224444
2026-02-09 10:15:00,3.3,3.0675665330886845,3.2340126800537115,3.0675665330886845,2.9273041499485766
2026-02-09 10:30:00,3.42,3.064897212982178,3.231343359947205,3.064897212982178,2.9232009052441974
2026-02-09 10:45:00,3.39,3.0654375457763674,3.2318836927413943,3.0654375457763674,2.913889936653931
2026-02-09 11:00:00,3.31,3.0665258216857914,3.2329719686508183,3.0665258216857914,2.9091779003131797
2026-02-09 11:15:00,3.31,3.0698857784271243,3.236331925392151,3.0698857784271243,2.8925512029077236
2026-02-09 11:30:00,3.37,3.063432769775391,3.229878916740418,3.063432769775391,2.8745575146638296
2026-02-09 11:45:00,3.36,3.0631772804260256,3.2296234273910525,3.0631772804260256,2.8570701170175714
2026-02-09 12:00:00,3.34,3.082984771728516,3.249430918693543,3.082984771728516,2.7234413178764094
2026-02-09 12:15:00,3.35,3.0615715026855472,3.228017649650574,3.0615715026855472,2.712682511706525
2026-02-09 12:30:00,3.25,3.0829951000213627,3.2494412469863896,3.0829951000213627,2.7077168533184377
2026-02-09 12:45:00,3.31,3.092428908348084,3.2588750553131107,3.092428908348084,2.70957908916254
2026-02-09 13:00:00,3.34,3.0909484291076663,3.2573945760726932,3.0909484291076663,2.792162524425498
2026-02-09 13:15:00,3.29,3.136887860298157,3.303334007263184,3.136887860298157,2.808332199107647
2026-02-09 13:30:00,3.25,3.135635147094727,3.3020812940597537,3.135635147094727,2.8307099161136557
2026-02-09 13:45:00,3.38,3.1435531425476078,3.3099992895126347,3.1435531425476078,2.857947105991548
2026-02-09 14:00:00,3.35,3.183462753295899,3.349908900260926,3.183462753295899,2.8838690851043847
2026-02-09 14:15:00,3.47,3.212983188629151,3.379429335594178,3.212983188629151,2.9156598803792724
2026-02-09 14:30:00,3.58,3.2563386440277102,3.422784790992737,3.2563386440277102,2.9471487754500734
2026-02-09 14:45:00,3.59,3.2877725315094,3.454218678474427,3.2877725315094,2.976989112635175
2026-02-09 15:00:00,3.64,3.3302109432220464,3.4966570901870733,3.3302109432220464,2.98623269468825
2026-02-09 15:15:00,3.7,3.324660573005677,3.4911067199707038,3.324660573005677,3.010808352828819
2026-02-09 15:30:00,3.75,3.3809984207153323,3.547444567680359,3.3809984207153323,3.0329345253740385
2026-02-09 15:45:00,3.89,3.3967572212219244,3.5632033681869513,3.3967572212219244,3.053418050550158
2026-02-09 16:00:00,3.94,3.436969614028931,3.603415760993958,3.436969614028931,3.0915433331345903
2026-02-09 16:15:00,3.99,3.47409276008606,3.640538907051087,3.47409276008606,3.1122210209604035
2026-02-09 16:30:00,4.03,3.5061017704010013,3.6725479173660283,3.5061017704010013,3.1346838437658535
2026-02-09 16:45:00,4.09,3.542840595245362,3.709286742210389,3.542840595245362,3.1596294844898543
2026-02-09 17:00:00,4.05,3.5592370319366458,3.7256831789016727,3.5592370319366458,3.184000666603459
2026-02-09 17:15:00,4.05,3.5944238948822025,3.7608700418472294,3.5944238948822025,3.213675451318715
2026-02-09 17:30:00,4.16,3.599177355766297,3.765623502731324,3.599177355766297,3.2442782896283164
2026-02-09 17:45:00,4.14,3.619573287963868,3.7860194349288947,3.619573287963868,3.274067208504185
2026-02-09 18:00:00,4.09,3.623816585540772,3.790262732505799,3.623816585540772,3.3090822731694707
2026-02-09 18:15:00,4.16,3.64193567276001,3.808381819725037,3.64193567276001,3.3307573812367535
2026-02-09 18:30:00,4.22,3.630705013275147,3.797151160240174,3.630705013275147,3.3451616633540207
2026-02-09 18:45:00,4.35,3.6468331861495975,3.8132793331146244,3.6468331861495975,3.350633707123546
2026-02-09 19:00:00,4.39,3.6318313407897955,3.7982774877548224,3.6318313407897955,3.421203923513888
2026-02-09 19:15:00,4.31,3.6522036266326907,3.8186497735977176,3.6522036266326907,3.4065962213919545
2026-02-09 19:30:00,4.21,3.6114922142028814,3.7779383611679083,3.6114922142028814,3.38248910072174
2026-02-09 19:45:00,4.22,3.5873036241531375,3.7537497711181644,3.5873036241531375,3.350305715274569
2026-02-09 20:00:00,4.03,3.5661852550506596,3.7326314020156866,3.5661852550506596,3.3127696169298404
2026-02-09 20:15:00,4.02,3.5404697084426884,3.7069158554077153,3.5404697084426884,3.2709104141226577
2026-02-09 20:30:00,3.96,3.4997226905822756,3.6661688375473025,3.4997226905822756,3.2278918786819863
2026-02-09 20:45:00,3.85,3.471168494224549,3.637614641189576,3.471168494224549,3.1859655491044023
2026-02-09 21:00:00,3.85,3.4419913387298586,3.6084374856948855,3.4419913387298586,3.181680287773094
2026-02-09 21:15:00,3.79,3.6085176658630376,3.7749638128280645,3.6085176658630376,3.1465433577452564
2026-02-09 21:30:00,3.81,3.569329948425293,3.73577609539032,3.569329948425293,3.1156442812224143
2026-02-09 21:45:00,3.65,3.526085929870606,3.692532076835633,3.526085929870606,3.0885223306678884
2026-02-09 22:00:00,3.66,3.4836790466308596,3.6501251935958865,3.4836790466308596,3.0256469993583024
2026-02-09 22:15:00,3.55,3.4377366256713873,3.604182772636414,3.4377366256713873,3.0023278892803877
2026-02-09 22:30:00,3.51,3.3898089981079105,3.5562551450729374,3.3898089981079105,2.9784243751030104
2026-02-09 22:45:00,3.44,3.3465503025054937,3.5129964494705206,3.3465503025054937,2.952330600862357
2026-02-09 23:00:00,3.34,3.2894669151306157,3.4559130620956426,3.2894669151306157,2.9413355574619633
2026-02-09 23:15:00,3.34,3.245115594863892,3.411561741828919,3.245115594863892,2.9077194115247345
2026-02-09 23:30:00,3.28,3.195068492889405,3.3615146398544318,3.195068492889405,2.870022197951008
2026-02-09 23:45:00,3.17,3.142636098861695,3.3090822458267217,3.142636098861695,2.828949801380273
2026-02-10 00:00:00,3.13,3.1220442008972173,3.2884903478622443,3.1220442008972173,2.756492059836493
2026-02-10 00:15:00,3.05,3.0571694755554204,3.2236156225204473,3.0571694755554204,2.713001430905694
2026-02-10 00:30:00,3.02,3.0147555255889897,3.1812016725540166,3.0147555255889897,2.6710614597617197
2026-02-10 00:45:00,2.91,2.9645806789398197,3.1310268259048466,2.9645806789398197,2.632479829268529
2026-02-10 01:00:00,2.86,2.9215579032897954,3.0880040502548223,2.9215579032897954,2.5720351625688376
2026-02-10 01:15:00,2.82,2.890168862342835,3.056615009307862,2.890168862342835,2.5440191480683874
2026-02-10 01:30:00,2.76,2.8527296161651616,3.0191757631301885,2.8527296161651616,2.522000015994715
2026-02-10 01:45:00,2.71,2.8088724231719975,2.9753185701370244,2.8088724231719975,2.505541792160649
2026-02-10 02:00:00,2.67,2.7967024326324466,2.9631485795974735,2.7967024326324466,2.464279296891443
2026-02-10 02:15:00,2.64,2.7371739578247074,2.9036201047897343,2.7371739578247074,2.4553421981806887
2026-02-10 02:30:00,2.62,2.7023651647567752,2.868811311721802,2.7023651647567752,2.447693973996876
2026-02-10 02:45:00,2.62,2.6669141149520876,2.8333602619171145,2.6669141149520876,2.439651556039394
2026-02-10 03:00:00,2.62,2.651954669952393,2.81840081691742,2.651954669952393,2.374392084008915
2026-02-10 03:15:00,2.57,2.4963545894622805,2.6628007364273074,2.4963545894622805,2.361894444673399
2026-02-10 03:30:00,2.52,2.4778544425964357,2.6443005895614626,2.4778544425964357,2.3464868286180396
2026-02-10 03:45:00,2.57,2.4672875118255617,2.6337336587905886,2.4672875118255617,2.328627507545457
2026-02-10 04:00:00,2.57,2.455608930587769,2.6220550775527958,2.455608930587769,2.3018371662906945
2026-02-10 04:15:00,2.47,2.454042291641236,2.620488438606263,2.454042291641236,2.2829324705822174
2026-02-10 04:30:00,2.47,2.44582287311554,2.612269020080567,2.44582287311554,2.2662779095167647
2026-02-10 04:45:00,2.46,2.4489966487884525,2.6154427957534794,2.4489966487884525,2.253911817761333
2026-02-10 05:00:00,2.46,2.4522500610351567,2.6186962080001837,2.4522500610351567,2.2254172367392346
2026-02-10 05:15:00,2.48,2.4710948467254643,2.637540993690491,2.4710948467254643,2.2268711164561603
2026-02-10 05:30:00,2.48,2.488641257286072,2.655087404251099,2.488641257286072,2.2369268664867095
2026-02-10 05:45:00,2.52,2.4930658435821536,2.6595119905471805,2.4930658435821536,2.255890893173239
2026-02-10 06:00:00,2.57,2.5335130691528325,2.6999592161178594,2.5335130691528325,2.2770242553927518
2026-02-10 06:15:00,2.58,2.576025953292847,2.742472100257874,2.576025953292847,2.3121888612114763
2026-02-10 06:30:00,2.62,2.6265573978424075,2.7930035448074344,2.6265573978424075,2.3536038377440818
2026-02-10 06:45:00,2.67,2.656545867919922,2.822992014884949,2.656545867919922,2.3995929562043963
2026-02-10 07:00:00,2.79,2.7026962137222292,2.869142360687256,2.7026962137222292,2.531233226431451
2026-02-10 07:15:00,2.92,2.7427789592742924,2.9092251062393193,2.7427789592742924,2.5810642955736487
2026-02-10 07:30:00,2.89,2.7961903667449954,2.9626365137100223,2.7961903667449954,2.630404547033406
2026-02-10 07:45:00,3.0,2.8331479883193973,2.999594135284424,2.8331479883193973,2.6779756692986627
2026-02-10 08:00:00,3.0,2.8998076057434083,3.0662537527084353,2.8998076057434083,2.699246243397607
2026-02-10 08:15:00,3.18,2.9368231201171877,3.1032692670822146,2.9368231201171877,2.7405986142097882
2026-02-10 08:30:00,3.24,2.9761266231536867,3.1425727701187136,2.9761266231536867,2.7779844352175362
2026-02-10 08:45:00,3.23,3.0044310379028323,3.170877184867859,3.0044310379028323,2.81103658981478
2026-02-10 09:00:00,3.24,3.0459135389328007,3.2123596858978276,3.0459135389328007,2.8463508575883516
2026-02-10 09:15:00,3.24,3.1008679389953615,3.2673140859603884,3.1008679389953615,2.869813930298562
2026-02-10 09:30:00,3.3,3.1416195774078375,3.3080657243728644,3.1416195774078375,2.888011633025178
2026-02-10 09:45:00,3.24,3.150867204666138,3.317313351631165,3.150867204666138,2.9006332492940383
2026-02-10 10:00:00,3.25,3.1698402786254887,3.3362864255905156,3.1698402786254887,2.951816064811826
2026-02-10 10:15:00,3.28,3.192318449020386,3.358764595985413,3.192318449020386,2.9527159755154737
2026-02-10 10:30:00,3.29,3.196811256408692,3.363257403373719,3.196811256408692,2.9478807760680454
2026-02-10 10:45:00,3.28,3.203452892303467,3.369899039268494,3.203452892303467,2.937818633942378
2026-02-10 11:00:00,3.28,3.208974452018738,3.375420598983765,3.208974452018738,2.912436984741451
2026-02-10 11:15:00,3.42,3.2188629770278934,3.3853091239929203,3.2188629770278934,2.8950221466505424
2026-02-10 11:30:00,3.38,3.2159294700622563,3.382375617027283,3.2159294700622563,2.876222591669501
2026-02-10 11:45:00,3.36,3.2143236923217775,3.3807698392868044,3.2143236923217775,2.8579121205199076
2026-02-10 12:00:00,3.35,3.233998546600342,3.400444693565369,3.233998546600342,2.8807069171191246
2026-02-10 12:15:00,3.27,3.2145634174346926,3.3810095643997196,3.2145634174346926,2.869092222715227
2026-02-10 12:30:00,3.37,3.233647384643555,3.400093531608582,3.233647384643555,2.863255087657998
2026-02-10 12:45:00,3.27,3.24597827911377,3.412424426078797,3.24597827911377,2.8642308167472033
2026-02-10 13:00:00,3.2,3.2446475601196294,3.4110937070846563,3.2446475601196294,2.886685959409408
2026-02-10 13:15:00,3.3,3.284021730422974,3.450467877388001,3.284021730422974,2.9019407772926575
2026-02-10 13:30:00,3.37,3.281198301315308,3.447644448280335,3.281198301315308,2.923390334088625
2026-02-10 13:45:00,3.37,3.282197427749634,3.448643574714661,3.282197427749634,2.949686651845224
2026-02-10 14:00:00,3.42,3.3180439424514776,3.4844900894165045,3.3180439424514776,2.9492042056303815
2026-02-10 14:15:00,3.53,3.344478120803833,3.51092426776886,3.344478120803833,2.980030508202371
2026-02-10 14:30:00,3.62,3.386092987060547,3.552539134025574,3.386092987060547,3.010544015317906
2026-02-10 14:45:00,3.62,3.4158199882507327,3.5822661352157597,3.4158199882507327,3.0393986876028856
2026-02-10 15:00:00,3.45,3.459099068641663,3.62554521560669,3.459099068641663,3.030780532580926
2026-02-10 15:15:00,3.55,3.478373022079468,3.644819169044495,3.478373022079468,3.0543518491676465
2026-02-10 15:30:00,3.66,3.5329939270019537,3.6994400739669806,3.5329939270019537,3.075465290574267
2026-02-10 15:45:00,3.77,3.5414103984832765,3.7078565454483035,3.5414103984832765,3.0949283335809383
2026-02-10 16:00:00,3.88,3.578753972053528,3.745200119018555,3.578753972053528,3.1087885545316207
2026-02-10 16:15:00,3.96,3.6136312580108645,3.7800774049758914,3.6136312580108645,3.1284321893807645
2026-02-10 16:30:00,3.93,3.643619728088379,3.810065875053406,3.643619728088379,3.14985514616568
2026-02-10 16:45:00,4.06,3.68097716331482,3.8474233102798467,3.68097716331482,3.1737557598651884
2026-02-10 17:00:00,4.08,3.697030591964722,3.863476738929749,3.697030591964722,3.222057747733473
2026-02-10 17:15:00,4.15,3.735676889419556,3.902123036384583,3.735676889419556,3.2506791481946102
2026-02-10 17:30:00,4.18,3.7416678428649908,3.9081139898300177,3.7416678428649908,3.280225409315557
2026-02-10 17:45:00,4.22,3.7630240345001225,3.9294701814651494,3.7630240345001225,3.3089552166852756
2026-02-10 18:00:00,4.24,3.7727456760406497,3.9391918230056766,3.7727456760406497,3.3451747213029823
2026-02-10 18:15:00,4.29,3.7928135490417483,3.959259696006775,3.7928135490417483,3.3657876267559854
2026-02-10 18:30:00,4.33,3.7849792671203617,3.9514254140853886,3.7849792671203617,3.379129149289717
2026-02-10 18:45:00,4.38,3.801577377319336,3.968023524284363,3.801577377319336,3.3835385347243565
2026-02-10 19:00:00,4.42,3.7929146575927737,3.9593608045578006,3.7929146575927737,3.4097180369019817
2026-02-10 19:15:00,4.31,3.811523523330689,3.9779696702957157,3.811523523330689,3.394049848415972
2026-02-10 19:30:00,4.21,3.7777886009216313,3.944234747886658,3.7777886009216313,3.3688843084635898
2026-02-10 19:45:00,4.17,3.755590925216675,3.922037072181702,3.755590925216675,3.335645221699933
2026-02-10 20:00:00,4.06,3.7392537403106694,3.9056998872756963,3.7392537403106694,3.2912301261110555
2026-02-10 20:15:00,3.93,3.7130008506774907,3.8794469976425177,3.7130008506774907,3.2483225986802733
2026-02-10 20:30:00,3.88,3.671790146827698,3.838236293792725,3.671790146827698,3.2042603902654143
2026-02-10 20:45:00,3.83,3.6418476104736333,3.80829375743866,3.6418476104736333,3.161295676143978
2026-02-10 21:00:00,3.78,3.614297704696656,3.7807438516616827,3.614297704696656,3.1032339010289083
2026-02-10 21:15:00,3.64,3.6542725467681887,3.8207186937332156,3.6542725467681887,3.067071055037785
2026-02-10 21:30:00,3.7,3.607535390853882,3.773981537818909,3.607535390853882,3.035153232334596
2026-02-10 21:45:00,3.65,3.563099813461304,3.729545960426331,3.563099813461304,3.0070203214353803
2026-02-10 22:00:00,3.62,3.5160169315338137,3.6824630784988406,3.5160169315338137,3.00323253465628
2026-02-10 22:15:00,3.45,3.46606767654419,3.6325138235092167,3.46606767654419,2.9789198589639274
2026-02-10 22:30:00,3.39,3.4144773101806645,3.5809234571456914,3.4144773101806645,2.9540323745262436
2026-02-10 22:45:00,3.28,3.369087724685669,3.535533871650696,3.369087724685669,2.926964814341757
2026-02-10 23:00:00,3.17,3.309146389961243,3.47559253692627,3.309146389961243,2.8876340285493765
2026-02-10 23:15:00,3.13,3.260411252975464,3.426857399940491,3.260411252975464,2.8530662009753467
2026-02-10 23:30:00,3.02,3.211210255622864,3.377656402587891,3.211210255622864,2.814429209185795
2026-02-10 23:45:00,3.02,3.1528423547744753,3.319288501739502,3.1528423547744753,2.7724294936639593
2026-02-11 00:00:00,2.92,3.1330525302886967,3.2994986772537236,3.1330525302886967,2.7179470841715103
2026-02-11 00:15:00,2.9,3.064737396240235,3.231183543205262,3.064737396240235,2.67355568542113
2026-02-11 00:30:00,2.87,3.0218369293212892,3.188283076286316,3.0218369293212892,2.6307290149246394
2026-02-11 00:45:00,2.76,2.967954769134522,3.134400916099549,2.967954769134522,2.591275272684275
2026-02-11 01:00:00,2.7,2.9242486953735356,3.0906948423385625,2.9242486953735356,2.600979601027197
2026-02-11 01:15:00,2.66,2.8908594989776617,3.0573056459426886,2.8908594989776617,2.5721221590337433
2026-02-11 01:30:00,2.64,2.851285014152527,3.017731161117554,2.851285014152527,2.5492776741657743
2026-02-11 01:45:00,2.6,2.804585638046265,2.971031785011292,2.804585638046265,2.53201064548789
2026-02-11 02:00:00,2.55,2.7898275947570803,2.956273741722107,2.7898275947570803,2.49629235218433
2026-02-11 02:15:00,2.5,2.7262765216827396,2.8927226686477665,2.7262765216827396,2.486580917103815
2026-02-11 02:30:00,2.5,2.6894920349121096,2.8559381818771366,2.6894920349121096,2.4781762528105507
2026-02-11 02:45:00,2.45,2.6506910848617555,2.8171372318267824,2.6506910848617555,2.4693957157196786
2026-02-11 03:00:00,2.4,2.6359830522537235,2.8024291992187504,2.6359830522537235,2.4597408723117518
2026-02-11 03:15:00,2.43,2.4883218955993653,2.6547680425643922,2.4883218955993653,2.4465429785626216
2026-02-11 03:30:00,2.43,2.4628085660934453,2.6292547130584722,2.4628085660934453,2.430454625525443
2026-02-11 03:45:00,2.34,2.452226414680481,2.618672561645508,2.452226414680481,2.411934457056825
2026-02-11 04:00:00,2.3,2.4374670124053956,2.6039131593704226,2.4374670124053956,2.370371297921529
2026-02-11 04:15:00,2.32,2.4329655075073244,2.5994116544723513,2.4329655075073244,2.350846595324654
2026-02-11 04:30:00,2.32,2.422998704910279,2.5894448518753057,2.422998704910279,2.3335929502653325
2026-02-11 04:45:00,2.32,2.4247860431671144,2.5912321901321413,2.4247860431671144,2.3206490135333544
2026-02-11 05:00:00,2.3,2.42576886177063,2.592215008735657,2.42576886177063,2.294677366599578
2026-02-11 05:15:00,2.28,2.443052444458008,2.609498591423035,2.443052444458008,2.2955967696158806
2026-02-11 05:30:00,2.26,2.4613400459289556,2.6277861928939825,2.4613400459289556,2.3051401427887375
2026-02-11 05:45:00,2.3,2.4638036155700687,2.6302497625350956,2.4638036155700687,2.323614149730168
2026-02-11 06:00:00,2.33,2.504681367874146,2.671127514839173,2.504681367874146,2.3566476098454086
2026-02-11 06:15:00,2.36,2.554158782958985,2.720604929924012,2.554158782958985,2.3913676215974564
2026-02-11 06:30:00,2.42,2.6027449750900273,2.7691911220550542,2.6027449750900273,2.432361042142468
2026-02-11 06:45:00,2.52,2.6340334510803225,2.8004795980453494,2.6340334510803225,2.47795183900813
2026-02-11 07:00:00,2.56,2.6842623853683474,2.8507085323333743,2.6842623853683474,2.517869930443378
2026-02-11 07:15:00,2.68,2.72196337223053,2.888409519195557,2.72196337223053,2.5673496737767545
2026-02-11 07:30:00,2.67,2.782679872512818,2.949126019477845,2.782679872512818,2.6163623296386738
2026-02-11 07:45:00,2.76,2.819712510108948,2.986158657073975,2.819712510108948,2.663629720457778
2026-02-11 08:00:00,2.82,2.8896364116668707,3.0560825586318976,2.8896364116668707,2.715818535336164
2026-02-11 08:15:00,2.98,2.9300792884826663,3.096525435447693,2.9300792884826663,2.7569152419735685
2026-02-11 08:30:00,3.14,2.97113751411438,3.137583661079407,2.97113751411438,2.7940695704032237
2026-02-11 08:45:00,3.15,3.0013665246963503,3.1678126716613773,3.0013665246963503,2.8269144748936617
2026-02-11 09:00:00,3.14,3.044256391525269,3.210702538490296,3.044256391525269,2.8788070851635106
2026-02-11 09:15:00,3.19,3.0945497417449954,3.2609958887100223,3.0945497417449954,2.9021115423000112
2026-02-11 09:30:00,3.19,3.1337081050872806,3.3001542520523075,3.1337081050872806,2.9201749899549068
2026-02-11 09:45:00,3.19,3.1462662220001225,3.3127123689651494,3.1462662220001225,2.932686719498714
2026-02-11 10:00:00,3.19,3.164029798507691,3.3304759454727177,3.164029798507691,2.970866711268472
2026-02-11 10:15:00,3.29,3.1890503597259525,3.3554965066909794,3.1890503597259525,2.9717054328428443
2026-02-11 10:30:00,3.33,3.1943835639953617,3.3608297109603886,3.1943835639953617,2.966833342314849
2026-02-11 10:45:00,3.31,3.2025222587585453,3.3689684057235723,3.2025222587585453,2.9567585526827282
2026-02-11 11:00:00,3.36,3.209099478721619,3.375545625686646,3.209099478721619,2.9566328016561862
2026-02-11 11:15:00,3.36,3.2207035875320438,3.3871497344970707,3.2207035875320438,2.939253578262072
2026-02-11 11:30:00,3.36,3.2209995746612554,3.3874457216262823,3.2209995746612554,2.920513626127468
2026-02-11 11:45:00,3.37,3.22147087097168,3.387917017936707,3.22147087097168,2.9022866305822395
2026-02-11 12:00:00,3.31,3.241659421920777,3.4081055688858037,3.241659421920777,2.8730722776329376
2026-02-11 12:15:00,3.2,3.226318101882935,3.392764248847962,3.226318101882935,2.861588398486099
2026-02-11 12:30:00,3.3,3.2476694011688236,3.4141155481338505,3.2476694011688236,2.8559055161671156
2026-02-11 12:45:00,3.31,3.2623105716705325,3.4287567186355594,3.2623105716705325,2.8570587612074365
2026-02-11 13:00:00,3.23,3.2650918722152715,3.4315380191802984,3.2650918722152715,2.9330457829395167
2026-02-11 13:15:00,3.3,3.3047921991348272,3.471238346099854,3.3047921991348272,2.948524063399149
2026-02-11 13:30:00,3.31,3.307041320800782,3.4734874677658087,3.307041320800782,2.9702197380997912
2026-02-11 13:45:00,3.36,3.3105670738220216,3.4770132207870486,3.3105670738220216,2.9967845987094686
2026-02-11 14:00:00,3.41,3.3474265766143803,3.513872723579407,3.3474265766143803,3.0399808640631725
2026-02-11 14:15:00,3.45,3.3765327930450444,3.5429789400100713,3.3765327930450444,3.0711198143714027
2026-02-11 14:30:00,3.46,3.422126226425171,3.588572373390198,3.422126226425171,3.101967622763395
2026-02-11 14:45:00,3.52,3.4572394323349003,3.623685579299927,3.4572394323349003,3.1311779667003568
2026-02-11 15:00:00,3.63,3.502246327400208,3.6686924743652347,3.502246327400208,3.1535660388687203
2026-02-11 15:15:00,3.68,3.4748918437957768,3.6413379907608037,3.4748918437957768,3.177534868196521
2026-02-11 15:30:00,3.72,3.532937393188477,3.699383540153504,3.532937393188477,3.1990662686166265
2026-02-11 15:45:00,3.76,3.535651016235352,3.7020971632003787,3.535651016235352,3.218967384850794
2026-02-11 16:00:00,3.82,3.5743853759765627,3.7408315229415896,3.5743853759765627,3.234718334895184
2026-02-11 16:15:00,3.9,3.6078544807434088,3.7743006277084357,3.6078544807434088,3.2548392293275894
2026-02-11 16:30:00,3.96,3.6396514892578127,3.8060976362228396,3.6396514892578127,3.2767584955813494
2026-02-11 16:45:00,4.03,3.6800226116180426,3.8464687585830695,3.6800226116180426,3.301174092089634
2026-02-11 17:00:00,4.02,3.698953828811646,3.865399975776673,3.698953828811646,3.315163612047428
2026-02-11 17:15:00,4.1,3.7392461299896245,3.9056922769546514,3.7392461299896245,3.344336171181531
2026-02-11 17:30:00,4.14,3.7452908992767338,3.9117370462417607,3.7452908992767338,3.374451073656081
2026-02-11 17:45:00,4.22,3.7697205734252934,3.9361667203903203,3.7697205734252934,3.403766588876662
2026-02-11 18:00:00,4.16,3.778858394622803,3.94530454158783,3.778858394622803,3.427652415375508
2026-02-11 18:15:00,4.19,3.8046562957763674,3.9711024427413943,3.8046562957763674,3.4488838770582126
2026-02-11 18:30:00,4.17,3.7924381971359256,3.9588843441009525,3.7924381971359256,3.462859720503454
2026-02-11 18:45:00,4.19,3.8108766460418706,3.9773227930068975,3.8108766460418706,3.46791874094923
2026-02-11 19:00:00,4.16,3.8066849899291997,3.9731311368942266,3.8066849899291997,3.5298451650342355
2026-02-11 19:15:00,4.24,3.8229335689544683,3.9893797159194953,3.8229335689544683,3.514855857415175
2026-02-11 19:30:00,4.17,3.790118408203125,3.956564555168152,3.790118408203125,3.4903831156640566
2026-02-11 19:45:00,4.13,3.768832340240479,3.935278487205506,3.768832340240479,3.457850265027907
2026-02-11 20:00:00,3.99,3.7497141265869143,3.916160273551941,3.7497141265869143,3.4088284223521237
2026-02-11 20:15:00,3.88,3.726647243499756,3.893093390464783,3.726647243499756,3.366652543822446
2026-02-11 20:30:00,3.9,3.6804759693145757,3.8469221162796026,3.6804759693145757,3.323333947658841
2026-02-11 20:45:00,3.83,3.646247463226319,3.812693610191346,3.646247463226319,3.2811243067114786
2026-02-11 21:00:00,3.85,3.617444572448731,3.783890719413758,3.617444572448731,3.226603320514167
2026-02-11 21:15:00,3.79,3.6340549135208136,3.8005010604858405,3.6340549135208136,3.1912169433893376
2026-02-11 21:30:00,3.79,3.589676141738892,3.756122288703919,3.589676141738892,3.1600855158176175
2026-02-11 21:45:00,3.72,3.546545734405518,3.7129918813705447,3.546545734405518,3.1327484068753213
2026-02-11 22:00:00,3.71,3.502265625,3.668711771965027,3.502265625,3.085631289142793
2026-02-11 22:15:00,3.67,3.4533323478698734,3.6197784948349003,3.4533323478698734,3.06213165799596
2026-02-11 22:30:00,3.62,3.402408428192139,3.568854575157166,3.402408428192139,3.038065048398083
2026-02-11 22:45:00,3.51,3.358846406936646,3.525292553901673,3.358846406936646,3.011825663018269
2026-02-11 23:00:00,3.46,3.30164234161377,3.468088488578797,3.30164234161377,2.960393792730757
2026-02-11 23:15:00,3.42,3.2529036712646486,3.4193498182296755,3.2529036712646486,2.926667142262965
2026-02-11 23:30:00,3.36,3.2047991037368777,3.3712452507019046,3.2047991037368777,2.8888770275407807
2026-02-11 23:45:00,3.3,3.149534854888916,3.315981001853943,3.149534854888916,2.8477293539633233
2026-02-12 00:00:00,3.26,3.1299072933197025,3.2963534402847294,3.1299072933197025,2.7786257215119377
2026-02-12 00:15:00,3.14,3.0630810642242436,3.2295272111892706,3.0630810642242436,2.735095088685695
2026-02-12 00:30:00,3.1,3.0228779125213627,3.1893240594863896,3.0228779125213627,2.6931327439089046
2026-02-12 00:45:00,2.99,2.9700106430053714,3.1364567899703983,2.9700106430053714,2.6545463534287994
2026-02-12 01:00:00,3.0,2.9269748210906985,3.0934209680557254,2.9269748210906985,2.6553727792750257
2026-02-12 01:15:00,2.94,2.896347627639771,3.0627937746047977,2.896347627639771,2.62738714546433
2026-02-12 01:30:00,2.94,2.8577749872207643,3.024221134185791,2.8577749872207643,2.605415902811166
2026-02-12 01:45:00,2.9,2.814630174636841,2.981076321601868,2.814630174636841,2.5890230239804413
2026-02-12 02:00:00,2.88,2.798998031616211,2.965444178581238,2.798998031616211,2.4015792342456828
2026-02-12 02:15:00,2.9,2.7396978664398195,2.9061440134048464,2.7396978664398195,2.392742196486405
2026-02-12 02:30:00,2.9,2.7043125915527346,2.8707587385177615,2.7043125915527346,2.385211275920164
2026-02-12 02:45:00,2.85,2.666773867607117,2.833220014572144,2.666773867607117,2.3773033157055155
2026-02-12 03:00:00,2.79,2.653297076225281,2.819743223190308,2.653297076225281,2.3819903667162903
2026-02-12 03:15:00,2.83,2.594158630371094,2.760604777336121,2.594158630371094,2.3696611933832212
2026-02-12 03:30:00,2.79,2.5766195583343507,2.7430657052993777,2.5766195583343507,2.354438880511508
2026-02-12 03:45:00,2.79,2.5627331686019903,2.729179315567017,2.5627331686019903,2.336781577381079
2026-02-12 04:00:00,2.78,2.55070342540741,2.717149572372437,2.55070342540741,2.3226365299742078
2026-02-12 04:15:00,2.78,2.5465930366516116,2.7130391836166385,2.5465930366516116,2.303966881705488
2026-02-12 04:30:00,2.73,2.5335891723632815,2.7000353193283084,2.5335891723632815,2.2875636667657178
2026-02-12 04:45:00,2.75,2.535046548843384,2.701492695808411,2.535046548843384,2.2754650652744526
2026-02-12 05:00:00,2.68,2.536821112632752,2.7032672595977787,2.536821112632752,2.1285028241331108
2026-02-12 05:15:00,2.69,2.54847686290741,2.714923009872437,2.54847686290741,2.130255988015618
2026-02-12 05:30:00,2.63,2.5617737245559695,2.7282198715209964,2.5617737245559695,2.140626656935177
2026-02-12 05:45:00,2.67,2.5619387054443363,2.7283848524093632,2.5619387054443363,2.159921052626231
2026-02-12 06:00:00,2.68,2.598996891975403,2.76544303894043,2.598996891975403,2.256268664360685
2026-02-12 06:15:00,2.75,2.635867538452149,2.8023136854171757,2.635867538452149,2.2917939570657606
2026-02-12 06:30:00,2.78,2.6842341184616094,2.8506802654266363,2.6842341184616094,2.33358447435412
2026-02-12 06:45:00,2.84,2.709383239746094,2.875829386711121,2.709383239746094,2.3799637750645615
2026-02-12 07:00:00,2.95,2.7503001308441166,2.9167462778091435,2.7503001308441166,2.534031200195856
2026-02-12 07:15:00,3.0,2.7888518428802493,2.9552979898452763,2.7888518428802493,2.584281071408972
2026-02-12 07:30:00,3.05,2.8374942970275883,3.003940443992615,2.8374942970275883,2.6340540906261483
2026-02-12 07:45:00,3.15,2.8733111858367923,3.0397573328018193,2.8733111858367923,2.682071708715303
2026-02-12 08:00:00,3.21,2.9358280706405644,3.1022742176055913,2.9358280706405644,2.7128445429666135
2026-02-12 08:15:00,3.31,2.9740120410919193,3.140458188056946,2.9740120410919193,2.7546701293923648
2026-02-12 08:30:00,3.36,3.011459169387818,3.177905316352845,3.011459169387818,2.792542146500948
2026-02-12 08:45:00,3.47,3.0360016393661504,3.2024477863311773,3.0360016393661504,2.8260932174991917
2026-02-12 09:00:00,3.42,3.0774808788299564,3.2439270257949833,3.0774808788299564,2.893685355320622
2026-02-12 09:15:00,3.5,3.096132688522339,3.262578835487366,3.096132688522339,2.9176719838786815
2026-02-12 09:30:00,3.54,3.1305052471160892,3.296951394081116,3.1305052471160892,2.9364051517586685
2026-02-12 09:45:00,3.59,3.136270608901978,3.3027167558670047,3.136270608901978,2.9495738625955763
2026-02-12 10:00:00,3.6,3.15281816482544,3.3192643117904668,3.15281816482544,2.9789638548054254
2026-02-12 10:15:00,3.52,3.1722320938110355,3.3386782407760625,3.1722320938110355,2.9804332616191735
2026-02-12 10:30:00,3.49,3.1725215578079227,3.3389677047729496,3.1725215578079227,2.9761783220156635
2026-02-12 10:45:00,3.51,3.1791591167449953,3.345605263710022,3.1791591167449953,2.966706906878338
2026-02-12 11:00:00,3.51,3.1842156314849857,3.3506617784500126,3.1842156314849857,2.778276321520729
2026-02-12 11:15:00,3.45,3.191987943649292,3.358434090614319,3.191987943649292,2.7614722402082688
2026-02-12 11:30:00,3.43,3.190757789611817,3.357203936576844,3.190757789611817,2.743292997824529
2026-02-12 11:45:00,3.41,3.192395639419556,3.3588417863845828,3.192395639419556,2.7256120848105367
2026-02-12 12:00:00,3.46,3.213064184188843,3.37951033115387,3.213064184188843,2.5807744556576826
2026-02-12 12:15:00,3.39,3.1946444892883306,3.3610906362533575,3.1946444892883306,2.5698068680333823
2026-02-12 12:30:00,3.23,3.219915375709534,3.386361522674561,3.219915375709534,2.5646251375762565
2026-02-12 12:45:00,3.3,3.2326566839218143,3.399102830886841,3.2326566839218143,2.566264248216986
2026-02-12 13:00:00,3.35,3.235214023590088,3.401660170555115,3.235214023590088,2.399832594473453
2026-02-12 13:15:00,3.46,3.277538824081421,3.443984971046448,3.277538824081421,2.415765776790815
2026-02-12 13:30:00,3.56,3.279927921295166,3.446374068260193,3.279927921295166,2.4379007002264323
2026-02-12 13:45:00,3.52,3.2874471902847295,3.4538933372497564,3.2874471902847295,2.4648890584757086
2026-02-12 14:00:00,3.65,3.3258230495452885,3.4922691965103154,3.3258230495452885,2.567561242554486
2026-02-12 14:15:00,3.66,3.3556266975402838,3.5220728445053107,3.3556266975402838,2.5990919430296087
2026-02-12 14:30:00,3.65,3.399702959060669,3.566149106025696,3.399702959060669,2.6303155294379437
2026-02-12 14:45:00,3.52,3.432244148254395,3.5986902952194217,3.432244148254395,2.659885629674294
2026-02-12 15:00:00,3.46,3.4778120326995854,3.6442581796646123,3.4778120326995854,2.702121503546882
2026-02-12 15:15:00,3.35,3.329640169143677,3.496086316108704,3.329640169143677,2.7264179450780714
2026-02-12 15:30:00,3.37,3.3956260013580324,3.5620721483230593,3.3956260013580324,2.7482608590874005
2026-02-12 15:45:00,3.48,3.402958545684815,3.569404692649842,3.402958545684815,2.7684573883244212
2026-02-12 16:00:00,3.48,3.446110424995423,3.6125565719604498,3.446110424995423,2.8154030056419903
2026-02-12 16:15:00,3.52,3.4862551403045656,3.6527012872695925,3.4862551403045656,2.8357871526377503
2026-02-12 16:30:00,3.52,3.5217619085311895,3.6882080554962164,3.5217619085311895,2.8579536346805776
2026-02-12 16:45:00,3.52,3.563590135574341,3.730036282539368,3.563590135574341,2.8826004543346633
2026-02-12 17:00:00,3.48,3.584343481063843,3.75078962802887,3.584343481063843,3.024393813229051
2026-02-12 17:15:00,3.49,3.624548263549805,3.790994410514832,3.624548263549805,3.0537657874783513
2026-02-12 17:30:00,3.5,3.62602520942688,3.792471356391907,3.62602520942688,3.0840643117576794
2026-02-12 17:45:00,3.46,3.6508979129791266,3.8173440599441535,3.6508979129791266,3.1135477436950105
2026-02-12 18:00:00,3.5,3.6518323516845705,3.8182784986495975,3.6518323516845705,3.14938489016727
2026-02-12 18:15:00,3.49,3.679919872283936,3.846366019248963,3.679919872283936,3.1707531656191446
2026-02-12 18:30:00,3.56,3.6625145244598394,3.8289606714248663,3.6625145244598394,3.184850445733783
2026-02-12 18:45:00,3.61,3.6813402843475345,3.8477864313125614,3.6813402843475345,3.190015655561908
2026-02-12 19:00:00,3.5,3.6728534173965457,3.8392995643615726,3.6728534173965457,3.166421542512738
2026-02-12 19:15:00,3.55,3.6918716096878055,3.8583177566528324,3.6918716096878055,3.1515083586765384
2026-02-12 19:30:00,3.48,3.645966424942017,3.812412571907044,3.645966424942017,3.127096941646117
2026-02-12 19:45:00,3.43,3.620139713287354,3.786585860252381,3.620139713287354,3.0946107850180486
2026-02-12 20:00:00,3.31,3.595110998153687,3.7615571451187138,3.595110998153687,3.123600181400011
2026-02-12 20:15:00,3.19,3.569257106781006,3.735703253746033,3.569257106781006,3.081442276593683
2026-02-12 20:30:00,3.19,3.5198851490020755,3.6863312959671024,3.5198851490020755,3.0381275820896056
2026-02-12 20:45:00,3.15,3.4849097442626955,3.6513558912277224,3.4849097442626955,2.995907974111505
2026-02-12 21:00:00,3.09,3.4529211187362674,3.6193672657012943,3.4529211187362674,3.050189924819863
2026-02-12 21:15:00,3.04,3.047495942115784,3.213942089080811,3.047495942115784,3.014766485764352
2026-02-12 21:30:00,2.99,3.0112053108215338,3.1776514577865607,3.0112053108215338,2.9835847855983517
2026-02-12 21:45:00,2.92,2.965867910385132,3.132314057350159,2.965867910385132,2.9561844279236156
2026-02-12 22:00:00,2.93,2.921697878837586,3.0881440258026127,2.921697878837586,3.007302279117009
2026-02-12 22:15:00,2.88,2.884398336410523,3.05084448337555,2.884398336410523,2.983714178684337
2026-02-12 22:30:00,2.88,2.842482047080994,3.008928194046021,2.842482047080994,2.959546868875649
2026-02-12 22:45:00,2.83,2.798091859817505,2.964538006782532,2.798091859817505,2.9331948137618626
2026-02-12 23:00:00,2.77,2.7482980728149418,2.9147442197799687,2.7482980728149418,2.887729266108497
2026-02-12 23:15:00,2.72,2.7099975013732913,2.8764436483383182,2.7099975013732913,2.853866814944702
2026-02-12 23:30:00,2.71,2.6607695960998536,2.8272157430648805,2.6607695960998536,2.8159297492707482
2026-02-12 23:45:00,2.73,2.6200440502166753,2.786490197181702,2.6200440502166753,2.7746242583291516
2026-02-13 00:00:00,2.67,2.583449549674988,2.749895696640015,2.583449549674988,2.7480167179216073
2026-02-13 00:15:00,2.72,2.543159422874451,2.709605569839478,2.543159422874451,2.7043074055405003
2026-02-13 00:30:00,2.67,2.497777719497681,2.664223866462708,2.497777719497681,2.6621563942627633
2026-02-13 00:45:00,2.67,2.4544662952423097,2.6209124422073367,2.4544662952423097,2.6233716518597827
2026-02-13 01:00:00,2.61,2.4197219181060796,2.5861680650711065,2.4197219181060796,2.632355772746876
2026-02-13 01:15:00,2.55,2.3879249095916752,2.554371056556702,2.3879249095916752,2.604153335050751
2026-02-13 01:30:00,2.51,2.356870179176331,2.523316326141358,2.356870179176331,2.581956528372036
2026-02-13 01:45:00,2.46,2.327388610839844,2.493834757804871,2.327388610839844,2.565329639715546
2026-02-13 02:00:00,2.52,2.311591079235077,2.478037226200104,2.311591079235077,2.5095893962024545
2026-02-13 02:15:00,2.47,2.2583907222747803,2.4248368692398072,2.2583907222747803,2.5005024093966473
2026-02-13 02:30:00,2.44,2.222750773429871,2.3891969203948977,2.222750773429871,2.49271405031355
2026-02-13 02:45:00,2.43,2.2084879446029664,2.3749340915679933,2.2084879446029664,2.4845414843098994
2026-02-13 03:00:00,2.41,2.1950239276885988,2.3614700746536257,2.1950239276885988,2.477105106796792
2026-02-13 03:15:00,2.41,2.129078049659729,2.295524196624756,2.129078049659729,2.464497964166461
2026-02-13 03:30:00,2.36,2.1244663310050966,2.2909124779701235,2.1244663310050966,2.448991487212294
2026-02-13 03:45:00,2.36,2.13127525806427,2.297721405029297,2.13127525806427,2.431044150311819
2026-02-13 04:00:00,2.35,2.135587456226349,2.3020336031913757,2.135587456226349,2.4071103856104776
2026-02-13 04:15:00,2.34,2.1512855100631714,2.3177316570281983,2.1512855100631714,2.388139939030542
2026-02-13 04:30:00,2.34,2.160877096652985,2.327323243618012,2.160877096652985,2.3714310299125794
2026-02-13 04:45:00,2.35,2.178467266559601,2.344913413524628,2.178467266559601,2.3590221614727414
2026-02-13 05:00:00,2.35,2.196471791267395,2.362917938232422,2.196471791267395,2.3654606188439153
2026-02-13 05:15:00,2.35,2.229179048538208,2.395625195503235,2.229179048538208,2.3668953341963483
2026-02-13 05:30:00,2.4,2.2624706697463988,2.4289168167114257,2.2624706697463988,2.3769439423810894
2026-02-13 05:45:00,2.41,2.2898793768882753,2.456325523853302,2.2898793768882753,2.395912981432552
2026-02-13 06:00:00,2.42,2.324549553394318,2.490995700359345,2.324549553394318,2.416171917418086
2026-02-13 06:15:00,2.52,2.3725308609008793,2.538977007865906,2.3725308609008793,2.4513662006008743
2026-02-13 06:30:00,2.52,2.430591630935669,2.597037777900696,2.430591630935669,2.492823345659949
2026-02-13 06:45:00,2.56,2.4679381942749026,2.6343843412399295,2.4679381942749026,2.5388672163792707
2026-02-13 07:00:00,2.68,2.509408464431763,2.67585461139679,2.509408464431763,2.677037858244331
2026-02-13 07:15:00,2.78,2.549732294082642,2.716178441047669,2.549732294082642,2.726949084173219
2026-02-13 07:30:00,2.88,2.593422331809998,2.759868478775025,2.593422331809998,2.776382292721487
2026-02-13 07:45:00,2.95,2.639385409355164,2.8058315563201908,2.639385409355164,2.8240592239170104
2026-02-13 08:00:00,2.99,2.6868770742416386,2.8533232212066655,2.6868770742416386,2.875331951361942
2026-02-13 08:15:00,3.15,2.707448587417603,2.8738947343826298,2.707448587417603,2.916815947325545
2026-02-13 08:30:00,3.21,2.7382924032211307,2.9047385501861576,2.7382924032211307,2.9543463367002176
2026-02-13 08:45:00,3.21,2.767446455955506,2.9338926029205328,2.767446455955506,2.987556012059248
2026-02-13 09:00:00,3.21,2.7958438253402713,2.9622899723052982,2.7958438253402713,2.9786707376067567
2026-02-13 09:15:00,3.21,2.8050504112243657,2.9714965581893926,2.8050504112243657,3.0023172203769573
2026-02-13 09:30:00,3.28,2.8167260026931764,2.9831721496582033,2.8167260026931764,3.0207112484570686
2026-02-13 09:45:00,3.29,2.8219447803497317,2.9883909273147586,2.8219447803497317,3.03354207136038
2026-02-13 10:00:00,3.26,2.830155773162842,2.996601920127869,2.830155773162842,3.0627140139348423
2026-02-13 10:15:00,3.44,2.8419107294082644,3.0083568763732913,2.8419107294082644,3.0638487482936143
2026-02-13 10:30:00,3.38,2.8370077800750737,3.0034539270401006,2.8370077800750737,3.0592610864691654
2026-02-13 10:45:00,3.49,2.837879433631897,3.004325580596924,2.837879433631897,3.0494591184183757
2026-02-13 11:00:00,3.46,2.8385586547851567,3.0050048017501836,2.8385586547851567,3.041161353746838
2026-02-13 11:15:00,3.42,2.836918630599976,3.003364777565003,2.836918630599976,3.0240316866092978
2026-02-13 11:30:00,3.33,2.8408341407775883,3.0072802877426152,2.8408341407775883,3.0055296413690296
2026-02-13 11:45:00,3.48,2.84944929599762,3.015895442962647,2.84944929599762,2.9875288979403
2026-02-13 12:00:00,3.28,2.869593000411988,3.0360391473770147,2.869593000411988,2.9618724120946536
2026-02-13 12:15:00,3.28,2.8573795223236087,3.0238256692886356,2.8573795223236087,2.9505914760814513
2026-02-13 12:30:00,3.33,2.883584032058716,3.050030179023743,2.883584032058716,2.9450998908232155
2026-02-13 12:45:00,3.3,2.8955061435699467,3.0619522905349736,2.8955061435699467,2.946432797793129
2026-02-13 13:00:00,3.25,2.8994194793701173,3.0658656263351443,2.8994194793701173,2.9128142107892243
2026-02-13 13:15:00,3.42,2.9439678525924684,3.1104139995574953,2.9439678525924684,2.9284489309655584
2026-02-13 13:30:00,3.47,2.9544105720520024,3.1208567190170293,2.9544105720520024,2.9502894657618723
2026-02-13 13:45:00,3.44,2.976668043136597,3.143114190101624,2.976668043136597,2.9769876326386604
2026-02-13 14:00:00,3.51,3.011069412231446,3.1775155591964728,3.011069412231446,3.0169624087450453
2026-02-13 14:15:00,3.54,3.0392289590835575,3.2056751060485844,3.0392289590835575,3.0482116488395112
2026-02-13 14:30:00,3.55,3.0821634006500247,3.2486095476150516,3.0821634006500247,3.0791582910595143
2026-02-13 14:45:00,3.66,3.116728391647339,3.283174538612366,3.116728391647339,3.1084560519960265
2026-02-13 15:00:00,3.65,3.1483449268341066,3.3147910737991335,3.1483449268341066,3.137461022931639
2026-02-13 15:15:00,3.7,3.3778042602539067,3.5442504072189336,3.3778042602539067,3.161494565280787
2026-02-13 15:30:00,3.83,3.4240793609619145,3.5905255079269414,3.4240793609619145,3.183079397439884
2026-02-13 15:45:00,3.8,3.435130090713501,3.601576237678528,3.435130090713501,3.203022715029199
2026-02-13 16:00:00,3.97,3.467205419540406,3.6336515665054328,3.467205419540406,3.2126735513294635
2026-02-13 16:15:00,4.05,3.4929696178436282,3.659415764808655,3.4929696178436282,3.232814349706548
2026-02-13 16:30:00,4.08,3.5175952577590945,3.6840414047241214,3.5175952577590945,3.2547424579414233
2026-02-13 16:45:00,4.16,3.547638902664185,3.7140850496292117,3.547638902664185,3.2791558955159275
2026-02-13 17:00:00,4.25,3.5560154199600222,3.722461566925049,3.5560154199600222,3.3114216201136557
2026-02-13 17:15:00,4.24,3.5793872594833376,3.7458334064483645,3.5793872594833376,3.3405702106101436
2026-02-13 17:30:00,4.41,3.579067354202271,3.7455135011672978,3.579067354202271,3.37065033994588
2026-02-13 17:45:00,4.42,3.596007928848267,3.762454075813294,3.596007928848267,3.399920347076095
2026-02-13 18:00:00,4.4,3.5925082683563234,3.7589544153213503,3.5925082683563234,3.4739833223701027
2026-02-13 18:15:00,4.43,3.6082534790039067,3.7746996259689336,3.6082534790039067,3.4951480221740656
2026-02-13 18:30:00,4.39,3.580019731521607,3.746465878486634,3.580019731521607,3.5090465883526707
2026-02-13 18:45:00,4.51,3.5908492183685308,3.7572953653335577,3.5908492183685308,3.5140178926227996
2026-02-13 19:00:00,4.55,3.5676665496826176,3.7341126966476446,3.5676665496826176,3.554927861885103
2026-02-13 19:15:00,4.5,3.5788009929656988,3.7452471399307257,3.5788009929656988,3.539830195556869
2026-02-13 19:30:00,4.48,3.538790273666382,3.705236420631409,3.538790273666382,3.5152388941351926
2026-02-13 19:45:00,4.35,3.515316781997681,3.681762928962708,3.515316781997681,3.482577364736289
2026-02-13 20:00:00,4.22,3.4847488403320317,3.6511949872970586,3.4847488403320317,3.4170783354598355
2026-02-13 20:15:00,4.08,3.4619010257720952,3.628347172737122,3.4619010257720952,3.374753789770708
2026-02-13 20:30:00,3.99,3.4140489578247073,3.580495104789734,3.4140489578247073,3.3312766590983656
2026-02-13 20:45:00,3.99,3.3808258295059206,3.5472719764709475,3.3808258295059206,3.288898701989543
2026-02-13 21:00:00,3.94,3.3446360349655153,3.5110821819305422,3.3446360349655153,3.257806332161124
2026-02-13 21:15:00,3.93,3.686774597167969,3.853220744132996,3.686774597167969,3.222232335614063
2026-02-13 21:30:00,3.91,3.638924703598023,3.8053708505630497,3.638924703598023,3.190903768199523
2026-02-13 21:45:00,3.86,3.5981026697158818,3.7645488166809087,3.5981026697158818,3.1633600871995418
2026-02-13 22:00:00,2.885,3.5524779796600345,3.7189241266250614,3.5524779796600345,3.111387974185055
2026-02-13 22:15:00,1.91,3.5025732994079593,3.669019446372986,3.5025732994079593,3.087663172587626
2026-02-13 22:30:00,3.62,3.4500694227218633,3.6165155696868903,3.4500694227218633,3.06336222697415
2026-02-13 22:45:00,3.65,3.405482454299927,3.571928601264954,3.405482454299927,3.036879429367805
2026-02-13 23:00:00,3.58,3.344969258308411,3.511415405273438,3.344969258308411,2.9786730333642404
2026-02-13 23:15:00,3.46,3.292252020835877,3.458698167800904,3.292252020835877,2.9446850866512344
2026-02-13 23:30:00,3.4,3.2457385540008548,3.4121847009658817,3.2457385540008548,2.906624867859358
2026-02-13 23:45:00,3.35,3.188410820960999,3.354856967926026,3.188410820960999,2.8651983717959513
2026-02-14 00:00:00,3.26,3.165259408950806,3.331705555915833,3.165259408950806,2.857667839580367
2026-02-14 00:15:00,3.24,3.0979357910156256,3.2643819379806525,3.0979357910156256,2.813841214776548
2026-02-14 00:30:00,3.2,3.05202027797699,3.218466424942017,3.05202027797699,2.771574426457076
2026-02-14 00:45:00,3.13,2.998486561775208,3.164932708740235,2.998486561775208,2.732675229255811
2026-02-14 01:00:00,3.09,2.9507828950881962,3.117229042053223,2.9507828950881962,2.6840935766405556
2026-02-14 01:15:00,2.88,2.9171901226043704,3.0836362695693973,2.9171901226043704,2.655778673210226
2026-02-14 01:30:00,2.88,2.877442231178284,3.043888378143311,2.877442231178284,2.6334700602776286
2026-02-14 01:45:00,2.9,2.833289322853089,2.999735469818116,2.833289322853089,2.616731797038246
2026-02-14 02:00:00,2.9,2.8156994247436526,2.9821455717086796,2.8156994247436526,2.5896354224549594
2026-02-14 02:15:00,2.79,2.7560298871994022,2.922476034164429,2.7560298871994022,2.580437229139413
2026-02-14 02:30:00,2.79,2.7191157531738286,2.8855619001388555,2.7191157531738286,2.572537394738072
2026-02-14 02:45:00,2.75,2.682127690315247,2.848573837280274,2.682127690315247,2.5642528463656387
2026-02-14 03:00:00,2.7,2.6660226202011112,2.832468767166138,2.6660226202011112,2.579564337613558
2026-02-14 03:15:00,2.79,2.5680131006240847,2.7344592475891116,2.5680131006240847,2.5668434763811225
2026-02-14 03:30:00,2.74,2.5476549482345585,2.7141010951995854,2.5476549482345585,2.5512220486483557
2026-02-14 03:45:00,2.73,2.5366134595870973,2.703059606552124,2.5366134595870973,2.533158284585589
2026-02-14 04:00:00,2.7,2.524919929504395,2.691366076469422,2.524919929504395,2.5005236769569703
2026-02-14 04:15:00,2.71,2.5217138099670415,2.6881599569320684,2.5217138099670415,2.4814331149102213
2026-02-14 04:30:00,2.66,2.510740814208985,2.677186961174012,2.510740814208985,2.4646018777082688
2026-02-14 04:45:00,2.65,2.513657469749451,2.680103616714478,2.513657469749451,2.452068222938928
2026-02-14 05:00:00,2.65,2.5159125709533696,2.6823587179183965,2.5159125709533696,2.4265535182799858
2026-02-14 05:15:00,2.62,2.530740194320679,2.697186341285706,2.530740194320679,2.4278577957198353
2026-02-14 05:30:00,2.62,2.547649784088135,2.714095931053162,2.547649784088135,2.4377727742644995
2026-02-14 05:45:00,2.62,2.5508515548706057,2.7172977018356326,2.5508515548706057,2.456604749529598
2026-02-14 06:00:00,2.62,2.587625985145569,2.754072132110596,2.587625985145569,2.4827544677038222
2026-02-14 06:15:00,2.67,2.6323836421966558,2.7988297891616827,2.6323836421966558,2.517804098031522
2026-02-14 06:30:00,2.67,2.683155899047852,2.849602046012879,2.683155899047852,2.5591124392530644
2026-02-14 06:45:00,2.8,2.710409817695618,2.876855964660645,2.710409817695618,2.6050031205567095
2026-02-14 07:00:00,2.85,2.7551848697662358,2.9216310167312627,2.7551848697662358,2.688289241181369
2026-02-14 07:15:00,3.01,2.794953961372376,2.961400108337403,2.794953961372376,2.7380378139351635
2026-02-14 07:30:00,3.06,2.8495729637146,3.016019110679627,2.8495729637146,2.787303297291961
2026-02-14 07:45:00,2.43,2.8888215637207035,3.0552677106857304,2.8888215637207035,2.834807209113611
2026-02-14 08:00:00,3.02,2.9556961727142337,3.1221423196792606,2.9556961727142337,2.878369216073567
2026-02-14 08:15:00,3.19,2.9972044944763185,3.1636506414413454,2.9972044944763185,2.9196689533290887
2026-02-14 08:30:00,3.23,3.0382904434204105,3.2047365903854375,3.0382904434204105,2.9570091472571365
2026-02-14 08:45:00,3.29,3.0693620252609257,3.2358081722259526,3.0693620252609257,2.990022485057545
2026-02-14 09:00:00,3.3,3.1116147994995123,3.278060946464539,3.1116147994995123,3.0388090803725327
2026-02-14 09:15:00,3.35,3.1420392322540285,3.3084853792190554,3.1420392322540285,3.062246345094649
2026-02-14 09:30:00,3.37,3.175441203117371,3.341887350082398,3.175441203117371,3.0804244272618413
2026-02-14 09:45:00,3.46,3.183675298690796,3.350121445655823,3.183675298690796,3.0930323920556697
2026-02-14 10:00:00,3.52,3.1989763927459722,3.365422539710999,3.1989763927459722,3.1454626666277563
2026-02-14 10:15:00,3.55,3.2184968662261966,3.3849430131912235,3.2184968662261966,3.1463601892925444
2026-02-14 10:30:00,3.6,3.2173852157592777,3.3838313627243046,3.2173852157592777,3.1415278868708207
2026-02-14 10:45:00,3.58,3.221169176101685,3.387615323066712,3.221169176101685,3.1314736899611084
2026-02-14 11:00:00,3.62,3.222781476974488,3.3892276239395147,3.222781476974488,3.1582803342559376
2026-02-14 11:15:00,3.58,3.228773517608643,3.39521966457367,3.228773517608643,3.1408828111574905
2026-02-14 11:30:00,3.6,3.223837409019471,3.3902835559844977,3.223837409019471,3.1221048854100526
2026-02-14 11:45:00,3.51,3.2223678016662602,3.388813948631287,3.2223678016662602,3.1038201061456547
2026-02-14 12:00:00,3.56,3.236951894760132,3.403398041725159,3.236951894760132,3.0574622637381084
2026-02-14 12:15:00,3.58,3.2224612998962407,3.3889074468612677,3.2224612998962407,3.0458806197876185
2026-02-14 12:30:00,2.66,3.2409956932067874,3.4074418401718143,3.2409956932067874,3.040079825731566
2026-02-14 12:45:00,3.45,3.250250658988953,3.41669680595398,3.250250658988953,3.0410949240931973
2026-02-14 13:00:00,3.31,3.2498187732696535,3.4162649202346804,3.2498187732696535,3.011435388576922
2026-02-14 13:15:00,3.48,3.2891880512237552,3.455634198188782,3.2891880512237552,3.026734837496639
2026-02-14 13:30:00,3.47,3.2918508481979374,3.4582969951629643,3.2918508481979374,3.0482312555235875
2026-02-14 13:45:00,3.45,3.2965146160125736,3.4629607629776005,3.2965146160125736,3.074576395811174
2026-02-14 14:00:00,3.49,3.3358072471618656,3.5022533941268925,3.3358072471618656,3.02642187270993
2026-02-14 14:15:00,3.65,3.3662596750259404,3.5327058219909673,3.3662596750259404,3.0573001100065835
2026-02-14 14:30:00,3.67,3.412242321968079,3.5786884689331058,3.412242321968079,3.0878667015143018
2026-02-14 14:45:00,3.7,3.447799372673035,3.614245519638062,3.447799372673035,3.116775336523514
2026-02-14 15:00:00,3.89,3.4934621143341067,3.6599082612991336,3.4934621143341067,3.164212560074551
2026-02-14 15:15:00,3.89,3.446142768859864,3.6125889158248907,3.446142768859864,3.1878387824357732
2026-02-14 15:30:00,4.01,3.5096737289428717,3.6761198759078986,3.5096737289428717,3.209007195202764
2026-02-14 15:45:00,4.08,3.5189925670623783,3.685438714027405,3.5189925670623783,3.228525005508578
2026-02-14 16:00:00,4.06,3.566134428977967,3.7325805759429938,3.566134428977967,3.2628485634506665
2026-02-14 16:15:00,4.2,3.60832034111023,3.7747664880752567,3.60832034111023,3.282545753107945
2026-02-14 16:30:00,4.3,3.6484669589996344,3.8149131059646613,3.6484669589996344,3.3040212591602325
2026-02-14 16:45:00,4.35,3.6953117465972904,3.8617578935623174,3.6953117465972904,3.3279731527371816
2026-02-14 17:00:00,4.33,3.7182579517364505,3.8847040987014774,3.7182579517364505,3.381346348375324
2026-02-14 17:15:00,4.47,3.7665927314758303,3.933038878440857,3.7665927314758303,3.4100157069180597
2026-02-14 17:30:00,4.5,3.77568325996399,3.9421294069290167,3.77568325996399,3.4396078785942885
2026-02-14 17:45:00,4.61,3.806656179428101,3.973102326393128,3.806656179428101,3.4683812948855497
2026-02-14 18:00:00,4.51,3.8111332225799566,3.9775793695449835,3.8111332225799566,3.491078146175246
2026-02-14 18:15:00,4.52,3.8549023532867435,4.02134850025177,3.8549023532867435,3.511729307412502
2026-02-14 18:30:00,4.62,3.8399885702133183,4.006434717178346,3.8399885702133183,3.5251060409893524
2026-02-14 18:45:00,4.6,3.8625028896331792,4.028949036598206,3.8625028896331792,3.5295473521849594
2026-02-14 19:00:00,4.58,3.8616736364364628,4.02811978340149,3.8616736364364628,3.613816634712386
2026-02-14 19:15:00,4.58,3.878172268867493,4.04461841583252,3.878172268867493,3.598173095828758
2026-02-14 19:30:00,4.43,3.8443914127349856,4.010837559700013,3.8443914127349856,3.5730282231752377
2026-02-14 19:45:00,4.35,3.821985540390015,3.988431687355042,3.821985540390015,3.5398055979921357
2026-02-14 20:00:00,4.25,3.7994943237304692,3.965940470695496,3.7994943237304692,3.469972038282751
2026-02-14 20:15:00,4.18,3.7766462373733525,3.9430923843383794,3.7766462373733525,3.42707191018765
2026-02-14 20:30:00,4.09,3.7274642658233645,3.8939104127883915,3.7274642658233645,3.3830122548397714
2026-02-14 20:45:00,4.11,3.6977546596527104,3.8642008066177373,3.6977546596527104,3.340045044511349
2026-02-14 21:00:00,4.04,3.6646399784088137,3.8310861253738406,3.6646399784088137,3.3036399336234616
2026-02-14 21:15:00,4.02,3.840649580955506,4.007095727920532,3.840649580955506,3.2674639065365976
2026-02-14 21:30:00,3.95,3.7953711605072025,3.9618173074722294,3.7953711605072025,3.235527278836239
2026-02-14 21:45:00,3.96,3.752093439102173,3.9185395860672,3.752093439102173,3.2073697594954895
2026-02-14 22:00:00,3.92,3.708290605545044,3.874736752510071,3.708290605545044,3.232807156782458
2026-02-14 22:15:00,3.81,3.656090869903565,3.822537016868592,3.656090869903565,3.2084577525073015
2026-02-14 22:30:00,3.78,3.6035160541534426,3.7699622011184695,3.6035160541534426,3.1835272358383997
2026-02-14 22:45:00,3.66,3.5588407516479497,3.7252868986129766,3.5588407516479497,3.156410186312483
2026-02-14 23:00:00,3.62,3.4948224592208867,3.6612686061859137,3.4948224592208867,3.122731622502252
2026-02-14 23:15:00,3.57,3.443238887786866,3.6096850347518927,3.443238887786866,3.088100958807389
2026-02-14 23:30:00,3.51,3.392492723464966,3.558938870429993,3.392492723464966,3.0493942553895392
2026-02-14 23:45:00,3.41,3.3340644836425786,3.5005106306076055,3.3340644836425786,3.007317827656425
2026-02-15 00:00:00,3.41,3.311000046730042,3.477446193695069,3.311000046730042,2.939511084138308
2026-02-15 00:15:00,3.3,3.2429145812988285,3.4093607282638554,3.2429145812988285,2.8950286264716287
2026-02-15 00:30:00,3.25,3.196716942787171,3.363163089752198,3.196716942787171,2.8521035660650997
2026-02-15 00:45:00,3.2,3.1388053894042973,3.3052515363693242,3.1388053894042973,2.812544008055331
2026-02-15 01:00:00,3.15,3.0895560121536256,3.2560021591186525,3.0895560121536256,2.812778945424702
2026-02-15 01:15:00,3.09,3.052196402549744,3.218642549514771,3.052196402549744,2.783800582607199
2026-02-15 01:30:00,3.09,3.0118032646179205,3.1782494115829474,3.0118032646179205,2.7608275135411784
2026-02-15 01:45:00,2.98,2.963611993789673,3.1300581407547,2.963611993789673,2.743424174058569
2026-02-15 02:00:00,2.99,2.9486702156066897,3.1151163625717166,2.9486702156066897,2.7162901680819633
2026-02-15 02:15:00,2.94,2.8836851406097415,3.0501312875747684,2.8836851406097415,2.706426811654254
2026-02-15 02:30:00,2.94,2.845138320922852,3.0115844678878787,2.845138320922852,2.6978623583771646
2026-02-15 02:45:00,2.88,2.804115700721741,2.970561847686768,2.804115700721741,2.6889141340213407
2026-02-15 03:00:00,2.88,2.7834604740142828,2.9499066209793097,2.7834604740142828,2.6583514343495276
2026-02-15 03:15:00,2.88,2.793594975471497,2.960041122436524,2.793594975471497,2.6449699978490355
2026-02-15 03:30:00,2.83,2.770860772132874,2.937306919097901,2.770860772132874,2.628690161412738
2026-02-15 03:45:00,2.78,2.75022837638855,2.916674523353577,2.75022837638855,2.6099705713253543
2026-02-15 04:00:00,2.8,2.7315602588653567,2.8980064058303836,2.7315602588653567,2.5478501942743845
2026-02-15 04:15:00,2.74,2.7210827493667606,2.8875288963317876,2.7210827493667606,2.5281102341198713
2026-02-15 04:30:00,2.69,2.701266832351685,2.8677129793167118,2.701266832351685,2.5106334503367913
2026-02-15 04:45:00,2.69,2.696613121032715,2.863059267997742,2.696613121032715,2.4974585292532563
2026-02-15 05:00:00,2.66,2.689280576705933,2.85572672367096,2.689280576705933,2.490520120655873
2026-02-15 05:15:00,2.66,2.6936929321289065,2.8601390790939334,2.6936929321289065,2.4911929875707157
2026-02-15 05:30:00,2.67,2.699286246299744,2.865732393264771,2.699286246299744,2.5004821348436472
2026-02-15 05:45:00,2.61,2.6923801517486576,2.8588262987136845,2.6923801517486576,2.5186942942821253
2026-02-15 06:00:00,2.61,2.7211911964416506,2.8876373434066775,2.7211911964416506,2.5417199197383793
2026-02-15 06:15:00,2.72,2.7533369207382203,2.9197830677032472,2.7533369207382203,2.57616307743588
2026-02-15 06:30:00,2.76,2.79564133644104,2.962087483406067,2.79564133644104,2.616872274854352
2026-02-15 06:45:00,2.76,2.81584972858429,2.9822958755493167,2.81584972858429,2.6621715794443523
2026-02-15 07:00:00,2.81,2.8503780269622805,3.0168241739273074,2.8503780269622805,2.719689329874286
2026-02-15 07:15:00,2.96,2.891749362945557,3.058195509910584,2.891749362945557,2.768863373264373
2026-02-15 07:30:00,3.05,2.9396786212921144,3.1061247682571413,2.9396786212921144,2.8175634058280523
2026-02-15 07:45:00,3.03,2.9755014896392824,3.1419476366043093,2.9755014896392824,2.864511380275546
2026-02-15 08:00:00,3.09,3.0451636505126958,3.2116097974777227,3.0451636505126958,2.932898724348104
2026-02-15 08:15:00,3.31,3.088243503570557,3.254689650535584,3.088243503570557,2.9736628485092598
2026-02-15 08:30:00,3.32,3.131564168930054,3.298010315895081,3.131564168930054,3.0104782356874327
2026-02-15 08:45:00,3.37,3.166002774238587,3.3324489212036137,3.166002774238587,3.042977999009584
2026-02-15 09:00:00,3.4,3.210018424987793,3.37646457195282,3.210018424987793,3.0894388012457363
2026-02-15 09:15:00,3.43,3.3296314716339115,3.4960776185989384,3.3296314716339115,3.1123862209211106
2026-02-15 09:30:00,3.47,3.37199541091919,3.5384415578842168,3.37199541091919,3.1300869479407245
2026-02-15 09:45:00,3.41,3.3861799621582036,3.5526261091232305,3.3861799621582036,3.1422304588440326
2026-02-15 10:00:00,3.51,3.406328287124634,3.572774434089661,3.406328287124634,3.152400170771866
2026-02-15 10:15:00,3.61,3.433453645706177,3.599899792671204,3.433453645706177,3.152860257802255
2026-02-15 10:30:00,3.68,3.4385601711273197,3.6050063180923466,3.4385601711273197,3.1476046267088
2026-02-15 10:45:00,3.68,3.4501050281524663,3.6165511751174932,3.4501050281524663,3.137141599406365
2026-02-15 11:00:00,3.64,3.4548805046081545,3.6213266515731815,3.4548805046081545,3.130591607037964
2026-02-15 11:15:00,3.64,3.4652615261077884,3.6317076730728153,3.4652615261077884,3.112815400266584
2026-02-15 11:30:00,3.55,3.4675465250015263,3.633992671966553,3.4675465250015263,3.093674426561292
2026-02-15 11:45:00,3.54,3.463447008132935,3.629893155097962,3.463447008132935,3.075042600968841
2026-02-15 12:00:00,3.54,3.4773592185974125,3.6438053655624394,3.4773592185974125,3.079961104700753
2026-02-15 12:15:00,3.58,3.4655034255981447,3.6319495725631716,3.4655034255981447,3.0680654863306587
2026-02-15 12:30:00,3.48,3.4790492534637454,3.6454954004287723,3.4790492534637454,3.0619677728625065
2026-02-15 12:45:00,3.54,3.4942207002639774,3.6606668472290043,3.4942207002639774,3.0627033421302867
2026-02-15 13:00:00,3.43,3.4899548435211187,3.6564009904861456,3.4899548435211187,3.0137552730894006
2026-02-15 13:15:00,3.54,3.5196758651733404,3.6861220121383673,3.5196758651733404,3.0288109455354815
2026-02-15 13:30:00,3.52,3.5235095643997196,3.6899557113647465,3.5235095643997196,3.0500819316681738
2026-02-15 13:45:00,3.55,3.51752594947815,3.683972096443177,3.51752594947815,3.076220284491994
2026-02-15 14:00:00,3.59,3.5547295475006107,3.7211756944656376,3.5547295475006107,3.0533084100248016
2026-02-15 14:15:00,3.68,3.5784658670425418,3.7449120140075687,3.5784658670425418,3.0840180096908845
2026-02-15 14:30:00,3.84,3.6214535808563237,3.7878997278213506,3.6214535808563237,3.114435448989283
2026-02-15 14:45:00,3.84,3.653056254386902,3.819502401351929,3.653056254386902,3.1432146770583094
2026-02-15 15:00:00,3.94,3.6951755762100222,3.861621723175049,3.6951755762100222,3.1849525202143
2026-02-15 15:15:00,3.91,3.6449450111389163,3.8113911581039432,3.6449450111389163,3.2084895629541266
2026-02-15 15:30:00,3.97,3.708055229187012,3.874501376152039,3.708055229187012,3.2295892560514905
2026-02-15 15:45:00,4.12,3.7070724105834967,3.8735185575485236,3.7070724105834967,3.2490590224064153
2026-02-15 16:00:00,4.07,3.750676832199097,3.917122979164124,3.750676832199097,3.2554733588304376
2026-02-15 16:15:00,4.22,3.794308433532715,3.960754580497742,3.794308433532715,3.2751644565369618
2026-02-15 16:30:00,4.28,3.8288250446319583,3.995271191596985,3.8288250446319583,3.296655123018816
2026-02-15 16:45:00,4.34,3.876304750442505,4.042750897407532,3.876304750442505,3.32064359737125
2026-02-15 17:00:00,4.46,3.9019205474853518,4.068366694450379,3.9019205474853518,3.363913684523351
2026-02-15 17:15:00,4.38,3.9547503089904787,4.121196455955506,3.9547503089904787,3.3926629184199317
2026-02-15 17:30:00,4.43,3.972892770767212,4.139338917732239,3.972892770767212,3.422356814212346
2026-02-15 17:45:00,4.44,4.007656173706055,4.174102320671082,4.007656173706055,3.4512539203918493
2026-02-15 18:00:00,4.53,4.028207302093506,4.194653449058533,4.028207302093506,3.4708989457897608
2026-02-15 18:15:00,4.5,4.065883827209473,4.232329974174499,4.065883827209473,3.491718026727038
2026-02-15 18:30:00,4.54,4.072818460464478,4.239264607429504,4.072818460464478,3.5052849172756475
2026-02-15 18:45:00,4.62,4.101507740020752,4.267953886985779,4.101507740020752,3.5099386861895403
2026-02-15 19:00:00,4.72,4.109855718612671,4.2763018655776985,4.109855718612671,3.5916088413942044
2026-02-15 19:15:00,4.63,4.132810893058777,4.299257040023804,4.132810893058777,3.576222497180796
2026-02-15 19:30:00,4.55,4.11452301979065,4.280969166755677,4.11452301979065,3.551357227608704
2026-02-15 19:45:00,4.44,4.102337808609009,4.268783955574037,4.102337808609009,3.518436621887263
2026-02-15 20:00:00,4.4,4.096335983276368,4.262782130241394,4.096335983276368,3.4794977992525746
2026-02-15 20:15:00,4.28,4.075229845046998,4.241675992012025,4.075229845046998,3.4369444905965776
2026-02-15 20:30:00,4.25,4.039249877929688,4.205696024894715,4.039249877929688,3.3932540098238233
2026-02-15 20:45:00,4.15,4.016548833847047,4.182994980812074,4.016548833847047,3.3506782802687782
2026-02-15 21:00:00,4.14,3.9925347375869755,4.158980884552003,3.9925347375869755,3.312499369480081
2026-02-15 21:15:00,4.1,3.9757455539703375,4.142191700935364,3.9757455539703375,3.276759231136765
2026-02-15 21:30:00,4.1,3.9237692356109624,4.090215382575989,3.9237692356109624,3.2452805651183914
2026-02-15 21:45:00,3.91,3.880754613876343,4.0472007608413705,3.880754613876343,3.2176029738249885
2026-02-15 22:00:00,3.87,3.8354090595245367,4.001855206489564,3.8354090595245367,3.2110887898793408
2026-02-15 22:15:00,3.75,3.779664001464844,3.946110148429871,3.779664001464844,3.1872628688208553
2026-02-15 22:30:00,3.75,3.725760641098023,3.8922067880630498,3.725760641098023,3.1628773953200517
2026-02-15 22:45:00,3.65,3.6816604614257815,3.8481066083908084,3.6816604614257815,3.136326784663132
2026-02-15 23:00:00,3.63,3.614220514297486,3.780666661262513,3.614220514297486,3.080825440330654
2026-02-15 23:15:00,3.58,3.56154703617096,3.727993183135987,3.56154703617096,3.046803456708186
2026-02-15 23:30:00,3.43,3.5135916852951055,3.6800378322601324,3.5135916852951055,3.0087262503696866
2026-02-15 23:45:00,3.37,3.449242343902588,3.615688490867615,3.449242343902588,2.9672999153985176
2026-02-16 00:00:00,3.31,3.431579875946045,3.598026022911072,3.431579875946045,2.902818096547036
2026-02-16 00:15:00,3.27,3.361696472167969,3.528142619132996,3.361696472167969,2.859026202834867
2026-02-16 00:30:00,3.22,3.3177971506118777,3.4842432975769047,3.3177971506118777,2.816811553993829
2026-02-16 00:45:00,3.16,3.258783731460572,3.425229878425599,3.258783731460572,2.777981978113167
2026-02-16 01:00:00,3.12,3.210203790664673,3.3766499376297,3.210203790664673,2.7527896467403377
2026-02-16 01:15:00,3.07,3.170647516250611,3.337093663215638,3.170647516250611,2.724579521599515
2026-02-16 01:30:00,3.07,3.134702882766724,3.301149029731751,3.134702882766724,2.702393348284307
2026-02-16 01:45:00,3.01,3.0805630588531496,3.2470092058181765,3.0805630588531496,2.6857952318285845
2026-02-16 02:00:00,2.96,3.0707664012908937,3.2372125482559206,3.0707664012908937,2.6825225511408046
2026-02-16 02:15:00,2.91,3.0031856632232667,3.1696318101882937,3.0031856632232667,2.6735000278600562
2026-02-16 02:30:00,2.9,2.966934442520142,3.133380589485169,2.966934442520142,2.6657936650096503
2026-02-16 02:45:00,2.95,2.9238532304763796,3.0902993774414065,2.9238532304763796,2.6577204064409266
2026-02-16 03:00:00,2.94,2.903543729782105,3.069989876747132,2.903543729782105,2.634894486437127
2026-02-16 03:15:00,2.91,2.837767724990845,3.004213871955872,2.837767724990845,2.6224205717225226
2026-02-16 03:30:00,2.86,2.813828916549683,2.9802750635147097,2.813828916549683,2.607063913797448
2026-02-16 03:45:00,2.85,2.7919538640975956,2.9584000110626225,2.7919538640975956,2.58928272914901
2026-02-16 04:00:00,2.85,2.7728207015991213,2.939266848564148,2.7728207015991213,2.509116857411386
2026-02-16 04:15:00,2.8,2.7631566810607913,2.929602828025818,2.7631566810607913,2.4903444219915256
2026-02-16 04:30:00,2.83,2.744459209442139,2.910905356407166,2.744459209442139,2.4738490332899623
2026-02-16 04:45:00,2.83,2.7425832653045656,2.9090294122695926,2.7425832653045656,2.4616689038595165
2026-02-16 05:00:00,2.87,2.735146894454956,2.901593041419983,2.735146894454956,2.413623569855506
2026-02-16 05:15:00,2.85,2.741351208686829,2.907797355651856,2.741351208686829,2.4153165592502255
2026-02-16 05:30:00,2.8,2.749552688598633,2.91599883556366,2.749552688598633,2.425637743458531
2026-02-16 05:45:00,2.8,2.7431225109100343,2.9095686578750612,2.7431225109100343,2.4448933409484073
2026-02-16 06:00:00,2.8,2.774602332115174,2.9410484790802007,2.774602332115174,2.468777769245778
2026-02-16 06:15:00,2.85,2.8132450962066655,2.9796912431716924,2.8132450962066655,2.5042855909372537
2026-02-16 06:30:00,2.91,2.852855730056763,3.01930187702179,2.852855730056763,2.5460692598206864
2026-02-16 06:45:00,2.96,2.8796600961685184,3.0461062431335453,2.8796600961685184,2.5924522953967157
2026-02-16 07:00:00,3.02,2.916765575408936,3.083211722373963,2.916765575408936,2.701946012093366
2026-02-16 07:15:00,3.14,2.9583380413055425,3.1247841882705694,2.9583380413055425,2.7522206304535306
2026-02-16 07:30:00,3.23,3.010020003318787,3.176466150283814,3.010020003318787,2.8020288078414075
2026-02-16 07:45:00,3.24,3.04334587097168,3.209792017936707,3.04334587097168,2.8500919197278227
2026-02-16 08:00:00,3.28,3.116023893356324,3.2824700403213507,3.116023893356324,2.915953062795141
2026-02-16 08:15:00,3.4,3.1599283790588384,3.3263745260238653,3.1599283790588384,2.957844552429199
2026-02-16 08:30:00,3.44,3.2029707241058354,3.3694168710708623,3.2029707241058354,2.9957925287644525
2026-02-16 08:45:00,3.5,3.237639541625977,3.404085688591004,3.237639541625977,3.0294295041756647
2026-02-16 09:00:00,3.5,3.280569362640381,3.447015509605408,3.280569362640381,3.0770907092303
2026-02-16 09:15:00,3.6,3.467750101089478,3.6341962480545047,3.467750101089478,3.101182765245467
2026-02-16 09:30:00,3.63,3.5169736576080326,3.6834198045730595,3.5169736576080326,3.120030921221528
2026-02-16 09:45:00,3.59,3.5327539300918582,3.699200077056885,3.5327539300918582,3.1333240355491356
2026-02-16 10:00:00,3.63,3.5555688571929935,3.7220150041580204,3.5555688571929935,3.159463978218668
2026-02-16 10:15:00,3.65,3.5891510295867923,3.7555971765518192,3.5891510295867923,3.161076150146355
2026-02-16 10:30:00,3.59,3.595429816246033,3.76187596321106,3.595429816246033,3.156972905441481
2026-02-16 10:45:00,3.66,3.6107088947296146,3.7771550416946416,3.6107088947296146,3.147661936852732
2026-02-16 11:00:00,3.61,3.6174994754791263,3.7839456224441532,3.6174994754791263,3.1249924142406904
2026-02-16 11:15:00,3.6,3.630410385131836,3.796856532096863,3.630410385131836,3.108365716835586
2026-02-16 11:30:00,3.67,3.6363991641998297,3.8028453111648566,3.6363991641998297,3.0903720285983516
2026-02-16 11:45:00,3.59,3.632913637161255,3.799359784126282,3.632913637161255,3.0728846309454902
2026-02-16 12:00:00,3.59,3.648526482582093,3.81497262954712,3.648526482582093,3.0478052550889165
2026-02-16 12:15:00,3.59,3.636953902244568,3.803400049209595,3.636953902244568,3.0370464489150075
2026-02-16 12:30:00,3.65,3.6502662563323978,3.8167124032974247,3.6502662563323978,3.032080790527137
2026-02-16 12:45:00,3.58,3.6730741167068484,3.8395202636718753,3.6730741167068484,3.0339430263716993
2026-02-16 13:00:00,3.59,3.6657972908020025,3.8322434377670294,3.6657972908020025,3.0357126347162944
2026-02-16 13:15:00,3.68,3.697339897155762,3.863786044120789,3.697339897155762,3.0518823093990863
2026-02-16 13:30:00,3.79,3.7030476379394535,3.8694937849044804,3.7030476379394535,3.074260026399271
2026-02-16 13:45:00,3.7,3.694000053405762,3.860446200370789,3.694000053405762,3.101497216284589
2026-02-16 14:00:00,3.74,3.7339925622940067,3.9004387092590336,3.7339925622940067,3.0626098945193183
2026-02-16 14:15:00,3.8,3.75624785900116,3.922694005966187,3.75624785900116,3.094400689789825
2026-02-16 14:30:00,3.88,3.803874607086182,3.970320754051209,3.803874607086182,3.125889584865397
2026-02-16 14:45:00,3.91,3.8385692453384403,4.005015392303467,3.8385692453384403,3.155729922050448
2026-02-16 15:00:00,3.88,3.879520111083985,4.045966258049011,3.879520111083985,3.1361811195910287
2026-02-16 15:15:00,3.97,3.7448679828643803,3.911314129829407,3.7448679828643803,3.160756777735703
2026-02-16 15:30:00,4.08,3.8108396816253665,3.9772858285903934,3.8108396816253665,3.182882950277966
2026-02-16 15:45:00,4.05,3.8076618289947515,3.9741079759597784,3.8076618289947515,3.203366475454063
2026-02-16 16:00:00,4.05,3.851709823608399,4.018155970573426,3.851709823608399,3.2273058729529516
2026-02-16 16:15:00,4.14,3.8958850193023684,4.062331166267395,3.8958850193023684,3.2479835607786707
2026-02-16 16:30:00,4.22,3.929882497787476,4.096328644752503,3.929882497787476,3.270446383583922
2026-02-16 16:45:00,4.18,3.976704998016358,4.143151144981385,3.976704998016358,3.295392024307991
2026-02-16 17:00:00,4.27,4.0000730323791505,4.166519179344178,4.0000730323791505,3.3083465765182343
2026-02-16 17:15:00,4.32,4.053605117797852,4.220051264762878,4.053605117797852,3.338021361233449
2026-02-16 17:30:00,4.42,4.068127512931824,4.234573659896851,4.068127512931824,3.368624199537402
2026-02-16 17:45:00,4.43,4.101409893035889,4.2678560400009165,4.101409893035889,3.3984131184189343
2026-02-16 18:00:00,4.37,4.121305990219117,4.287752137184144,4.121305990219117,3.3972087341830877
2026-02-16 18:15:00,4.42,4.156542863845826,4.322989010810852,4.156542863845826,3.4188838422493197
2026-02-16 18:30:00,4.47,4.160357265472412,4.326803412437439,4.160357265472412,3.4332881243652666
2026-02-16 18:45:00,4.52,4.18891173362732,4.355357880592347,4.18891173362732,3.4387601681338946
2026-02-16 19:00:00,3.04,4.19341160774231,4.3598577547073365,4.19341160774231,3.6011596538471524
2026-02-16 19:15:00,4.24,4.215980558395386,4.3824267053604125,4.215980558395386,3.586551951729845
2026-02-16 19:30:00,4.27,4.193756246566773,4.3602023935318,4.193756246566773,3.562444831054218
2026-02-16 19:45:00,4.21,4.175488758087159,4.341934905052186,4.175488758087159,3.5302614456067873
2026-02-16 20:00:00,4.15,4.1702876472473145,4.336733794212341,4.1702876472473145,3.5180375016655483
2026-02-16 20:15:00,4.01,4.144599008560181,4.311045155525209,4.144599008560181,3.4761782988511074
2026-02-16 20:30:00,4.04,4.1056792831420905,4.272125430107117,4.1056792831420905,3.4331597634165973
2026-02-16 20:45:00,4.15,4.080520648956299,4.246966795921326,4.080520648956299,3.3912334338378054
2026-02-16 21:00:00,4.09,4.054800209999085,4.221246356964112,4.054800209999085,3.3616360181059757
2026-02-16 21:15:00,3.93,3.7398044013977056,3.9062505483627326,3.7398044013977056,3.326499088079401
2026-02-16 21:30:00,3.9,3.6963337039947515,3.8627798509597784,3.6963337039947515,3.2956000115561848
2026-02-16 21:45:00,4.0,3.6525172805786137,3.8189634275436406,3.6525172805786137,3.2684780610019613
2026-02-16 22:00:00,3.98,3.609320554733277,3.775766701698304,3.609320554733277,3.2298962132918927
2026-02-16 22:15:00,3.96,3.5620022964477545,3.7284484434127814,3.5620022964477545,3.206577103218032
2026-02-16 22:30:00,3.97,3.51389256477356,3.680338711738587,3.51389256477356,3.182673589043542
2026-02-16 22:45:00,3.81,3.4730917310714724,3.6395378780364993,3.4730917310714724,3.156579814795239
2026-02-16 23:00:00,3.75,3.413653764724732,3.580099911689759,3.413653764724732,3.103392975023137
2026-02-16 23:15:00,3.64,3.3694399738311773,3.5358861207962042,3.3694399738311773,3.069776829085837
2026-02-16 23:30:00,3.56,3.3218939495086675,3.4883400964736944,3.3218939495086675,3.032079615511995
2026-02-16 23:45:00,3.36,3.264075078964234,3.430521225929261,3.264075078964234,2.991007218940078
2026-02-17 00:00:00,3.3,3.2447742176055914,3.4112203645706183,3.2447742176055914,2.9478052465803857
2026-02-17 00:15:00,3.26,3.184042768478394,3.350488915443421,3.184042768478394,2.9043146176496704
2026-02-17 00:30:00,3.21,3.14383472442627,3.310280871391297,3.14383472442627,2.862374646505791
2026-02-17 00:45:00,3.15,3.0952455425262455,3.2616916894912724,3.0952455425262455,2.8237930160126896
2026-02-17 01:00:00,3.15,3.0518248558044436,3.2182710027694705,3.0518248558044436,2.827745723109633
2026-02-17 01:15:00,3.05,3.0183361816406253,3.1847823286056522,3.0183361816406253,2.799729708620219
2026-02-17 01:30:00,3.04,2.9852435159683233,3.15168966293335,2.9852435159683233,2.7777105765356813
2026-02-17 01:45:00,2.99,2.9374004173278814,3.1038465642929083,2.9374004173278814,2.761252352704124
2026-02-17 02:00:00,2.94,2.9295074272155763,3.0959535741806032,2.9295074272155763,2.714704365839524
2026-02-17 02:15:00,2.88,2.868939599990845,3.035385746955872,2.868939599990845,2.7057672671276674
2026-02-17 02:30:00,2.89,2.836187496185303,3.0026336431503298,2.836187496185303,2.6981190429442887
2026-02-17 02:45:00,2.9,2.8035019826889043,2.969948129653931,2.8035019826889043,2.6900766249889414
2026-02-17 03:00:00,2.84,2.7885441684722903,2.954990315437317,2.7885441684722903,2.6516805395927228
2026-02-17 03:15:00,2.84,2.6926168870925906,2.8590630340576175,2.6926168870925906,2.6391829002531186
2026-02-17 03:30:00,2.79,2.67508189201355,2.841528038978577,2.67508189201355,2.623775284197516
2026-02-17 03:45:00,2.73,2.6692148780822755,2.8356610250473024,2.6692148780822755,2.605915963131928
2026-02-17 04:00:00,2.73,2.6618162870407107,2.8282624340057376,2.6618162870407107,2.557461214791395
2026-02-17 04:15:00,2.7,2.6657983875274662,2.832244534492493,2.6657983875274662,2.5385565190832127
2026-02-17 04:30:00,2.7,2.6616099929809574,2.8280561399459843,2.6616099929809574,2.5219019580181614
2026-02-17 04:45:00,2.65,2.6756412506103517,2.8420873975753786,2.6756412506103517,2.5095358662632785
2026-02-17 05:00:00,2.66,2.68210132598877,2.848547472953797,2.68210132598877,2.493858965447579
2026-02-17 05:15:00,2.61,2.7035564517974855,2.8700025987625124,2.7035564517974855,2.495312845162334
2026-02-17 05:30:00,2.65,2.7324384355545046,2.8988845825195315,2.7324384355545046,2.505368595193363
2026-02-17 05:45:00,2.61,2.7410685396194463,2.907514686584473,2.7410685396194463,2.524332621880813
2026-02-17 06:00:00,2.66,2.7858416891098026,2.9522878360748295,2.7858416891098026,2.548722743011881
2026-02-17 06:15:00,2.71,2.8349440240859987,3.0013901710510256,2.8349440240859987,2.583887348830821
2026-02-17 06:30:00,2.7,2.8848930072784427,3.0513391542434696,2.8848930072784427,2.625302325358647
2026-02-17 06:45:00,2.77,2.9227190208435063,3.0891651678085332,2.9227190208435063,2.671291443812114
2026-02-17 07:00:00,2.86,2.9691463279724126,3.1355924749374395,2.9691463279724126,2.6908709228983065
2026-02-17 07:15:00,3.02,3.0080524635314947,3.1744986104965216,3.0080524635314947,2.740701992036694
2026-02-17 07:30:00,3.02,3.062546710968018,3.228992857933045,3.062546710968018,2.790042243499752
2026-02-17 07:45:00,3.12,3.0942833805084233,3.2607295274734502,3.0942833805084233,2.837613365764761
2026-02-17 08:00:00,3.18,3.1575104713439943,3.3239566183090212,3.1575104713439943,2.8538274263438304
2026-02-17 08:15:00,3.29,3.192990875244141,3.359437022209168,3.192990875244141,2.8951797971577706
2026-02-17 08:30:00,3.45,3.225855503082276,3.392301650047303,3.225855503082276,2.932565618163852
2026-02-17 08:45:00,3.4,3.2505713796615603,3.417017526626587,3.2505713796615603,2.9656177727628488
2026-02-17 09:00:00,3.46,3.2862303543090823,3.452676501274109,3.2862303543090823,2.8727914208663785
2026-02-17 09:15:00,3.55,3.242752046585083,3.40919819355011,3.242752046585083,2.8962544935742183
2026-02-17 09:30:00,3.59,3.2769321727752687,3.4433783197402956,3.2769321727752687,2.914452196303319
2026-02-17 09:45:00,3.57,3.2853290748596193,3.4517752218246462,3.2853290748596193,2.927073812569828
2026-02-17 10:00:00,3.6,3.3014140319824223,3.4678601789474492,3.3014140319824223,2.997919641026494
2026-02-17 10:15:00,3.6,3.3236524772644045,3.4900986242294314,3.3236524772644045,2.998819551731524
2026-02-17 10:30:00,3.61,3.324157204627991,3.490603351593018,3.324157204627991,2.993984352283624
2026-02-17 10:45:00,3.59,3.3322570323944096,3.4987031793594365,3.3322570323944096,2.983922210161629
2026-02-17 11:00:00,3.61,3.3363793802261354,3.5028255271911624,3.3363793802261354,3.0142960669082366
2026-02-17 11:15:00,3.54,3.347313508987427,3.513759655952454,3.347313508987427,2.9968812288185163
2026-02-17 11:30:00,3.65,3.3498597049713137,3.5163058519363406,3.3498597049713137,2.9780816738369977
2026-02-17 11:45:00,3.59,3.3499222183227544,3.5163683652877813,3.3499222183227544,2.959771202687118
2026-02-17 12:00:00,3.42,3.3731451129913332,3.53959125995636,3.3731451129913332,2.9651092395156677
2026-02-17 12:15:00,3.35,3.357283573150635,3.523729720115662,3.357283573150635,2.953494545114384
2026-02-17 12:30:00,3.33,3.3821372509002687,3.5485833978652956,3.3821372509002687,2.947657410054888
2026-02-17 12:45:00,3.33,3.397176876068116,3.5636230230331427,3.397176876068116,2.948633139149212
2026-02-17 13:00:00,3.47,3.399042491912842,3.565488638877869,3.399042491912842,2.9178693321003544
2026-02-17 13:15:00,3.53,3.4390733242034917,3.6055194711685186,3.4390733242034917,2.9331241499842085
2026-02-17 13:30:00,3.62,3.446499094963074,3.612945241928101,3.446499094963074,2.9545737067799456
2026-02-17 13:45:00,3.62,3.450128946304322,3.616575093269349,3.450128946304322,2.9808700245379653
2026-02-17 14:00:00,3.52,3.491254577636719,3.657700724601746,3.491254577636719,2.8906989887978747
2026-02-17 14:15:00,3.69,3.5169780063629155,3.6834241533279424,3.5169780063629155,2.9215252913657355
2026-02-17 14:30:00,3.73,3.562171897888184,3.728618044853211,3.562171897888184,2.952038798485898
2026-02-17 14:45:00,3.8,3.5962329769134525,3.7626791238784794,3.5962329769134525,2.9808934707709107
2026-02-17 15:00:00,3.86,3.6395688629150396,3.8060150098800665,3.6395688629150396,3.011878479444307
2026-02-17 15:15:00,3.88,3.5300976562500006,3.6965438032150275,3.5300976562500006,3.035449796034955
2026-02-17 15:30:00,3.88,3.591333560943604,3.757779707908631,3.591333560943604,3.0565632374388554
2026-02-17 15:45:00,3.82,3.5963889884948737,3.7628351354599006,3.5963889884948737,3.0760262804477723
2026-02-17 16:00:00,3.77,3.6369389533996586,3.8033851003646855,3.6369389533996586,2.9078267359004446
2026-02-17 16:15:00,3.83,3.6747035408020023,3.8411496877670293,3.6747035408020023,2.927470370749444
2026-02-17 16:30:00,3.79,3.7042802381515507,3.8707263851165776,3.7042802381515507,2.9488933275343614
2026-02-17 16:45:00,3.74,3.743839502334595,3.910285649299622,3.743839502334595,2.9727939412355964
2026-02-17 17:00:00,3.8,3.7633414936065677,3.9297876405715946,3.7633414936065677,3.1531171124902126
2026-02-17 17:15:00,3.92,3.804090414047242,3.9705365610122687,3.804090414047242,3.1817385129590354
2026-02-17 17:30:00,3.92,3.8103047847747806,3.9767509317398075,3.8103047847747806,3.2112847740800614
2026-02-17 17:45:00,3.99,3.8345898628234867,4.001036009788514,3.8345898628234867,3.240014581447457
2026-02-17 18:00:00,3.91,3.8479503250122074,4.014396471977234,3.8479503250122074,3.3563142133863937
2026-02-17 18:15:00,3.9,3.8644022083282477,4.030848355293275,3.8644022083282477,3.376927118836878
2026-02-17 18:30:00,3.97,3.8635036468505866,4.0299497938156135,3.8635036468505866,3.390268641369549
2026-02-17 18:45:00,4.0,3.882761292457581,4.049207439422608,3.882761292457581,3.394678026804578
2026-02-17 19:00:00,3.88,3.874757680892945,4.041203827857972,3.874757680892945,3.503799627584471
2026-02-17 19:15:00,3.89,3.898503241539002,4.064949388504029,3.898503241539002,3.4881314391033835
2026-02-17 19:30:00,3.84,3.8623055648803715,4.028751711845398,3.8623055648803715,3.462965899145371
2026-02-17 19:45:00,3.86,3.842552976608277,4.008999123573304,3.842552976608277,3.429726812388679
2026-02-17 20:00:00,3.75,3.8290473747253424,3.9954935216903693,3.8290473747253424,3.466656514965511
2026-02-17 20:15:00,3.68,3.803843622207642,3.970289769172669,3.803843622207642,3.423748987534829
2026-02-17 20:30:00,3.62,3.765010328292847,3.931456475257874,3.765010328292847,3.379686779126208
2026-02-17 20:45:00,3.6,3.7351903724670414,3.9016365194320684,3.7351903724670414,3.336722064998913
2026-02-17 21:00:00,3.6,3.710846042633057,3.877292189598084,3.710846042633057,3.358590932453651
2026-02-17 21:15:00,3.5,3.4465151309967044,3.6129612779617313,3.4465151309967044,3.322428086464003
2026-02-17 21:30:00,3.33,3.407544851303101,3.573990998268128,3.407544851303101,3.2905102637602446
2026-02-17 21:45:00,3.4,3.3643456792831423,3.5307918262481692,3.3643456792831423,3.262377352861315
2026-02-17 22:00:00,3.5,3.3219575500488285,3.4884036970138554,3.3219575500488285,3.2249400202062053
2026-02-17 22:15:00,3.4,3.2788798713684084,3.4453260183334353,3.2788798713684084,3.200627344520747
2026-02-17 22:30:00,3.34,3.2341069936752325,3.4005531406402594,3.2341069936752325,3.1757398600865034
2026-02-17 22:45:00,3.34,3.192166786193848,3.358612933158875,3.192166786193848,3.148672299895599
2026-02-17 23:00:00,3.3,3.1384814071655276,3.3049275541305545,3.1384814071655276,3.1036923726451473
2026-02-17 23:15:00,3.19,3.098997430801392,3.265443577766419,3.098997430801392,3.069124545071069
2026-02-17 23:30:00,3.14,3.0505196857452397,3.2169658327102666,3.0505196857452397,3.030487553281334
2026-02-17 23:45:00,3.07,3.0012477493286136,3.1676938962936405,3.0012477493286136,2.988487837759516
2026-02-18 00:00:00,3.07,2.9786913013458256,3.1451374483108525,2.9786913013458256,2.892823693782004
2026-02-18 00:15:00,3.02,2.924553651809693,3.0909997987747198,2.924553651809693,2.8484322950334446
2026-02-18 00:30:00,2.92,2.8852827644348147,3.0517289113998416,2.8852827644348147,2.8056056245370837
2026-02-18 00:45:00,2.92,2.8385260391235354,3.0049721860885623,2.8385260391235354,2.7661518822949587
2026-02-18 01:00:00,2.88,2.8009402942657475,2.9673864412307744,2.8009402942657475,2.7781216372988586
2026-02-18 01:15:00,2.82,2.7700750064849857,2.9365211534500126,2.7700750064849857,2.7492641953080112
2026-02-18 01:30:00,2.83,2.7385555028915407,2.9050016498565676,2.7385555028915407,2.726419710437638
2026-02-18 01:45:00,2.78,2.699301466941834,2.8657476139068607,2.699301466941834,2.709152681762174
2026-02-18 02:00:00,2.76,2.688361902236939,2.854808049201966,2.688361902236939,2.6564277905906346
2026-02-18 02:15:00,2.76,2.6320477008819583,2.798493847846985,2.6320477008819583,2.6467163555090956
2026-02-18 02:30:00,2.71,2.598413887023926,2.764860033988953,2.598413887023926,2.638311691216058
2026-02-18 02:45:00,2.73,2.571204814910889,2.7376509618759157,2.571204814910889,2.6295311541274686
2026-02-18 03:00:00,2.72,2.5581648015975955,2.7246109485626224,2.5581648015975955,2.546095536101399
2026-02-18 03:15:00,2.71,2.523439178466797,2.689885325431824,2.523439178466797,2.532897642351813
2026-02-18 03:30:00,2.71,2.5119679784774784,2.6784141254425053,2.5119679784774784,2.5168092893143403
2026-02-18 03:45:00,2.74,2.5059819173812867,2.6724280643463136,2.5059819173812867,2.4982891208456293
2026-02-18 04:00:00,2.66,2.5013920783996584,2.6678382253646853,2.5013920783996584,2.4561574528269032
2026-02-18 04:15:00,2.66,2.5050988483428958,2.6715449953079227,2.5050988483428958,2.436632750223252
2026-02-18 04:30:00,2.63,2.5008172273635867,2.6672633743286136,2.5008172273635867,2.419379105164341
2026-02-18 04:45:00,2.62,2.51098108291626,2.677427229881287,2.51098108291626,2.406435168432947
2026-02-18 05:00:00,2.67,2.5204597377777103,2.686905884742737,2.5204597377777103,2.4320113801485395
2026-02-18 05:15:00,2.67,2.5410355997085574,2.7074817466735843,2.5410355997085574,2.432930783159792
2026-02-18 05:30:00,2.67,2.5653193187713628,2.7317654657363897,2.5653193187713628,2.4424741563360897
2026-02-18 05:45:00,2.67,2.575577216148377,2.742023363113404,2.575577216148377,2.4609481632755514
2026-02-18 06:00:00,2.67,2.617748994827271,2.784195141792298,2.617748994827271,2.4588126802312713
2026-02-18 06:15:00,2.74,2.654558486938477,2.8210046339035038,2.654558486938477,2.4935326919835017
2026-02-18 06:30:00,2.78,2.70905219078064,2.875498337745667,2.70905219078064,2.53452611252377
2026-02-18 06:45:00,2.88,2.7390281581878666,2.9054743051528935,2.7390281581878666,2.580116909394147
2026-02-18 07:00:00,2.91,2.7808979701995855,2.9473441171646124,2.7808979701995855,2.6899039956008135
2026-02-18 07:15:00,3.11,2.820645046234131,2.987091193199158,2.820645046234131,2.7393837389345665
2026-02-18 07:30:00,3.09,2.8670473480224614,3.0334934949874883,2.8670473480224614,2.7883963947998045
2026-02-18 07:45:00,3.17,2.9044281578063966,3.0708743047714235,2.9044281578063966,2.8356637856164264
2026-02-18 08:00:00,3.16,2.9603131914138796,3.1267593383789065,2.9603131914138796,2.815000185421542
2026-02-18 08:15:00,3.33,2.990551443099976,3.1569975900650027,2.990551443099976,2.8560968920588867
2026-02-18 08:30:00,3.38,3.023063821792603,3.18950996875763,3.023063821792603,2.8932512204868597
2026-02-18 08:45:00,3.38,3.044724969863892,3.2111711168289188,3.044724969863892,2.9260961249790998
2026-02-18 09:00:00,3.41,3.080777235031128,3.247223381996155,3.080777235031128,2.9268825863036785
2026-02-18 09:15:00,3.46,3.0556349086761476,3.2220810556411745,3.0556349086761476,2.950187043437775
2026-02-18 09:30:00,3.35,3.0835881614685063,3.2500343084335332,3.0835881614685063,2.96825049109365
2026-02-18 09:45:00,3.41,3.086827440261841,3.253273587226868,3.086827440261841,2.980762220636688
2026-02-18 10:00:00,3.45,3.1013471174240115,3.2677932643890384,3.1013471174240115,2.855254805585218
2026-02-18 10:15:00,3.41,3.1159619235992437,3.2824080705642706,3.1159619235992437,2.8560935271577375
2026-02-18 10:30:00,3.47,3.1144830751419073,3.280929222106934,3.1144830751419073,2.8512214366308473
2026-02-18 10:45:00,3.26,3.119724683761597,3.2861708307266237,3.119724683761597,2.84114664699823
2026-02-18 11:00:00,3.21,3.1235178852081305,3.2899640321731574,3.1235178852081305,2.942470957273054
2026-02-18 11:15:00,3.26,3.129275636672974,3.295721783638001,3.129275636672974,2.925091733878407
2026-02-18 11:30:00,3.15,3.1292424774169927,3.2956886243820196,3.1292424774169927,2.9063517817432887
2026-02-18 11:45:00,3.22,3.1311581039428713,3.297604250907898,3.1311581039428713,2.8881247861959487
2026-02-18 12:00:00,3.27,3.1543856191635133,3.3208317661285403,3.1543856191635133,2.8906544031159864
2026-02-18 12:15:00,3.21,3.132831830978394,3.299277977943421,3.132831830978394,2.879170523964412
2026-02-18 12:30:00,3.15,3.160775299072266,3.327221446037293,3.160775299072266,2.8734876416431487
2026-02-18 12:45:00,3.05,3.1708888721466066,3.3373350191116335,3.1708888721466066,2.8746408866884603
2026-02-18 13:00:00,3.04,3.1729162073135377,3.3393623542785646,3.1729162073135377,2.8479090637597007
2026-02-18 13:15:00,3.29,3.215061893463135,3.381508040428162,3.215061893463135,2.863387344219865
2026-02-18 13:30:00,3.31,3.217136793136597,3.3835829401016237,3.217136793136597,2.885083018920176
2026-02-18 13:45:00,3.22,3.22699025630951,3.3934364032745368,3.22699025630951,2.911647879531439
2026-02-18 14:00:00,3.3,3.262960438728333,3.4294065856933598,3.262960438728333,2.966083254307255
2026-02-18 14:15:00,3.35,3.2894821357727055,3.4559282827377324,3.2894821357727055,2.9972222046117176
2026-02-18 14:30:00,3.52,3.3282126903533937,3.4946588373184206,3.3282126903533937,3.0280700130084894
2026-02-18 14:45:00,3.39,3.3562866210937505,3.5227327680587774,3.3562866210937505,3.057280356945453
2026-02-18 15:00:00,2.956,3.3979324722290043,3.564378619194031,3.3979324722290043,3.0752746524241017
2026-02-18 15:15:00,2.5220000000000002,3.2804013919830326,3.4468475389480595,3.2804013919830326,3.0992434817516887
2026-02-18 15:30:00,2.088,3.3349179267883304,3.5013640737533573,3.3349179267883304,3.120774882171591
2026-02-18 15:45:00,1.6540000000000001,3.347945709228516,3.514391856193543,3.347945709228516,3.1406759984012753
2026-02-18 16:00:00,1.22,3.3874666500091557,3.5539127969741826,3.3874666500091557,3.1816207558584884
2026-02-18 16:15:00,3.62,3.421354322433472,3.587800469398499,3.421354322433472,3.20174165028903
2026-02-18 16:30:00,3.77,3.4508415985107423,3.6172877454757693,3.4508415985107423,3.223660916545372
2026-02-18 16:45:00,2.97,3.4876054286956792,3.654051575660706,3.4876054286956792,3.2480765130545084
2026-02-18 17:00:00,2.97,3.507171020507813,3.6736171674728397,3.507171020507813,3.268793018753313
2026-02-18 17:15:00,2.94,3.5393784427642827,3.7058245897293096,3.5393784427642827,3.2979655778897707
2026-02-18 17:30:00,3.56,3.544998393058777,3.711444540023804,3.544998393058777,3.328080480364387
2026-02-18 17:45:00,3.93,3.5664543342590336,3.7329004812240605,3.5664543342590336,3.3573959955824417
2026-02-18 18:00:00,4.0,3.5736770725250246,3.7401232194900516,3.5736770725250246,3.3850479163888596
2026-02-18 18:15:00,3.94,3.587967624664307,3.7544137716293338,3.587967624664307,3.406279378071382
2026-02-18 18:30:00,3.94,3.58251428604126,3.748960433006287,3.58251428604126,3.420255221516779
2026-02-18 18:45:00,4.05,3.597478351593018,3.763924498558045,3.597478351593018,3.425314241961585
2026-02-18 19:00:00,4.11,3.586016120910645,3.752462267875672,3.586016120910645,3.547193698565851
2026-02-18 19:15:00,4.23,3.6082610893249516,3.7747072362899785,3.6082610893249516,3.532204390942809
2026-02-18 19:30:00,4.24,3.569443831443787,3.7358899784088138,3.569443831443787,3.5077316491913297
2026-02-18 19:45:00,4.06,3.551846323013306,3.718292469978333,3.551846323013306,3.475198798569851
2026-02-18 20:00:00,3.98,3.5294741535186773,3.6959203004837042,3.5294741535186773,3.4372703797673902
2026-02-18 20:15:00,3.86,3.50787823677063,3.674324383735657,3.50787823677063,3.3950945012377365
2026-02-18 20:30:00,3.85,3.469592342376709,3.636038489341736,3.469592342376709,3.3517759050802196
2026-02-18 20:45:00,3.79,3.438549842834473,3.6049959897995,3.438549842834473,3.309566264125952
2026-02-18 21:00:00,3.76,3.413701872825623,3.58014801979065,3.413701872825623,3.269600319754642
2026-02-18 21:15:00,3.71,3.316322650909424,3.482768797874451,3.316322650909424,3.2342139426378522
2026-02-18 21:30:00,3.69,3.2874333286285404,3.4538794755935673,3.2874333286285404,3.203082515059121
2026-02-18 21:45:00,3.6,3.24905556678772,3.415501713752747,3.24905556678772,3.1757454061171817
2026-02-18 22:00:00,3.55,3.2146509361267093,3.381097083091736,3.2146509361267093,3.1585709134460562
2026-02-18 22:15:00,3.51,3.177943096160889,3.344389243125916,3.177943096160889,3.135071282299395
2026-02-18 22:30:00,3.46,3.1380873012542727,3.3045334482192996,3.1380873012542727,3.1110046727015077
2026-02-18 22:45:00,3.46,3.1021372318267826,3.2685833787918095,3.1021372318267826,3.0847652873216767
2026-02-18 23:00:00,3.38,3.05645791053772,3.2229040575027468,3.05645791053772,3.0673061689218906
2026-02-18 23:15:00,3.28,3.018556880950928,3.185003027915955,3.018556880950928,3.0335795184503045
2026-02-18 23:30:00,3.23,2.9775965023040776,3.1440426492691045,2.9775965023040776,2.995789403731472
2026-02-18 23:45:00,3.18,2.9398098993301396,3.1062560462951665,2.9398098993301396,2.954641730154148
2026-02-19 00:00:00,3.08,2.919680600166321,3.086126747131348,2.919680600166321,2.9007115158218912
2026-02-19 00:15:00,3.03,2.8686498641967777,3.0350960111618046,2.8686498641967777,2.85718088299759
2026-02-19 00:30:00,3.02,2.8304781246185304,2.9969242715835573,2.8304781246185304,2.8152185382208446
2026-02-19 00:45:00,2.98,2.793376722335816,2.959822869300843,2.793376722335816,2.7766321477388374
2026-02-19 01:00:00,2.93,2.7552799987792973,2.921726145744324,2.7552799987792973,2.7174556736652185
2026-02-19 01:15:00,2.9,2.733926525115967,2.900372672080994,2.733926525115967,2.689470039852391
2026-02-19 01:30:00,2.86,2.7045903682708743,2.871036515235901,2.7045903682708743,2.6674987971987285
2026-02-19 01:45:00,2.83,2.6767047929763796,2.8431509399414066,2.6767047929763796,2.6511059183706323
2026-02-19 02:00:00,2.83,2.664208374023438,2.830654520988465,2.664208374023438,2.621224444505032
2026-02-19 02:15:00,2.77,2.61861358165741,2.785059728622437,2.61861358165741,2.6123874067453543
2026-02-19 02:30:00,2.76,2.588567762374878,2.755013909339905,2.588567762374878,2.6048564861786976
2026-02-19 02:45:00,2.78,2.565726199150086,2.732172346115113,2.565726199150086,2.596948525963654
2026-02-19 03:00:00,2.72,2.551530504226685,2.717976651191712,2.551530504226685,2.549652369387017
2026-02-19 03:15:00,2.73,2.5247769641876223,2.6912231111526492,2.5247769641876223,2.5373231960534706
2026-02-19 03:30:00,2.74,2.5102521228790287,2.6766982698440556,2.5102521228790287,2.5221008831857734
2026-02-19 03:45:00,2.67,2.4992704296112063,2.665716576576233,2.4992704296112063,2.504443580052821
2026-02-19 04:00:00,2.61,2.4879131126403813,2.654359259605408,2.4879131126403813,2.4700164462227168
2026-02-19 04:15:00,2.65,2.4840617465972903,2.650507893562317,2.4840617465972903,2.451346797960035
2026-02-19 04:30:00,2.62,2.471205739974976,2.6376518869400027,2.471205739974976,2.434943583013849
2026-02-19 04:45:00,2.62,2.4690884399414066,2.6355345869064335,2.4690884399414066,2.4228449815231285
2026-02-19 05:00:00,2.67,2.4699712371826177,2.6364173841476446,2.4699712371826177,2.4294204363015974
2026-02-19 05:15:00,2.68,2.478922605514527,2.6453687524795537,2.478922605514527,2.431173600182279
2026-02-19 05:30:00,2.63,2.488987526893616,2.655433673858643,2.488987526893616,2.441544269102506
2026-02-19 05:45:00,2.68,2.491084442138672,2.657530589103699,2.491084442138672,2.4608386647914733
2026-02-19 06:00:00,2.68,2.518668594360352,2.685114741325379,2.518668594360352,2.502276534758711
2026-02-19 06:15:00,2.73,2.5403240346908573,2.7067701816558842,2.5403240346908573,2.5378018274593996
2026-02-19 06:30:00,2.83,2.5861422443389896,2.7525883913040166,2.5861422443389896,2.5795923447524527
2026-02-19 06:45:00,2.83,2.60366174697876,2.770107893943787,2.60366174697876,2.625971645462796
2026-02-19 07:00:00,2.93,2.631728610992432,2.798174757957459,2.631728610992432,2.4795000387183332
2026-02-19 07:15:00,3.08,2.668771848678589,2.835217995643616,2.668771848678589,2.529749909935528
2026-02-19 07:30:00,3.19,2.706895208358765,2.873341355323792,2.706895208358765,2.579522929152438
2026-02-19 07:45:00,3.23,2.745182733535767,2.911628880500794,2.745182733535767,2.627540547239053
2026-02-19 08:00:00,3.18,2.795712003707886,2.962158150672913,2.795712003707886,2.716001684537447
2026-02-19 08:15:00,3.28,2.8246317672729497,2.9910779142379766,2.8246317672729497,2.7578272709628626
2026-02-19 08:30:00,3.34,2.8588646221160894,3.0253107690811163,2.8588646221160894,2.7956992880671163
2026-02-19 08:45:00,3.33,2.8837264537811285,3.0501726007461554,2.8837264537811285,2.8292503590670592
2026-02-19 09:00:00,3.43,2.9203891754150395,3.0868353223800664,2.9203891754150395,2.876942789968588
2026-02-19 09:15:00,3.49,2.9774671268463138,3.1439132738113407,2.9774671268463138,2.9009294185334014
2026-02-19 09:30:00,3.71,3.0107446146011356,3.1771907615661625,3.0107446146011356,2.9196625864133114
2026-02-19 09:45:00,3.53,3.016258835792542,3.182704982757569,3.016258835792542,2.932831297250132
2026-02-19 10:00:00,3.64,3.0339835453033452,3.200429692268372,3.0339835453033452,2.981129664126248
2026-02-19 10:15:00,3.35,3.0529125881195074,3.2193587350845343,3.0529125881195074,2.9825990709398353
2026-02-19 10:30:00,3.43,3.0555329847335817,3.2219791316986086,3.0555329847335817,2.978344131336306
2026-02-19 10:45:00,3.57,3.0648129558563237,3.2312591028213506,3.0648129558563237,2.9688727161955186
2026-02-19 11:00:00,3.47,3.072431974411011,3.238878121376038,3.072431974411011,2.919849041780736
2026-02-19 11:15:00,3.47,3.080386934280396,3.246833081245423,3.080386934280396,2.903044960472933
2026-02-19 11:30:00,3.55,3.0830021667480474,3.2494483137130743,3.0830021667480474,2.8848657180835926
2026-02-19 11:45:00,3.53,3.089101839065552,3.255547986030579,3.089101839065552,2.8671848050693023
2026-02-19 12:00:00,3.38,3.11026695728302,3.276713104248047,3.11026695728302,2.6197093755495833
2026-02-19 12:15:00,3.44,3.092729244232178,3.259175391197205,3.092729244232178,2.60874178791805
2026-02-19 12:30:00,3.46,3.1186342334747317,3.2850803804397586,3.1186342334747317,2.603560057464088
2026-02-19 12:45:00,3.16,3.1312575817108157,3.2977037286758426,3.1312575817108157,2.6051991681069544
2026-02-19 13:00:00,3.28,3.132715501785279,3.2991616487503057,3.132715501785279,2.7379267871143056
2026-02-19 13:15:00,3.48,3.1732896566390996,3.3397358036041265,3.1732896566390996,2.753859969438259
2026-02-19 13:30:00,3.53,3.1725272655487062,3.338973412513733,3.1725272655487062,2.7759948928745177
2026-02-19 13:45:00,3.37,3.1840267324447638,3.3504728794097907,3.1840267324447638,2.8029832511243713
2026-02-19 14:00:00,2.76,3.21421877861023,3.3806649255752568,3.21421877861023,2.904893856565501
2026-02-19 14:15:00,2.82,3.2384462356567387,3.4048923826217656,3.2384462356567387,2.936424557040936
2026-02-19 14:30:00,3.43,3.274334335327149,3.4407804822921757,3.274334335327149,2.9676481434401634
2026-02-19 14:45:00,3.74,3.3004649162292483,3.4669110631942752,3.3004649162292483,2.997218243685772
2026-02-19 15:00:00,3.75,3.339085664749146,3.5055318117141727,3.339085664749146,3.074253903980756
2026-02-19 15:15:00,3.78,3.2413647937774663,3.4078109407424932,3.2413647937774663,3.0985503455118004
2026-02-19 15:30:00,3.8,3.2980312442779547,3.4644773912429816,3.2980312442779547,3.1203932595209025
2026-02-19 15:45:00,3.84,3.3083796501159672,3.474825797080994,3.3083796501159672,3.140589788760514
2026-02-19 16:00:00,3.9,3.3476695632934574,3.5141157102584843,3.3476695632934574,3.2144447434333885
2026-02-19 16:15:00,4.0,3.3823873043060306,3.5488334512710575,3.3823873043060306,3.2348288904273916
2026-02-19 16:30:00,4.06,3.4123464202880864,3.5787925672531133,3.4123464202880864,3.256995372471786
2026-02-19 16:45:00,4.1,3.449826164245606,3.6162723112106328,3.449826164245606,3.2816421921258327
2026-02-19 17:00:00,4.17,3.468679647445679,3.635125794410706,3.468679647445679,3.3406678708704503
2026-02-19 17:15:00,4.25,3.500885982513428,3.667332129478455,3.500885982513428,3.3700398451220464
2026-02-19 17:30:00,4.23,3.5053660154342654,3.6718121623992923,3.5053660154342654,3.400338369398841
2026-02-19 17:45:00,4.32,3.528476114273072,3.6949222612380987,3.528476114273072,3.4298218013363098
2026-02-19 18:00:00,4.36,3.530272150039673,3.6967182970047,3.530272150039673,3.458999744459595
2026-02-19 18:15:00,4.26,3.548717937469483,3.7151640844345097,3.548717937469483,3.480368019910552
2026-02-19 18:30:00,4.43,3.53821515083313,3.704661297798157,3.53821515083313,3.4944653000255155
2026-02-19 18:45:00,4.45,3.5554264354705816,3.7218725824356085,3.5554264354705816,3.499630509853232
2026-02-19 19:00:00,4.42,3.542256231307984,3.708702378273011,3.542256231307984,3.6355471373848283
2026-02-19 19:15:00,4.43,3.564893403053284,3.731339550018311,3.564893403053284,3.6206339535443277
2026-02-19 19:30:00,4.33,3.52287600517273,3.689322152137757,3.52287600517273,3.5962225365110605
2026-02-19 19:45:00,4.25,3.505662002563477,3.672108149528504,3.505662002563477,3.563736379892543
2026-02-19 20:00:00,4.17,3.4820455455780035,3.6484916925430304,3.4820455455780035,3.5431108321798233
2026-02-19 20:15:00,3.99,3.4615536689758306,3.6279998159408575,3.4615536689758306,3.5009529273735183
2026-02-19 20:30:00,3.92,3.420579700469971,3.587025847434998,3.420579700469971,3.457638232869732
2026-02-19 20:45:00,3.97,3.3910152339935307,3.5574613809585576,3.3910152339935307,3.4154186249013634
2026-02-19 21:00:00,3.94,3.363810510635376,3.530256657600403,3.363810510635376,3.338700272021919
2026-02-19 21:15:00,3.9,3.6652112960815435,3.8316574430465704,3.6652112960815435,3.3032768329668265
2026-02-19 21:30:00,3.89,3.628350706100464,3.794796853065491,3.628350706100464,3.272095132801357
2026-02-19 21:45:00,3.84,3.5861155986785893,3.752561745643616,3.5861155986785893,3.2446947751269812
2026-02-19 22:00:00,3.74,3.5485763311386114,3.7150224781036383,3.5485763311386114,3.249854735641608
2026-02-19 22:15:00,3.74,3.5030641651153567,3.6695103120803836,3.5030641651153567,3.2262666352064566
2026-02-19 22:30:00,3.67,3.4561726284027103,3.6226187753677372,3.4561726284027103,3.2020993253930685
2026-02-19 22:45:00,3.53,3.4171555995941167,3.5836017465591437,3.4171555995941167,3.175747270284027
2026-02-19 23:00:00,3.52,3.362274312973023,3.5287204599380497,3.362274312973023,3.1808786928771817
2026-02-19 23:15:00,3.46,3.317794704437256,3.484240851402283,3.317794704437256,3.1470162417096836
2026-02-19 23:30:00,3.4,3.2701220226287844,3.4365681695938113,3.2701220226287844,3.109079176039129
2026-02-19 23:45:00,3.36,3.2217828941345217,3.3882290410995486,3.2217828941345217,3.067773685096468
2026-02-20 00:00:00,3.3,3.2012736225128178,3.3677197694778447,3.2012736225128178,3.027424914629317
2026-02-20 00:15:00,3.25,3.140073051452637,3.306519198417664,3.140073051452637,2.983715602249951
2026-02-20 00:30:00,3.15,3.099726934432984,3.2661730813980108,3.099726934432984,2.9415645909723107
2026-02-20 00:45:00,3.16,3.0521292686462407,3.2185754156112676,3.0521292686462407,2.9027798485783904
2026-02-20 01:00:00,3.1,3.008382425308228,3.1748285722732548,3.008382425308228,2.856458625405725
2026-02-20 01:15:00,3.06,2.9811649274826055,3.1476110744476324,2.9811649274826055,2.8282561877096093
2026-02-20 01:30:00,3.0,2.9445709705352785,3.1110171175003054,2.9445709705352785,2.8060593810309022
2026-02-20 01:45:00,3.0,2.9049228286743167,3.0713689756393436,2.9049228286743167,2.789432492374394
2026-02-20 02:00:00,2.95,2.8921353149414064,3.0585814619064333,2.8921353149414064,2.736712313794561
2026-02-20 02:15:00,2.96,2.837112150192261,3.003558297157288,2.837112150192261,2.727625326990867
2026-02-20 02:30:00,2.96,2.8037267589569095,2.9701729059219364,2.8037267589569095,2.719836967907081
2026-02-20 02:45:00,2.9,2.7692601585388186,2.9357063055038455,2.7692601585388186,2.711664401903047
2026-02-20 03:00:00,2.9,2.753947105407715,2.920393252372742,2.753947105407715,2.6762276199726105
2026-02-20 03:15:00,2.89,2.691231808662415,2.857677955627442,2.691231808662415,2.6636204773418717
2026-02-20 03:30:00,2.85,2.6712680339813235,2.8377141809463504,2.6712680339813235,2.648114000393955
2026-02-20 03:45:00,2.79,2.6561099052429205,2.8225560522079474,2.6561099052429205,2.630166663486873
2026-02-20 04:00:00,2.79,2.6415584278106694,2.8080045747756963,2.6415584278106694,2.5553368415734306
2026-02-20 04:15:00,2.8,2.63443163394928,2.800877780914307,2.63443163394928,2.536366395000763
2026-02-20 04:30:00,2.77,2.6176598453521733,2.7841059923172002,2.6176598453521733,2.5196574858762535
2026-02-20 04:45:00,2.76,2.6147603130340578,2.7812064599990847,2.6147603130340578,2.507248617436961
2026-02-20 05:00:00,2.77,2.6115808296203618,2.7780269765853887,2.6115808296203618,2.4701254833634136
2026-02-20 05:15:00,2.71,2.618135490417481,2.784581637382508,2.618135490417481,2.471560198713619
2026-02-20 05:30:00,2.77,2.6260828399658207,2.7925289869308476,2.6260828399658207,2.481608806898185
2026-02-20 05:45:00,2.75,2.623744025230408,2.7901901721954347,2.623744025230408,2.5005778459509425
2026-02-20 06:00:00,2.76,2.65202751159668,2.818473658561707,2.65202751159668,2.5012236364044376
2026-02-20 06:15:00,2.8,2.682165198326111,2.848611345291138,2.682165198326111,2.536417919572308
2026-02-20 06:30:00,2.85,2.7261107254028323,2.892556872367859,2.7261107254028323,2.5778750646464768
2026-02-20 06:45:00,2.96,2.7456167936325078,2.9120629405975347,2.7456167936325078,2.6239189353660874
2026-02-20 07:00:00,3.01,2.7780180072784426,2.9444641542434695,2.7780180072784426,2.6545869779436693
2026-02-20 07:15:00,3.07,2.815870656967163,2.98231680393219,2.815870656967163,2.7044982038763936
2026-02-20 07:30:00,3.16,2.86137059211731,3.0278167390823367,2.86137059211731,2.7539314124243974
2026-02-20 07:45:00,3.21,2.8982398796081545,3.0646860265731815,2.8982398796081545,2.8016083436077306
2026-02-20 08:00:00,3.26,2.9582825946807865,3.1247287416458134,2.9582825946807865,2.8939444585631433
2026-02-20 08:15:00,3.43,2.9951899337768557,3.1616360807418826,2.9951899337768557,2.9354284545237044
2026-02-20 08:30:00,3.4,3.0343602561950687,3.2008064031600956,3.0343602561950687,2.972958843898404
2026-02-20 08:45:00,3.37,3.0639383125305177,3.2303844594955446,3.0639383125305177,3.0061685192575953
2026-02-20 09:00:00,3.37,3.1042466497421266,3.2706927967071535,3.1042466497421266,3.0721643925670654
2026-02-20 09:15:00,3.37,3.1728882122039797,3.3393343591690066,3.1728882122039797,3.0958108753366167
2026-02-20 09:30:00,3.48,3.207169990539551,3.373616137504578,3.207169990539551,3.114204903417529
2026-02-20 09:45:00,3.47,3.213870878219605,3.380317025184632,3.213870878219605,3.127035726318507
2026-02-20 10:00:00,3.5,3.23149040222168,3.397936549186707,3.23149040222168,3.1305318646358136
2026-02-20 10:15:00,3.49,3.2527210235595705,3.4191671705245974,3.2527210235595705,3.1316665989943293
2026-02-20 10:30:00,3.51,3.2526294279098513,3.4190755748748782,3.2526294279098513,3.1270789371700136
2026-02-20 10:45:00,3.53,3.262187719345093,3.42863386631012,3.262187719345093,3.1172769691180995
2026-02-20 11:00:00,3.42,3.267497277259827,3.433943424224854,3.267497277259827,3.0731514411395033
2026-02-20 11:15:00,3.48,3.2761292839050298,3.4425754308700567,3.2761292839050298,3.0560217740066857
2026-02-20 11:30:00,3.5,3.2784194469451906,3.4448655939102175,3.2784194469451906,3.037519728760706
2026-02-20 11:45:00,3.48,3.2821066474914553,3.448552794456482,3.2821066474914553,3.019518985331693
2026-02-20 12:00:00,3.44,3.301563792228699,3.468009939193726,3.301563792228699,2.856457718997245
2026-02-20 12:15:00,3.49,3.2870326995849615,3.4534788465499884,3.2870326995849615,2.8451767829767474
2026-02-20 12:30:00,3.4,3.310837783813477,3.477283930778504,3.310837783813477,2.839685197721643
2026-02-20 12:45:00,3.44,3.325799674987793,3.49224582195282,3.325799674987793,2.841018104689137
2026-02-20 13:00:00,3.5,3.325769777297974,3.492215924263001,3.325769777297974,2.88909486042039
2026-02-20 13:15:00,3.57,3.3655065250396734,3.5319526720047003,3.3655065250396734,2.904729580597333
2026-02-20 13:30:00,3.58,3.3705018854141238,3.5369480323791507,3.3705018854141238,2.9265701153942882
2026-02-20 13:45:00,3.67,3.3783837318420415,3.5448298788070685,3.3783837318420415,2.953268282272115
2026-02-20 14:00:00,3.67,3.414629516601563,3.58107566356659,3.414629516601563,3.0700671239668034
2026-02-20 14:15:00,3.76,3.4405499982833865,3.6069961452484134,3.4405499982833865,3.101316364069126
2026-02-20 14:30:00,3.8,3.4832659149169927,3.6497120618820196,3.4832659149169927,3.1322630062892833
2026-02-20 14:45:00,3.79,3.515199093818665,3.6816452407836917,3.515199093818665,3.1615607672211357
2026-02-20 15:00:00,3.9,3.5568740272521975,3.7233201742172244,3.5568740272521975,3.178885075733479
2026-02-20 15:15:00,3.87,3.4504306411743166,3.6168767881393435,3.4504306411743166,3.2029186180853357
2026-02-20 15:30:00,3.83,3.5115105342864994,3.6779566812515263,3.5115105342864994,3.2245034502413117
2026-02-20 15:45:00,3.93,3.5208793830871588,3.6873255300521857,3.5208793830871588,3.2444467678332582
2026-02-20 16:00:00,3.96,3.5662097167968754,3.7326558637619023,3.5662097167968754,3.2496259243039307
2026-02-20 16:15:00,4.06,3.605718154907227,3.772164301872254,3.605718154907227,3.269766722679206
2026-02-20 16:30:00,4.16,3.6403712081909183,3.806817355155945,3.6403712081909183,3.2916948309156675
2026-02-20 16:45:00,4.09,3.6836684989929203,3.850114645957947,3.6836684989929203,3.316108268488217
2026-02-20 17:00:00,4.2,3.7050404548645024,3.8714866018295293,3.7050404548645024,3.3783757916427453
2026-02-20 17:15:00,4.2,3.747277736663819,3.9137238836288457,3.747277736663819,3.4075243821392687
2026-02-20 17:30:00,4.19,3.754072122573853,3.92051826953888,3.754072122573853,3.4376045114724296
2026-02-20 17:45:00,4.26,3.782520046234131,3.948966193199158,3.782520046234131,3.46687451860513
2026-02-20 18:00:00,4.3,3.787701044082642,3.954147191047669,3.787701044082642,3.4715504959691934
2026-02-20 18:15:00,4.27,3.8198291015625006,3.9862752485275275,3.8198291015625006,3.4927151957765377
2026-02-20 18:30:00,4.4,3.809581804275513,3.97602795124054,3.809581804275513,3.5066137619555353
2026-02-20 18:45:00,4.47,3.8311157512664797,3.9975618982315066,3.8311157512664797,3.5115850662252583
2026-02-20 19:00:00,4.52,3.824119148254395,3.990565295219422,3.824119148254395,3.5933217290114063
2026-02-20 19:15:00,4.47,3.844211211204529,4.010657358169556,3.844211211204529,3.5782240626770454
2026-02-20 19:30:00,4.36,3.808754453659058,3.9752006006240848,3.808754453659058,3.5536327612634113
2026-02-20 19:45:00,4.31,3.7891445589065555,3.9555907058715825,3.7891445589065555,3.520971231857857
2026-02-20 20:00:00,4.06,3.768031625747681,3.934477772712708,3.768031625747681,3.472802006464168
2026-02-20 20:15:00,4.01,3.7459201097488406,3.9123662567138675,3.7459201097488406,3.430477460775065
2026-02-20 20:30:00,3.9,3.7030405712127688,3.8694867181777957,3.7030405712127688,3.387000330102861
2026-02-20 20:45:00,3.91,3.6741893005371096,3.8406354475021365,3.6741893005371096,3.3446223729943583
2026-02-20 21:00:00,3.87,3.644661526679993,3.81110767364502,3.644661526679993,3.317982953352403
2026-02-20 21:15:00,3.86,3.6289002799987795,3.7953464269638064,3.6289002799987795,3.2824089568029917
2026-02-20 21:30:00,3.8,3.589558725357056,3.756004872322083,3.589558725357056,3.2510803893888274
2026-02-20 21:45:00,3.8,3.5466838073730473,3.7131299543380742,3.5466838073730473,3.2235367083866673
2026-02-20 22:00:00,3.75,3.5064023780822757,3.6728485250473026,3.5064023780822757,3.2092847119248002
2026-02-20 22:15:00,3.73,3.4596320629119877,3.6260782098770146,3.4596320629119877,3.1855599103247343
2026-02-20 22:30:00,3.69,3.411562013626099,3.578008160591126,3.411562013626099,3.1612589647064464
2026-02-20 22:45:00,3.64,3.3691812229156497,3.5356273698806766,3.3691812229156497,3.1347761671050036
2026-02-20 23:00:00,3.59,3.3109744977951054,3.4774206447601324,3.3109744977951054,3.091310942307495
2026-02-20 23:15:00,3.49,3.2655406093597414,3.4319867563247684,3.2655406093597414,3.0573229955906873
2026-02-20 23:30:00,3.42,3.2156761550903323,3.3821223020553592,3.2156761550903323,3.0192627768134255
2026-02-20 23:45:00,3.31,3.1663922595977785,3.3328384065628054,3.1663922595977785,2.9778362807378387
2026-02-21 00:00:00,3.29,3.1410705471038822,3.307516694068909,3.1410705471038822,2.960831339266213
2026-02-21 00:15:00,3.22,3.0819296550750734,3.2483758020401003,3.0819296550750734,2.9170047144623816
2026-02-21 00:30:00,3.14,3.0363650321960454,3.2028111791610723,3.0363650321960454,2.8747379261430632
2026-02-21 00:45:00,3.11,2.9871287012100223,3.153574848175049,2.9871287012100223,2.8358387289419267
2026-02-21 01:00:00,3.09,2.9414643287658695,3.1079104757308964,2.9414643287658695,2.7566867688788497
2026-02-21 01:15:00,2.98,2.909920091629029,3.076366238594056,2.909920091629029,2.7283718654512255
2026-02-21 01:30:00,2.94,2.874300527572632,3.040746674537659,2.874300527572632,2.7060632525186987
2026-02-21 01:45:00,2.93,2.833612761497498,3.000058908462525,2.833612761497498,2.689324989279221
2026-02-21 02:00:00,2.89,2.8212272357940678,2.9876733827590947,2.8212272357940678,2.6547555995769883
2026-02-21 02:15:00,2.84,2.7641324329376222,2.930578579902649,2.7641324329376222,2.6455574062643232
2026-02-21 02:30:00,2.84,2.729464159011841,2.895910305976868,2.729464159011841,2.637657571861223
2026-02-21 02:45:00,2.82,2.6967443990707403,2.863190546035767,2.6967443990707403,2.6293730234902823
2026-02-21 03:00:00,2.83,2.6793504667282106,2.8457966136932376,2.6793504667282106,2.59005741766248
2026-02-21 03:15:00,2.77,2.647045197486878,2.8134913444519047,2.647045197486878,2.5773365564296356
2026-02-21 03:30:00,2.75,2.628830709457398,2.795276856422425,2.628830709457398,2.5617151287029634
2026-02-21 03:45:00,2.74,2.617673435211182,2.784119582176209,2.617673435211182,2.543651364633739
2026-02-21 04:00:00,2.69,2.605233006477356,2.771679153442383,2.605233006477356,2.513586660043024
2026-02-21 04:15:00,2.67,2.6033377647399907,2.7697839117050176,2.6033377647399907,2.4944960979963
2026-02-21 04:30:00,2.68,2.5914781665802007,2.7579243135452276,2.5914781665802007,2.477664860787765
2026-02-21 04:45:00,2.68,2.593898792266846,2.760344939231873,2.593898792266846,2.465131206023379
2026-02-21 05:00:00,2.61,2.5936443901062014,2.7600905370712283,2.5936443901062014,2.4270628536762935
2026-02-21 05:15:00,2.66,2.6069893598556524,2.7734355068206793,2.6069893598556524,2.4283671311168726
2026-02-21 05:30:00,2.62,2.6216030788421634,2.7880492258071903,2.6216030788421634,2.4382821096610128
2026-02-21 05:45:00,2.61,2.624428410530091,2.7908745574951177,2.624428410530091,2.4571140849275555
2026-02-21 06:00:00,2.66,2.6558196258544924,2.8222657728195193,2.6558196258544924,2.4961998302956023
2026-02-21 06:15:00,2.7,2.6934966945648195,2.8599428415298465,2.6934966945648195,2.5312494606189713
2026-02-21 06:30:00,2.71,2.740556201934815,2.9070023488998418,2.740556201934815,2.5725578018443933
2026-02-21 06:45:00,2.77,2.7652756118774415,2.9317217588424684,2.7652756118774415,2.618448483148822
2026-02-21 07:00:00,2.81,2.8022503566741945,2.9686965036392214,2.8022503566741945,2.707178886203502
2026-02-21 07:15:00,2.82,2.8408966541290286,3.0073428010940555,2.8408966541290286,2.756927458946339
2026-02-21 07:30:00,2.98,2.889193382263184,3.055639529228211,2.889193382263184,2.8061929423135066
2026-02-21 07:45:00,3.03,2.926811742782593,3.09325788974762,2.926811742782593,2.853696854134852
2026-02-21 08:00:00,3.12,2.9892440986633306,3.1556902456283575,2.9892440986633306,2.8817529308707517
2026-02-21 08:15:00,3.23,3.0256344795227053,3.192080626487732,3.0256344795227053,2.9230526681262106
2026-02-21 08:30:00,3.29,3.063952717781067,3.230398864746094,3.063952717781067,2.9603928620542828
2026-02-21 08:45:00,3.4,3.0947462511062627,3.2611923980712896,3.0947462511062627,2.9934061998547055
2026-02-21 09:00:00,3.39,3.1330911254882814,3.2995372724533083,3.1330911254882814,3.0566294900046196
2026-02-21 09:15:00,3.45,3.1857477521896365,3.3521938991546634,3.1857477521896365,3.080066754728488
2026-02-21 09:30:00,3.41,3.2231995010375982,3.389645648002625,3.2231995010375982,3.0982448368963387
2026-02-21 09:45:00,3.19,3.2340420341491702,3.400488181114197,3.2340420341491702,3.1108528016876997
2026-02-21 10:00:00,3.52,3.252115459442139,3.4185616064071658,3.252115459442139,3.1221013417788566
2026-02-21 10:15:00,3.49,3.2752676868438724,3.4417138338088993,3.2752676868438724,3.1229988644433324
2026-02-21 10:30:00,3.52,3.276837587356568,3.4432837343215947,3.276837587356568,3.1181665620215964
2026-02-21 10:45:00,3.67,3.2840502691268925,3.4504964160919194,3.2840502691268925,3.1081123651108844
2026-02-21 11:00:00,3.76,3.2875754785537725,3.4540216255187994,3.2875754785537725,3.087137245062957
2026-02-21 11:15:00,3.65,3.295391550064087,3.461837697029114,3.295391550064087,3.069739721971392
2026-02-21 11:30:00,3.59,3.2934626054763796,3.4599087524414065,3.2934626054763796,3.050961796217763
2026-02-21 11:45:00,3.59,3.2928899288177496,3.4593360757827765,3.2928899288177496,3.0326770169531487
2026-02-21 12:00:00,3.46,3.307125034332276,3.4735711812973027,3.307125034332276,3.0194002115276475
2026-02-21 12:15:00,3.33,3.293657484054566,3.4601036310195927,3.293657484054566,3.007818567577187
2026-02-21 12:30:00,3.27,3.310318379402161,3.476764526367188,3.310318379402161,3.002017773521426
2026-02-21 12:45:00,3.51,3.3215588235855105,3.4880049705505374,3.3215588235855105,3.003032871882476
2026-02-21 13:00:00,3.53,3.3182143592834477,3.4846605062484746,3.3182143592834477,3.0455077578053054
2026-02-21 13:15:00,3.52,3.3543984460830694,3.5208445930480963,3.3543984460830694,3.060807206726449
2026-02-21 13:30:00,3.48,3.3551613807678224,3.5216075277328494,3.3551613807678224,3.082303624754567
2026-02-21 13:45:00,3.59,3.3578176546096805,3.5242638015747074,3.3578176546096805,3.1086487650418744
2026-02-21 14:00:00,3.51,3.392535123825074,3.5589812707901007,3.392535123825074,3.182538777742715
2026-02-21 14:15:00,3.66,3.418105258941651,3.584551405906678,3.418105258941651,3.2134170150435075
2026-02-21 14:30:00,3.68,3.460708923339844,3.627155070304871,3.460708923339844,3.2439836065513785
2026-02-21 14:45:00,3.7,3.492480382919312,3.6589265298843388,3.492480382919312,3.2728922415558888
2026-02-21 15:00:00,3.73,3.53380823135376,3.700254378318787,3.53380823135376,3.234240345687469
2026-02-21 15:15:00,3.84,3.5776860809326174,3.7441322278976443,3.5776860809326174,3.2578665680484282
2026-02-21 15:30:00,3.91,3.6381468200683598,3.8045929670333867,3.6381468200683598,3.2790349808124812
2026-02-21 15:45:00,3.98,3.645461969375611,3.811908116340638,3.645461969375611,3.2985527911207737
2026-02-21 16:00:00,4.07,3.6896464061737064,3.8560925531387333,3.6896464061737064,3.3235202867911933
2026-02-21 16:15:00,3.99,3.728853149414063,3.89529929637909,3.728853149414063,3.343217476450417
2026-02-21 16:30:00,4.14,3.764723854064942,3.931170001029969,3.764723854064942,3.364692982502673
2026-02-21 16:45:00,4.1,3.8087555408477787,3.9752016878128056,3.8087555408477787,3.388644876072474
2026-02-21 17:00:00,4.26,3.8285608577728274,3.9950070047378543,3.8285608577728274,3.386849804300135
2026-02-21 17:15:00,4.32,3.874133362770081,4.0405795097351085,3.874133362770081,3.4155191628431085
2026-02-21 17:30:00,4.24,3.882210903167725,4.048657050132752,3.882210903167725,3.445111334516768
2026-02-21 17:45:00,4.4,3.9113255453109743,4.077771692276001,3.9113255453109743,3.4738847508131223
2026-02-21 18:00:00,4.45,3.918037033081055,4.084483180046082,3.918037033081055,3.5122923913537236
2026-02-21 18:15:00,4.4,3.9562261676788335,4.122672314643861,3.9562261676788335,3.532943552588665
2026-02-21 18:30:00,4.41,3.9417355728149417,4.108181719779969,3.9417355728149417,3.546320286164995
2026-02-21 18:45:00,4.48,3.9623755788803106,4.128821725845338,3.9623755788803106,3.5507615973601925
2026-02-21 19:00:00,4.6,3.958185825347901,4.124631972312928,3.958185825347901,3.612111108040089
2026-02-21 19:15:00,4.49,3.9738065528869635,4.14025269985199,3.9738065528869635,3.5964675691560544
2026-02-21 19:30:00,4.49,3.9416795825958255,4.108125729560852,3.9416795825958255,3.571322696502171
2026-02-21 19:45:00,4.37,3.919304695129395,4.085750842094422,3.919304695129395,3.538100071318809
2026-02-21 20:00:00,4.25,3.8982735729217532,4.06471971988678,3.8982735729217532,3.4453467397622153
2026-02-21 20:15:00,4.15,3.874566335678101,4.0410124826431275,3.874566335678101,3.402446611674093
2026-02-21 20:30:00,4.11,3.825928773880005,3.992374920845032,3.825928773880005,3.358386956317429
2026-02-21 20:45:00,4.04,3.7956030035018924,3.9620491504669193,3.7956030035018924,3.315419745991295
2026-02-21 21:00:00,3.93,3.7623037719726566,3.9287499189376835,3.7623037719726566,3.27656307906348
2026-02-21 21:15:00,3.95,3.8204091167449956,3.9868552637100225,3.8204091167449956,3.240387051974233
2026-02-21 21:30:00,3.95,3.7686727952957155,3.9351189422607424,3.7686727952957155,3.2084504242742873
2026-02-21 21:45:00,3.85,3.7261650753021245,3.8926112222671514,3.7261650753021245,3.180292904931366
2026-02-21 22:00:00,3.84,3.679176778793335,3.845622925758362,3.679176778793335,3.1323996895090596
2026-02-21 22:15:00,3.72,3.6247542858123785,3.7912004327774054,3.6247542858123785,3.10805028523702
2026-02-21 22:30:00,3.65,3.570117888450623,3.73656403541565,3.570117888450623,3.083119768560422
2026-02-21 22:45:00,3.6,3.523592190742493,3.69003833770752,3.523592190742493,3.056002719039307
2026-02-21 23:00:00,3.5,3.4580974960327153,3.6245436429977422,3.4580974960327153,3.032307899888144
2026-02-21 23:15:00,3.46,3.4034651756286625,3.5699113225936894,3.4034651756286625,2.9976772361877373
2026-02-21 23:30:00,3.4,3.3552586841583256,3.5217048311233525,3.3552586841583256,2.958970532769792
2026-02-21 23:45:00,3.29,3.293773269653321,3.4602194166183478,3.293773269653321,2.9168941050366013
2026-02-22 00:00:00,3.24,3.2713885974884036,3.4378347444534305,3.2713885974884036,2.843438220060457
2026-02-22 00:15:00,3.19,3.201836242675782,3.3682823896408087,3.201836242675782,2.798955762393819
2026-02-22 00:30:00,3.14,3.154697370529175,3.321143517494202,3.154697370529175,2.756030701997382
2026-02-22 00:45:00,3.02,3.0947522306442266,3.2611983776092535,3.0947522306442266,2.7164711439748386
2026-02-22 01:00:00,2.98,3.04625301361084,3.212699160575867,3.04625301361084,2.6664135874670953
2026-02-22 01:15:00,2.87,3.006773386001587,3.173219532966614,3.006773386001587,2.637435224649917
2026-02-22 01:30:00,2.87,2.96734893321991,3.133795080184937,2.96734893321991,2.614462155586381
2026-02-22 01:45:00,2.87,2.9180745506286625,3.0845206975936894,2.9180745506286625,2.5970588161036767
2026-02-22 02:00:00,2.83,2.9019754600524905,3.0684216070175174,2.9019754600524905,2.5903338524353154
2026-02-22 02:15:00,2.82,2.835706415176392,3.002152562141419,2.835706415176392,2.580470496008972
2026-02-22 02:30:00,2.78,2.796532831192017,2.962978978157044,2.796532831192017,2.571906042731509
2026-02-22 02:45:00,2.78,2.7552761936187746,2.9217223405838015,2.7552761936187746,2.5629578183774937
2026-02-22 03:00:00,2.73,2.735828289985657,2.902274436950684,2.735828289985657,2.550352604970156
2026-02-22 03:15:00,2.71,2.712084903717041,2.878531050682068,2.712084903717041,2.536971168474367
2026-02-22 03:30:00,2.67,2.689071292877198,2.8555174398422247,2.689071292877198,2.5206913320327087
2026-02-22 03:45:00,2.62,2.6688601827621463,2.8353063297271732,2.6688601827621463,2.5019717419451326
2026-02-22 04:00:00,2.57,2.650762295722962,2.817208442687989,2.650762295722962,2.4416160650667162
2026-02-22 04:15:00,2.57,2.6398917675018314,2.8063379144668583,2.6398917675018314,2.4218761049049222
2026-02-22 04:30:00,2.52,2.620467510223389,2.786913657188416,2.620467510223389,2.4043993211267636
2026-02-22 04:45:00,2.47,2.615648002624512,2.782094149589539,2.615648002624512,2.391224400043986
2026-02-22 05:00:00,2.47,2.609555940628052,2.776002087593079,2.609555940628052,2.387992912251584
2026-02-22 05:15:00,2.47,2.6158094501495364,2.7822555971145633,2.6158094501495364,2.3886657791667187
2026-02-22 05:30:00,2.48,2.622583179473877,2.789029326438904,2.622583179473877,2.3979549264422184
2026-02-22 05:45:00,2.48,2.6160442829132085,2.7824904298782354,2.6160442829132085,2.416167085882015
2026-02-22 06:00:00,2.48,2.6479214715957644,2.8143676185607913,2.6479214715957644,2.4315421757336413
2026-02-22 06:15:00,2.59,2.6835054302215577,2.8499515771865847,2.6835054302215577,2.4659853334382182
2026-02-22 06:30:00,2.6,2.7260259246826175,2.8924720716476444,2.7260259246826175,2.506694530856668
2026-02-22 06:45:00,2.64,2.7465020370483404,2.9129481840133673,2.7465020370483404,2.5519938354465705
2026-02-22 07:00:00,2.74,2.783096265792847,2.9495424127578738,2.783096265792847,2.6405912287183066
2026-02-22 07:15:00,2.85,2.8232434272766116,2.9896895742416385,2.8232434272766116,2.6897652721081347
2026-02-22 07:30:00,2.94,2.8730589580535892,3.039505105018616,2.8730589580535892,2.738465304668667
2026-02-22 07:45:00,2.96,2.909141664505005,3.075587811470032,2.909141664505005,2.785413279121661
2026-02-22 08:00:00,3.0,2.9786880397796636,3.1451341867446905,2.9786880397796636,2.8384130399547947
2026-02-22 08:15:00,3.2,3.020673637390137,3.187119784355164,3.020673637390137,2.879177164114299
2026-02-22 08:30:00,3.31,3.0624064636230472,3.228852610588074,3.0624064636230472,2.9159925512940132
2026-02-22 08:45:00,3.31,3.0924172210693364,3.2588633680343633,3.0924172210693364,2.948492314616331
2026-02-22 09:00:00,3.36,3.136283111572266,3.3027292585372927,3.136283111572266,2.9961493081250854
2026-02-22 09:15:00,3.41,3.2386533451080326,3.4050994920730595,3.2386533451080326,3.0190967278027507
2026-02-22 09:30:00,3.41,3.2836325168609624,3.4500786638259893,3.2836325168609624,3.036797454820758
2026-02-22 09:45:00,3.42,3.297538747787476,3.4639848947525027,3.297538747787476,3.048940965723404
2026-02-22 10:00:00,3.46,3.3178583049774173,3.484304451942444,3.3178583049774173,3.0603068689295476
2026-02-22 10:15:00,3.47,3.3452016448974615,3.5116477918624884,3.3452016448974615,3.0607669559579826
2026-02-22 10:30:00,3.58,3.3523531723022466,3.5187993192672735,3.3523531723022466,3.0555113248640997
2026-02-22 10:45:00,3.65,3.3626849985122687,3.5291311454772956,3.3626849985122687,3.0450482975612334
2026-02-22 11:00:00,3.57,3.3684867811203008,3.5349329280853277,3.3684867811203008,2.9982487294623517
2026-02-22 11:15:00,3.55,3.379975919723511,3.546422066688538,3.379975919723511,2.98047252269038
2026-02-22 11:30:00,3.52,3.379785661697388,3.546231808662415,3.379785661697388,2.9613315489846617
2026-02-22 11:45:00,3.56,3.3761683130264286,3.5426144599914555,3.3761683130264286,2.942699723392005
2026-02-22 12:00:00,3.46,3.3899405479431155,3.5563866949081424,3.3899405479431155,2.891981068159336
2026-02-22 12:15:00,3.41,3.377143249511719,3.543589396476746,3.377143249511719,2.88008544978989
2026-02-22 12:30:00,3.48,3.3897812747955327,3.5562274217605596,3.3897812747955327,2.8739877363256614
2026-02-22 12:45:00,3.39,3.4045955801010135,3.5710417270660404,3.4045955801010135,2.87472330558783
2026-02-22 13:00:00,3.35,3.401890926361084,3.568337073326111,3.401890926361084,2.946583137231115
2026-02-22 13:15:00,3.46,3.4327192497253423,3.599165396690369,3.4327192497253423,2.9616388096788198
2026-02-22 13:30:00,3.45,3.4342494678497317,3.6006956148147586,3.4342494678497317,2.9829097958110964
2026-02-22 13:45:00,3.55,3.4287969446182256,3.5952430915832525,3.4287969446182256,3.009048148635569
2026-02-22 14:00:00,3.67,3.465578169822693,3.63202431678772,3.465578169822693,3.0147643609639667
2026-02-22 14:15:00,3.76,3.491741094589234,3.658187241554261,3.491741094589234,3.0454739606340557
2026-02-22 14:30:00,3.72,3.535318880081177,3.701765027046204,3.535318880081177,3.0758913999278548
2026-02-22 14:45:00,3.87,3.5679986858367925,3.7344448328018194,3.5679986858367925,3.104670627997014
2026-02-22 15:00:00,3.88,3.611883330345154,3.778329477310181,3.611883330345154,3.0885246151756123
2026-02-22 15:15:00,3.91,3.614655389785767,3.781101536750794,3.614655389785767,3.112061657911709
2026-02-22 15:30:00,4.04,3.6782358169555667,3.8446819639205936,3.6782358169555667,3.1331613510123524
2026-02-22 15:45:00,4.12,3.679294195175171,3.845740342140198,3.679294195175171,3.1526311173669597
2026-02-22 16:00:00,4.13,3.723061151504517,3.889507298469544,3.723061151504517,3.1135103864639717
2026-02-22 16:15:00,4.27,3.7664826536178593,3.932928800582886,3.7664826536178593,3.1332014841671736
2026-02-22 16:30:00,4.28,3.8027645874023444,3.9692107343673713,3.8027645874023444,3.1546921506548142
2026-02-22 16:45:00,4.32,3.849789848327637,4.016235995292664,3.849789848327637,3.178680625004472
2026-02-22 17:00:00,4.37,3.8738917350769047,4.040337882041932,3.8738917350769047,3.243046610346619
2026-02-22 17:15:00,4.4,3.9262822723388675,4.092728419303894,3.9262822723388675,3.271795844243296
2026-02-22 17:30:00,4.48,3.9415469455718997,4.107993092536926,3.9415469455718997,3.301489740035714
2026-02-22 17:45:00,4.47,3.9746975040435797,4.141143651008607,3.9746975040435797,3.3303868462100485
2026-02-22 18:00:00,4.46,3.9914124870300296,4.1578586339950565,3.9914124870300296,3.4539601303164766
2026-02-22 18:15:00,4.52,4.031268825531006,4.197714972496033,4.031268825531006,3.4747792112535607
2026-02-22 18:30:00,4.43,4.03014575958252,4.196591906547546,4.03014575958252,3.48834610180183
2026-02-22 18:45:00,4.57,4.057485294342041,4.223931441307068,4.057485294342041,3.4929998707152645
2026-02-22 19:00:00,4.66,4.063749675750733,4.230195822715761,4.063749675750733,3.6906931615031877
2026-02-22 19:15:00,4.64,4.083156266212463,4.24960241317749,4.083156266212463,3.675306817290643
2026-02-22 19:30:00,4.55,4.0614486408233645,4.227894787788392,4.0614486408233645,3.650441547724626
2026-02-22 19:45:00,4.43,4.044365644454956,4.210811791419983,4.044365644454956,3.6175209419964456
2026-02-22 20:00:00,4.31,4.034628238677979,4.201074385643006,4.034628238677979,3.5374595583722166
2026-02-22 20:15:00,4.22,4.0112580299377445,4.177704176902772,4.0112580299377445,3.494906249723239
2026-02-22 20:30:00,4.23,3.9707433986663823,4.13718954563141,3.9707433986663823,3.451215768943656
2026-02-22 20:45:00,4.19,3.9450903654098517,4.111536512374879,3.9450903654098517,3.408640039387663
2026-02-22 21:00:00,4.15,3.916960172653199,4.083406319618225,3.916960172653199,3.3637427517585192
2026-02-22 21:15:00,4.04,3.9233832836151126,4.0898294305801395,3.9233832836151126,3.3280026134127842
2026-02-22 21:30:00,4.13,3.8710742855072025,4.037520432472229,3.8710742855072025,3.296523947394791
2026-02-22 21:45:00,4.01,3.828685069084168,3.9951312160491947,3.828685069084168,3.2688463561060783
2026-02-22 22:00:00,3.99,3.7822129154205326,3.9486590623855595,3.7822129154205326,3.2632051574159324
2026-02-22 22:15:00,3.8,3.727832822799683,3.8942789697647098,3.727832822799683,3.239379236357622
2026-02-22 22:30:00,3.8,3.6735875415802006,3.8400336885452275,3.6735875415802006,3.2149937628568646
2026-02-22 22:45:00,3.68,3.6294677925109866,3.7959139394760135,3.6294677925109866,3.1884431521999237
2026-02-22 23:00:00,3.65,3.5634819602966314,3.7299281072616584,3.5634819602966314,3.1543421824246445
2026-02-22 23:15:00,3.56,3.5095019531250005,3.6759481000900274,3.5095019531250005,3.1203201988028955
2026-02-22 23:30:00,3.5,3.463256478309632,3.6297026252746587,3.463256478309632,3.0822429924633132
2026-02-22 23:45:00,3.45,3.398716335296631,3.565162482261658,3.398716335296631,3.0408166574899407
2026-02-23 00:00:00,3.45,3.380572786331177,3.547018933296204,3.380572786331177,2.9824255331013716
2026-02-23 00:15:00,3.35,3.309944114685059,3.476390261650086,3.309944114685059,2.938633639389237
2026-02-23 00:30:00,3.28,3.2664065551757817,3.4328527021408086,3.2664065551757817,2.896418990546528
2026-02-23 00:45:00,3.28,3.208233532905579,3.374679679870606,3.208233532905579,2.8575894146677663
2026-02-23 01:00:00,3.18,3.159836511611939,3.326282658576966,3.159836511611939,2.555670117893546
2026-02-23 01:15:00,3.13,3.120314211845398,3.286760358810425,3.120314211845398,2.5274599927502357
2026-02-23 01:30:00,3.13,3.0837335729599005,3.2501797199249274,3.0837335729599005,2.505273819437548
2026-02-23 01:45:00,3.09,3.031004104614258,3.197450251579285,3.031004104614258,2.4886757029844873
2026-02-23 02:00:00,3.04,3.0188591194152834,3.1853052663803103,3.0188591194152834,2.4731016961932846
2026-02-23 02:15:00,3.08,2.951614322662354,3.118060469627381,2.951614322662354,2.464079172913889
2026-02-23 02:30:00,2.99,2.9151462078094488,3.0815923547744757,2.9151462078094488,2.4563728100636166
2026-02-23 02:45:00,2.99,2.873776502609253,3.04022264957428,2.873776502609253,2.4482995514939376
2026-02-23 03:00:00,2.92,2.854221239089966,3.020667386054993,2.854221239089966,2.540427531687705
2026-02-23 03:15:00,2.98,2.808527240753174,2.974973387718201,2.808527240753174,2.527953616984019
2026-02-23 03:30:00,2.99,2.78739990234375,2.953846049308777,2.78739990234375,2.5125969590473067
2026-02-23 03:45:00,2.99,2.7663464927673345,2.9327926397323614,2.7663464927673345,2.4948157744005877
2026-02-23 04:00:00,2.93,2.7494042873382574,2.9158504343032843,2.7494042873382574,2.5267605612267032
2026-02-23 04:15:00,2.96,2.742000260353089,2.9084464073181158,2.742000260353089,2.5079881257997805
2026-02-23 04:30:00,2.93,2.7253502368927007,2.8917963838577276,2.7253502368927007,2.4914927370985995
2026-02-23 04:45:00,2.96,2.7259606933593754,2.8924068403244023,2.7259606933593754,2.4793126076686995
2026-02-23 05:00:00,2.91,2.7210080051422123,2.887454152107239,2.7210080051422123,2.446755210545338
2026-02-23 05:15:00,2.89,2.7300341176986698,2.8964802646636967,2.7300341176986698,2.4484481999431216
2026-02-23 05:30:00,2.89,2.740580935478211,2.907027082443238,2.740580935478211,2.458769384152001
2026-02-23 05:45:00,2.89,2.7363267660140993,2.902772912979126,2.7363267660140993,2.4780249816423874
2026-02-23 06:00:00,2.87,2.770778961181641,2.937225108146668,2.770778961181641,2.512834697788599
2026-02-23 06:15:00,2.98,2.8113229465484624,2.9777690935134893,2.8113229465484624,2.5483425194787417
2026-02-23 06:30:00,2.97,2.8518962860107426,3.0183424329757695,2.8518962860107426,2.5901261883637194
2026-02-23 06:45:00,3.03,2.8808584499359133,3.0473045969009402,2.8808584499359133,2.636509223934903
2026-02-23 07:00:00,3.08,2.919579763412476,3.086025910377503,2.919579763412476,2.6906664588251736
2026-02-23 07:15:00,3.12,2.9608576011657717,3.1273037481307986,2.9608576011657717,2.7409410771850307
2026-02-23 07:30:00,3.18,3.012227811813355,3.178673958778382,3.012227811813355,2.790749254569709
2026-02-23 07:45:00,3.28,3.044711380004883,3.21115752696991,3.044711380004883,2.838812366458831
2026-02-23 08:00:00,3.4,3.1167523097991947,3.2831984567642216,3.1167523097991947,2.8437299202946753
2026-02-23 08:15:00,3.56,3.15914234161377,3.3255884885787967,3.15914234161377,2.8856214099268964
2026-02-23 08:30:00,3.62,3.199874682426453,3.36632082939148,3.199874682426453,2.9235693862638956
2026-02-23 08:45:00,3.66,3.230898427963257,3.397344574928284,3.230898427963257,2.957206361675258
2026-02-23 09:00:00,3.61,3.2726078796386724,3.4390540266036993,3.2726078796386724,2.978188719285632
2026-02-23 09:15:00,3.74,3.4327581167221073,3.599204263687134,3.4327581167221073,3.002280775303165
2026-02-23 09:30:00,3.78,3.4802783203125003,3.646724467277527,3.4802783203125003,3.021128931273998
2026-02-23 09:45:00,3.79,3.4928261089324955,3.6592722558975224,3.4928261089324955,3.0344220456068873
2026-02-23 10:00:00,3.72,3.514478559494019,3.680924706459046,3.514478559494019,3.089867624865301
2026-02-23 10:15:00,3.78,3.5451631021499637,3.7116092491149906,3.5451631021499637,3.091479796792611
2026-02-23 10:30:00,3.75,3.549663248062134,3.716109395027161,3.549663248062134,3.0873765520873766
2026-02-23 10:45:00,3.82,3.562833452224732,3.7292795991897587,3.562833452224732,3.078065583495731
2026-02-23 11:00:00,3.79,3.568702912330628,3.735149059295655,3.568702912330628,3.104756396014548
2026-02-23 11:15:00,3.7,3.5808405590057375,3.7472867059707644,3.5808405590057375,3.088129698604011
2026-02-23 11:30:00,3.71,3.5844198560714724,3.7508660030364993,3.5844198560714724,3.0701360103664217
2026-02-23 11:45:00,3.74,3.5808775234222416,3.7473236703872685,3.5808775234222416,3.0526486127202235
2026-02-23 12:00:00,3.7,3.597680568695069,3.7641267156600957,3.597680568695069,3.0382398373900337
2026-02-23 12:15:00,3.61,3.583741722106934,3.750187869071961,3.583741722106934,3.0274810312144593
2026-02-23 12:30:00,3.61,3.5991460990905764,3.7655922460556033,3.5991460990905764,3.022515372832747
2026-02-23 12:45:00,3.63,3.6205169677734377,3.7869631147384646,3.6205169677734377,3.024377608671849
2026-02-23 13:00:00,3.64,3.6145847225189214,3.7810308694839483,3.6145847225189214,3.0726144430953144
2026-02-23 13:15:00,3.74,3.649151616096497,3.815597763061524,3.649151616096497,3.0887841177797064
2026-02-23 13:30:00,3.63,3.654099411964417,3.8205455589294437,3.654099411964417,3.1111618347797787
2026-02-23 13:45:00,3.77,3.646813888549805,3.813260035514832,3.646813888549805,3.1383990246629287
2026-02-23 14:00:00,3.78,3.689116945266724,3.8555630922317508,3.689116945266724,3.132024230992492
2026-02-23 14:15:00,3.95,3.7134074592590336,3.8798536062240605,3.7134074592590336,3.1638150262633906
2026-02-23 14:30:00,3.88,3.761308994293213,3.92775514125824,3.761308994293213,3.1953039213342014
2026-02-23 14:45:00,4.0,3.796146326065064,3.962592473030091,3.796146326065064,3.2251442585240886
2026-02-23 15:00:00,3.99,3.83907886505127,4.005525012016297,3.83907886505127,3.276092133215873
2026-02-23 15:15:00,4.03,3.759241433143616,3.925687580108643,3.759241433143616,3.300667791365405
2026-02-23 15:30:00,4.02,3.827164907455445,3.9936110544204717,3.827164907455445,3.322793963911154
2026-02-23 15:45:00,4.09,3.8270779323577884,3.9935240793228153,3.8270779323577884,3.3432774890869235
2026-02-23 16:00:00,4.25,3.8722870445251467,4.038733191490174,3.8722870445251467,3.4047508737491463
2026-02-23 16:15:00,4.22,3.9206522655487066,4.0870984125137335,3.9206522655487066,3.425428561576646
2026-02-23 16:30:00,4.34,3.954883217811585,4.121329364776612,3.954883217811585,3.447891384381902
2026-02-23 16:45:00,4.44,4.002624664306641,4.169070811271668,4.002624664306641,3.4728370251058847
2026-02-23 17:00:00,4.5,4.026228346824646,4.1926744937896725,4.026228346824646,3.5077518518636692
2026-02-23 17:15:00,4.54,4.080532608032227,4.246978754997254,4.080532608032227,3.5374266365789944
2026-02-23 17:30:00,4.53,4.096284070014954,4.26273021697998,4.096284070014954,3.56802947488295
2026-02-23 17:45:00,4.54,4.130050792694092,4.29649693965912,4.130050792694092,3.5978183937643444
2026-02-23 18:00:00,4.59,4.150113773345947,4.316559920310974,4.150113773345947,3.6241642520382564
2026-02-23 18:15:00,4.54,4.183048524856567,4.349494671821594,4.183048524856567,3.6458393601061205
2026-02-23 18:30:00,4.6,4.191362257003784,4.357808403968811,4.191362257003784,3.660243642221654
2026-02-23 18:45:00,4.67,4.221315393447877,4.387761540412903,4.221315393447877,3.6657156859918993
2026-02-23 19:00:00,4.65,4.2238827896118165,4.390328936576843,4.2238827896118165,3.710464412588489
2026-02-23 19:15:00,4.69,4.248742446899414,4.415188593864441,4.248742446899414,3.6958567104686098
2026-02-23 19:30:00,4.67,4.224746561050416,4.391192708015442,4.224746561050416,3.671749589798872
2026-02-23 19:45:00,4.49,4.206667156219483,4.37311330318451,4.206667156219483,3.639566204344862
2026-02-23 20:00:00,4.38,4.202706527709961,4.369152674674988,4.202706527709961,3.5587878038899388
2026-02-23 20:15:00,4.3,4.175553989410401,4.342000136375427,4.175553989410401,3.5169286010824092
2026-02-23 20:30:00,4.26,4.138960847854615,4.305406994819641,4.138960847854615,3.473910065647006
2026-02-23 20:45:00,4.24,4.11739863395691,4.283844780921937,4.11739863395691,3.4319837360614716
2026-02-23 21:00:00,4.25,4.09188693523407,4.258333082199098,4.09188693523407,3.366794553812187
2026-02-23 21:15:00,4.14,3.9339556503295903,4.100401797294618,3.9339556503295903,3.331657623786029
2026-02-23 21:30:00,4.21,3.894104747772217,4.0605508947372435,3.894104747772217,3.3007585472631633
2026-02-23 21:45:00,4.25,3.850055394172669,4.016501541137696,3.850055394172669,3.273636596709359
2026-02-23 22:00:00,4.19,3.8121475696563722,3.978593716621399,3.8121475696563722,3.244106334902787
2026-02-23 22:15:00,4.1,3.7635366439819338,3.9299827909469607,3.7635366439819338,3.220787224826171
2026-02-23 22:30:00,4.04,3.7161469030380254,3.8825930500030523,3.7161469030380254,3.196883710651854
2026-02-23 22:45:00,4.0,3.67904522895813,3.845491375923157,3.67904522895813,3.1707899364035805
2026-02-23 23:00:00,3.83,3.618929128646851,3.785375275611878,3.618929128646851,3.167327081614016
2026-02-23 23:15:00,3.82,3.5750697612762457,3.7415159082412726,3.5750697612762457,3.1337109356816777
2026-02-23 23:30:00,3.78,3.5283201026916506,3.6947662496566775,3.5283201026916506,3.0960137221069823
2026-02-23 23:45:00,3.7,3.471190509796143,3.63763665676117,3.471190509796143,3.0549413255327185
2026-02-24 00:00:00,3.66,3.45638897895813,3.622835125923157,3.45638897895813,2.9614468592977605
2026-02-24 00:15:00,3.58,3.3927389717102057,3.5591851186752326,3.3927389717102057,2.917956230367047
2026-02-24 00:30:00,3.48,3.354145946502686,3.520592093467713,3.354145946502686,2.876016259221597
2026-02-24 00:45:00,3.43,3.3064292335510257,3.4728753805160526,3.3064292335510257,2.8374346287304206
2026-02-24 01:00:00,3.37,3.2601177120208744,3.4265638589859013,3.2601177120208744,2.8499381952290865
2026-02-24 01:15:00,3.32,3.2291222333908083,3.395568380355835,3.2291222333908083,2.8219221807395614
2026-02-24 01:30:00,3.27,3.1957550525665286,3.3622011995315555,3.1957550525665286,2.7999030486576073
2026-02-24 01:45:00,3.19,3.1447664451599127,3.3112125921249396,3.1447664451599127,2.7834448248235857
2026-02-24 02:00:00,3.09,3.140660405158997,3.307106552124024,3.140660405158997,2.744065376708899
2026-02-24 02:15:00,3.04,3.0796133995056154,3.2460595464706423,3.0796133995056154,2.735128277996716
2026-02-24 02:30:00,3.1,3.048775835037232,3.2152219820022587,3.048775835037232,2.72748005381346
2026-02-24 02:45:00,3.05,3.0115918064117437,3.1780379533767706,3.0115918064117437,2.719437635858622
2026-02-24 03:00:00,3.03,2.9948692131042485,3.1613153600692754,2.9948692131042485,2.6872592008088496
2026-02-24 03:15:00,3.02,2.7921982097625735,2.9586443567276004,2.7921982097625735,2.6747615614740115
2026-02-24 03:30:00,2.94,2.7762127304077153,2.9426588773727422,2.7762127304077153,2.659353945415451
2026-02-24 03:45:00,2.94,2.7630017566680913,2.9294479036331182,2.7630017566680913,2.6414946243490833
2026-02-24 04:00:00,2.9,2.7527071666717533,2.91915331363678,2.7527071666717533,2.575769245617635
2026-02-24 04:15:00,2.87,2.752279901504517,2.918726048469544,2.752279901504517,2.5568645499154767
2026-02-24 04:30:00,2.9,2.7417368888854985,2.9081830358505254,2.7417368888854985,2.540209988845051
2026-02-24 04:45:00,2.86,2.750294423103333,2.91674057006836,2.750294423103333,2.527843897090712
2026-02-24 05:00:00,2.8,2.75274847984314,2.9191946268081668,2.75274847984314,2.506822331186735
2026-02-24 05:15:00,2.86,2.7665712690353397,2.9330174160003666,2.7665712690353397,2.5082762109021397
2026-02-24 05:30:00,2.84,2.7868062973022463,2.953252444267273,2.7868062973022463,2.518331960933775
2026-02-24 05:45:00,2.8,2.7894894790649416,2.9559356260299685,2.7894894790649416,2.537295987621739
2026-02-24 06:00:00,2.88,2.8299244737625124,2.9963706207275393,2.8299244737625124,2.541277066439225
2026-02-24 06:15:00,2.95,2.868381328582764,3.034827475547791,2.868381328582764,2.576441672260582
2026-02-24 06:30:00,2.9,2.91606107711792,3.082507224082947,2.91606107711792,2.617856648789993
2026-02-24 06:45:00,3.04,2.948215498924256,3.114661645889283,2.948215498924256,2.6638457672386853
2026-02-24 07:00:00,3.16,2.9881911563873294,3.1546373033523563,2.9881911563873294,2.7711925538785165
2026-02-24 07:15:00,3.11,3.029191489219666,3.195637636184693,3.029191489219666,2.821023623016626
2026-02-24 07:30:00,3.15,3.078293552398682,3.2447396993637088,3.078293552398682,2.8703638744765545
2026-02-24 07:45:00,3.26,3.1100655555725103,3.276511702537537,3.1100655555725103,2.91793499674422
2026-02-24 08:00:00,3.31,3.174662504196167,3.341108651161194,3.174662504196167,2.9699807373168037
2026-02-24 08:15:00,3.47,3.212071037292481,3.378517184257508,3.212071037292481,3.0113331081176065
2026-02-24 08:30:00,3.52,3.2479276084899906,3.4143737554550175,3.2479276084899906,3.048718929133875
2026-02-24 08:45:00,3.58,3.2735874366760256,3.4400335836410525,3.2735874366760256,3.081771083732992
2026-02-24 09:00:00,3.56,3.3116849756240847,3.4781311225891116,3.3116849756240847,3.112063892433041
2026-02-24 09:15:00,3.63,3.3269656848907476,3.4934118318557745,3.3269656848907476,3.1355269651409845
2026-02-24 09:30:00,3.63,3.3668456697463993,3.5332918167114262,3.3668456697463993,3.1537246678701534
2026-02-24 09:45:00,3.61,3.375966639518738,3.542412786483765,3.375966639518738,3.1663462841366186
2026-02-24 10:00:00,3.64,3.395476241111756,3.5619223880767827,3.395476241111756,3.169442858944987
2026-02-24 10:15:00,3.75,3.4206389522552496,3.5870850992202765,3.4206389522552496,3.17034276964899
2026-02-24 10:30:00,3.77,3.4235618591308596,3.5900080060958866,3.4235618591308596,3.1655075701985957
2026-02-24 10:45:00,3.83,3.4354872322082524,3.6019333791732793,3.4354872322082524,3.1554454280765243
2026-02-24 11:00:00,3.72,3.440976991653443,3.60742313861847,3.440976991653443,3.1467659003734028
2026-02-24 11:15:00,3.81,3.4527436351776126,3.6191897821426395,3.4527436351776126,3.1293510622794245
2026-02-24 11:30:00,3.8,3.4568581008911137,3.6233042478561406,3.4568581008911137,3.110551507297531
2026-02-24 11:45:00,3.77,3.4561128330230715,3.6225589799880984,3.4561128330230715,3.092241036154558
2026-02-24 12:00:00,3.78,3.4764590263366704,3.6429051733016973,3.4764590263366704,3.099079740619495
2026-02-24 12:15:00,3.78,3.461272630691529,3.627718777656556,3.461272630691529,3.0874650462211033
2026-02-24 12:30:00,3.7,3.4831533908843997,3.6495995378494266,3.4831533908843997,3.0816279111652087
2026-02-24 12:45:00,3.69,3.5010414505004888,3.6674875974655157,3.5010414505004888,3.0826036402538817
2026-02-24 13:00:00,3.69,3.4986077785491947,3.6650539255142216,3.4986077785491947,3.087483676157322
2026-02-24 13:15:00,3.81,3.5358021354675295,3.7022482824325564,3.5358021354675295,3.102738494039017
2026-02-24 13:30:00,3.81,3.5401807880401615,3.7066269350051884,3.5401807880401615,3.124188050835394
2026-02-24 13:45:00,3.81,3.539063701629639,3.705509848594666,3.539063701629639,3.150484368584925
2026-02-24 14:00:00,3.87,3.578990707397461,3.745436854362488,3.578990707397461,3.1550825549475423
2026-02-24 14:15:00,3.93,3.602028779983521,3.768474926948548,3.602028779983521,3.1859088575157823
2026-02-24 14:30:00,3.92,3.644515027999878,3.810961174964905,3.644515027999878,3.2164223646313297
2026-02-24 14:45:00,4.02,3.6759733772277836,3.8424195241928105,3.6759733772277836,3.2452770369183446
2026-02-24 15:00:00,4.1,3.7174104881286625,3.8838566350936894,3.7174104881286625,3.219024601639774
2026-02-24 15:15:00,4.01,3.7102730941772464,3.8767192411422733,3.7102730941772464,3.242595918233218
2026-02-24 15:30:00,4.1,3.7705615139007573,3.9370076608657842,3.7705615139007573,3.2637093596367923
2026-02-24 15:45:00,4.11,3.7737502384185797,3.9401963853836066,3.7737502384185797,3.2831724026454583
2026-02-24 16:00:00,4.17,3.81543685913086,3.9818830060958867,3.81543685913086,3.322276995598076
2026-02-24 16:15:00,4.28,3.8549996566772466,4.0214458036422736,3.8549996566772466,3.3419206304470044
2026-02-24 16:30:00,4.32,3.8842556333541873,4.050701780319214,3.8842556333541873,3.363343587231775
2026-02-24 16:45:00,4.35,3.926338534355164,4.092784681320191,3.926338534355164,3.3872442009330004
2026-02-24 17:00:00,4.4,3.946320247650147,4.112766394615174,3.946320247650147,3.4133997848629187
2026-02-24 17:15:00,4.4,3.9907846355438235,4.157230782508851,3.9907846355438235,3.4420211853293416
2026-02-24 17:30:00,4.42,4.001621732711793,4.168067879676819,4.001621732711793,3.4715674464556776
2026-02-24 17:45:00,4.47,4.02904769897461,4.195493845939637,4.02904769897461,3.5002972538200603
2026-02-24 18:00:00,4.53,4.0480012035369874,4.214447350502015,4.0480012035369874,3.4971401679699206
2026-02-24 18:15:00,4.52,4.068220739364625,4.234666886329652,4.068220739364625,3.5177530734218116
2026-02-24 18:30:00,4.59,4.072530355453492,4.238976502418518,4.072530355453492,3.5310945959540643
2026-02-24 18:45:00,4.62,4.095208568572999,4.261654715538025,4.095208568572999,3.5355039813908604
2026-02-24 19:00:00,4.68,4.0908032798767096,4.257249426841737,4.0908032798767096,3.549789353212763
2026-02-24 19:15:00,4.69,4.11449176311493,4.280937910079956,4.11449176311493,3.5341211647291413
2026-02-24 19:30:00,4.61,4.086606187820435,4.253052334785462,4.086606187820435,3.5089556247792686
2026-02-24 19:45:00,4.5,4.067740745544434,4.234186892509461,4.067740745544434,3.4757165380158495
2026-02-24 20:00:00,4.34,4.0591595649719245,4.225605711936952,4.0591595649719245,3.476003968344955
2026-02-24 20:15:00,4.23,4.033474731445313,4.199920878410341,4.033474731445313,3.4330964409020175
2026-02-24 20:30:00,4.3,3.9969832420349127,4.16342938899994,3.9969832420349127,3.3890342324935636
2026-02-24 20:45:00,4.21,3.9688837623596194,4.135329909324646,3.9688837623596194,3.3460695183667153
2026-02-24 21:00:00,4.23,3.9444690370559696,4.110915184020996,3.9444690370559696,3.288576252142843
2026-02-24 21:15:00,4.17,3.858335695266724,4.024781842231751,3.858335695266724,3.252413406153454
2026-02-24 21:30:00,4.16,3.8167605113983156,3.9832066583633425,3.8167605113983156,3.220495583449333
2026-02-24 21:45:00,4.1,3.772536935806275,3.9389830827713017,3.772536935806275,3.192362672553995
2026-02-24 22:00:00,4.09,3.7315738391876225,3.8980199861526494,3.7315738391876225,3.180337111637528
2026-02-24 22:15:00,4.09,3.6811932420730593,3.847639389038086,3.6811932420730593,3.156024435944847
2026-02-24 22:30:00,3.93,3.630398426055909,3.7968445730209357,3.630398426055909,3.1311369515151393
2026-02-24 22:45:00,3.76,3.589787578582764,3.756233725547791,3.589787578582764,3.1040693913243746
2026-02-24 23:00:00,3.65,3.530583901405335,3.6970300483703618,3.530583901405335,3.064297052524863
2026-02-24 23:15:00,3.55,3.482439379692078,3.648885526657105,3.482439379692078,3.0297292249547647
2026-02-24 23:30:00,3.49,3.4331079196929934,3.5995540666580204,3.4331079196929934,2.9910922331649163
2026-02-24 23:45:00,3.4,3.3754456043243413,3.541891751289368,3.3754456043243413,2.9490925176408886
2026-02-25 00:00:00,3.35,3.3600303554534916,3.5264765024185185,3.3600303554534916,2.920363815559799
2026-02-25 00:15:00,3.29,3.289114937782288,3.455561084747315,3.289114937782288,2.8759724167977057
2026-02-25 00:30:00,3.23,3.2513264322280886,3.4177725791931155,3.2513264322280886,2.833145746303106
2026-02-25 00:45:00,3.19,3.1981634473800664,3.3646095943450933,3.1981634473800664,2.793692004061109
2026-02-25 01:00:00,3.08,3.1523631763458257,3.3188093233108527,3.1523631763458257,2.8444511109967814
2026-02-25 01:15:00,3.04,3.121493539810181,3.287939686775208,3.121493539810181,2.815593669008219
2026-02-25 01:30:00,2.98,3.082208518981934,3.248654665946961,3.082208518981934,2.792749184140794
2026-02-25 01:45:00,2.96,3.0330241012573245,3.1994702482223514,3.0330241012573245,2.7754821554600744
2026-02-25 02:00:00,2.86,3.0214042282104496,3.1878503751754765,3.0214042282104496,2.7442168123420863
2026-02-25 02:15:00,2.87,2.9593311882019044,3.1257773351669313,2.9593311882019044,2.7345053772611307
2026-02-25 02:30:00,2.82,2.9251825904846194,3.0916287374496463,2.9251825904846194,2.7261007129669363
2026-02-25 02:45:00,2.82,2.8817026519775393,3.048148798942566,2.8817026519775393,2.717320175877213
2026-02-25 03:00:00,2.82,2.8659995698928835,3.0324457168579104,2.8659995698928835,2.6611389328935178
2026-02-25 03:15:00,2.79,2.7189983367919925,2.8854444837570195,2.7189983367919925,2.647941039143525
2026-02-25 03:30:00,2.71,2.6939370059967045,2.8603831529617314,2.6939370059967045,2.6318526861058054
2026-02-25 03:45:00,2.72,2.6780173015594486,2.8444634485244755,2.6780173015594486,2.6133325176369104
2026-02-25 04:00:00,2.69,2.6615333461761477,2.8279794931411746,2.6615333461761477,2.5776233589942477
2026-02-25 04:15:00,2.64,2.6525384902954103,2.8189846372604372,2.6525384902954103,2.5580986563908734
2026-02-25 04:30:00,2.69,2.6357726812362676,2.8022188282012945,2.6357726812362676,2.540845011338405
2026-02-25 04:45:00,2.64,2.634671087265015,2.801117234230042,2.634671087265015,2.52790107459975
2026-02-25 05:00:00,2.63,2.631201596260071,2.797647743225098,2.631201596260071,2.538353735602647
2026-02-25 05:15:00,2.62,2.6383843803405767,2.8048305273056036,2.6383843803405767,2.539273138615523
2026-02-25 05:30:00,2.63,2.6509191226959232,2.81736526966095,2.6509191226959232,2.548816511786243
2026-02-25 05:45:00,2.64,2.646653265953064,2.813099412918091,2.646653265953064,2.5672905187314337
2026-02-25 06:00:00,2.7,2.682947702407837,2.849393849372864,2.682947702407837,2.5808470952892906
2026-02-25 06:15:00,2.76,2.7194728946685793,2.8859190416336062,2.7194728946685793,2.615567107045497
2026-02-25 06:30:00,2.81,2.7629332637786868,2.9293794107437137,2.7629332637786868,2.6565605275851354
2026-02-25 06:45:00,2.92,2.786607341766358,2.953053488731385,2.786607341766358,2.7021513244513855
2026-02-25 07:00:00,3.02,2.82637942314148,2.9928255701065067,2.82637942314148,2.744216495552518
2026-02-25 07:15:00,3.12,2.8634313583374027,3.0298775053024296,2.8634313583374027,2.7936962388943303
2026-02-25 07:30:00,3.18,2.916108369827271,3.082554516792298,2.916108369827271,2.842708894759186
2026-02-25 07:45:00,3.23,2.9490904140472414,3.1155365610122683,2.9490904140472414,2.889976285575584
2026-02-25 08:00:00,3.29,3.014355440139771,3.180801587104798,3.014355440139771,2.951844368740694
2026-02-25 08:15:00,3.46,3.0536149120330816,3.2200610589981085,3.0536149120330816,2.9929410753779755
2026-02-25 08:30:00,3.51,3.0920910644531254,3.2585372114181523,3.0920910644531254,3.030095403805868
2026-02-25 08:45:00,3.52,3.1180601978302005,3.2845063447952274,3.1180601978302005,3.062940308298202
2026-02-25 09:00:00,3.61,3.159895219802857,3.326341366767884,3.159895219802857,3.07515185172917
2026-02-25 09:15:00,3.56,3.25814663887024,3.4245927858352667,3.25814663887024,3.0984563088624113
2026-02-25 09:30:00,3.51,3.295077352523804,3.461523499488831,3.295077352523804,3.116519756516351
2026-02-25 09:45:00,3.65,3.303437833786011,3.469883980751038,3.303437833786011,3.129031486061913
2026-02-25 10:00:00,3.57,3.3216686296463016,3.4881147766113285,3.3216686296463016,3.138887867403943
2026-02-25 10:15:00,3.65,3.345242414474488,3.511688561439515,3.345242414474488,3.1397265889753063
2026-02-25 10:30:00,3.75,3.348212070465088,3.514658217430115,3.348212070465088,3.134854498448751
2026-02-25 10:45:00,3.76,3.361170272827149,3.5276164197921758,3.361170272827149,3.124779708815625
2026-02-25 11:00:00,3.77,3.3680277156829836,3.5344738626480106,3.3680277156829836,3.1248992606670596
2026-02-25 11:15:00,3.68,3.3796731376647955,3.5461192846298224,3.3796731376647955,3.107520037268233
2026-02-25 11:30:00,3.68,3.386810531616211,3.553256678581238,3.386810531616211,3.08878008513906
2026-02-25 11:45:00,3.65,3.3882494258880618,3.5546955728530887,3.3882494258880618,3.070553089592168
2026-02-25 12:00:00,3.61,3.4121148490905764,3.5785609960556033,3.4121148490905764,3.0616886054612102
2026-02-25 12:15:00,3.63,3.3955346775054935,3.5619808244705204,3.3955346775054935,3.0502047263166876
2026-02-25 12:30:00,3.64,3.42127332687378,3.5877194738388067,3.42127332687378,3.0445218439887887
2026-02-25 12:45:00,3.62,3.4395000457763674,3.6059461927413943,3.4395000457763674,3.04567508903453
2026-02-25 13:00:00,3.66,3.4413319587707525,3.6077781057357794,3.4413319587707525,3.0017777599356017
2026-02-25 13:15:00,3.73,3.478721194267273,3.6451673412323,3.478721194267273,3.0172560403910924
2026-02-25 13:30:00,3.71,3.48559684753418,3.6520429944992068,3.48559684753418,3.0389517150960015
2026-02-25 13:45:00,3.79,3.4882468700408937,3.6546930170059206,3.4882468700408937,3.0655165757038527
2026-02-25 14:00:00,3.79,3.526740417480469,3.693186564445496,3.526740417480469,3.080448404124582
2026-02-25 14:15:00,3.84,3.551594095230103,3.71804024219513,3.551594095230103,3.1115873544293597
2026-02-25 14:30:00,3.84,3.5932622337341313,3.7597083806991582,3.5932622337341313,3.1424351628262865
2026-02-25 14:45:00,3.92,3.6242098760604864,3.7906560230255133,3.6242098760604864,3.1716455067632063
2026-02-25 15:00:00,4.04,3.6665751743316655,3.8330213212966924,3.6665751743316655,3.1760760926642324
2026-02-25 15:15:00,4.07,3.7120155858993535,3.8784617328643805,3.7120155858993535,3.200044921991608
2026-02-25 15:30:00,4.18,3.7712078475952153,3.9376539945602422,3.7712078475952153,3.2215763224112064
2026-02-25 15:45:00,4.14,3.7729538726806644,3.9394000196456913,3.7729538726806644,3.241477438640641
2026-02-25 16:00:00,4.18,3.8133815288543707,3.9798276758193976,3.8133815288543707,3.2325712552219095
2026-02-25 16:15:00,4.31,3.8509936380386356,4.0174397850036625,3.8509936380386356,3.25269214965333
2026-02-25 16:30:00,4.32,3.879421720504761,4.045867867469788,3.879421720504761,3.274611415907766
2026-02-25 16:45:00,4.37,3.920845241546631,4.087291388511658,3.920845241546631,3.299027012418672
2026-02-25 17:00:00,4.35,3.9398870801925665,4.106333227157593,3.9398870801925665,3.343282363448661
2026-02-25 17:15:00,4.5,3.9828628349304203,4.149308981895447,3.9828628349304203,3.3724549225770275
2026-02-25 17:30:00,4.52,3.9921683549880984,4.158614501953125,3.9921683549880984,3.4025698250597123
2026-02-25 17:45:00,4.5,4.018798227310181,4.185244374275207,4.018798227310181,3.4318853402805254
2026-02-25 18:00:00,4.52,4.036033430099487,4.202479577064514,4.036033430099487,3.4390877749243347
2026-02-25 18:15:00,4.61,4.056574230194093,4.22302037715912,4.056574230194093,3.460319236608408
2026-02-25 18:30:00,4.59,4.0581202125549325,4.22456635951996,4.0581202125549325,3.4742950800534333
2026-02-25 18:45:00,4.69,4.07911437034607,4.245560517311096,4.07911437034607,3.479354100498466
2026-02-25 19:00:00,4.66,4.074062747955323,4.2405088949203495,4.074062747955323,3.5754394058548886
2026-02-25 19:15:00,4.72,4.096249823570252,4.26269597053528,4.096249823570252,3.5604500982313816
2026-02-25 19:30:00,4.66,4.06708625793457,4.233532404899597,4.06708625793457,3.5359773564795383
2026-02-25 19:45:00,4.68,4.0484893512725835,4.21493549823761,4.0484893512725835,3.5034445058578716
2026-02-25 20:00:00,4.47,4.0372891330719,4.203735280036927,4.0372891330719,3.5048147743858404
2026-02-25 20:15:00,4.37,4.012119626998902,4.178565773963928,4.012119626998902,3.46263889585356
2026-02-25 20:30:00,4.31,3.97304388999939,4.139490036964417,3.97304388999939,3.419320299696798
2026-02-25 20:45:00,4.27,3.943240242004395,4.109686388969422,3.943240242004395,3.3771106587493693
2026-02-25 21:00:00,4.26,3.9178258466720584,4.084271993637085,3.9178258466720584,3.318559545722645
2026-02-25 21:15:00,4.21,3.9264600276947026,4.0929061746597295,3.9264600276947026,3.2831731686061976
2026-02-25 21:30:00,4.28,3.8783524703979495,4.044798617362977,3.8783524703979495,3.2520417410269435
2026-02-25 21:45:00,4.21,3.834238157272339,4.000684304237366,3.834238157272339,3.224704632086378
2026-02-25 22:00:00,4.11,3.7901635265350344,3.9566096735000613,3.7901635265350344,3.212551598489293
2026-02-25 22:15:00,4.11,3.7358059930801395,3.9022521400451664,3.7358059930801395,3.1890519673381115
2026-02-25 22:30:00,4.14,3.6808513212203984,3.8472974681854253,3.6808513212203984,3.1649853577449893
2026-02-25 22:45:00,3.85,3.6374211215972903,3.803867268562317,3.6374211215972903,3.138745972369227
2026-02-25 23:00:00,3.79,3.5747495841979986,3.7411957311630255,3.5747495841979986,3.1140591417193004
2026-02-25 23:15:00,3.69,3.5205592060089117,3.6870053529739386,3.5205592060089117,3.0803324912519146
2026-02-25 23:30:00,3.64,3.470661320686341,3.6371074676513677,3.470661320686341,3.0425423765300863
2026-02-25 23:45:00,3.54,3.4084746694564823,3.574920816421509,3.4084746694564823,3.001394702955645
2026-02-26 00:00:00,3.49,3.392547082901001,3.558993229866028,3.392547082901001,2.9288793199719843
2026-02-26 00:15:00,3.43,3.316363964080811,3.482810111045838,3.316363964080811,2.885348687145984
2026-02-26 00:30:00,3.32,3.277343130111695,3.4437892770767218,3.277343130111695,2.843386342371155
2026-02-26 00:45:00,3.28,3.218630318641663,3.38507646560669,3.218630318641663,2.8047999518863405
2026-02-26 01:00:00,3.2,3.1712047004699713,3.337650847434998,3.1712047004699713,2.8591444927616187
2026-02-26 01:15:00,3.18,3.1370957851409917,3.3035419321060187,3.1370957851409917,2.8311588589512904
2026-02-26 01:30:00,3.17,3.095272722244263,3.26171886920929,3.095272722244263,2.8091876162976366
2026-02-26 01:45:00,3.12,3.043460025787354,3.209906172752381,3.043460025787354,2.792794737469445
2026-02-26 02:00:00,3.06,3.028549776077271,3.1949959230422977,3.028549776077271,2.7459658392301103
2026-02-26 02:15:00,3.0,2.9630390453338626,3.1294851922988896,2.9630390453338626,2.7371288014696793
2026-02-26 02:30:00,3.0,2.927303152084351,3.093749299049378,2.927303152084351,2.729597880902606
2026-02-26 02:45:00,2.96,2.8789180898666387,3.0453642368316656,2.8789180898666387,2.721689920687024
2026-02-26 03:00:00,2.94,2.8623860263824468,3.0288321733474737,2.8623860263824468,2.6858969060534768
2026-02-26 03:15:00,2.95,2.8070698642730716,2.9735160112380985,2.8070698642730716,2.673567732722464
2026-02-26 03:30:00,2.9,2.780987119674683,2.94743326663971,2.780987119674683,2.6583454198516008
2026-02-26 03:45:00,2.9,2.7588364648818975,2.9252826118469244,2.7588364648818975,2.640688116725519
2026-02-26 04:00:00,2.86,2.738932485580445,2.905378632545472,2.738932485580445,2.599297303168184
2026-02-26 04:15:00,2.8,2.7245614814758303,2.8910076284408572,2.7245614814758303,2.580627654905803
2026-02-26 04:30:00,2.76,2.7009640502929693,2.867410197257996,2.7009640502929693,2.564224439965891
2026-02-26 04:45:00,2.81,2.693978319168091,2.860424466133118,2.693978319168091,2.5521258384697876
2026-02-26 05:00:00,2.77,2.686095113754273,2.8525412607193,2.686095113754273,2.5333299653586954
2026-02-26 05:15:00,2.72,2.684881539344788,2.8513276863098147,2.684881539344788,2.535083129240948
2026-02-26 05:30:00,2.7,2.689101190567017,2.8555473375320437,2.689101190567017,2.5454537981609384
2026-02-26 05:45:00,2.76,2.6783478069305424,2.8447939538955693,2.6783478069305424,2.564748193850274
2026-02-26 06:00:00,2.76,2.709560995101929,2.876007142066956,2.709560995101929,2.5627980761630713
2026-02-26 06:15:00,2.81,2.7388009357452394,2.9052470827102663,2.7388009357452394,2.598323368867878
2026-02-26 06:30:00,2.86,2.779739570617676,2.946185717582703,2.779739570617676,2.6401138861493925
2026-02-26 06:45:00,2.98,2.7968584442138673,2.963304591178894,2.7968584442138673,2.6864931868710746
2026-02-26 07:00:00,3.03,2.8317398071289066,2.9981859540939335,2.8317398071289066,2.7035249882384753
2026-02-26 07:15:00,3.07,2.8700735378265385,3.0365196847915654,2.8700735378265385,2.7537748594555067
2026-02-26 07:30:00,3.18,2.9189894199371342,3.085435566902161,2.9189894199371342,2.8035478786721035
2026-02-26 07:45:00,3.24,2.9525351715087895,3.1189813184738164,2.9525351715087895,2.8515654967613053
2026-02-26 08:00:00,3.28,3.0189273405075077,3.1853734874725346,3.0189273405075077,2.898098870199882
2026-02-26 08:15:00,3.49,3.0617525196075444,3.2281986665725713,3.0617525196075444,2.9399244566271228
2026-02-26 08:30:00,3.49,3.1036087417602545,3.2700548887252814,3.1036087417602545,2.977796473731362
2026-02-26 08:45:00,3.49,3.1306683254241947,3.2971144723892216,3.1306683254241947,3.0113475447294427
2026-02-26 09:00:00,3.6,3.1759415817260748,3.3423877286911017,3.1759415817260748,3.077056635394215
2026-02-26 09:15:00,3.59,3.2787749576568608,3.4452211046218877,3.2787749576568608,3.1010432639588634
2026-02-26 09:30:00,3.66,3.314403219223023,3.4808493661880497,3.314403219223023,3.119776431836182
2026-02-26 09:45:00,3.66,3.3227327156066897,3.4891788625717166,3.3227327156066897,3.1329451426755814
2026-02-26 10:00:00,3.77,3.3403296804428106,3.5067758274078376,3.3403296804428106,3.144132345742679
2026-02-26 10:15:00,3.73,3.363810510635376,3.530256657600403,3.363810510635376,3.1456017525551534
2026-02-26 10:30:00,3.67,3.36550163269043,3.531947779655457,3.36550163269043,3.1413468129542537
2026-02-26 10:45:00,3.73,3.3784565734863286,3.5449027204513555,3.3784565734863286,3.1318753978127725
2026-02-26 11:00:00,3.77,3.3847812938690187,3.5512274408340456,3.3847812938690187,3.1231690815192823
2026-02-26 11:15:00,3.75,3.3955626726150516,3.5620088195800785,3.3955626726150516,3.106365000210947
2026-02-26 11:30:00,3.75,3.403303728103638,3.569749875068665,3.403303728103638,3.0881857578275564
2026-02-26 11:45:00,3.66,3.405021486282349,3.571467633247376,3.405021486282349,3.0705048448066194
2026-02-26 12:00:00,3.62,3.4280163431167607,3.5944624900817876,3.4280163431167607,3.0489903030518373
2026-02-26 12:15:00,3.63,3.413049287796021,3.5794954347610477,3.413049287796021,3.038022715421417
2026-02-26 12:30:00,3.71,3.4382970714569097,3.6047432184219366,3.4382970714569097,3.0328409849608056
2026-02-26 12:45:00,3.67,3.457554988861084,3.624001135826111,3.457554988861084,3.03448009560413
2026-02-26 13:00:00,3.66,3.459997901916504,3.626444048881531,3.459997901916504,3.1184424122787213
2026-02-26 13:15:00,3.65,3.496964492797852,3.663410639762879,3.496964492797852,3.134375594602659
2026-02-26 13:30:00,3.71,3.507041101455689,3.6734872484207157,3.507041101455689,3.1565105180374147
2026-02-26 13:45:00,3.76,3.510451068878174,3.676897215843201,3.510451068878174,3.183498876287843
2026-02-26 14:00:00,3.84,3.550343284606934,3.7167894315719607,3.550343284606934,3.1422098742415105
2026-02-26 14:15:00,3.92,3.5768108940124517,3.7432570409774786,3.5768108940124517,3.1737405747172605
2026-02-26 14:30:00,3.92,3.6210920906066897,3.7875382375717166,3.6210920906066897,3.2049641611166297
2026-02-26 14:45:00,3.96,3.6544513893127446,3.8208975362777715,3.6544513893127446,3.234534261362237
2026-02-26 15:00:00,3.99,3.698361854553223,3.86480800151825,3.698361854553223,3.2709162522123814
2026-02-26 15:15:00,4.06,3.756678657531739,3.9231248044967657,3.756678657531739,3.295212693747437
2026-02-26 15:30:00,4.19,3.8176737499237063,3.9841198968887332,3.8176737499237063,3.3170556077562656
2026-02-26 15:45:00,4.29,3.8167001724243166,3.9831463193893435,3.8167001724243166,3.337252136993402
2026-02-26 16:00:00,4.25,3.859235343933106,4.025681490898133,3.859235343933106,3.332186510986444
2026-02-26 16:15:00,4.34,3.896995582580567,4.063441729545594,3.896995582580567,3.3525706579856855
2026-02-26 16:30:00,4.31,3.9278809833526616,4.094327130317689,3.9278809833526616,3.3747371400284836
2026-02-26 16:45:00,4.44,3.972075748443604,4.138521895408631,3.972075748443604,3.3993839596842115
2026-02-26 17:00:00,4.49,3.992977766990662,4.159423913955688,3.992977766990662,3.4633127505149295
2026-02-26 17:15:00,4.5,4.039109630584718,4.205555777549744,4.039109630584718,3.492684724764049
2026-02-26 17:30:00,4.55,4.049338717460633,4.215784864425659,4.049338717460633,3.5229832490434942
2026-02-26 17:45:00,4.53,4.07917634010315,4.245622487068177,4.07917634010315,3.552466680983694
2026-02-26 18:00:00,4.61,4.09585925102234,4.262305397987367,4.09585925102234,3.6051329048414127
2026-02-26 18:15:00,4.57,4.125483512878418,4.291929659843445,4.125483512878418,3.6265011802920784
2026-02-26 18:30:00,4.63,4.122707920074463,4.28915406703949,4.122707920074463,3.640598460406877
2026-02-26 18:45:00,4.7,4.145551657676697,4.311997804641724,4.145551657676697,3.6457636702342304
2026-02-26 19:00:00,4.72,4.14428807258606,4.310734219551087,4.14428807258606,3.763299988140258
2026-02-26 19:15:00,4.7,4.163378834724426,4.329824981689454,4.163378834724426,3.7483868043007007
2026-02-26 19:30:00,4.63,4.137371377944946,4.303817524909974,4.137371377944946,3.7239753872670707
2026-02-26 19:45:00,4.61,4.118490715026856,4.284936861991882,4.118490715026856,3.691489230648347
2026-02-26 20:00:00,4.48,4.105074262619019,4.2715204095840456,4.105074262619019,3.637782645960702
2026-02-26 20:15:00,4.36,4.081582288742066,4.248028435707093,4.081582288742066,3.595624741144422
2026-02-26 20:30:00,4.33,4.038446989059449,4.2048931360244755,4.038446989059449,3.552310046643396
2026-02-26 20:45:00,4.21,4.006724452972413,4.173170599937439,4.006724452972413,3.510090438679993
2026-02-26 21:00:00,4.19,3.978721461296082,4.145167608261109,3.978721461296082,3.45528179575018
2026-02-26 21:15:00,4.18,3.985170936584473,4.1516170835495,3.985170936584473,3.4198583566955043
2026-02-26 21:30:00,4.19,3.9314230442047124,4.097869191169739,3.9314230442047124,3.3886766565296367
2026-02-26 21:45:00,4.16,3.8889210319519045,4.055367178916931,3.8889210319519045,3.3612762988564944
2026-02-26 22:00:00,4.16,3.8437665510177617,4.010212697982789,3.8437665510177617,3.3548335000825875
2026-02-26 22:15:00,4.13,3.7868595600128176,3.9533057069778446,3.7868595600128176,3.331245399654314
2026-02-26 22:30:00,4.08,3.730192294120789,3.8966384410858157,3.730192294120789,3.3070780898380607
2026-02-26 22:45:00,4.02,3.6867224121093756,3.8531685590744025,3.6867224121093756,3.2807260347243625
2026-02-26 23:00:00,4.1,3.6217862606048588,3.7882324075698857,3.6217862606048588,3.1705772490827187
2026-02-26 23:15:00,3.82,3.5639953851699833,3.73044153213501,3.5639953851699833,3.1367147979151717
2026-02-26 23:30:00,3.77,3.5178102493286136,3.6842563962936405,3.5178102493286136,3.0987777322416927
2026-02-26 23:45:00,3.71,3.4533731174469,3.6198192644119267,3.4533731174469,3.0574722413111064
2026-02-27 00:00:00,3.56,3.4377697849273687,3.6042159318923956,3.4377697849273687,2.8653871197168903
2026-02-27 00:15:00,3.56,3.3609908866882328,3.5274370336532597,3.3609908866882328,2.8216778073360493
2026-02-27 00:30:00,3.41,3.3200294208526615,3.4864755678176884,3.3200294208526615,2.779526796057217
2026-02-27 00:45:00,3.4,3.2604498481750492,3.426895995140076,3.2604498481750492,2.7407420536632934
2026-02-27 01:00:00,3.35,3.21106430053711,3.3775104475021367,3.21106430053711,2.665358906590063
2026-02-27 01:15:00,3.2,3.17522349357605,3.341669640541077,3.17522349357605,2.6371564688941085
2026-02-27 01:30:00,3.15,3.1349393463134767,3.3013854932785036,3.1349393463134767,2.6149596622154103
2026-02-27 01:45:00,3.1,3.0821908521652226,3.2486369991302495,3.0821908521652226,2.5983327735587287
2026-02-27 02:00:00,3.0,3.067140626907349,3.233586773872376,3.067140626907349,2.6703453808028574
2026-02-27 02:15:00,2.98,3.001508402824402,3.167954549789429,3.001508402824402,2.6612583939989145
2026-02-27 02:30:00,3.01,2.9652982234954837,3.1317443704605106,2.9652982234954837,2.6534700349147116
2026-02-27 02:45:00,3.04,2.917067270278931,3.083513417243958,2.917067270278931,2.6452974689101327
2026-02-27 03:00:00,3.05,2.8997657489776616,3.0662118959426885,2.8997657489776616,2.6303289027870527
2026-02-27 03:15:00,3.07,2.851980543136597,3.018426690101624,2.851980543136597,2.617721760155
2026-02-27 03:30:00,3.0,2.829071302413941,2.995517449378968,2.829071302413941,2.6022152832036705
2026-02-27 03:45:00,2.95,2.8059421777725224,2.9723883247375493,2.8059421777725224,2.584267946310918
2026-02-27 04:00:00,2.85,2.7871069049835206,2.9535530519485476,2.7871069049835206,2.472830906567503
2026-02-27 04:15:00,2.85,2.774315586090088,2.940761733055115,2.774315586090088,2.453860459994983
2026-02-27 04:30:00,2.84,2.7506556415557863,2.9171017885208133,2.7506556415557863,2.4371515508768784
2026-02-27 04:45:00,2.84,2.745005521774292,2.911451668739319,2.745005521774292,2.424742682432061
2026-02-27 05:00:00,2.78,2.737479457855225,2.9039256048202517,2.737479457855225,2.3941346563641437
2026-02-27 05:15:00,2.78,2.736486854553223,2.90293300151825,2.736486854553223,2.3955693717173885
2026-02-27 05:30:00,2.79,2.74017786026001,2.906624007225037,2.74017786026001,2.4056179799023525
2026-02-27 05:45:00,2.89,2.729596796035767,2.896042943000794,2.729596796035767,2.424587018955777
2026-02-27 06:00:00,2.89,2.7603041696548467,2.9267503166198736,2.7603041696548467,2.4626757881338937
2026-02-27 06:15:00,3.0,2.7900607967376714,2.9565069437026983,2.7900607967376714,2.497870071301898
2026-02-27 06:30:00,3.06,2.8296306610107425,2.9960768079757694,2.8296306610107425,2.5393272163761114
2026-02-27 06:45:00,3.11,2.847892713546753,3.01433886051178,2.847892713546753,2.5853710870956252
2026-02-27 07:00:00,3.21,2.8803077888488775,3.0467539358139044,2.8803077888488775,2.7573913241695416
2026-02-27 07:15:00,3.25,2.9192854070663454,3.0857315540313723,2.9192854070663454,2.807302550098421
2026-02-27 07:30:00,3.32,2.96553957939148,3.1319857263565067,2.96553957939148,2.8567357586522872
2026-02-27 07:45:00,3.31,2.998313698768616,3.1647598457336428,2.998313698768616,2.904412689835766
2026-02-27 08:00:00,3.41,3.063881235122681,3.230327382087708,3.063881235122681,2.9087361943618757
2026-02-27 08:15:00,3.68,3.1063767242431646,3.2728228712081915,3.1063767242431646,2.9502201903240874
2026-02-27 08:30:00,3.61,3.147026710510254,3.313472857475281,3.147026710510254,2.987750579698813
2026-02-27 08:45:00,3.72,3.172982797622681,3.339428944587708,3.172982797622681,3.0209602550562686
2026-02-27 09:00:00,3.7,3.2166396760940557,3.3830858230590826,3.2166396760940557,3.067684103838446
2026-02-27 09:15:00,3.76,3.318469848632813,3.4849159955978397,3.318469848632813,3.0913305866030685
2026-02-27 09:30:00,3.72,3.354976015090943,3.52142216205597,3.354976015090943,3.109724614686545
2026-02-27 09:45:00,3.74,3.36202262878418,3.528468775749207,3.36202262878418,3.1225554375899813
2026-02-27 10:00:00,3.78,3.379656829833985,3.5461029767990118,3.379656829833985,3.177362740576229
2026-02-27 10:15:00,3.82,3.402901468276978,3.569347615242005,3.402901468276978,3.178497474936056
2026-02-27 10:30:00,3.78,3.4014826869964603,3.567928833961487,3.4014826869964603,3.173909813111366
2026-02-27 10:45:00,3.94,3.4124899291992192,3.578936076164246,3.4124899291992192,3.1641078450610887
2026-02-27 11:00:00,3.82,3.4176380395889288,3.5840841865539557,3.4176380395889288,3.166576499045866
2026-02-27 11:15:00,3.83,3.4265426588058476,3.5929888057708745,3.4265426588058476,3.1494468319125346
2026-02-27 11:30:00,3.85,3.4315543270111086,3.5980004739761355,3.4315543270111086,3.130944786672613
2026-02-27 11:45:00,3.8,3.4329905033111574,3.5994366502761843,3.4329905033111574,3.1129440432379365
2026-02-27 12:00:00,3.82,3.455431165695191,3.6218773126602177,3.455431165695191,3.1042941552680277
2026-02-27 12:15:00,3.81,3.4387841320037844,3.6052302789688113,3.4387841320037844,3.093013219245739
2026-02-27 12:30:00,3.77,3.46353180885315,3.629977955818177,3.46353180885315,3.0875216339909657
2026-02-27 12:45:00,3.76,3.4828462600708012,3.649292407035828,3.4828462600708012,3.088854540958918
2026-02-27 13:00:00,3.8,3.4834991168975833,3.64994526386261,3.4834991168975833,3.1296358020551764
2026-02-27 13:15:00,3.9,3.5234212303161625,3.6898673772811894,3.5234212303161625,3.145270522232763
2026-02-27 13:30:00,3.91,3.5346094894409186,3.7010556364059455,3.5346094894409186,3.167111057030391
2026-02-27 13:45:00,3.99,3.539057722091675,3.705503869056702,3.539057722091675,3.1938092239087927
2026-02-27 14:00:00,3.93,3.581963624954224,3.748409771919251,3.581963624954224,3.276848781643893
2026-02-27 14:15:00,3.96,3.6109904766082765,3.7774366235733035,3.6109904766082765,3.3080980217421154
2026-02-27 14:30:00,4.03,3.660437450408936,3.8268835973739628,3.660437450408936,3.3390446639647715
2026-02-27 14:45:00,4.06,3.696889257431031,3.8633354043960577,3.696889257431031,3.3683424248987044
2026-02-27 15:00:00,4.18,3.743075208663941,3.909521355628968,3.743075208663941,3.402045648890207
2026-02-27 15:15:00,4.24,3.7966314840316775,3.9630776309967044,3.7966314840316775,3.426079191246137
2026-02-27 15:30:00,4.29,3.8626246547698977,4.029070801734925,3.8626246547698977,3.4476640233949913
2026-02-27 15:45:00,5.23,3.8659791755676274,4.032425322532655,3.8659791755676274,3.467607340991247
2026-02-27 16:00:00,4.46,3.9144737720489506,4.0809199190139775,3.9144737720489506,3.5093883258761402
2026-02-27 16:15:00,4.51,3.959279537200928,4.125725684165955,3.959279537200928,3.5295291242512543
2026-02-27 16:30:00,4.56,3.996136865615845,4.162583012580872,3.996136865615845,3.5514572324860048
2026-02-27 16:45:00,4.72,4.04520658493042,4.211652731895446,4.04520658493042,3.5758706700602145
2026-02-27 17:00:00,4.73,4.0684398078918464,4.234885954856873,4.0684398078918464,3.6110699475457406
2026-02-27 17:15:00,4.74,4.121739778518677,4.288185925483704,4.121739778518677,3.6402185380500605
2026-02-27 17:30:00,4.9,4.1336811876297,4.300127334594727,4.1336811876297,3.6702986673832267
2026-02-27 17:45:00,4.95,4.167242431640625,4.333688578605653,4.167242431640625,3.699568674515866
2026-02-27 18:00:00,5.05,4.181890125274658,4.348336272239685,4.181890125274658,3.6681801945981016
2026-02-27 18:15:00,4.99,4.22300651550293,4.389452662467956,4.22300651550293,3.6893448944051954
2026-02-27 18:30:00,4.96,4.218802356719971,4.385248503684998,4.218802356719971,3.703243460584414
2026-02-27 18:45:00,4.88,4.245176467895508,4.411622614860535,4.245176467895508,3.708214764852871
2026-02-27 19:00:00,4.92,4.246173419952393,4.412619566917419,4.246173419952393,3.9546682448341364
2026-02-27 19:15:00,4.92,4.2638524675369265,4.430298614501954,4.2638524675369265,3.9395705785057595
2026-02-27 19:30:00,4.88,4.238392410278321,4.404838557243348,4.238392410278321,3.9149792770866108
2026-02-27 19:45:00,4.74,4.216158857345581,4.382605004310609,4.216158857345581,3.8823177476808
2026-02-27 20:00:00,4.48,4.201086072921753,4.36753221988678,4.201086072921753,3.526473679625095
2026-02-27 20:15:00,4.44,4.176381340026856,4.342827486991883,4.176381340026856,3.48414913392869
2026-02-27 20:30:00,4.33,4.130420436859131,4.296866583824158,4.130420436859131,3.440672003256681
2026-02-27 20:45:00,4.24,4.1016425514221195,4.268088698387146,4.1016425514221195,3.398294046152967
2026-02-27 21:00:00,4.27,4.070040965080262,4.236487112045289,4.070040965080262,3.3502767024621303
